type;valeur;nombre;explication
salle absente du catalogue EXP_SALLE;<>;380;Le CODE_SAL du planning n'existe pas dans EXP_SALLE (souvent un code multiple de type <>). Les séances comptent dans les jours ouverts mais pas dans l'occupation d'une salle précise.
salle absente du catalogue EXP_SALLE;<>17511;174;Le CODE_SAL du planning n'existe pas dans EXP_SALLE (souvent un code multiple de type <>). Les séances comptent dans les jours ouverts mais pas dans l'occupation d'une salle précise.
salle absente du catalogue EXP_SALLE;<>18235;290;Le CODE_SAL du planning n'existe pas dans EXP_SALLE (souvent un code multiple de type <>). Les séances comptent dans les jours ouverts mais pas dans l'occupation d'une salle précise.
salle absente du catalogue EXP_SALLE;<>18357;179;Le CODE_SAL du planning n'existe pas dans EXP_SALLE (souvent un code multiple de type <>). Les séances comptent dans les jours ouverts mais pas dans l'occupation d'une salle précise.
salle absente du catalogue EXP_SALLE;<>73461;19;Le CODE_SAL du planning n'existe pas dans EXP_SALLE (souvent un code multiple de type <>). Les séances comptent dans les jours ouverts mais pas dans l'occupation d'une salle précise.
code salle préfixé <> normalisé (nom concordant avec EXP_SALLE);;20159;CODE_SAL de la forme <>NNNN avec un nom « <Groupe>Salle (BAT-00) » : le préfixe est retiré car le nom correspond exactement à la salle NNNN d'EXP_SALLE.
code salle préfixé <> rejeté (nom différent ou code inconnu);<>;380;CODE_SAL préfixé <> dont le code est absent d'EXP_SALLE ou dont le nom diffère de celui du catalogue : non rattaché à une salle, donc exclu de l'occupation par salle.
code salle préfixé <> rejeté (nom différent ou code inconnu);<>17511;174;CODE_SAL préfixé <> dont le code est absent d'EXP_SALLE ou dont le nom diffère de celui du catalogue : non rattaché à une salle, donc exclu de l'occupation par salle.
code salle préfixé <> rejeté (nom différent ou code inconnu);<>18235;290;CODE_SAL préfixé <> dont le code est absent d'EXP_SALLE ou dont le nom diffère de celui du catalogue : non rattaché à une salle, donc exclu de l'occupation par salle.
code salle préfixé <> rejeté (nom différent ou code inconnu);<>18357;179;CODE_SAL préfixé <> dont le code est absent d'EXP_SALLE ou dont le nom diffère de celui du catalogue : non rattaché à une salle, donc exclu de l'occupation par salle.
code salle préfixé <> rejeté (nom différent ou code inconnu);<>73461;19;CODE_SAL préfixé <> dont le code est absent d'EXP_SALLE ou dont le nom diffère de celui du catalogue : non rattaché à une salle, donc exclu de l'occupation par salle.
promotion non reconnue dans EXP_PROMOTION;[AUTONOMIE Gest° Proj 7- ONLY MPP];1;Le NOM_DIP du planning n'est pas identique à un nom d'EXP_PROMOTION. Sans effet sur les calculs, qui utilisent EFFCALCU du planning.
promotion non reconnue dans EXP_PROMOTION;[AUTONOMIE REGROUP Gest° Proj 1 & 2 WP+ ISN/ English (AD)];1;Le NOM_DIP du planning n'est pas identique à un nom d'EXP_PROMOTION. Sans effet sur les calculs, qui utilisent EFFCALCU du planning.
promotion non reconnue dans EXP_PROMOTION;[AUTONOMIE REGROUP Gest° Proj 3 LATINO VIBES/ French (JMI)];1;Le NOM_DIP du planning n'est pas identique à un nom d'EXP_PROMOTION. Sans effet sur les calculs, qui utilisent EFFCALCU du planning.
promotion non reconnue dans EXP_PROMOTION;[AUTONOMIE REGROUP Gest° Proj 4 BDS- BUREAU DES SPORTS/ French (OMI)];1;Le NOM_DIP du planning n'est pas identique à un nom d'EXP_PROMOTION. Sans effet sur les calculs, qui utilisent EFFCALCU du planning.
promotion non reconnue dans EXP_PROMOTION;[AUTONOMIE REGROUP Gest° Proj 5 & 6 SOLIDA PARTA 64 + FONDS DOT HOPITAL/ French (SC)];1;Le NOM_DIP du planning n'est pas identique à un nom d'EXP_PROMOTION. Sans effet sur les calculs, qui utilisent EFFCALCU du planning.
promotion non reconnue dans EXP_PROMOTION;[AUTONOMIE REGROUP Gest° Proj 7 & 8 -MPP + MAISON ARGAUD / French (SM)];1;Le NOM_DIP du planning n'est pas identique à un nom d'EXP_PROMOTION. Sans effet sur les calculs, qui utilisent EFFCALCU du planning.
promotion non reconnue dans EXP_PROMOTION;[AUTONOMIE REGROUP Gest° Proj 9 PRIM'LAND/ French (FC)];1;Le NOM_DIP du planning n'est pas identique à un nom d'EXP_PROMOTION. Sans effet sur les calculs, qui utilisent EFFCALCU du planning.
promotion non reconnue dans EXP_PROMOTION;[BUT 2 MTEE CM];1;Le NOM_DIP du planning n'est pas identique à un nom d'EXP_PROMOTION. Sans effet sur les calculs, qui utilisent EFFCALCU du planning.
promotion non reconnue dans EXP_PROMOTION;[BUT 2 MTEE TD1 FI];1;Le NOM_DIP du planning n'est pas identique à un nom d'EXP_PROMOTION. Sans effet sur les calculs, qui utilisent EFFCALCU du planning.
promotion non reconnue dans EXP_PROMOTION;[BUT 2 MTEE TD2 FA];1;Le NOM_DIP du planning n'est pas identique à un nom d'EXP_PROMOTION. Sans effet sur les calculs, qui utilisent EFFCALCU du planning.
promotion non reconnue dans EXP_PROMOTION;[BUT 2 MTEE TP1 FI];1;Le NOM_DIP du planning n'est pas identique à un nom d'EXP_PROMOTION. Sans effet sur les calculs, qui utilisent EFFCALCU du planning.
promotion non reconnue dans EXP_PROMOTION;[BUT 2 MTEE TP2 FI];1;Le NOM_DIP du planning n'est pas identique à un nom d'EXP_PROMOTION. Sans effet sur les calculs, qui utilisent EFFCALCU du planning.
promotion non reconnue dans EXP_PROMOTION;[BUT 2 MTEE TP3 FA];1;Le NOM_DIP du planning n'est pas identique à un nom d'EXP_PROMOTION. Sans effet sur les calculs, qui utilisent EFFCALCU du planning.
promotion non reconnue dans EXP_PROMOTION;[BUT 2 MTEE TP4 FA];1;Le NOM_DIP du planning n'est pas identique à un nom d'EXP_PROMOTION. Sans effet sur les calculs, qui utilisent EFFCALCU du planning.
promotion non reconnue dans EXP_PROMOTION;[BUT 3 MTEE];1;Le NOM_DIP du planning n'est pas identique à un nom d'EXP_PROMOTION. Sans effet sur les calculs, qui utilisent EFFCALCU du planning.
promotion non reconnue dans EXP_PROMOTION;[CM ENGINEERING PROJECT TOOLS];1;Le NOM_DIP du planning n'est pas identique à un nom d'EXP_PROMOTION. Sans effet sur les calculs, qui utilisent EFFCALCU du planning.
promotion non reconnue dans EXP_PROMOTION;[CM M1 MEEF];1;Le NOM_DIP du planning n'est pas identique à un nom d'EXP_PROMOTION. Sans effet sur les calculs, qui utilisent EFFCALCU du planning.
promotion non reconnue dans EXP_PROMOTION;[CM M2 MEEF];1;Le NOM_DIP du planning n'est pas identique à un nom d'EXP_PROMOTION. Sans effet sur les calculs, qui utilisent EFFCALCU du planning.
promotion non reconnue dans EXP_PROMOTION;[Cours ASUR];1;Le NOM_DIP du planning n'est pas identique à un nom d'EXP_PROMOTION. Sans effet sur les calculs, qui utilisent EFFCALCU du planning.
promotion non reconnue dans EXP_PROMOTION;[Cours Cyber/ASUR];1;Le NOM_DIP du planning n'est pas identique à un nom d'EXP_PROMOTION. Sans effet sur les calculs, qui utilisent EFFCALCU du planning.
promotion non reconnue dans EXP_PROMOTION;[Cours PilPro];1;Le NOM_DIP du planning n'est pas identique à un nom d'EXP_PROMOTION. Sans effet sur les calculs, qui utilisent EFFCALCU du planning.
promotion non reconnue dans EXP_PROMOTION;[Cours ROM];1;Le NOM_DIP du planning n'est pas identique à un nom d'EXP_PROMOTION. Sans effet sur les calculs, qui utilisent EFFCALCU du planning.
promotion non reconnue dans EXP_PROMOTION;[GEST PROJ REGROUP TD Gpe 5/Partage Solida 64 + Gpe6/ Fonds Dot Hopit (SC)];1;Le NOM_DIP du planning n'est pas identique à un nom d'EXP_PROMOTION. Sans effet sur les calculs, qui utilisent EFFCALCU du planning.
promotion non reconnue dans EXP_PROMOTION;[GEST° PROJ REGROUP GP 4/ BDS];1;Le NOM_DIP du planning n'est pas identique à un nom d'EXP_PROMOTION. Sans effet sur les calculs, qui utilisent EFFCALCU du planning.
promotion non reconnue dans EXP_PROMOTION;[GEST° PROJ REGROUP GP 9/ BASKOLAB 2- PRIM'LAND/ FC / French];1;Le NOM_DIP du planning n'est pas identique à un nom d'EXP_PROMOTION. Sans effet sur les calculs, qui utilisent EFFCALCU du planning.
promotion non reconnue dans EXP_PROMOTION;[GEST° PROJ REGROUP TD- GP 3/  LATINO VIBES / JMI / French];1;Le NOM_DIP du planning n'est pas identique à un nom d'EXP_PROMOTION. Sans effet sur les calculs, qui utilisent EFFCALCU du planning.
promotion non reconnue dans EXP_PROMOTION;[GEST° PROJ REGROUP TD- Gpe 1 + Gpe 2  / WP + GP 2 / ISN/ English (AD)];1;Le NOM_DIP du planning n'est pas identique à un nom d'EXP_PROMOTION. Sans effet sur les calculs, qui utilisent EFFCALCU du planning.
promotion non reconnue dans EXP_PROMOTION;[GEST° PROJ REGROUP TD- Gpe 5 + Gpe 6 / Partage Solida 64 + Gp 6/ Fonds Dot Hopit/French (SC)];1;Le NOM_DIP du planning n'est pas identique à un nom d'EXP_PROMOTION. Sans effet sur les calculs, qui utilisent EFFCALCU du planning.
promotion non reconnue dans EXP_PROMOTION;[GEST° PROJ REGROUP TD- Gpe 7 / MPP + Gpe 8 / MAISON ARGAUD/ french (SM)];1;Le NOM_DIP du planning n'est pas identique à un nom d'EXP_PROMOTION. Sans effet sur les calculs, qui utilisent EFFCALCU du planning.
promotion non reconnue dans EXP_PROMOTION;[GEST° PROJ S2 REGRP 1&2 GP+AUTONO ENGLCLASS-GP-1EIBS-ESTIA-+ G2--IT-MIAL-EIBS];1;Le NOM_DIP du planning n'est pas identique à un nom d'EXP_PROMOTION. Sans effet sur les calculs, qui utilisent EFFCALCU du planning.
promotion non reconnue dans EXP_PROMOTION;[GEST° PROJ S2 REGRP 3 & 4 GP+AUTONO FRNCH-CLASS-GP-3-IT-MIAL-ESTIA + GP-4-IT-MIAL-ESTIA-MOS];1;Le NOM_DIP du planning n'est pas identique à un nom d'EXP_PROMOTION. Sans effet sur les calculs, qui utilisent EFFCALCU du planning.
promotion non reconnue dans EXP_PROMOTION;[GEST° PROJ S2 REGRP 5 & 6 GP+AUTONO FRNCH-CLASS-GP-5-IT-ESTIA-EIBS-MOS+ GP 6 -IT-MIAL-MOS];1;Le NOM_DIP du planning n'est pas identique à un nom d'EXP_PROMOTION. Sans effet sur les calculs, qui utilisent EFFCALCU du planning.
promotion non reconnue dans EXP_PROMOTION;[GEST° PROJ S2 REGRP1 GP+AUTONO ENGLCLASS-GP-1--EIBS-ESTIA];1;Le NOM_DIP du planning n'est pas identique à un nom d'EXP_PROMOTION. Sans effet sur les calculs, qui utilisent EFFCALCU du planning.
promotion non reconnue dans EXP_PROMOTION;[GEST° PROJ S2 REGRP7 GP+AUTONO FRNCH-CLASS-GP-7-IT-MIAL-MOS-ESTIA];1;Le NOM_DIP du planning n'est pas identique à un nom d'EXP_PROMOTION. Sans effet sur les calculs, qui utilisent EFFCALCU du planning.
promotion non reconnue dans EXP_PROMOTION;[Gpe TD Gest° Proj 3 (JMI)-NE PAS UTILISER];1;Le NOM_DIP du planning n'est pas identique à un nom d'EXP_PROMOTION. Sans effet sur les calculs, qui utilisent EFFCALCU du planning.
promotion non reconnue dans EXP_PROMOTION;[Gpe TD Gest° Proj 9 (FC)];1;Le NOM_DIP du planning n'est pas identique à un nom d'EXP_PROMOTION. Sans effet sur les calculs, qui utilisent EFFCALCU du planning.
promotion non reconnue dans EXP_PROMOTION;[Gpes TD M1- GP 1 & 2- WORLD PERSPECTIVES & ISN (AD)];1;Le NOM_DIP du planning n'est pas identique à un nom d'EXP_PROMOTION. Sans effet sur les calculs, qui utilisent EFFCALCU du planning.
promotion non reconnue dans EXP_PROMOTION;[INGÉNIERIE DE PROJET OUTILS-CM IN FRENCH];1;Le NOM_DIP du planning n'est pas identique à un nom d'EXP_PROMOTION. Sans effet sur les calculs, qui utilisent EFFCALCU du planning.
promotion non reconnue dans EXP_PROMOTION;[ISA4 TP1 - BCR - GCM];1;Le NOM_DIP du planning n'est pas identique à un nom d'EXP_PROMOTION. Sans effet sur les calculs, qui utilisent EFFCALCU du planning.
promotion non reconnue dans EXP_PROMOTION;[ISA4 TP2 - H&E];1;Le NOM_DIP du planning n'est pas identique à un nom d'EXP_PROMOTION. Sans effet sur les calculs, qui utilisent EFFCALCU du planning.
promotion non reconnue dans EXP_PROMOTION;[ISA4 TP3 - RIS - MHS];1;Le NOM_DIP du planning n'est pas identique à un nom d'EXP_PROMOTION. Sans effet sur les calculs, qui utilisent EFFCALCU du planning.
promotion non reconnue dans EXP_PROMOTION;[ISA5 TD1-BCR sans Contrats Pro];1;Le NOM_DIP du planning n'est pas identique à un nom d'EXP_PROMOTION. Sans effet sur les calculs, qui utilisent EFFCALCU du planning.
promotion non reconnue dans EXP_PROMOTION;[ISA5 TD1-BCR];1;Le NOM_DIP du planning n'est pas identique à un nom d'EXP_PROMOTION. Sans effet sur les calculs, qui utilisent EFFCALCU du planning.
promotion non reconnue dans EXP_PROMOTION;[ISA5 TD2 - GCM sans Contrats Pro];1;Le NOM_DIP du planning n'est pas identique à un nom d'EXP_PROMOTION. Sans effet sur les calculs, qui utilisent EFFCALCU du planning.
promotion non reconnue dans EXP_PROMOTION;[ISA5 TD2-GCM-RIS];1;Le NOM_DIP du planning n'est pas identique à un nom d'EXP_PROMOTION. Sans effet sur les calculs, qui utilisent EFFCALCU du planning.
promotion non reconnue dans EXP_PROMOTION;[ISA5 TD3 - H&E sans Contrats Pro];1;Le NOM_DIP du planning n'est pas identique à un nom d'EXP_PROMOTION. Sans effet sur les calculs, qui utilisent EFFCALCU du planning.
promotion non reconnue dans EXP_PROMOTION;[ISA5 TD3-H&E];1;Le NOM_DIP du planning n'est pas identique à un nom d'EXP_PROMOTION. Sans effet sur les calculs, qui utilisent EFFCALCU du planning.
promotion non reconnue dans EXP_PROMOTION;[Option natation STAPS Anglet];1;Le NOM_DIP du planning n'est pas identique à un nom d'EXP_PROMOTION. Sans effet sur les calculs, qui utilisent EFFCALCU du planning.
promotion non reconnue dans EXP_PROMOTION;[REGROUP S2 CM  ENGLISH GEST° PROJ 1&2 ENGINEERING TOOLS];1;Le NOM_DIP du planning n'est pas identique à un nom d'EXP_PROMOTION. Sans effet sur les calculs, qui utilisent EFFCALCU du planning.
promotion non reconnue dans EXP_PROMOTION;[REGROUP S2 CM FRENCH GEST° PROJ 3-4-5-6-7- ENGINEERING TOOLS];1;Le NOM_DIP du planning n'est pas identique à un nom d'EXP_PROMOTION. Sans effet sur les calculs, qui utilisent EFFCALCU du planning.
promotion non reconnue dans EXP_PROMOTION;[RT2 S3 ALT Cours];1;Le NOM_DIP du planning n'est pas identique à un nom d'EXP_PROMOTION. Sans effet sur les calculs, qui utilisent EFFCALCU du planning.
promotion non reconnue dans EXP_PROMOTION;[RT2 S3 ALT TD];1;Le NOM_DIP du planning n'est pas identique à un nom d'EXP_PROMOTION. Sans effet sur les calculs, qui utilisent EFFCALCU du planning.
promotion non reconnue dans EXP_PROMOTION;[RT2 S3 ALT TP1];1;Le NOM_DIP du planning n'est pas identique à un nom d'EXP_PROMOTION. Sans effet sur les calculs, qui utilisent EFFCALCU du planning.
promotion non reconnue dans EXP_PROMOTION;[RT2 S3 ALT TP2];1;Le NOM_DIP du planning n'est pas identique à un nom d'EXP_PROMOTION. Sans effet sur les calculs, qui utilisent EFFCALCU du planning.
promotion non reconnue dans EXP_PROMOTION;[RT2 S3 Cours FI];1;Le NOM_DIP du planning n'est pas identique à un nom d'EXP_PROMOTION. Sans effet sur les calculs, qui utilisent EFFCALCU du planning.
promotion non reconnue dans EXP_PROMOTION;[RT2 S3 TD FI];1;Le NOM_DIP du planning n'est pas identique à un nom d'EXP_PROMOTION. Sans effet sur les calculs, qui utilisent EFFCALCU du planning.
promotion non reconnue dans EXP_PROMOTION;[RT2 S3 TP1 FI];1;Le NOM_DIP du planning n'est pas identique à un nom d'EXP_PROMOTION. Sans effet sur les calculs, qui utilisent EFFCALCU du planning.
promotion non reconnue dans EXP_PROMOTION;[RT2 S3 TP2 FI];1;Le NOM_DIP du planning n'est pas identique à un nom d'EXP_PROMOTION. Sans effet sur les calculs, qui utilisent EFFCALCU du planning.
promotion non reconnue dans EXP_PROMOTION;[RT2 S4 C/TD Cyber];1;Le NOM_DIP du planning n'est pas identique à un nom d'EXP_PROMOTION. Sans effet sur les calculs, qui utilisent EFFCALCU du planning.
promotion non reconnue dans EXP_PROMOTION;[RT2 S4 C/TD ROM];1;Le NOM_DIP du planning n'est pas identique à un nom d'EXP_PROMOTION. Sans effet sur les calculs, qui utilisent EFFCALCU du planning.
promotion non reconnue dans EXP_PROMOTION;[RT2 S4 TC];1;Le NOM_DIP du planning n'est pas identique à un nom d'EXP_PROMOTION. Sans effet sur les calculs, qui utilisent EFFCALCU du planning.
promotion non reconnue dans EXP_PROMOTION;[RT2 S4 TP Cyber];1;Le NOM_DIP du planning n'est pas identique à un nom d'EXP_PROMOTION. Sans effet sur les calculs, qui utilisent EFFCALCU du planning.
promotion non reconnue dans EXP_PROMOTION;[RT2 S4 TP Pilpro];1;Le NOM_DIP du planning n'est pas identique à un nom d'EXP_PROMOTION. Sans effet sur les calculs, qui utilisent EFFCALCU du planning.
promotion non reconnue dans EXP_PROMOTION;[RT2 S4 TP ROM];1;Le NOM_DIP du planning n'est pas identique à un nom d'EXP_PROMOTION. Sans effet sur les calculs, qui utilisent EFFCALCU du planning.
promotion non reconnue dans EXP_PROMOTION;[RT3 TC];1;Le NOM_DIP du planning n'est pas identique à un nom d'EXP_PROMOTION. Sans effet sur les calculs, qui utilisent EFFCALCU du planning.
promotion non reconnue dans EXP_PROMOTION;[TD ASUR];1;Le NOM_DIP du planning n'est pas identique à un nom d'EXP_PROMOTION. Sans effet sur les calculs, qui utilisent EFFCALCU du planning.
promotion non reconnue dans EXP_PROMOTION;[TD Cyber TC];1;Le NOM_DIP du planning n'est pas identique à un nom d'EXP_PROMOTION. Sans effet sur les calculs, qui utilisent EFFCALCU du planning.
promotion non reconnue dans EXP_PROMOTION;[TD Cyber/ASUR];1;Le NOM_DIP du planning n'est pas identique à un nom d'EXP_PROMOTION. Sans effet sur les calculs, qui utilisent EFFCALCU du planning.
promotion non reconnue dans EXP_PROMOTION;[TD M1 MEEF AN];1;Le NOM_DIP du planning n'est pas identique à un nom d'EXP_PROMOTION. Sans effet sur les calculs, qui utilisent EFFCALCU du planning.
promotion non reconnue dans EXP_PROMOTION;[TD M1 MEEF ES-MA-PC];1;Le NOM_DIP du planning n'est pas identique à un nom d'EXP_PROMOTION. Sans effet sur les calculs, qui utilisent EFFCALCU du planning.
promotion non reconnue dans EXP_PROMOTION;[TD M1 MEEF HG-LE];1;Le NOM_DIP du planning n'est pas identique à un nom d'EXP_PROMOTION. Sans effet sur les calculs, qui utilisent EFFCALCU du planning.
promotion non reconnue dans EXP_PROMOTION;[TD M2 MEEF AN-ES];1;Le NOM_DIP du planning n'est pas identique à un nom d'EXP_PROMOTION. Sans effet sur les calculs, qui utilisent EFFCALCU du planning.
promotion non reconnue dans EXP_PROMOTION;[TD M2 MEEF HG-PC];1;Le NOM_DIP du planning n'est pas identique à un nom d'EXP_PROMOTION. Sans effet sur les calculs, qui utilisent EFFCALCU du planning.
promotion non reconnue dans EXP_PROMOTION;[TD M2 MEEF LE-MA];1;Le NOM_DIP du planning n'est pas identique à un nom d'EXP_PROMOTION. Sans effet sur les calculs, qui utilisent EFFCALCU du planning.
promotion non reconnue dans EXP_PROMOTION;[TD PilPro];1;Le NOM_DIP du planning n'est pas identique à un nom d'EXP_PROMOTION. Sans effet sur les calculs, qui utilisent EFFCALCU du planning.
promotion non reconnue dans EXP_PROMOTION;[TD ROM/Pilpro TC];1;Le NOM_DIP du planning n'est pas identique à un nom d'EXP_PROMOTION. Sans effet sur les calculs, qui utilisent EFFCALCU du planning.
promotion non reconnue dans EXP_PROMOTION;[TD ROM];1;Le NOM_DIP du planning n'est pas identique à un nom d'EXP_PROMOTION. Sans effet sur les calculs, qui utilisent EFFCALCU du planning.
promotion non reconnue dans EXP_PROMOTION;[TP ASUR];1;Le NOM_DIP du planning n'est pas identique à un nom d'EXP_PROMOTION. Sans effet sur les calculs, qui utilisent EFFCALCU du planning.
promotion non reconnue dans EXP_PROMOTION;[TP Cyber];1;Le NOM_DIP du planning n'est pas identique à un nom d'EXP_PROMOTION. Sans effet sur les calculs, qui utilisent EFFCALCU du planning.
promotion non reconnue dans EXP_PROMOTION;[TP Pilpro];1;Le NOM_DIP du planning n'est pas identique à un nom d'EXP_PROMOTION. Sans effet sur les calculs, qui utilisent EFFCALCU du planning.
promotion non reconnue dans EXP_PROMOTION;[TP ROM];1;Le NOM_DIP du planning n'est pas identique à un nom d'EXP_PROMOTION. Sans effet sur les calculs, qui utilisent EFFCALCU du planning.
effectif inexploitable (effectif absent ou égal à zéro);1 - Histoire du théâtre;1;EFFCALCU vide, nul ou contradictoire pour cette séance. Elle est exclue des taux de remplissage et, si elle est dans un amphi LET, elle n'est pas reportée.
effectif inexploitable (effectif absent ou égal à zéro);1 Approfondissement techn;1;EFFCALCU vide, nul ou contradictoire pour cette séance. Elle est exclue des taux de remplissage et, si elle est dans un amphi LET, elle n'est pas reportée.
effectif inexploitable (effectif absent ou égal à zéro);1 Chantier & régie collec;1;EFFCALCU vide, nul ou contradictoire pour cette séance. Elle est exclue des taux de remplissage et, si elle est dans un amphi LET, elle n'est pas reportée.
effectif inexploitable (effectif absent ou égal à zéro);1 Droit du pat en France;1;EFFCALCU vide, nul ou contradictoire pour cette séance. Elle est exclue des taux de remplissage et, si elle est dans un amphi LET, elle n'est pas reportée.
effectif inexploitable (effectif absent ou égal à zéro);1 Littérature comparée 3;1;EFFCALCU vide, nul ou contradictoire pour cette séance. Elle est exclue des taux de remplissage et, si elle est dans un amphi LET, elle n'est pas reportée.
effectif inexploitable (effectif absent ou égal à zéro);1 Littérature française 1;1;EFFCALCU vide, nul ou contradictoire pour cette séance. Elle est exclue des taux de remplissage et, si elle est dans un amphi LET, elle n'est pas reportée.
effectif inexploitable (effectif absent ou égal à zéro);1-1 Economie 1;1;EFFCALCU vide, nul ou contradictoire pour cette séance. Elle est exclue des taux de remplissage et, si elle est dans un amphi LET, elle n'est pas reportée.
effectif inexploitable (effectif absent ou égal à zéro);11 Intro. droit civil;2;EFFCALCU vide, nul ou contradictoire pour cette séance. Elle est exclue des taux de remplissage et, si elle est dans un amphi LET, elle n'est pas reportée.
effectif inexploitable (effectif absent ou égal à zéro);12 Intro. droit constit.;1;EFFCALCU vide, nul ou contradictoire pour cette séance. Elle est exclue des taux de remplissage et, si elle est dans un amphi LET, elle n'est pas reportée.
effectif inexploitable (effectif absent ou égal à zéro);13 Intro. histor. droit;1;EFFCALCU vide, nul ou contradictoire pour cette séance. Elle est exclue des taux de remplissage et, si elle est dans un amphi LET, elle n'est pas reportée.
effectif inexploitable (effectif absent ou égal à zéro);2 Construction savoirs;9;EFFCALCU vide, nul ou contradictoire pour cette séance. Elle est exclue des taux de remplissage et, si elle est dans un amphi LET, elle n'est pas reportée.
effectif inexploitable (effectif absent ou égal à zéro);2 Culture générale 2;1;EFFCALCU vide, nul ou contradictoire pour cette séance. Elle est exclue des taux de remplissage et, si elle est dans un amphi LET, elle n'est pas reportée.
effectif inexploitable (effectif absent ou égal à zéro);2 Informatique;1;EFFCALCU vide, nul ou contradictoire pour cette séance. Elle est exclue des taux de remplissage et, si elle est dans un amphi LET, elle n'est pas reportée.
effectif inexploitable (effectif absent ou égal à zéro);2 Le monde de l'édit en F;1;EFFCALCU vide, nul ou contradictoire pour cette séance. Elle est exclue des taux de remplissage et, si elle est dans un amphi LET, elle n'est pas reportée.
effectif inexploitable (effectif absent ou égal à zéro);2.11_Anglais;8;EFFCALCU vide, nul ou contradictoire pour cette séance. Elle est exclue des taux de remplissage et, si elle est dans un amphi LET, elle n'est pas reportée.
effectif inexploitable (effectif absent ou égal à zéro);3 Ateliers méthodologique;2;EFFCALCU vide, nul ou contradictoire pour cette séance. Elle est exclue des taux de remplissage et, si elle est dans un amphi LET, elle n'est pas reportée.
effectif inexploitable (effectif absent ou égal à zéro);3 Histoire langue fr 3;1;EFFCALCU vide, nul ou contradictoire pour cette séance. Elle est exclue des taux de remplissage et, si elle est dans un amphi LET, elle n'est pas reportée.
effectif inexploitable (effectif absent ou égal à zéro);3 Initiation à la styl;1;EFFCALCU vide, nul ou contradictoire pour cette séance. Elle est exclue des taux de remplissage et, si elle est dans un amphi LET, elle n'est pas reportée.
effectif inexploitable (effectif absent ou égal à zéro);31 Droit des oblig.;1;EFFCALCU vide, nul ou contradictoire pour cette séance. Elle est exclue des taux de remplissage et, si elle est dans un amphi LET, elle n'est pas reportée.
effectif inexploitable (effectif absent ou égal à zéro);32 Droit administ.;1;EFFCALCU vide, nul ou contradictoire pour cette séance. Elle est exclue des taux de remplissage et, si elle est dans un amphi LET, elle n'est pas reportée.
effectif inexploitable (effectif absent ou égal à zéro);ANGLAIS Ecole Doctorale;5;EFFCALCU vide, nul ou contradictoire pour cette séance. Elle est exclue des taux de remplissage et, si elle est dans un amphi LET, elle n'est pas reportée.
effectif inexploitable (effectif absent ou égal à zéro);Acteurs et institut santé;1;EFFCALCU vide, nul ou contradictoire pour cette séance. Elle est exclue des taux de remplissage et, si elle est dans un amphi LET, elle n'est pas reportée.
effectif inexploitable (effectif absent ou égal à zéro);Algèbre 1 S1;1;EFFCALCU vide, nul ou contradictoire pour cette séance. Elle est exclue des taux de remplissage et, si elle est dans un amphi LET, elle n'est pas reportée.
effectif inexploitable (effectif absent ou égal à zéro);Ana. & algèbre 2 PPPE;1;EFFCALCU vide, nul ou contradictoire pour cette séance. Elle est exclue des taux de remplissage et, si elle est dans un amphi LET, elle n'est pas reportée.
effectif inexploitable (effectif absent ou égal à zéro);Analyse 1 S1;1;EFFCALCU vide, nul ou contradictoire pour cette séance. Elle est exclue des taux de remplissage et, si elle est dans un amphi LET, elle n'est pas reportée.
effectif inexploitable (effectif absent ou égal à zéro);Analyse de l'eau paramètr;5;EFFCALCU vide, nul ou contradictoire pour cette séance. Elle est exclue des taux de remplissage et, si elle est dans un amphi LET, elle n'est pas reportée.
effectif inexploitable (effectif absent ou égal à zéro);Anglais;2;EFFCALCU vide, nul ou contradictoire pour cette séance. Elle est exclue des taux de remplissage et, si elle est dans un amphi LET, elle n'est pas reportée.
effectif inexploitable (effectif absent ou égal à zéro);Anglais (DT2 EEI);1;EFFCALCU vide, nul ou contradictoire pour cette séance. Elle est exclue des taux de remplissage et, si elle est dans un amphi LET, elle n'est pas reportée.
effectif inexploitable (effectif absent ou égal à zéro);Anglais L3 DEG S5;50;EFFCALCU vide, nul ou contradictoire pour cette séance. Elle est exclue des taux de remplissage et, si elle est dans un amphi LET, elle n'est pas reportée.
effectif inexploitable (effectif absent ou égal à zéro);Anglais L3 DEG S6;44;EFFCALCU vide, nul ou contradictoire pour cette séance. Elle est exclue des taux de remplissage et, si elle est dans un amphi LET, elle n'est pas reportée.
effectif inexploitable (effectif absent ou égal à zéro);Anglais Mme Reid A1;17;EFFCALCU vide, nul ou contradictoire pour cette séance. Elle est exclue des taux de remplissage et, si elle est dans un amphi LET, elle n'est pas reportée.
effectif inexploitable (effectif absent ou égal à zéro);Anglais Mme Reid A2;18;EFFCALCU vide, nul ou contradictoire pour cette séance. Elle est exclue des taux de remplissage et, si elle est dans un amphi LET, elle n'est pas reportée.
effectif inexploitable (effectif absent ou égal à zéro);Anglais Mme Reid A2+;17;EFFCALCU vide, nul ou contradictoire pour cette séance. Elle est exclue des taux de remplissage et, si elle est dans un amphi LET, elle n'est pas reportée.
effectif inexploitable (effectif absent ou égal à zéro);Anglais Mme Reid B1;1;EFFCALCU vide, nul ou contradictoire pour cette séance. Elle est exclue des taux de remplissage et, si elle est dans un amphi LET, elle n'est pas reportée.
effectif inexploitable (effectif absent ou égal à zéro);Anglais Mme Reid B1+;16;EFFCALCU vide, nul ou contradictoire pour cette séance. Elle est exclue des taux de remplissage et, si elle est dans un amphi LET, elle n'est pas reportée.
effectif inexploitable (effectif absent ou égal à zéro);Anglais Mme Reid B2;16;EFFCALCU vide, nul ou contradictoire pour cette séance. Elle est exclue des taux de remplissage et, si elle est dans un amphi LET, elle n'est pas reportée.
effectif inexploitable (effectif absent ou égal à zéro);Anglais Mme Tisné jeudi;21;EFFCALCU vide, nul ou contradictoire pour cette séance. Elle est exclue des taux de remplissage et, si elle est dans un amphi LET, elle n'est pas reportée.
effectif inexploitable (effectif absent ou égal à zéro);Anglais Personnel/CED Avancé;10;EFFCALCU vide, nul ou contradictoire pour cette séance. Elle est exclue des taux de remplissage et, si elle est dans un amphi LET, elle n'est pas reportée.
effectif inexploitable (effectif absent ou égal à zéro);Anglais Personnel/CED Faux déb;10;EFFCALCU vide, nul ou contradictoire pour cette séance. Elle est exclue des taux de remplissage et, si elle est dans un amphi LET, elle n'est pas reportée.
effectif inexploitable (effectif absent ou égal à zéro);Anglais Personnel/CED Interméd;10;EFFCALCU vide, nul ou contradictoire pour cette séance. Elle est exclue des taux de remplissage et, si elle est dans un amphi LET, elle n'est pas reportée.
effectif inexploitable (effectif absent ou égal à zéro);Anglais-Mme Tisné mercredi;43;EFFCALCU vide, nul ou contradictoire pour cette séance. Elle est exclue des taux de remplissage et, si elle est dans un amphi LET, elle n'est pas reportée.
effectif inexploitable (effectif absent ou égal à zéro);Approches artistiques S6;1;EFFCALCU vide, nul ou contradictoire pour cette séance. Elle est exclue des taux de remplissage et, si elle est dans un amphi LET, elle n'est pas reportée.
effectif inexploitable (effectif absent ou égal à zéro);Arabe Mme Al Mukdad A2;7;EFFCALCU vide, nul ou contradictoire pour cette séance. Elle est exclue des taux de remplissage et, si elle est dans un amphi LET, elle n'est pas reportée.
effectif inexploitable (effectif absent ou égal à zéro);Arabe Mme Al Mukdad début. B1;16;EFFCALCU vide, nul ou contradictoire pour cette séance. Elle est exclue des taux de remplissage et, si elle est dans un amphi LET, elle n'est pas reportée.
effectif inexploitable (effectif absent ou égal à zéro);Assemblée Générale BDE;1;EFFCALCU vide, nul ou contradictoire pour cette séance. Elle est exclue des taux de remplissage et, si elle est dans un amphi LET, elle n'est pas reportée.
effectif inexploitable (effectif absent ou égal à zéro);Atelier Participatif / Forum;7;EFFCALCU vide, nul ou contradictoire pour cette séance. Elle est exclue des taux de remplissage et, si elle est dans un amphi LET, elle n'est pas reportée.
effectif inexploitable (effectif absent ou égal à zéro);Atelier d'écriture;9;EFFCALCU vide, nul ou contradictoire pour cette séance. Elle est exclue des taux de remplissage et, si elle est dans un amphi LET, elle n'est pas reportée.
effectif inexploitable (effectif absent ou égal à zéro);Ateliers UPPA Solidarité;4;EFFCALCU vide, nul ou contradictoire pour cette séance. Elle est exclue des taux de remplissage et, si elle est dans un amphi LET, elle n'est pas reportée.
effectif inexploitable (effectif absent ou égal à zéro);Audit processus Enseignement;2;EFFCALCU vide, nul ou contradictoire pour cette séance. Elle est exclue des taux de remplissage et, si elle est dans un amphi LET, elle n'est pas reportée.
effectif inexploitable (effectif absent ou égal à zéro);BIP Miroux;17;EFFCALCU vide, nul ou contradictoire pour cette séance. Elle est exclue des taux de remplissage et, si elle est dans un amphi LET, elle n'est pas reportée.
effectif inexploitable (effectif absent ou égal à zéro);Badminton;9;EFFCALCU vide, nul ou contradictoire pour cette séance. Elle est exclue des taux de remplissage et, si elle est dans un amphi LET, elle n'est pas reportée.
effectif inexploitable (effectif absent ou égal à zéro);Bal des arts - Lettres;1;EFFCALCU vide, nul ou contradictoire pour cette séance. Elle est exclue des taux de remplissage et, si elle est dans un amphi LET, elle n'est pas reportée.
effectif inexploitable (effectif absent ou égal à zéro);Basket Ball;3;EFFCALCU vide, nul ou contradictoire pour cette séance. Elle est exclue des taux de remplissage et, si elle est dans un amphi LET, elle n'est pas reportée.
effectif inexploitable (effectif absent ou égal à zéro);Biologie moléculaire prat;1;EFFCALCU vide, nul ou contradictoire pour cette séance. Elle est exclue des taux de remplissage et, si elle est dans un amphi LET, elle n'est pas reportée.
effectif inexploitable (effectif absent ou égal à zéro);Biologie végétale 2;1;EFFCALCU vide, nul ou contradictoire pour cette séance. Elle est exclue des taux de remplissage et, si elle est dans un amphi LET, elle n'est pas reportée.
effectif inexploitable (effectif absent ou égal à zéro);Biomimétisme;9;EFFCALCU vide, nul ou contradictoire pour cette séance. Elle est exclue des taux de remplissage et, si elle est dans un amphi LET, elle n'est pas reportée.
effectif inexploitable (effectif absent ou égal à zéro);Boxe française;4;EFFCALCU vide, nul ou contradictoire pour cette séance. Elle est exclue des taux de remplissage et, si elle est dans un amphi LET, elle n'est pas reportée.
effectif inexploitable (effectif absent ou égal à zéro);CA Fondation ISA BTP;2;EFFCALCU vide, nul ou contradictoire pour cette séance. Elle est exclue des taux de remplissage et, si elle est dans un amphi LET, elle n'est pas reportée.
effectif inexploitable (effectif absent ou égal à zéro);CAPES BLANC;4;EFFCALCU vide, nul ou contradictoire pour cette séance. Elle est exclue des taux de remplissage et, si elle est dans un amphi LET, elle n'est pas reportée.
effectif inexploitable (effectif absent ou égal à zéro);CC DUFLE;1;EFFCALCU vide, nul ou contradictoire pour cette séance. Elle est exclue des taux de remplissage et, si elle est dans un amphi LET, elle n'est pas reportée.
effectif inexploitable (effectif absent ou égal à zéro);CM Probastats;1;EFFCALCU vide, nul ou contradictoire pour cette séance. Elle est exclue des taux de remplissage et, si elle est dans un amphi LET, elle n'est pas reportée.
effectif inexploitable (effectif absent ou égal à zéro);CO PERF LEA;2;EFFCALCU vide, nul ou contradictoire pour cette séance. Elle est exclue des taux de remplissage et, si elle est dans un amphi LET, elle n'est pas reportée.
effectif inexploitable (effectif absent ou égal à zéro);CONSULTATION COPIES (EEI);1;EFFCALCU vide, nul ou contradictoire pour cette séance. Elle est exclue des taux de remplissage et, si elle est dans un amphi LET, elle n'est pas reportée.
effectif inexploitable (effectif absent ou égal à zéro);Calcul Parallèle;1;EFFCALCU vide, nul ou contradictoire pour cette séance. Elle est exclue des taux de remplissage et, si elle est dans un amphi LET, elle n'est pas reportée.
effectif inexploitable (effectif absent ou égal à zéro);Canoë-kayak;5;EFFCALCU vide, nul ou contradictoire pour cette séance. Elle est exclue des taux de remplissage et, si elle est dans un amphi LET, elle n'est pas reportée.
effectif inexploitable (effectif absent ou égal à zéro);Chim org fonct, méca rela;2;EFFCALCU vide, nul ou contradictoire pour cette séance. Elle est exclue des taux de remplissage et, si elle est dans un amphi LET, elle n'est pas reportée.
effectif inexploitable (effectif absent ou égal à zéro);Chimie des solutions 1;1;EFFCALCU vide, nul ou contradictoire pour cette séance. Elle est exclue des taux de remplissage et, si elle est dans un amphi LET, elle n'est pas reportée.
effectif inexploitable (effectif absent ou égal à zéro);Chimie minérale;1;EFFCALCU vide, nul ou contradictoire pour cette séance. Elle est exclue des taux de remplissage et, si elle est dans un amphi LET, elle n'est pas reportée.
effectif inexploitable (effectif absent ou égal à zéro);Classification auto méth;1;EFFCALCU vide, nul ou contradictoire pour cette séance. Elle est exclue des taux de remplissage et, si elle est dans un amphi LET, elle n'est pas reportée.
effectif inexploitable (effectif absent ou égal à zéro);Codir;11;EFFCALCU vide, nul ou contradictoire pour cette séance. Elle est exclue des taux de remplissage et, si elle est dans un amphi LET, elle n'est pas reportée.
effectif inexploitable (effectif absent ou égal à zéro);Collage Bois;1;EFFCALCU vide, nul ou contradictoire pour cette séance. Elle est exclue des taux de remplissage et, si elle est dans un amphi LET, elle n'est pas reportée.
effectif inexploitable (effectif absent ou égal à zéro);Comission parc HG;2;EFFCALCU vide, nul ou contradictoire pour cette séance. Elle est exclue des taux de remplissage et, si elle est dans un amphi LET, elle n'est pas reportée.
effectif inexploitable (effectif absent ou égal à zéro);Comission parc LE;1;EFFCALCU vide, nul ou contradictoire pour cette séance. Elle est exclue des taux de remplissage et, si elle est dans un amphi LET, elle n'est pas reportée.
effectif inexploitable (effectif absent ou égal à zéro);Comité Recrutement ISA NUM;1;EFFCALCU vide, nul ou contradictoire pour cette séance. Elle est exclue des taux de remplissage et, si elle est dans un amphi LET, elle n'est pas reportée.
effectif inexploitable (effectif absent ou égal à zéro);Comité perfecti Master Géo;1;EFFCALCU vide, nul ou contradictoire pour cette séance. Elle est exclue des taux de remplissage et, si elle est dans un amphi LET, elle n'est pas reportée.
effectif inexploitable (effectif absent ou égal à zéro);Comité suivi de thèse CDRE;1;EFFCALCU vide, nul ou contradictoire pour cette séance. Elle est exclue des taux de remplissage et, si elle est dans un amphi LET, elle n'est pas reportée.
effectif inexploitable (effectif absent ou égal à zéro);Commission UTLA;2;EFFCALCU vide, nul ou contradictoire pour cette séance. Elle est exclue des taux de remplissage et, si elle est dans un amphi LET, elle n'est pas reportée.
effectif inexploitable (effectif absent ou égal à zéro);Commission parc AN;1;EFFCALCU vide, nul ou contradictoire pour cette séance. Elle est exclue des taux de remplissage et, si elle est dans un amphi LET, elle n'est pas reportée.
effectif inexploitable (effectif absent ou égal à zéro);Commission parc ES;1;EFFCALCU vide, nul ou contradictoire pour cette séance. Elle est exclue des taux de remplissage et, si elle est dans un amphi LET, elle n'est pas reportée.
effectif inexploitable (effectif absent ou égal à zéro);Commission paritaire;2;EFFCALCU vide, nul ou contradictoire pour cette séance. Elle est exclue des taux de remplissage et, si elle est dans un amphi LET, elle n'est pas reportée.
effectif inexploitable (effectif absent ou égal à zéro);Comptabilité analytique;1;EFFCALCU vide, nul ou contradictoire pour cette séance. Elle est exclue des taux de remplissage et, si elle est dans un amphi LET, elle n'est pas reportée.
effectif inexploitable (effectif absent ou égal à zéro);Compét rédactionnelles;1;EFFCALCU vide, nul ou contradictoire pour cette séance. Elle est exclue des taux de remplissage et, si elle est dans un amphi LET, elle n'est pas reportée.
effectif inexploitable (effectif absent ou égal à zéro);Conférence RDV du Management;1;EFFCALCU vide, nul ou contradictoire pour cette séance. Elle est exclue des taux de remplissage et, si elle est dans un amphi LET, elle n'est pas reportée.
effectif inexploitable (effectif absent ou égal à zéro);Conférence de l'ISA BTP;2;EFFCALCU vide, nul ou contradictoire pour cette séance. Elle est exclue des taux de remplissage et, si elle est dans un amphi LET, elle n'est pas reportée.
effectif inexploitable (effectif absent ou égal à zéro);Conseil ISANUM;9;EFFCALCU vide, nul ou contradictoire pour cette séance. Elle est exclue des taux de remplissage et, si elle est dans un amphi LET, elle n'est pas reportée.
effectif inexploitable (effectif absent ou égal à zéro);Conseil d'école ISA;2;EFFCALCU vide, nul ou contradictoire pour cette séance. Elle est exclue des taux de remplissage et, si elle est dans un amphi LET, elle n'est pas reportée.
effectif inexploitable (effectif absent ou égal à zéro);Conseil de perf Master Socio;1;EFFCALCU vide, nul ou contradictoire pour cette séance. Elle est exclue des taux de remplissage et, si elle est dans un amphi LET, elle n'est pas reportée.
effectif inexploitable (effectif absent ou égal à zéro);Conseil de perf. LLCER Anglais;1;EFFCALCU vide, nul ou contradictoire pour cette séance. Elle est exclue des taux de remplissage et, si elle est dans un amphi LET, elle n'est pas reportée.
effectif inexploitable (effectif absent ou égal à zéro);Construct espace européen;1;EFFCALCU vide, nul ou contradictoire pour cette séance. Elle est exclue des taux de remplissage et, si elle est dans un amphi LET, elle n'est pas reportée.
effectif inexploitable (effectif absent ou égal à zéro);Consultation copies LLCER Angl;2;EFFCALCU vide, nul ou contradictoire pour cette séance. Elle est exclue des taux de remplissage et, si elle est dans un amphi LET, elle n'est pas reportée.
effectif inexploitable (effectif absent ou égal à zéro);Contestation;4;EFFCALCU vide, nul ou contradictoire pour cette séance. Elle est exclue des taux de remplissage et, si elle est dans un amphi LET, elle n'est pas reportée.
effectif inexploitable (effectif absent ou égal à zéro);Contrôle gest et coûts;2;EFFCALCU vide, nul ou contradictoire pour cette séance. Elle est exclue des taux de remplissage et, si elle est dans un amphi LET, elle n'est pas reportée.
effectif inexploitable (effectif absent ou égal à zéro);Courbes intégrale mult S4;1;EFFCALCU vide, nul ou contradictoire pour cette séance. Elle est exclue des taux de remplissage et, si elle est dans un amphi LET, elle n'est pas reportée.
effectif inexploitable (effectif absent ou égal à zéro);Course de 1/2 fond;3;EFFCALCU vide, nul ou contradictoire pour cette séance. Elle est exclue des taux de remplissage et, si elle est dans un amphi LET, elle n'est pas reportée.
effectif inexploitable (effectif absent ou égal à zéro);Créneau 13 CC S1 L1 PC,SDV,SDT;4;EFFCALCU vide, nul ou contradictoire pour cette séance. Elle est exclue des taux de remplissage et, si elle est dans un amphi LET, elle n'est pas reportée.
effectif inexploitable (effectif absent ou égal à zéro);Créneau 15 CC S1 L1 PC,SDV,SDT;3;EFFCALCU vide, nul ou contradictoire pour cette séance. Elle est exclue des taux de remplissage et, si elle est dans un amphi LET, elle n'est pas reportée.
effectif inexploitable (effectif absent ou égal à zéro);Culture numérique;44;EFFCALCU vide, nul ou contradictoire pour cette séance. Elle est exclue des taux de remplissage et, si elle est dans un amphi LET, elle n'est pas reportée.
effectif inexploitable (effectif absent ou égal à zéro);Cycles de conférences;1;EFFCALCU vide, nul ou contradictoire pour cette séance. Elle est exclue des taux de remplissage et, si elle est dans un amphi LET, elle n'est pas reportée.
effectif inexploitable (effectif absent ou égal à zéro);DAEU_TUTORAT;11;EFFCALCU vide, nul ou contradictoire pour cette séance. Elle est exclue des taux de remplissage et, si elle est dans un amphi LET, elle n'est pas reportée.
effectif inexploitable (effectif absent ou égal à zéro);DEVE_UE reco. Engagemt. Etud.;1;EFFCALCU vide, nul ou contradictoire pour cette séance. Elle est exclue des taux de remplissage et, si elle est dans un amphi LET, elle n'est pas reportée.
effectif inexploitable (effectif absent ou égal à zéro);DRH_Formation EXCEL;2;EFFCALCU vide, nul ou contradictoire pour cette séance. Elle est exclue des taux de remplissage et, si elle est dans un amphi LET, elle n'est pas reportée.
effectif inexploitable (effectif absent ou égal à zéro);DU de journalisme;1;EFFCALCU vide, nul ou contradictoire pour cette séance. Elle est exclue des taux de remplissage et, si elle est dans un amphi LET, elle n'est pas reportée.
effectif inexploitable (effectif absent ou égal à zéro);DUEF A2 S1;8;EFFCALCU vide, nul ou contradictoire pour cette séance. Elle est exclue des taux de remplissage et, si elle est dans un amphi LET, elle n'est pas reportée.
effectif inexploitable (effectif absent ou égal à zéro);DUEF B1 S2;13;EFFCALCU vide, nul ou contradictoire pour cette séance. Elle est exclue des taux de remplissage et, si elle est dans un amphi LET, elle n'est pas reportée.
effectif inexploitable (effectif absent ou égal à zéro);DUEF B2 S2;40;EFFCALCU vide, nul ou contradictoire pour cette séance. Elle est exclue des taux de remplissage et, si elle est dans un amphi LET, elle n'est pas reportée.
effectif inexploitable (effectif absent ou égal à zéro);DUEF C1 S1;11;EFFCALCU vide, nul ou contradictoire pour cette séance. Elle est exclue des taux de remplissage et, si elle est dans un amphi LET, elle n'est pas reportée.
effectif inexploitable (effectif absent ou égal à zéro);Devoir Civilisation US;1;EFFCALCU vide, nul ou contradictoire pour cette séance. Elle est exclue des taux de remplissage et, si elle est dans un amphi LET, elle n'est pas reportée.
effectif inexploitable (effectif absent ou égal à zéro);Devoir J. Pichon;2;EFFCALCU vide, nul ou contradictoire pour cette séance. Elle est exclue des taux de remplissage et, si elle est dans un amphi LET, elle n'est pas reportée.
effectif inexploitable (effectif absent ou égal à zéro);Devoir Langue orale Phono S3;1;EFFCALCU vide, nul ou contradictoire pour cette séance. Elle est exclue des taux de remplissage et, si elle est dans un amphi LET, elle n'est pas reportée.
effectif inexploitable (effectif absent ou égal à zéro);Devoir littérature S6;1;EFFCALCU vide, nul ou contradictoire pour cette séance. Elle est exclue des taux de remplissage et, si elle est dans un amphi LET, elle n'est pas reportée.
effectif inexploitable (effectif absent ou égal à zéro);Devoir phono/compréhension S3;1;EFFCALCU vide, nul ou contradictoire pour cette séance. Elle est exclue des taux de remplissage et, si elle est dans un amphi LET, elle n'est pas reportée.
effectif inexploitable (effectif absent ou égal à zéro);Didactique;2;EFFCALCU vide, nul ou contradictoire pour cette séance. Elle est exclue des taux de remplissage et, si elle est dans un amphi LET, elle n'est pas reportée.
effectif inexploitable (effectif absent ou égal à zéro);Droit Social de l'UE;1;EFFCALCU vide, nul ou contradictoire pour cette séance. Elle est exclue des taux de remplissage et, si elle est dans un amphi LET, elle n'est pas reportée.
effectif inexploitable (effectif absent ou égal à zéro);Droit Union europeenne;1;EFFCALCU vide, nul ou contradictoire pour cette séance. Elle est exclue des taux de remplissage et, si elle est dans un amphi LET, elle n'est pas reportée.
effectif inexploitable (effectif absent ou égal à zéro);Droit des contrats spé.;1;EFFCALCU vide, nul ou contradictoire pour cette séance. Elle est exclue des taux de remplissage et, si elle est dans un amphi LET, elle n'est pas reportée.
effectif inexploitable (effectif absent ou égal à zéro);Droit des obligations;2;EFFCALCU vide, nul ou contradictoire pour cette séance. Elle est exclue des taux de remplissage et, si elle est dans un amphi LET, elle n'est pas reportée.
effectif inexploitable (effectif absent ou égal à zéro);Droit des personnes;1;EFFCALCU vide, nul ou contradictoire pour cette séance. Elle est exclue des taux de remplissage et, si elle est dans un amphi LET, elle n'est pas reportée.
effectif inexploitable (effectif absent ou égal à zéro);Droit des sûretés CM;1;EFFCALCU vide, nul ou contradictoire pour cette séance. Elle est exclue des taux de remplissage et, si elle est dans un amphi LET, elle n'est pas reportée.
effectif inexploitable (effectif absent ou égal à zéro);Droit du travail CM S5;1;EFFCALCU vide, nul ou contradictoire pour cette séance. Elle est exclue des taux de remplissage et, si elle est dans un amphi LET, elle n'est pas reportée.
effectif inexploitable (effectif absent ou égal à zéro);Droit internat. public CM;1;EFFCALCU vide, nul ou contradictoire pour cette séance. Elle est exclue des taux de remplissage et, si elle est dans un amphi LET, elle n'est pas reportée.
effectif inexploitable (effectif absent ou égal à zéro);Droit pénal (maj);1;EFFCALCU vide, nul ou contradictoire pour cette séance. Elle est exclue des taux de remplissage et, si elle est dans un amphi LET, elle n'est pas reportée.
effectif inexploitable (effectif absent ou égal à zéro);Droit pénal / Droit des aff.;1;EFFCALCU vide, nul ou contradictoire pour cette séance. Elle est exclue des taux de remplissage et, si elle est dans un amphi LET, elle n'est pas reportée.
effectif inexploitable (effectif absent ou égal à zéro);Dt internat & européen;1;EFFCALCU vide, nul ou contradictoire pour cette séance. Elle est exclue des taux de remplissage et, si elle est dans un amphi LET, elle n'est pas reportée.
effectif inexploitable (effectif absent ou égal à zéro);Décision d'investissement;1;EFFCALCU vide, nul ou contradictoire pour cette séance. Elle est exclue des taux de remplissage et, si elle est dans un amphi LET, elle n'est pas reportée.
effectif inexploitable (effectif absent ou égal à zéro);Délibération;3;EFFCALCU vide, nul ou contradictoire pour cette séance. Elle est exclue des taux de remplissage et, si elle est dans un amphi LET, elle n'est pas reportée.
effectif inexploitable (effectif absent ou égal à zéro);Délibération CGAO1;2;EFFCALCU vide, nul ou contradictoire pour cette séance. Elle est exclue des taux de remplissage et, si elle est dans un amphi LET, elle n'est pas reportée.
effectif inexploitable (effectif absent ou égal à zéro);Délibération MAE;3;EFFCALCU vide, nul ou contradictoire pour cette séance. Elle est exclue des taux de remplissage et, si elle est dans un amphi LET, elle n'est pas reportée.
effectif inexploitable (effectif absent ou égal à zéro);Délibération MAE ENSGTI;1;EFFCALCU vide, nul ou contradictoire pour cette séance. Elle est exclue des taux de remplissage et, si elle est dans un amphi LET, elle n'est pas reportée.
effectif inexploitable (effectif absent ou égal à zéro);Délibération MOT;2;EFFCALCU vide, nul ou contradictoire pour cette séance. Elle est exclue des taux de remplissage et, si elle est dans un amphi LET, elle n'est pas reportée.
effectif inexploitable (effectif absent ou égal à zéro);Délibération MOTI 1;1;EFFCALCU vide, nul ou contradictoire pour cette séance. Elle est exclue des taux de remplissage et, si elle est dans un amphi LET, elle n'est pas reportée.
effectif inexploitable (effectif absent ou égal à zéro);Délibération Master CCA;2;EFFCALCU vide, nul ou contradictoire pour cette séance. Elle est exclue des taux de remplissage et, si elle est dans un amphi LET, elle n'est pas reportée.
effectif inexploitable (effectif absent ou égal à zéro);Délibérations;2;EFFCALCU vide, nul ou contradictoire pour cette séance. Elle est exclue des taux de remplissage et, si elle est dans un amphi LET, elle n'est pas reportée.
effectif inexploitable (effectif absent ou égal à zéro);Délibérations CGAO 2 & MOTI 2;1;EFFCALCU vide, nul ou contradictoire pour cette séance. Elle est exclue des taux de remplissage et, si elle est dans un amphi LET, elle n'est pas reportée.
effectif inexploitable (effectif absent ou égal à zéro);Délibérations DPG/PCP;1;EFFCALCU vide, nul ou contradictoire pour cette séance. Elle est exclue des taux de remplissage et, si elle est dans un amphi LET, elle n'est pas reportée.
effectif inexploitable (effectif absent ou égal à zéro);Délibérations Lettres;1;EFFCALCU vide, nul ou contradictoire pour cette séance. Elle est exclue des taux de remplissage et, si elle est dans un amphi LET, elle n'est pas reportée.
effectif inexploitable (effectif absent ou égal à zéro);Délibérations Master LLC;2;EFFCALCU vide, nul ou contradictoire pour cette séance. Elle est exclue des taux de remplissage et, si elle est dans un amphi LET, elle n'est pas reportée.
effectif inexploitable (effectif absent ou égal à zéro);Délibérations licence LLCER An;1;EFFCALCU vide, nul ou contradictoire pour cette séance. Elle est exclue des taux de remplissage et, si elle est dans un amphi LET, elle n'est pas reportée.
effectif inexploitable (effectif absent ou égal à zéro);EXAMEN EEI;20;EFFCALCU vide, nul ou contradictoire pour cette séance. Elle est exclue des taux de remplissage et, si elle est dans un amphi LET, elle n'est pas reportée.
effectif inexploitable (effectif absent ou égal à zéro);EXAMEN EEI MASTER;6;EFFCALCU vide, nul ou contradictoire pour cette séance. Elle est exclue des taux de remplissage et, si elle est dans un amphi LET, elle n'est pas reportée.
effectif inexploitable (effectif absent ou égal à zéro);EXAMENS EEI (droit);33;EFFCALCU vide, nul ou contradictoire pour cette séance. Elle est exclue des taux de remplissage et, si elle est dans un amphi LET, elle n'est pas reportée.
effectif inexploitable (effectif absent ou égal à zéro);EXAMENS STAPS;3;EFFCALCU vide, nul ou contradictoire pour cette séance. Elle est exclue des taux de remplissage et, si elle est dans un amphi LET, elle n'est pas reportée.
effectif inexploitable (effectif absent ou égal à zéro);Echange ISABTP/ IUT SGM;3;EFFCALCU vide, nul ou contradictoire pour cette séance. Elle est exclue des taux de remplissage et, si elle est dans un amphi LET, elle n'est pas reportée.
effectif inexploitable (effectif absent ou égal à zéro);Eléments de compta géné;1;EFFCALCU vide, nul ou contradictoire pour cette séance. Elle est exclue des taux de remplissage et, si elle est dans un amphi LET, elle n'est pas reportée.
effectif inexploitable (effectif absent ou égal à zéro);Engagements étudiants;3;EFFCALCU vide, nul ou contradictoire pour cette séance. Elle est exclue des taux de remplissage et, si elle est dans un amphi LET, elle n'est pas reportée.
effectif inexploitable (effectif absent ou égal à zéro);English law 1;1;EFFCALCU vide, nul ou contradictoire pour cette séance. Elle est exclue des taux de remplissage et, si elle est dans un amphi LET, elle n'est pas reportée.
effectif inexploitable (effectif absent ou égal à zéro);Enjeux éco sani médico so;2;EFFCALCU vide, nul ou contradictoire pour cette séance. Elle est exclue des taux de remplissage et, si elle est dans un amphi LET, elle n'est pas reportée.
effectif inexploitable (effectif absent ou égal à zéro);Entretien étudiante M1 IT;1;EFFCALCU vide, nul ou contradictoire pour cette séance. Elle est exclue des taux de remplissage et, si elle est dans un amphi LET, elle n'est pas reportée.
effectif inexploitable (effectif absent ou égal à zéro);Entretiens;1;EFFCALCU vide, nul ou contradictoire pour cette séance. Elle est exclue des taux de remplissage et, si elle est dans un amphi LET, elle n'est pas reportée.
effectif inexploitable (effectif absent ou égal à zéro);Entretiens individuels;4;EFFCALCU vide, nul ou contradictoire pour cette séance. Elle est exclue des taux de remplissage et, si elle est dans un amphi LET, elle n'est pas reportée.
effectif inexploitable (effectif absent ou égal à zéro);Espagnol - Erasmus;1;EFFCALCU vide, nul ou contradictoire pour cette séance. Elle est exclue des taux de remplissage et, si elle est dans un amphi LET, elle n'est pas reportée.
effectif inexploitable (effectif absent ou égal à zéro);Espagnol A1 1ere Mme Boyer;36;EFFCALCU vide, nul ou contradictoire pour cette séance. Elle est exclue des taux de remplissage et, si elle est dans un amphi LET, elle n'est pas reportée.
effectif inexploitable (effectif absent ou égal à zéro);Espagnol B1/B2 conv Mme Boyer;10;EFFCALCU vide, nul ou contradictoire pour cette séance. Elle est exclue des taux de remplissage et, si elle est dans un amphi LET, elle n'est pas reportée.
effectif inexploitable (effectif absent ou égal à zéro);Espagnol B1/B2 gram Mme Boyer;10;EFFCALCU vide, nul ou contradictoire pour cette séance. Elle est exclue des taux de remplissage et, si elle est dans un amphi LET, elle n'est pas reportée.
effectif inexploitable (effectif absent ou égal à zéro);Espagnol C1 Mme Boyer;10;EFFCALCU vide, nul ou contradictoire pour cette séance. Elle est exclue des taux de remplissage et, si elle est dans un amphi LET, elle n'est pas reportée.
effectif inexploitable (effectif absent ou égal à zéro);Espagnol L3 LLSH S5;36;EFFCALCU vide, nul ou contradictoire pour cette séance. Elle est exclue des taux de remplissage et, si elle est dans un amphi LET, elle n'est pas reportée.
effectif inexploitable (effectif absent ou égal à zéro);Espagnol SIELE;3;EFFCALCU vide, nul ou contradictoire pour cette séance. Elle est exclue des taux de remplissage et, si elle est dans un amphi LET, elle n'est pas reportée.
effectif inexploitable (effectif absent ou égal à zéro);EspagnolL3 Pro Val. ter.;9;EFFCALCU vide, nul ou contradictoire pour cette séance. Elle est exclue des taux de remplissage et, si elle est dans un amphi LET, elle n'est pas reportée.
effectif inexploitable (effectif absent ou égal à zéro);Etat, collectivités &amgt;1;EFFCALCU vide, nul ou contradictoire pour cette séance. Elle est exclue des taux de remplissage et, si elle est dans un amphi LET, elle n'est pas reportée.
effectif inexploitable (effectif absent ou égal à zéro);Etre tuteur;1;EFFCALCU vide, nul ou contradictoire pour cette séance. Elle est exclue des taux de remplissage et, si elle est dans un amphi LET, elle n'est pas reportée.
effectif inexploitable (effectif absent ou égal à zéro);Etude de cas en chimie ap;1;EFFCALCU vide, nul ou contradictoire pour cette séance. Elle est exclue des taux de remplissage et, si elle est dans un amphi LET, elle n'est pas reportée.
effectif inexploitable (effectif absent ou égal à zéro);Evolution et Diversité;1;EFFCALCU vide, nul ou contradictoire pour cette séance. Elle est exclue des taux de remplissage et, si elle est dans un amphi LET, elle n'est pas reportée.
effectif inexploitable (effectif absent ou égal à zéro);Exam Financial Acc.extra ESTIA;1;EFFCALCU vide, nul ou contradictoire pour cette séance. Elle est exclue des taux de remplissage et, si elle est dans un amphi LET, elle n'est pas reportée.
effectif inexploitable (effectif absent ou égal à zéro);Exam Lettres;12;EFFCALCU vide, nul ou contradictoire pour cette séance. Elle est exclue des taux de remplissage et, si elle est dans un amphi LET, elle n'est pas reportée.
effectif inexploitable (effectif absent ou égal à zéro);Examens IAE;4;EFFCALCU vide, nul ou contradictoire pour cette séance. Elle est exclue des taux de remplissage et, si elle est dans un amphi LET, elle n'est pas reportée.
effectif inexploitable (effectif absent ou égal à zéro);Exploitation travaux de recher;1;EFFCALCU vide, nul ou contradictoire pour cette séance. Elle est exclue des taux de remplissage et, si elle est dans un amphi LET, elle n'est pas reportée.
effectif inexploitable (effectif absent ou égal à zéro);Expression écrite et oral;1;EFFCALCU vide, nul ou contradictoire pour cette séance. Elle est exclue des taux de remplissage et, si elle est dans un amphi LET, elle n'est pas reportée.
effectif inexploitable (effectif absent ou égal à zéro);FAB LAB EEI;1;EFFCALCU vide, nul ou contradictoire pour cette séance. Elle est exclue des taux de remplissage et, si elle est dans un amphi LET, elle n'est pas reportée.
effectif inexploitable (effectif absent ou égal à zéro);FLE A1 BAYONNE;50;EFFCALCU vide, nul ou contradictoire pour cette séance. Elle est exclue des taux de remplissage et, si elle est dans un amphi LET, elle n'est pas reportée.
effectif inexploitable (effectif absent ou égal à zéro);FLE A2 BAYONNE;37;EFFCALCU vide, nul ou contradictoire pour cette séance. Elle est exclue des taux de remplissage et, si elle est dans un amphi LET, elle n'est pas reportée.
effectif inexploitable (effectif absent ou égal à zéro);FLE A2-B1 BAYONNE;71;EFFCALCU vide, nul ou contradictoire pour cette séance. Elle est exclue des taux de remplissage et, si elle est dans un amphi LET, elle n'est pas reportée.
effectif inexploitable (effectif absent ou égal à zéro);FLE AI MONTAURY;11;EFFCALCU vide, nul ou contradictoire pour cette séance. Elle est exclue des taux de remplissage et, si elle est dans un amphi LET, elle n'est pas reportée.
effectif inexploitable (effectif absent ou égal à zéro);FLE B1 BAYONNE;22;EFFCALCU vide, nul ou contradictoire pour cette séance. Elle est exclue des taux de remplissage et, si elle est dans un amphi LET, elle n'est pas reportée.
effectif inexploitable (effectif absent ou égal à zéro);FLE B2 BAYONNE;57;EFFCALCU vide, nul ou contradictoire pour cette séance. Elle est exclue des taux de remplissage et, si elle est dans un amphi LET, elle n'est pas reportée.
effectif inexploitable (effectif absent ou égal à zéro);FLE C1 Bayonne;22;EFFCALCU vide, nul ou contradictoire pour cette séance. Elle est exclue des taux de remplissage et, si elle est dans un amphi LET, elle n'est pas reportée.
effectif inexploitable (effectif absent ou égal à zéro);Finances publiques;1;EFFCALCU vide, nul ou contradictoire pour cette séance. Elle est exclue des taux de remplissage et, si elle est dans un amphi LET, elle n'est pas reportée.
effectif inexploitable (effectif absent ou égal à zéro);Football;7;EFFCALCU vide, nul ou contradictoire pour cette séance. Elle est exclue des taux de remplissage et, si elle est dans un amphi LET, elle n'est pas reportée.
effectif inexploitable (effectif absent ou égal à zéro);Formation Pep's;1;EFFCALCU vide, nul ou contradictoire pour cette séance. Elle est exclue des taux de remplissage et, si elle est dans un amphi LET, elle n'est pas reportée.
effectif inexploitable (effectif absent ou égal à zéro);France Today USAC;17;EFFCALCU vide, nul ou contradictoire pour cette séance. Elle est exclue des taux de remplissage et, si elle est dans un amphi LET, elle n'est pas reportée.
effectif inexploitable (effectif absent ou égal à zéro);Français médical USAC;2;EFFCALCU vide, nul ou contradictoire pour cette séance. Elle est exclue des taux de remplissage et, si elle est dans un amphi LET, elle n'est pas reportée.
effectif inexploitable (effectif absent ou égal à zéro);French Culture USAC;12;EFFCALCU vide, nul ou contradictoire pour cette séance. Elle est exclue des taux de remplissage et, si elle est dans un amphi LET, elle n'est pas reportée.
effectif inexploitable (effectif absent ou égal à zéro);GEII: Infor industrielle;2;EFFCALCU vide, nul ou contradictoire pour cette séance. Elle est exclue des taux de remplissage et, si elle est dans un amphi LET, elle n'est pas reportée.
effectif inexploitable (effectif absent ou égal à zéro);Gestion de projet I;3;EFFCALCU vide, nul ou contradictoire pour cette séance. Elle est exclue des taux de remplissage et, si elle est dans un amphi LET, elle n'est pas reportée.
effectif inexploitable (effectif absent ou égal à zéro);Gestion de projet II;2;EFFCALCU vide, nul ou contradictoire pour cette séance. Elle est exclue des taux de remplissage et, si elle est dans un amphi LET, elle n'est pas reportée.
effectif inexploitable (effectif absent ou égal à zéro);Gestion eaux usées;1;EFFCALCU vide, nul ou contradictoire pour cette séance. Elle est exclue des taux de remplissage et, si elle est dans un amphi LET, elle n'est pas reportée.
effectif inexploitable (effectif absent ou égal à zéro);Grand oral;2;EFFCALCU vide, nul ou contradictoire pour cette séance. Elle est exclue des taux de remplissage et, si elle est dans un amphi LET, elle n'est pas reportée.
effectif inexploitable (effectif absent ou égal à zéro);Grec non spé;11;EFFCALCU vide, nul ou contradictoire pour cette séance. Elle est exclue des taux de remplissage et, si elle est dans un amphi LET, elle n'est pas reportée.
effectif inexploitable (effectif absent ou égal à zéro);Génie du bois;1;EFFCALCU vide, nul ou contradictoire pour cette séance. Elle est exclue des taux de remplissage et, si elle est dans un amphi LET, elle n'est pas reportée.
effectif inexploitable (effectif absent ou égal à zéro);Géometrie 2 S3;1;EFFCALCU vide, nul ou contradictoire pour cette séance. Elle est exclue des taux de remplissage et, si elle est dans un amphi LET, elle n'est pas reportée.
effectif inexploitable (effectif absent ou égal à zéro);Géométrie S1;1;EFFCALCU vide, nul ou contradictoire pour cette séance. Elle est exclue des taux de remplissage et, si elle est dans un amphi LET, elle n'est pas reportée.
effectif inexploitable (effectif absent ou égal à zéro);HUMAN'ISA;2;EFFCALCU vide, nul ou contradictoire pour cette séance. Elle est exclue des taux de remplissage et, si elle est dans un amphi LET, elle n'est pas reportée.
effectif inexploitable (effectif absent ou égal à zéro);Handball;1;EFFCALCU vide, nul ou contradictoire pour cette séance. Elle est exclue des taux de remplissage et, si elle est dans un amphi LET, elle n'est pas reportée.
effectif inexploitable (effectif absent ou égal à zéro);Harmonisation C et B;8;EFFCALCU vide, nul ou contradictoire pour cette séance. Elle est exclue des taux de remplissage et, si elle est dans un amphi LET, elle n'est pas reportée.
effectif inexploitable (effectif absent ou égal à zéro);Histoire comtemporaine;1;EFFCALCU vide, nul ou contradictoire pour cette séance. Elle est exclue des taux de remplissage et, si elle est dans un amphi LET, elle n'est pas reportée.
effectif inexploitable (effectif absent ou égal à zéro);Histoire de l'Art USAC;1;EFFCALCU vide, nul ou contradictoire pour cette séance. Elle est exclue des taux de remplissage et, si elle est dans un amphi LET, elle n'est pas reportée.
effectif inexploitable (effectif absent ou égal à zéro);Histoire du droit privé;1;EFFCALCU vide, nul ou contradictoire pour cette séance. Elle est exclue des taux de remplissage et, si elle est dans un amphi LET, elle n'est pas reportée.
effectif inexploitable (effectif absent ou égal à zéro);Histoire sociologie;1;EFFCALCU vide, nul ou contradictoire pour cette séance. Elle est exclue des taux de remplissage et, si elle est dans un amphi LET, elle n'est pas reportée.
effectif inexploitable (effectif absent ou égal à zéro);IAE Recrutement;1;EFFCALCU vide, nul ou contradictoire pour cette séance. Elle est exclue des taux de remplissage et, si elle est dans un amphi LET, elle n'est pas reportée.
effectif inexploitable (effectif absent ou égal à zéro);Informatique;1;EFFCALCU vide, nul ou contradictoire pour cette séance. Elle est exclue des taux de remplissage et, si elle est dans un amphi LET, elle n'est pas reportée.
effectif inexploitable (effectif absent ou égal à zéro);Int Distri Logistics;1;EFFCALCU vide, nul ou contradictoire pour cette séance. Elle est exclue des taux de remplissage et, si elle est dans un amphi LET, elle n'est pas reportée.
effectif inexploitable (effectif absent ou égal à zéro);Interfaces;7;EFFCALCU vide, nul ou contradictoire pour cette séance. Elle est exclue des taux de remplissage et, si elle est dans un amphi LET, elle n'est pas reportée.
effectif inexploitable (effectif absent ou égal à zéro);International project;1;EFFCALCU vide, nul ou contradictoire pour cette séance. Elle est exclue des taux de remplissage et, si elle est dans un amphi LET, elle n'est pas reportée.
effectif inexploitable (effectif absent ou égal à zéro);Intervention Lefer M LEA TTD;1;EFFCALCU vide, nul ou contradictoire pour cette séance. Elle est exclue des taux de remplissage et, si elle est dans un amphi LET, elle n'est pas reportée.
effectif inexploitable (effectif absent ou égal à zéro);Intro phys gé SDV;3;EFFCALCU vide, nul ou contradictoire pour cette séance. Elle est exclue des taux de remplissage et, si elle est dans un amphi LET, elle n'est pas reportée.
effectif inexploitable (effectif absent ou égal à zéro);Intro à la géographie-TD;1;EFFCALCU vide, nul ou contradictoire pour cette séance. Elle est exclue des taux de remplissage et, si elle est dans un amphi LET, elle n'est pas reportée.
effectif inexploitable (effectif absent ou égal à zéro);Intro à la programmation;1;EFFCALCU vide, nul ou contradictoire pour cette séance. Elle est exclue des taux de remplissage et, si elle est dans un amphi LET, elle n'est pas reportée.
effectif inexploitable (effectif absent ou égal à zéro);Intro à la psychanalyse;9;EFFCALCU vide, nul ou contradictoire pour cette séance. Elle est exclue des taux de remplissage et, si elle est dans un amphi LET, elle n'est pas reportée.
effectif inexploitable (effectif absent ou égal à zéro);Journées du réseau Figure;8;EFFCALCU vide, nul ou contradictoire pour cette séance. Elle est exclue des taux de remplissage et, si elle est dans un amphi LET, elle n'est pas reportée.
effectif inexploitable (effectif absent ou égal à zéro);Jury;2;EFFCALCU vide, nul ou contradictoire pour cette séance. Elle est exclue des taux de remplissage et, si elle est dans un amphi LET, elle n'est pas reportée.
effectif inexploitable (effectif absent ou égal à zéro);Jury SGM;1;EFFCALCU vide, nul ou contradictoire pour cette séance. Elle est exclue des taux de remplissage et, si elle est dans un amphi LET, elle n'est pas reportée.
effectif inexploitable (effectif absent ou égal à zéro);Jurys ISA BTP;8;EFFCALCU vide, nul ou contradictoire pour cette séance. Elle est exclue des taux de remplissage et, si elle est dans un amphi LET, elle n'est pas reportée.
effectif inexploitable (effectif absent ou égal à zéro);LIREM;3;EFFCALCU vide, nul ou contradictoire pour cette séance. Elle est exclue des taux de remplissage et, si elle est dans un amphi LET, elle n'est pas reportée.
effectif inexploitable (effectif absent ou égal à zéro);LLCER Anglais;2;EFFCALCU vide, nul ou contradictoire pour cette séance. Elle est exclue des taux de remplissage et, si elle est dans un amphi LET, elle n'est pas reportée.
effectif inexploitable (effectif absent ou égal à zéro);Langue majeure 1 Anglais;29;EFFCALCU vide, nul ou contradictoire pour cette séance. Elle est exclue des taux de remplissage et, si elle est dans un amphi LET, elle n'est pas reportée.
effectif inexploitable (effectif absent ou égal à zéro);Langue mineure 1 Italien;107;EFFCALCU vide, nul ou contradictoire pour cette séance. Elle est exclue des taux de remplissage et, si elle est dans un amphi LET, elle n'est pas reportée.
effectif inexploitable (effectif absent ou égal à zéro);Langue mineure 2 Italien;20;EFFCALCU vide, nul ou contradictoire pour cette séance. Elle est exclue des taux de remplissage et, si elle est dans un amphi LET, elle n'est pas reportée.
effectif inexploitable (effectif absent ou égal à zéro);Langue orale S2;7;EFFCALCU vide, nul ou contradictoire pour cette séance. Elle est exclue des taux de remplissage et, si elle est dans un amphi LET, elle n'est pas reportée.
effectif inexploitable (effectif absent ou égal à zéro);Langue orale S2 (D1);12;EFFCALCU vide, nul ou contradictoire pour cette séance. Elle est exclue des taux de remplissage et, si elle est dans un amphi LET, elle n'est pas reportée.
effectif inexploitable (effectif absent ou égal à zéro);Latin non spé;13;EFFCALCU vide, nul ou contradictoire pour cette séance. Elle est exclue des taux de remplissage et, si elle est dans un amphi LET, elle n'est pas reportée.
effectif inexploitable (effectif absent ou égal à zéro);Lect et anal BD débutant;2;EFFCALCU vide, nul ou contradictoire pour cette séance. Elle est exclue des taux de remplissage et, si elle est dans un amphi LET, elle n'est pas reportée.
effectif inexploitable (effectif absent ou égal à zéro);Libertés fonda.;1;EFFCALCU vide, nul ou contradictoire pour cette séance. Elle est exclue des taux de remplissage et, si elle est dans un amphi LET, elle n'est pas reportée.
effectif inexploitable (effectif absent ou égal à zéro);Linguistique S6;1;EFFCALCU vide, nul ou contradictoire pour cette séance. Elle est exclue des taux de remplissage et, si elle est dans un amphi LET, elle n'est pas reportée.
effectif inexploitable (effectif absent ou égal à zéro);Litt. franç. XVIe et XXe;1;EFFCALCU vide, nul ou contradictoire pour cette séance. Elle est exclue des taux de remplissage et, si elle est dans un amphi LET, elle n'est pas reportée.
effectif inexploitable (effectif absent ou égal à zéro);Litté S6 tiers-temps;2;EFFCALCU vide, nul ou contradictoire pour cette séance. Elle est exclue des taux de remplissage et, si elle est dans un amphi LET, elle n'est pas reportée.
effectif inexploitable (effectif absent ou égal à zéro);Littérature GB S4 tiers-temps;2;EFFCALCU vide, nul ou contradictoire pour cette séance. Elle est exclue des taux de remplissage et, si elle est dans un amphi LET, elle n'est pas reportée.
effectif inexploitable (effectif absent ou égal à zéro);Littérature française;16;EFFCALCU vide, nul ou contradictoire pour cette séance. Elle est exclue des taux de remplissage et, si elle est dans un amphi LET, elle n'est pas reportée.
effectif inexploitable (effectif absent ou égal à zéro);M1 et M2 MEEF Basque Bordeaux;172;EFFCALCU vide, nul ou contradictoire pour cette séance. Elle est exclue des taux de remplissage et, si elle est dans un amphi LET, elle n'est pas reportée.
effectif inexploitable (effectif absent ou égal à zéro);M2 soutenances DEG;1;EFFCALCU vide, nul ou contradictoire pour cette séance. Elle est exclue des taux de remplissage et, si elle est dans un amphi LET, elle n'est pas reportée.
effectif inexploitable (effectif absent ou égal à zéro);Macromolécules;1;EFFCALCU vide, nul ou contradictoire pour cette séance. Elle est exclue des taux de remplissage et, si elle est dans un amphi LET, elle n'est pas reportée.
effectif inexploitable (effectif absent ou égal à zéro);Marketing 2;4;EFFCALCU vide, nul ou contradictoire pour cette séance. Elle est exclue des taux de remplissage et, si elle est dans un amphi LET, elle n'est pas reportée.
effectif inexploitable (effectif absent ou égal à zéro);Marketing international;1;EFFCALCU vide, nul ou contradictoire pour cette séance. Elle est exclue des taux de remplissage et, si elle est dans un amphi LET, elle n'est pas reportée.
effectif inexploitable (effectif absent ou égal à zéro);Marketon - IAE Pau;4;EFFCALCU vide, nul ou contradictoire pour cette séance. Elle est exclue des taux de remplissage et, si elle est dans un amphi LET, elle n'est pas reportée.
effectif inexploitable (effectif absent ou égal à zéro);Master Sociologie soutenances;2;EFFCALCU vide, nul ou contradictoire pour cette séance. Elle est exclue des taux de remplissage et, si elle est dans un amphi LET, elle n'est pas reportée.
effectif inexploitable (effectif absent ou égal à zéro);Mathématiques 1;1;EFFCALCU vide, nul ou contradictoire pour cette séance. Elle est exclue des taux de remplissage et, si elle est dans un amphi LET, elle n'est pas reportée.
effectif inexploitable (effectif absent ou égal à zéro);Mathématiques générales;1;EFFCALCU vide, nul ou contradictoire pour cette séance. Elle est exclue des taux de remplissage et, si elle est dans un amphi LET, elle n'est pas reportée.
effectif inexploitable (effectif absent ou égal à zéro);Matière à préciser;36;EFFCALCU vide, nul ou contradictoire pour cette séance. Elle est exclue des taux de remplissage et, si elle est dans un amphi LET, elle n'est pas reportée.
effectif inexploitable (effectif absent ou égal à zéro);Micro-économie 1;1;EFFCALCU vide, nul ou contradictoire pour cette séance. Elle est exclue des taux de remplissage et, si elle est dans un amphi LET, elle n'est pas reportée.
effectif inexploitable (effectif absent ou égal à zéro);Mme Cosculluela_Ecole Doctor.;6;EFFCALCU vide, nul ou contradictoire pour cette séance. Elle est exclue des taux de remplissage et, si elle est dans un amphi LET, elle n'est pas reportée.
effectif inexploitable (effectif absent ou égal à zéro);Monsieur le président UPPA;1;EFFCALCU vide, nul ou contradictoire pour cette séance. Elle est exclue des taux de remplissage et, si elle est dans un amphi LET, elle n'est pas reportée.
effectif inexploitable (effectif absent ou égal à zéro);Méca fluides M1 SG & M1 IMECA;1;EFFCALCU vide, nul ou contradictoire pour cette séance. Elle est exclue des taux de remplissage et, si elle est dans un amphi LET, elle n'est pas reportée.
effectif inexploitable (effectif absent ou égal à zéro);Mécanique du point 2;2;EFFCALCU vide, nul ou contradictoire pour cette séance. Elle est exclue des taux de remplissage et, si elle est dans un amphi LET, elle n'est pas reportée.
effectif inexploitable (effectif absent ou égal à zéro);Mécanique du point maths;1;EFFCALCU vide, nul ou contradictoire pour cette séance. Elle est exclue des taux de remplissage et, si elle est dans un amphi LET, elle n'est pas reportée.
effectif inexploitable (effectif absent ou égal à zéro);Méthode d'enquête;1;EFFCALCU vide, nul ou contradictoire pour cette séance. Elle est exclue des taux de remplissage et, si elle est dans un amphi LET, elle n'est pas reportée.
effectif inexploitable (effectif absent ou égal à zéro);Méthodo des sciences exp;3;EFFCALCU vide, nul ou contradictoire pour cette séance. Elle est exclue des taux de remplissage et, si elle est dans un amphi LET, elle n'est pas reportée.
effectif inexploitable (effectif absent ou égal à zéro);Méthodologie;2;EFFCALCU vide, nul ou contradictoire pour cette séance. Elle est exclue des taux de remplissage et, si elle est dans un amphi LET, elle n'est pas reportée.
effectif inexploitable (effectif absent ou égal à zéro);Natation;3;EFFCALCU vide, nul ou contradictoire pour cette séance. Elle est exclue des taux de remplissage et, si elle est dans un amphi LET, elle n'est pas reportée.
effectif inexploitable (effectif absent ou égal à zéro);Nombres géométrie CRPE;10;EFFCALCU vide, nul ou contradictoire pour cette séance. Elle est exclue des taux de remplissage et, si elle est dans un amphi LET, elle n'est pas reportée.
effectif inexploitable (effectif absent ou égal à zéro);Nuit de L'informatique;10;EFFCALCU vide, nul ou contradictoire pour cette séance. Elle est exclue des taux de remplissage et, si elle est dans un amphi LET, elle n'est pas reportée.
effectif inexploitable (effectif absent ou égal à zéro);Option Escalade S4;15;EFFCALCU vide, nul ou contradictoire pour cette séance. Elle est exclue des taux de remplissage et, si elle est dans un amphi LET, elle n'est pas reportée.
effectif inexploitable (effectif absent ou égal à zéro);Option Natation S4;1;EFFCALCU vide, nul ou contradictoire pour cette séance. Elle est exclue des taux de remplissage et, si elle est dans un amphi LET, elle n'est pas reportée.
effectif inexploitable (effectif absent ou égal à zéro);Option Pro Escalade S3;2;EFFCALCU vide, nul ou contradictoire pour cette séance. Elle est exclue des taux de remplissage et, si elle est dans un amphi LET, elle n'est pas reportée.
effectif inexploitable (effectif absent ou égal à zéro);Option Pro Haltéro S3;20;EFFCALCU vide, nul ou contradictoire pour cette séance. Elle est exclue des taux de remplissage et, si elle est dans un amphi LET, elle n'est pas reportée.
effectif inexploitable (effectif absent ou égal à zéro);Option Pro Haltéro S4;11;EFFCALCU vide, nul ou contradictoire pour cette séance. Elle est exclue des taux de remplissage et, si elle est dans un amphi LET, elle n'est pas reportée.
effectif inexploitable (effectif absent ou égal à zéro);Option Pro Natation S1;9;EFFCALCU vide, nul ou contradictoire pour cette séance. Elle est exclue des taux de remplissage et, si elle est dans un amphi LET, elle n'est pas reportée.
effectif inexploitable (effectif absent ou égal à zéro);Option Pro Natation S3;6;EFFCALCU vide, nul ou contradictoire pour cette séance. Elle est exclue des taux de remplissage et, si elle est dans un amphi LET, elle n'est pas reportée.
effectif inexploitable (effectif absent ou égal à zéro);Option Pro Rugby S2;15;EFFCALCU vide, nul ou contradictoire pour cette séance. Elle est exclue des taux de remplissage et, si elle est dans un amphi LET, elle n'est pas reportée.
effectif inexploitable (effectif absent ou égal à zéro);Option Pro Rugby S3;30;EFFCALCU vide, nul ou contradictoire pour cette séance. Elle est exclue des taux de remplissage et, si elle est dans un amphi LET, elle n'est pas reportée.
effectif inexploitable (effectif absent ou égal à zéro);Option Pro Rugby S6;9;EFFCALCU vide, nul ou contradictoire pour cette séance. Elle est exclue des taux de remplissage et, si elle est dans un amphi LET, elle n'est pas reportée.
effectif inexploitable (effectif absent ou égal à zéro);Oral Mme MARIE;1;EFFCALCU vide, nul ou contradictoire pour cette séance. Elle est exclue des taux de remplissage et, si elle est dans un amphi LET, elle n'est pas reportée.
effectif inexploitable (effectif absent ou égal à zéro);Oraux Lettres;7;EFFCALCU vide, nul ou contradictoire pour cette séance. Elle est exclue des taux de remplissage et, si elle est dans un amphi LET, elle n'est pas reportée.
effectif inexploitable (effectif absent ou égal à zéro);Outils de Math 1 S1;1;EFFCALCU vide, nul ou contradictoire pour cette séance. Elle est exclue des taux de remplissage et, si elle est dans un amphi LET, elle n'est pas reportée.
effectif inexploitable (effectif absent ou égal à zéro);Outils numérique 3;11;EFFCALCU vide, nul ou contradictoire pour cette séance. Elle est exclue des taux de remplissage et, si elle est dans un amphi LET, elle n'est pas reportée.
effectif inexploitable (effectif absent ou égal à zéro);PASS - ED;50;EFFCALCU vide, nul ou contradictoire pour cette séance. Elle est exclue des taux de remplissage et, si elle est dans un amphi LET, elle n'est pas reportée.
effectif inexploitable (effectif absent ou égal à zéro);PEP'S;1;EFFCALCU vide, nul ou contradictoire pour cette séance. Elle est exclue des taux de remplissage et, si elle est dans un amphi LET, elle n'est pas reportée.
effectif inexploitable (effectif absent ou égal à zéro);PIX S3;11;EFFCALCU vide, nul ou contradictoire pour cette séance. Elle est exclue des taux de remplissage et, si elle est dans un amphi LET, elle n'est pas reportée.
effectif inexploitable (effectif absent ou égal à zéro);PORTUGAIS B1/B2 PERSONNEL;10;EFFCALCU vide, nul ou contradictoire pour cette séance. Elle est exclue des taux de remplissage et, si elle est dans un amphi LET, elle n'est pas reportée.
effectif inexploitable (effectif absent ou égal à zéro);Physique avancée;1;EFFCALCU vide, nul ou contradictoire pour cette séance. Elle est exclue des taux de remplissage et, si elle est dans un amphi LET, elle n'est pas reportée.
effectif inexploitable (effectif absent ou égal à zéro);Physique-Chimie pour Bio;1;EFFCALCU vide, nul ou contradictoire pour cette séance. Elle est exclue des taux de remplissage et, si elle est dans un amphi LET, elle n'est pas reportée.
effectif inexploitable (effectif absent ou égal à zéro);Plénière;2;EFFCALCU vide, nul ou contradictoire pour cette séance. Elle est exclue des taux de remplissage et, si elle est dans un amphi LET, elle n'est pas reportée.
effectif inexploitable (effectif absent ou égal à zéro);Point communication;1;EFFCALCU vide, nul ou contradictoire pour cette séance. Elle est exclue des taux de remplissage et, si elle est dans un amphi LET, elle n'est pas reportée.
effectif inexploitable (effectif absent ou égal à zéro);Politiq environnementales;1;EFFCALCU vide, nul ou contradictoire pour cette séance. Elle est exclue des taux de remplissage et, si elle est dans un amphi LET, elle n'est pas reportée.
effectif inexploitable (effectif absent ou égal à zéro);Pollution Plastique;8;EFFCALCU vide, nul ou contradictoire pour cette séance. Elle est exclue des taux de remplissage et, si elle est dans un amphi LET, elle n'est pas reportée.
effectif inexploitable (effectif absent ou égal à zéro);Portugais Mme Camara A1/A2;16;EFFCALCU vide, nul ou contradictoire pour cette séance. Elle est exclue des taux de remplissage et, si elle est dans un amphi LET, elle n'est pas reportée.
effectif inexploitable (effectif absent ou égal à zéro);Portugais Mme Camara B1/B2;17;EFFCALCU vide, nul ou contradictoire pour cette séance. Elle est exclue des taux de remplissage et, si elle est dans un amphi LET, elle n'est pas reportée.
effectif inexploitable (effectif absent ou égal à zéro);Principes de stratégie;1;EFFCALCU vide, nul ou contradictoire pour cette séance. Elle est exclue des taux de remplissage et, si elle est dans un amphi LET, elle n'est pas reportée.
effectif inexploitable (effectif absent ou égal à zéro);Probabilités;1;EFFCALCU vide, nul ou contradictoire pour cette séance. Elle est exclue des taux de remplissage et, si elle est dans un amphi LET, elle n'est pas reportée.
effectif inexploitable (effectif absent ou égal à zéro);Procédure pénale;1;EFFCALCU vide, nul ou contradictoire pour cette séance. Elle est exclue des taux de remplissage et, si elle est dans un amphi LET, elle n'est pas reportée.
effectif inexploitable (effectif absent ou égal à zéro);Production écrite;1;EFFCALCU vide, nul ou contradictoire pour cette séance. Elle est exclue des taux de remplissage et, si elle est dans un amphi LET, elle n'est pas reportée.
effectif inexploitable (effectif absent ou égal à zéro);Project Engineering;2;EFFCALCU vide, nul ou contradictoire pour cette séance. Elle est exclue des taux de remplissage et, si elle est dans un amphi LET, elle n'est pas reportée.
effectif inexploitable (effectif absent ou égal à zéro);Project Ingineering;1;EFFCALCU vide, nul ou contradictoire pour cette séance. Elle est exclue des taux de remplissage et, si elle est dans un amphi LET, elle n'est pas reportée.
effectif inexploitable (effectif absent ou égal à zéro);Project management;2;EFFCALCU vide, nul ou contradictoire pour cette séance. Elle est exclue des taux de remplissage et, si elle est dans un amphi LET, elle n'est pas reportée.
effectif inexploitable (effectif absent ou égal à zéro);Projet;1;EFFCALCU vide, nul ou contradictoire pour cette séance. Elle est exclue des taux de remplissage et, si elle est dans un amphi LET, elle n'est pas reportée.
effectif inexploitable (effectif absent ou égal à zéro);Projet Professionnel I;1;EFFCALCU vide, nul ou contradictoire pour cette séance. Elle est exclue des taux de remplissage et, si elle est dans un amphi LET, elle n'est pas reportée.
effectif inexploitable (effectif absent ou égal à zéro);Prépa dialogue de gestion EEI;2;EFFCALCU vide, nul ou contradictoire pour cette séance. Elle est exclue des taux de remplissage et, si elle est dans un amphi LET, elle n'est pas reportée.
effectif inexploitable (effectif absent ou égal à zéro);Préparation Oral;1;EFFCALCU vide, nul ou contradictoire pour cette séance. Elle est exclue des taux de remplissage et, si elle est dans un amphi LET, elle n'est pas reportée.
effectif inexploitable (effectif absent ou égal à zéro);Présentation communication;1;EFFCALCU vide, nul ou contradictoire pour cette séance. Elle est exclue des taux de remplissage et, si elle est dans un amphi LET, elle n'est pas reportée.
effectif inexploitable (effectif absent ou égal à zéro);Présentation pédagogique;2;EFFCALCU vide, nul ou contradictoire pour cette séance. Elle est exclue des taux de remplissage et, si elle est dans un amphi LET, elle n'est pas reportée.
effectif inexploitable (effectif absent ou égal à zéro);R3.05 Energie fluide;9;EFFCALCU vide, nul ou contradictoire pour cette séance. Elle est exclue des taux de remplissage et, si elle est dans un amphi LET, elle n'est pas reportée.
effectif inexploitable (effectif absent ou égal à zéro);R3.08 Automatisme appliqu;7;EFFCALCU vide, nul ou contradictoire pour cette séance. Elle est exclue des taux de remplissage et, si elle est dans un amphi LET, elle n'est pas reportée.
effectif inexploitable (effectif absent ou égal à zéro);R3.11 Sécurité;2;EFFCALCU vide, nul ou contradictoire pour cette séance. Elle est exclue des taux de remplissage et, si elle est dans un amphi LET, elle n'est pas reportée.
effectif inexploitable (effectif absent ou égal à zéro);R4.09 Anglais;6;EFFCALCU vide, nul ou contradictoire pour cette séance. Elle est exclue des taux de remplissage et, si elle est dans un amphi LET, elle n'est pas reportée.
effectif inexploitable (effectif absent ou égal à zéro);R4.11 Dév appli mobiles;17;EFFCALCU vide, nul ou contradictoire pour cette séance. Elle est exclue des taux de remplissage et, si elle est dans un amphi LET, elle n'est pas reportée.
effectif inexploitable (effectif absent ou égal à zéro);R5.05_Energie-Fl-Th;2;EFFCALCU vide, nul ou contradictoire pour cette séance. Elle est exclue des taux de remplissage et, si elle est dans un amphi LET, elle n'est pas reportée.
effectif inexploitable (effectif absent ou égal à zéro);R6.07 - Anglais 6;1;EFFCALCU vide, nul ou contradictoire pour cette séance. Elle est exclue des taux de remplissage et, si elle est dans un amphi LET, elle n'est pas reportée.
effectif inexploitable (effectif absent ou égal à zéro);R6.D.08-Alt-Green IT;3;EFFCALCU vide, nul ou contradictoire pour cette séance. Elle est exclue des taux de remplissage et, si elle est dans un amphi LET, elle n'est pas reportée.
effectif inexploitable (effectif absent ou égal à zéro);RDV FUTUR INTERVENANT;1;EFFCALCU vide, nul ou contradictoire pour cette séance. Elle est exclue des taux de remplissage et, si elle est dans un amphi LET, elle n'est pas reportée.
effectif inexploitable (effectif absent ou égal à zéro);Rattrapage Civi S4;1;EFFCALCU vide, nul ou contradictoire pour cette séance. Elle est exclue des taux de remplissage et, si elle est dans un amphi LET, elle n'est pas reportée.
effectif inexploitable (effectif absent ou égal à zéro);Rattrapage Examens;4;EFFCALCU vide, nul ou contradictoire pour cette séance. Elle est exclue des taux de remplissage et, si elle est dans un amphi LET, elle n'est pas reportée.
effectif inexploitable (effectif absent ou égal à zéro);Rattrapage Mlle Combarnous;2;EFFCALCU vide, nul ou contradictoire pour cette séance. Elle est exclue des taux de remplissage et, si elle est dans un amphi LET, elle n'est pas reportée.
effectif inexploitable (effectif absent ou égal à zéro);Rattrapage devoir L2;1;EFFCALCU vide, nul ou contradictoire pour cette séance. Elle est exclue des taux de remplissage et, si elle est dans un amphi LET, elle n'est pas reportée.
effectif inexploitable (effectif absent ou égal à zéro);Rattrapages ISA BTP;1;EFFCALCU vide, nul ou contradictoire pour cette séance. Elle est exclue des taux de remplissage et, si elle est dans un amphi LET, elle n'est pas reportée.
effectif inexploitable (effectif absent ou égal à zéro);Recherche et innovation;12;EFFCALCU vide, nul ou contradictoire pour cette séance. Elle est exclue des taux de remplissage et, si elle est dans un amphi LET, elle n'est pas reportée.
effectif inexploitable (effectif absent ou égal à zéro);Relations internationales;1;EFFCALCU vide, nul ou contradictoire pour cette séance. Elle est exclue des taux de remplissage et, si elle est dans un amphi LET, elle n'est pas reportée.
effectif inexploitable (effectif absent ou égal à zéro);Remédiation Maths;15;EFFCALCU vide, nul ou contradictoire pour cette séance. Elle est exclue des taux de remplissage et, si elle est dans un amphi LET, elle n'est pas reportée.
effectif inexploitable (effectif absent ou égal à zéro);Rendez-vous téléphonique;3;EFFCALCU vide, nul ou contradictoire pour cette séance. Elle est exclue des taux de remplissage et, si elle est dans un amphi LET, elle n'est pas reportée.
effectif inexploitable (effectif absent ou égal à zéro);Restitution visite Cap Ecol;64;EFFCALCU vide, nul ou contradictoire pour cette séance. Elle est exclue des taux de remplissage et, si elle est dans un amphi LET, elle n'est pas reportée.
effectif inexploitable (effectif absent ou égal à zéro);Reunion USAC;7;EFFCALCU vide, nul ou contradictoire pour cette séance. Elle est exclue des taux de remplissage et, si elle est dans un amphi LET, elle n'est pas reportée.
effectif inexploitable (effectif absent ou égal à zéro);Rugby;1;EFFCALCU vide, nul ou contradictoire pour cette séance. Elle est exclue des taux de remplissage et, si elle est dans un amphi LET, elle n'est pas reportée.
effectif inexploitable (effectif absent ou égal à zéro);Réseaux de neurones pr modélis;1;EFFCALCU vide, nul ou contradictoire pour cette séance. Elle est exclue des taux de remplissage et, si elle est dans un amphi LET, elle n'est pas reportée.
effectif inexploitable (effectif absent ou égal à zéro);Réservation TREE;3;EFFCALCU vide, nul ou contradictoire pour cette séance. Elle est exclue des taux de remplissage et, si elle est dans un amphi LET, elle n'est pas reportée.
effectif inexploitable (effectif absent ou égal à zéro);Réservation de salles;1621;EFFCALCU vide, nul ou contradictoire pour cette séance. Elle est exclue des taux de remplissage et, si elle est dans un amphi LET, elle n'est pas reportée.
effectif inexploitable (effectif absent ou égal à zéro);Réservation salle;13;EFFCALCU vide, nul ou contradictoire pour cette séance. Elle est exclue des taux de remplissage et, si elle est dans un amphi LET, elle n'est pas reportée.
effectif inexploitable (effectif absent ou égal à zéro);Réservé IAE;2;EFFCALCU vide, nul ou contradictoire pour cette séance. Elle est exclue des taux de remplissage et, si elle est dans un amphi LET, elle n'est pas reportée.
effectif inexploitable (effectif absent ou égal à zéro);Réunion BIP Miroux;1;EFFCALCU vide, nul ou contradictoire pour cette séance. Elle est exclue des taux de remplissage et, si elle est dans un amphi LET, elle n'est pas reportée.
effectif inexploitable (effectif absent ou égal à zéro);Réunion Com';2;EFFCALCU vide, nul ou contradictoire pour cette séance. Elle est exclue des taux de remplissage et, si elle est dans un amphi LET, elle n'est pas reportée.
effectif inexploitable (effectif absent ou égal à zéro);Réunion D210;8;EFFCALCU vide, nul ou contradictoire pour cette séance. Elle est exclue des taux de remplissage et, si elle est dans un amphi LET, elle n'est pas reportée.
effectif inexploitable (effectif absent ou égal à zéro);Réunion Direction ISA;21;EFFCALCU vide, nul ou contradictoire pour cette séance. Elle est exclue des taux de remplissage et, si elle est dans un amphi LET, elle n'est pas reportée.
effectif inexploitable (effectif absent ou égal à zéro);Réunion Formation Géographie;7;EFFCALCU vide, nul ou contradictoire pour cette séance. Elle est exclue des taux de remplissage et, si elle est dans un amphi LET, elle n'est pas reportée.
effectif inexploitable (effectif absent ou égal à zéro);Réunion GB;1;EFFCALCU vide, nul ou contradictoire pour cette séance. Elle est exclue des taux de remplissage et, si elle est dans un amphi LET, elle n'est pas reportée.
effectif inexploitable (effectif absent ou égal à zéro);Réunion Graines de Chercheurs;5;EFFCALCU vide, nul ou contradictoire pour cette séance. Elle est exclue des taux de remplissage et, si elle est dans un amphi LET, elle n'est pas reportée.
effectif inexploitable (effectif absent ou égal à zéro);Réunion Info Master;1;EFFCALCU vide, nul ou contradictoire pour cette séance. Elle est exclue des taux de remplissage et, si elle est dans un amphi LET, elle n'est pas reportée.
effectif inexploitable (effectif absent ou égal à zéro);Réunion Lettres;4;EFFCALCU vide, nul ou contradictoire pour cette séance. Elle est exclue des taux de remplissage et, si elle est dans un amphi LET, elle n'est pas reportée.
effectif inexploitable (effectif absent ou égal à zéro);Réunion Licence LEA;1;EFFCALCU vide, nul ou contradictoire pour cette séance. Elle est exclue des taux de remplissage et, si elle est dans un amphi LET, elle n'est pas reportée.
effectif inexploitable (effectif absent ou égal à zéro);Réunion Licence LLCER Ang;2;EFFCALCU vide, nul ou contradictoire pour cette séance. Elle est exclue des taux de remplissage et, si elle est dans un amphi LET, elle n'est pas reportée.
effectif inexploitable (effectif absent ou égal à zéro);Réunion MCL;1;EFFCALCU vide, nul ou contradictoire pour cette séance. Elle est exclue des taux de remplissage et, si elle est dans un amphi LET, elle n'est pas reportée.
effectif inexploitable (effectif absent ou égal à zéro);Réunion MEEF anglais;1;EFFCALCU vide, nul ou contradictoire pour cette séance. Elle est exclue des taux de remplissage et, si elle est dans un amphi LET, elle n'est pas reportée.
effectif inexploitable (effectif absent ou égal à zéro);Réunion Master LEA;1;EFFCALCU vide, nul ou contradictoire pour cette séance. Elle est exclue des taux de remplissage et, si elle est dans un amphi LET, elle n'est pas reportée.
effectif inexploitable (effectif absent ou égal à zéro);Réunion Master Lilac;6;EFFCALCU vide, nul ou contradictoire pour cette séance. Elle est exclue des taux de remplissage et, si elle est dans un amphi LET, elle n'est pas reportée.
effectif inexploitable (effectif absent ou égal à zéro);Réunion Nouveaux Etudiants;1;EFFCALCU vide, nul ou contradictoire pour cette séance. Elle est exclue des taux de remplissage et, si elle est dans un amphi LET, elle n'est pas reportée.
effectif inexploitable (effectif absent ou égal à zéro);Réunion Projet collectif - M2;2;EFFCALCU vide, nul ou contradictoire pour cette séance. Elle est exclue des taux de remplissage et, si elle est dans un amphi LET, elle n'est pas reportée.
effectif inexploitable (effectif absent ou égal à zéro);Réunion RPA - Alumnis;2;EFFCALCU vide, nul ou contradictoire pour cette séance. Elle est exclue des taux de remplissage et, si elle est dans un amphi LET, elle n'est pas reportée.
effectif inexploitable (effectif absent ou égal à zéro);Réunion SGM;2;EFFCALCU vide, nul ou contradictoire pour cette séance. Elle est exclue des taux de remplissage et, si elle est dans un amphi LET, elle n'est pas reportée.
effectif inexploitable (effectif absent ou égal à zéro);Réunion accréditation M2E;1;EFFCALCU vide, nul ou contradictoire pour cette séance. Elle est exclue des taux de remplissage et, si elle est dans un amphi LET, elle n'est pas reportée.
effectif inexploitable (effectif absent ou égal à zéro);Réunion campagne;4;EFFCALCU vide, nul ou contradictoire pour cette séance. Elle est exclue des taux de remplissage et, si elle est dans un amphi LET, elle n'est pas reportée.
effectif inexploitable (effectif absent ou égal à zéro);Réunion de Recherche;8;EFFCALCU vide, nul ou contradictoire pour cette séance. Elle est exclue des taux de remplissage et, si elle est dans un amphi LET, elle n'est pas reportée.
effectif inexploitable (effectif absent ou égal à zéro);Réunion de service IAE Pau-Bay;2;EFFCALCU vide, nul ou contradictoire pour cette séance. Elle est exclue des taux de remplissage et, si elle est dans un amphi LET, elle n'est pas reportée.
effectif inexploitable (effectif absent ou égal à zéro);Réunion information Mobilités;2;EFFCALCU vide, nul ou contradictoire pour cette séance. Elle est exclue des taux de remplissage et, si elle est dans un amphi LET, elle n'est pas reportée.
effectif inexploitable (effectif absent ou égal à zéro);Réunion plénière ISA BTP;2;EFFCALCU vide, nul ou contradictoire pour cette séance. Elle est exclue des taux de remplissage et, si elle est dans un amphi LET, elle n'est pas reportée.
effectif inexploitable (effectif absent ou égal à zéro);Réunion stage;1;EFFCALCU vide, nul ou contradictoire pour cette séance. Elle est exclue des taux de remplissage et, si elle est dans un amphi LET, elle n'est pas reportée.
effectif inexploitable (effectif absent ou égal à zéro);Réunion équipe M Socio;1;EFFCALCU vide, nul ou contradictoire pour cette séance. Elle est exclue des taux de remplissage et, si elle est dans un amphi LET, elle n'est pas reportée.
effectif inexploitable (effectif absent ou égal à zéro);Réunions MEEF;2;EFFCALCU vide, nul ou contradictoire pour cette séance. Elle est exclue des taux de remplissage et, si elle est dans un amphi LET, elle n'est pas reportée.
effectif inexploitable (effectif absent ou égal à zéro);S1 Tutorat espagnol 14/11;1;EFFCALCU vide, nul ou contradictoire pour cette séance. Elle est exclue des taux de remplissage et, si elle est dans un amphi LET, elle n'est pas reportée.
effectif inexploitable (effectif absent ou égal à zéro);S5.03 Conception industri;7;EFFCALCU vide, nul ou contradictoire pour cette séance. Elle est exclue des taux de remplissage et, si elle est dans un amphi LET, elle n'est pas reportée.
effectif inexploitable (effectif absent ou égal à zéro);SAÉ 1-2 Défi Conception;1;EFFCALCU vide, nul ou contradictoire pour cette séance. Elle est exclue des taux de remplissage et, si elle est dans un amphi LET, elle n'est pas reportée.
effectif inexploitable (effectif absent ou égal à zéro);SAÉ 3-3 Projet bâtiment;1;EFFCALCU vide, nul ou contradictoire pour cette séance. Elle est exclue des taux de remplissage et, si elle est dans un amphi LET, elle n'est pas reportée.
effectif inexploitable (effectif absent ou égal à zéro);SAÉ 5 ISP 01;1;EFFCALCU vide, nul ou contradictoire pour cette séance. Elle est exclue des taux de remplissage et, si elle est dans un amphi LET, elle n'est pas reportée.
effectif inexploitable (effectif absent ou égal à zéro);SIG;11;EFFCALCU vide, nul ou contradictoire pour cette séance. Elle est exclue des taux de remplissage et, si elle est dans un amphi LET, elle n'est pas reportée.
effectif inexploitable (effectif absent ou égal à zéro);SOS Phonétique L1;2;EFFCALCU vide, nul ou contradictoire pour cette séance. Elle est exclue des taux de remplissage et, si elle est dans un amphi LET, elle n'est pas reportée.
effectif inexploitable (effectif absent ou égal à zéro);SOUTENANCE M2 EEI;4;EFFCALCU vide, nul ou contradictoire pour cette séance. Elle est exclue des taux de remplissage et, si elle est dans un amphi LET, elle n'est pas reportée.
effectif inexploitable (effectif absent ou égal à zéro);STID;20;EFFCALCU vide, nul ou contradictoire pour cette séance. Elle est exclue des taux de remplissage et, si elle est dans un amphi LET, elle n'est pas reportée.
effectif inexploitable (effectif absent ou égal à zéro);Salle réservée;3;EFFCALCU vide, nul ou contradictoire pour cette séance. Elle est exclue des taux de remplissage et, si elle est dans un amphi LET, elle n'est pas reportée.
effectif inexploitable (effectif absent ou égal à zéro);Sciences criminelles;1;EFFCALCU vide, nul ou contradictoire pour cette séance. Elle est exclue des taux de remplissage et, si elle est dans un amphi LET, elle n'est pas reportée.
effectif inexploitable (effectif absent ou égal à zéro);Sciences en action;8;EFFCALCU vide, nul ou contradictoire pour cette séance. Elle est exclue des taux de remplissage et, si elle est dans un amphi LET, elle n'est pas reportée.
effectif inexploitable (effectif absent ou égal à zéro);Sciences politiques 1;1;EFFCALCU vide, nul ou contradictoire pour cette séance. Elle est exclue des taux de remplissage et, si elle est dans un amphi LET, elle n'est pas reportée.
effectif inexploitable (effectif absent ou égal à zéro);Selection étudiants Princeton;1;EFFCALCU vide, nul ou contradictoire pour cette séance. Elle est exclue des taux de remplissage et, si elle est dans un amphi LET, elle n'est pas reportée.
effectif inexploitable (effectif absent ou égal à zéro);Session 2 MAE;14;EFFCALCU vide, nul ou contradictoire pour cette séance. Elle est exclue des taux de remplissage et, si elle est dans un amphi LET, elle n'est pas reportée.
effectif inexploitable (effectif absent ou égal à zéro);Sociologie territoires;1;EFFCALCU vide, nul ou contradictoire pour cette séance. Elle est exclue des taux de remplissage et, si elle est dans un amphi LET, elle n'est pas reportée.
effectif inexploitable (effectif absent ou égal à zéro);Sources iconographiques;3;EFFCALCU vide, nul ou contradictoire pour cette séance. Elle est exclue des taux de remplissage et, si elle est dans un amphi LET, elle n'est pas reportée.
effectif inexploitable (effectif absent ou égal à zéro);Soutenance;13;EFFCALCU vide, nul ou contradictoire pour cette séance. Elle est exclue des taux de remplissage et, si elle est dans un amphi LET, elle n'est pas reportée.
effectif inexploitable (effectif absent ou égal à zéro);Soutenance M2 CCA;5;EFFCALCU vide, nul ou contradictoire pour cette séance. Elle est exclue des taux de remplissage et, si elle est dans un amphi LET, elle n'est pas reportée.
effectif inexploitable (effectif absent ou égal à zéro);Soutenance Mémoire Master EA;1;EFFCALCU vide, nul ou contradictoire pour cette séance. Elle est exclue des taux de remplissage et, si elle est dans un amphi LET, elle n'est pas reportée.
effectif inexploitable (effectif absent ou égal à zéro);Soutenance Rapport Stage M2TTD;1;EFFCALCU vide, nul ou contradictoire pour cette séance. Elle est exclue des taux de remplissage et, si elle est dans un amphi LET, elle n'est pas reportée.
effectif inexploitable (effectif absent ou égal à zéro);Soutenance de thèse;4;EFFCALCU vide, nul ou contradictoire pour cette séance. Elle est exclue des taux de remplissage et, si elle est dans un amphi LET, elle n'est pas reportée.
effectif inexploitable (effectif absent ou égal à zéro);Soutenances CGAO2 - 24/25;1;EFFCALCU vide, nul ou contradictoire pour cette séance. Elle est exclue des taux de remplissage et, si elle est dans un amphi LET, elle n'est pas reportée.
effectif inexploitable (effectif absent ou égal à zéro);Soutenances M2 ACT;7;EFFCALCU vide, nul ou contradictoire pour cette séance. Elle est exclue des taux de remplissage et, si elle est dans un amphi LET, elle n'est pas reportée.
effectif inexploitable (effectif absent ou égal à zéro);Soutenances M2 FLE;6;EFFCALCU vide, nul ou contradictoire pour cette séance. Elle est exclue des taux de remplissage et, si elle est dans un amphi LET, elle n'est pas reportée.
effectif inexploitable (effectif absent ou égal à zéro);Soutenances MAE;2;EFFCALCU vide, nul ou contradictoire pour cette séance. Elle est exclue des taux de remplissage et, si elle est dans un amphi LET, elle n'est pas reportée.
effectif inexploitable (effectif absent ou égal à zéro);Soutenances MOTI 2 24/25;3;EFFCALCU vide, nul ou contradictoire pour cette séance. Elle est exclue des taux de remplissage et, si elle est dans un amphi LET, elle n'est pas reportée.
effectif inexploitable (effectif absent ou égal à zéro);Soutenances mémoire MOS;7;EFFCALCU vide, nul ou contradictoire pour cette séance. Elle est exclue des taux de remplissage et, si elle est dans un amphi LET, elle n'est pas reportée.
effectif inexploitable (effectif absent ou égal à zéro);Soutenances stage ISA 4-2;6;EFFCALCU vide, nul ou contradictoire pour cette séance. Elle est exclue des taux de remplissage et, si elle est dans un amphi LET, elle n'est pas reportée.
effectif inexploitable (effectif absent ou égal à zéro);Stage et mémoire;1;EFFCALCU vide, nul ou contradictoire pour cette séance. Elle est exclue des taux de remplissage et, si elle est dans un amphi LET, elle n'est pas reportée.
effectif inexploitable (effectif absent ou égal à zéro);Statistiques appliquées;1;EFFCALCU vide, nul ou contradictoire pour cette séance. Elle est exclue des taux de remplissage et, si elle est dans un amphi LET, elle n'est pas reportée.
effectif inexploitable (effectif absent ou égal à zéro);Statistiques univariées;1;EFFCALCU vide, nul ou contradictoire pour cette séance. Elle est exclue des taux de remplissage et, si elle est dans un amphi LET, elle n'est pas reportée.
effectif inexploitable (effectif absent ou égal à zéro);Stratégie digitale;1;EFFCALCU vide, nul ou contradictoire pour cette séance. Elle est exclue des taux de remplissage et, si elle est dans un amphi LET, elle n'est pas reportée.
effectif inexploitable (effectif absent ou égal à zéro);Structure cristalline;1;EFFCALCU vide, nul ou contradictoire pour cette séance. Elle est exclue des taux de remplissage et, si elle est dans un amphi LET, elle n'est pas reportée.
effectif inexploitable (effectif absent ou égal à zéro);Suivi de mémoire;3;EFFCALCU vide, nul ou contradictoire pour cette séance. Elle est exclue des taux de remplissage et, si elle est dans un amphi LET, elle n'est pas reportée.
effectif inexploitable (effectif absent ou égal à zéro);Sustainability USAC;23;EFFCALCU vide, nul ou contradictoire pour cette séance. Elle est exclue des taux de remplissage et, si elle est dans un amphi LET, elle n'est pas reportée.
effectif inexploitable (effectif absent ou égal à zéro);Sécurité instruments labo;8;EFFCALCU vide, nul ou contradictoire pour cette séance. Elle est exclue des taux de remplissage et, si elle est dans un amphi LET, elle n'est pas reportée.
effectif inexploitable (effectif absent ou égal à zéro);Séminaire Elyse Ritchey;94;EFFCALCU vide, nul ou contradictoire pour cette séance. Elle est exclue des taux de remplissage et, si elle est dans un amphi LET, elle n'est pas reportée.
effectif inexploitable (effectif absent ou égal à zéro);TA Expression Française M1;1;EFFCALCU vide, nul ou contradictoire pour cette séance. Elle est exclue des taux de remplissage et, si elle est dans un amphi LET, elle n'est pas reportée.
effectif inexploitable (effectif absent ou égal à zéro);TA Trad Version ang M1;2;EFFCALCU vide, nul ou contradictoire pour cette séance. Elle est exclue des taux de remplissage et, si elle est dans un amphi LET, elle n'est pas reportée.
effectif inexploitable (effectif absent ou égal à zéro);TA Trad thème ang M1;1;EFFCALCU vide, nul ou contradictoire pour cette séance. Elle est exclue des taux de remplissage et, si elle est dans un amphi LET, elle n'est pas reportée.
effectif inexploitable (effectif absent ou égal à zéro);TA Trad thème ang/esp M1;1;EFFCALCU vide, nul ou contradictoire pour cette séance. Elle est exclue des taux de remplissage et, si elle est dans un amphi LET, elle n'est pas reportée.
effectif inexploitable (effectif absent ou égal à zéro);TA Trad thème esp M1;1;EFFCALCU vide, nul ou contradictoire pour cette séance. Elle est exclue des taux de remplissage et, si elle est dans un amphi LET, elle n'est pas reportée.
effectif inexploitable (effectif absent ou égal à zéro);TA Trad version esp M1;2;EFFCALCU vide, nul ou contradictoire pour cette séance. Elle est exclue des taux de remplissage et, si elle est dans un amphi LET, elle n'est pas reportée.
effectif inexploitable (effectif absent ou égal à zéro);TA Version esp/all S3;1;EFFCALCU vide, nul ou contradictoire pour cette séance. Elle est exclue des taux de remplissage et, si elle est dans un amphi LET, elle n'est pas reportée.
effectif inexploitable (effectif absent ou égal à zéro);TD Gestion budgétaire et finan;10;EFFCALCU vide, nul ou contradictoire pour cette séance. Elle est exclue des taux de remplissage et, si elle est dans un amphi LET, elle n'est pas reportée.
effectif inexploitable (effectif absent ou égal à zéro);TD Probastats;1;EFFCALCU vide, nul ou contradictoire pour cette séance. Elle est exclue des taux de remplissage et, si elle est dans un amphi LET, elle n'est pas reportée.
effectif inexploitable (effectif absent ou égal à zéro);TP Physique 1;6;EFFCALCU vide, nul ou contradictoire pour cette séance. Elle est exclue des taux de remplissage et, si elle est dans un amphi LET, elle n'est pas reportée.
effectif inexploitable (effectif absent ou égal à zéro);TP-Projets;3;EFFCALCU vide, nul ou contradictoire pour cette séance. Elle est exclue des taux de remplissage et, si elle est dans un amphi LET, elle n'est pas reportée.
effectif inexploitable (effectif absent ou égal à zéro);TRAVAUX;1;EFFCALCU vide, nul ou contradictoire pour cette séance. Elle est exclue des taux de remplissage et, si elle est dans un amphi LET, elle n'est pas reportée.
effectif inexploitable (effectif absent ou égal à zéro);Tech pro d'expression;1;EFFCALCU vide, nul ou contradictoire pour cette séance. Elle est exclue des taux de remplissage et, si elle est dans un amphi LET, elle n'est pas reportée.
effectif inexploitable (effectif absent ou égal à zéro);Temps échanges et convivialité;2;EFFCALCU vide, nul ou contradictoire pour cette séance. Elle est exclue des taux de remplissage et, si elle est dans un amphi LET, elle n'est pas reportée.
effectif inexploitable (effectif absent ou égal à zéro);Test SIM;1;EFFCALCU vide, nul ou contradictoire pour cette séance. Elle est exclue des taux de remplissage et, si elle est dans un amphi LET, elle n'est pas reportée.
effectif inexploitable (effectif absent ou égal à zéro);Test utla;1;EFFCALCU vide, nul ou contradictoire pour cette séance. Elle est exclue des taux de remplissage et, si elle est dans un amphi LET, elle n'est pas reportée.
effectif inexploitable (effectif absent ou égal à zéro);Thème;1;EFFCALCU vide, nul ou contradictoire pour cette séance. Elle est exclue des taux de remplissage et, si elle est dans un amphi LET, elle n'est pas reportée.
effectif inexploitable (effectif absent ou égal à zéro);Théorie et prat esp 1 S2;2;EFFCALCU vide, nul ou contradictoire pour cette séance. Elle est exclue des taux de remplissage et, si elle est dans un amphi LET, elle n'est pas reportée.
effectif inexploitable (effectif absent ou égal à zéro);Théâtre S3;1;EFFCALCU vide, nul ou contradictoire pour cette séance. Elle est exclue des taux de remplissage et, si elle est dans un amphi LET, elle n'est pas reportée.
effectif inexploitable (effectif absent ou égal à zéro);Tiers temps;2;EFFCALCU vide, nul ou contradictoire pour cette séance. Elle est exclue des taux de remplissage et, si elle est dans un amphi LET, elle n'est pas reportée.
effectif inexploitable (effectif absent ou égal à zéro);Transmission entreprise;1;EFFCALCU vide, nul ou contradictoire pour cette séance. Elle est exclue des taux de remplissage et, si elle est dans un amphi LET, elle n'est pas reportée.
effectif inexploitable (effectif absent ou égal à zéro);Travaux de groupe MOT2;3;EFFCALCU vide, nul ou contradictoire pour cette séance. Elle est exclue des taux de remplissage et, si elle est dans un amphi LET, elle n'est pas reportée.
effectif inexploitable (effectif absent ou égal à zéro);Travaux de groupes Master IAE;1;EFFCALCU vide, nul ou contradictoire pour cette séance. Elle est exclue des taux de remplissage et, si elle est dans un amphi LET, elle n'est pas reportée.
effectif inexploitable (effectif absent ou égal à zéro);Tutorat L1;9;EFFCALCU vide, nul ou contradictoire pour cette séance. Elle est exclue des taux de remplissage et, si elle est dans un amphi LET, elle n'est pas reportée.
effectif inexploitable (effectif absent ou égal à zéro);Tutorat Lettres;3;EFFCALCU vide, nul ou contradictoire pour cette séance. Elle est exclue des taux de remplissage et, si elle est dans un amphi LET, elle n'est pas reportée.
effectif inexploitable (effectif absent ou égal à zéro);Tutorat santé - Colles;26;EFFCALCU vide, nul ou contradictoire pour cette séance. Elle est exclue des taux de remplissage et, si elle est dans un amphi LET, elle n'est pas reportée.
effectif inexploitable (effectif absent ou égal à zéro);Tutorat santé - Tut'coaching;2;EFFCALCU vide, nul ou contradictoire pour cette séance. Elle est exclue des taux de remplissage et, si elle est dans un amphi LET, elle n'est pas reportée.
effectif inexploitable (effectif absent ou égal à zéro);Tutorat santé - UE;46;EFFCALCU vide, nul ou contradictoire pour cette séance. Elle est exclue des taux de remplissage et, si elle est dans un amphi LET, elle n'est pas reportée.
effectif inexploitable (effectif absent ou égal à zéro);Tutorat éco gestion (EEI);3;EFFCALCU vide, nul ou contradictoire pour cette séance. Elle est exclue des taux de remplissage et, si elle est dans un amphi LET, elle n'est pas reportée.
effectif inexploitable (effectif absent ou égal à zéro);UE 1.2 Strat MEEF Connaître;1;EFFCALCU vide, nul ou contradictoire pour cette séance. Elle est exclue des taux de remplissage et, si elle est dans un amphi LET, elle n'est pas reportée.
effectif inexploitable (effectif absent ou égal à zéro);UE Street Art;1;EFFCALCU vide, nul ou contradictoire pour cette séance. Elle est exclue des taux de remplissage et, si elle est dans un amphi LET, elle n'est pas reportée.
effectif inexploitable (effectif absent ou égal à zéro);UE prépa enseignement 2;1;EFFCALCU vide, nul ou contradictoire pour cette séance. Elle est exclue des taux de remplissage et, si elle est dans un amphi LET, elle n'est pas reportée.
effectif inexploitable (effectif absent ou égal à zéro);UE2 Economie;2;EFFCALCU vide, nul ou contradictoire pour cette séance. Elle est exclue des taux de remplissage et, si elle est dans un amphi LET, elle n'est pas reportée.
effectif inexploitable (effectif absent ou égal à zéro);UE4 Gestion de projet;5;EFFCALCU vide, nul ou contradictoire pour cette séance. Elle est exclue des taux de remplissage et, si elle est dans un amphi LET, elle n'est pas reportée.
effectif inexploitable (effectif absent ou égal à zéro);UE4 Gestion de projet RSE;2;EFFCALCU vide, nul ou contradictoire pour cette séance. Elle est exclue des taux de remplissage et, si elle est dans un amphi LET, elle n'est pas reportée.
effectif inexploitable (effectif absent ou égal à zéro);UE4 Sociologie;1;EFFCALCU vide, nul ou contradictoire pour cette séance. Elle est exclue des taux de remplissage et, si elle est dans un amphi LET, elle n'est pas reportée.
effectif inexploitable (effectif absent ou égal à zéro);UE5 Gestion de projet RSE;2;EFFCALCU vide, nul ou contradictoire pour cette séance. Elle est exclue des taux de remplissage et, si elle est dans un amphi LET, elle n'est pas reportée.
effectif inexploitable (effectif absent ou égal à zéro);UE9 professionalisation;1;EFFCALCU vide, nul ou contradictoire pour cette séance. Elle est exclue des taux de remplissage et, si elle est dans un amphi LET, elle n'est pas reportée.
effectif inexploitable (effectif absent ou égal à zéro);UET PIX Krassimira;2;EFFCALCU vide, nul ou contradictoire pour cette séance. Elle est exclue des taux de remplissage et, si elle est dans un amphi LET, elle n'est pas reportée.
effectif inexploitable (effectif absent ou égal à zéro);UNITA Intercompréhension;49;EFFCALCU vide, nul ou contradictoire pour cette séance. Elle est exclue des taux de remplissage et, si elle est dans un amphi LET, elle n'est pas reportée.
effectif inexploitable (effectif absent ou égal à zéro);UNITA Office;1;EFFCALCU vide, nul ou contradictoire pour cette séance. Elle est exclue des taux de remplissage et, si elle est dans un amphi LET, elle n'est pas reportée.
effectif inexploitable (effectif absent ou égal à zéro);VAE IAE;1;EFFCALCU vide, nul ou contradictoire pour cette séance. Elle est exclue des taux de remplissage et, si elle est dans un amphi LET, elle n'est pas reportée.
effectif inexploitable (effectif absent ou égal à zéro);Volley Ball;1;EFFCALCU vide, nul ou contradictoire pour cette séance. Elle est exclue des taux de remplissage et, si elle est dans un amphi LET, elle n'est pas reportée.
effectif inexploitable (effectif absent ou égal à zéro);XXX - Anglais TOEIC;5;EFFCALCU vide, nul ou contradictoire pour cette séance. Elle est exclue des taux de remplissage et, si elle est dans un amphi LET, elle n'est pas reportée.
effectif inexploitable (effectif absent ou égal à zéro);XXX - Ateliers;4;EFFCALCU vide, nul ou contradictoire pour cette séance. Elle est exclue des taux de remplissage et, si elle est dans un amphi LET, elle n'est pas reportée.
effectif inexploitable (effectif absent ou égal à zéro);XXX - Conseil Dpt MTEE;1;EFFCALCU vide, nul ou contradictoire pour cette séance. Elle est exclue des taux de remplissage et, si elle est dans un amphi LET, elle n'est pas reportée.
effectif inexploitable (effectif absent ou égal à zéro);XXX - Contrôle Continu anglais;5;EFFCALCU vide, nul ou contradictoire pour cette séance. Elle est exclue des taux de remplissage et, si elle est dans un amphi LET, elle n'est pas reportée.
effectif inexploitable (effectif absent ou égal à zéro);XXX - Formations DRH4;1;EFFCALCU vide, nul ou contradictoire pour cette séance. Elle est exclue des taux de remplissage et, si elle est dans un amphi LET, elle n'est pas reportée.
effectif inexploitable (effectif absent ou égal à zéro);XXX - JPO;1;EFFCALCU vide, nul ou contradictoire pour cette séance. Elle est exclue des taux de remplissage et, si elle est dans un amphi LET, elle n'est pas reportée.
effectif inexploitable (effectif absent ou égal à zéro);XXX - Maintenance visio;1;EFFCALCU vide, nul ou contradictoire pour cette séance. Elle est exclue des taux de remplissage et, si elle est dans un amphi LET, elle n'est pas reportée.
effectif inexploitable (effectif absent ou égal à zéro);XXX - Oraux VENTE M1 CSBA;2;EFFCALCU vide, nul ou contradictoire pour cette séance. Elle est exclue des taux de remplissage et, si elle est dans un amphi LET, elle n'est pas reportée.
effectif inexploitable (effectif absent ou égal à zéro);XXX - Préjury BUT MTEE;1;EFFCALCU vide, nul ou contradictoire pour cette séance. Elle est exclue des taux de remplissage et, si elle est dans un amphi LET, elle n'est pas reportée.
effectif inexploitable (effectif absent ou égal à zéro);XXX - Réunion anglais CRL-SSH;1;EFFCALCU vide, nul ou contradictoire pour cette séance. Elle est exclue des taux de remplissage et, si elle est dans un amphi LET, elle n'est pas reportée.
effectif inexploitable (effectif absent ou égal à zéro);XXX - Réunion infos alternance;1;EFFCALCU vide, nul ou contradictoire pour cette séance. Elle est exclue des taux de remplissage et, si elle est dans un amphi LET, elle n'est pas reportée.
effectif inexploitable (effectif absent ou égal à zéro);XXX - Réunions;16;EFFCALCU vide, nul ou contradictoire pour cette séance. Elle est exclue des taux de remplissage et, si elle est dans un amphi LET, elle n'est pas reportée.
effectif inexploitable (effectif absent ou égal à zéro);XXX - Séminaire sociologie;1;EFFCALCU vide, nul ou contradictoire pour cette séance. Elle est exclue des taux de remplissage et, si elle est dans un amphi LET, elle n'est pas reportée.
effectif inexploitable (effectif absent ou égal à zéro);XXX - Travail personnel;27;EFFCALCU vide, nul ou contradictoire pour cette séance. Elle est exclue des taux de remplissage et, si elle est dans un amphi LET, elle n'est pas reportée.
effectif inexploitable (effectif absent ou égal à zéro);XXX Atelier poésie;6;EFFCALCU vide, nul ou contradictoire pour cette séance. Elle est exclue des taux de remplissage et, si elle est dans un amphi LET, elle n'est pas reportée.
effectif inexploitable (effectif absent ou égal à zéro);XXX COPERF Lettres;1;EFFCALCU vide, nul ou contradictoire pour cette séance. Elle est exclue des taux de remplissage et, si elle est dans un amphi LET, elle n'est pas reportée.
effectif inexploitable (effectif absent ou égal à zéro);XXX COPERF Master;1;EFFCALCU vide, nul ou contradictoire pour cette séance. Elle est exclue des taux de remplissage et, si elle est dans un amphi LET, elle n'est pas reportée.
effectif inexploitable (effectif absent ou égal à zéro);XXX Concours blancs prépro;7;EFFCALCU vide, nul ou contradictoire pour cette séance. Elle est exclue des taux de remplissage et, si elle est dans un amphi LET, elle n'est pas reportée.
effectif inexploitable (effectif absent ou égal à zéro);XXX Conférence;1;EFFCALCU vide, nul ou contradictoire pour cette séance. Elle est exclue des taux de remplissage et, si elle est dans un amphi LET, elle n'est pas reportée.
effectif inexploitable (effectif absent ou égal à zéro);XXX Conseil Perfectionnement;1;EFFCALCU vide, nul ou contradictoire pour cette séance. Elle est exclue des taux de remplissage et, si elle est dans un amphi LET, elle n'est pas reportée.
effectif inexploitable (effectif absent ou égal à zéro);XXX Coperf Etudes basques;1;EFFCALCU vide, nul ou contradictoire pour cette séance. Elle est exclue des taux de remplissage et, si elle est dans un amphi LET, elle n'est pas reportée.
effectif inexploitable (effectif absent ou égal à zéro);XXX DUI ANGLAIS BAYONNE;30;EFFCALCU vide, nul ou contradictoire pour cette séance. Elle est exclue des taux de remplissage et, si elle est dans un amphi LET, elle n'est pas reportée.
effectif inexploitable (effectif absent ou égal à zéro);XXX DUI ANGLAIS MAJ 1 PAU;9;EFFCALCU vide, nul ou contradictoire pour cette séance. Elle est exclue des taux de remplissage et, si elle est dans un amphi LET, elle n'est pas reportée.
effectif inexploitable (effectif absent ou égal à zéro);XXX DUI ANGLAIS MAJ 3 PAU;9;EFFCALCU vide, nul ou contradictoire pour cette séance. Elle est exclue des taux de remplissage et, si elle est dans un amphi LET, elle n'est pas reportée.
effectif inexploitable (effectif absent ou égal à zéro);XXX DUI ESPAGNOL MAJ 1;10;EFFCALCU vide, nul ou contradictoire pour cette séance. Elle est exclue des taux de remplissage et, si elle est dans un amphi LET, elle n'est pas reportée.
effectif inexploitable (effectif absent ou égal à zéro);XXX DUI ESPAGNOL MAJ 3;24;EFFCALCU vide, nul ou contradictoire pour cette séance. Elle est exclue des taux de remplissage et, si elle est dans un amphi LET, elle n'est pas reportée.
effectif inexploitable (effectif absent ou égal à zéro);XXX Délibérations M Tourisme;1;EFFCALCU vide, nul ou contradictoire pour cette séance. Elle est exclue des taux de remplissage et, si elle est dans un amphi LET, elle n'est pas reportée.
effectif inexploitable (effectif absent ou égal à zéro);XXX Délibérations masters DEG;4;EFFCALCU vide, nul ou contradictoire pour cette séance. Elle est exclue des taux de remplissage et, si elle est dans un amphi LET, elle n'est pas reportée.
effectif inexploitable (effectif absent ou égal à zéro);XXX ESPAGNOL PERSONNEL A1;20;EFFCALCU vide, nul ou contradictoire pour cette séance. Elle est exclue des taux de remplissage et, si elle est dans un amphi LET, elle n'est pas reportée.
effectif inexploitable (effectif absent ou égal à zéro);XXX ESPAGNOL PERSONNEL A2;13;EFFCALCU vide, nul ou contradictoire pour cette séance. Elle est exclue des taux de remplissage et, si elle est dans un amphi LET, elle n'est pas reportée.
effectif inexploitable (effectif absent ou égal à zéro);XXX ESPAGNOL PERSONNEL B1-B2;10;EFFCALCU vide, nul ou contradictoire pour cette séance. Elle est exclue des taux de remplissage et, si elle est dans un amphi LET, elle n'est pas reportée.
effectif inexploitable (effectif absent ou égal à zéro);XXX ESPAGNOL PERSONNEL B2-C1;10;EFFCALCU vide, nul ou contradictoire pour cette séance. Elle est exclue des taux de remplissage et, si elle est dans un amphi LET, elle n'est pas reportée.
effectif inexploitable (effectif absent ou égal à zéro);XXX LEA examens;12;EFFCALCU vide, nul ou contradictoire pour cette séance. Elle est exclue des taux de remplissage et, si elle est dans un amphi LET, elle n'est pas reportée.
effectif inexploitable (effectif absent ou égal à zéro);XXX Présentation Respons Pédag;1;EFFCALCU vide, nul ou contradictoire pour cette séance. Elle est exclue des taux de remplissage et, si elle est dans un amphi LET, elle n'est pas reportée.
effectif inexploitable (effectif absent ou égal à zéro);XXX Rattrapage examen;2;EFFCALCU vide, nul ou contradictoire pour cette séance. Elle est exclue des taux de remplissage et, si elle est dans un amphi LET, elle n'est pas reportée.
effectif inexploitable (effectif absent ou égal à zéro);XXX Réservation Amphi;3;EFFCALCU vide, nul ou contradictoire pour cette séance. Elle est exclue des taux de remplissage et, si elle est dans un amphi LET, elle n'est pas reportée.
effectif inexploitable (effectif absent ou égal à zéro);XXX Réunion d'information;1;EFFCALCU vide, nul ou contradictoire pour cette séance. Elle est exclue des taux de remplissage et, si elle est dans un amphi LET, elle n'est pas reportée.
effectif inexploitable (effectif absent ou égal à zéro);XXX SOUTENANCES;2;EFFCALCU vide, nul ou contradictoire pour cette séance. Elle est exclue des taux de remplissage et, si elle est dans un amphi LET, elle n'est pas reportée.
effectif inexploitable (effectif absent ou égal à zéro);XXX rendu de copies;1;EFFCALCU vide, nul ou contradictoire pour cette séance. Elle est exclue des taux de remplissage et, si elle est dans un amphi LET, elle n'est pas reportée.
effectif inexploitable (effectif absent ou égal à zéro);XXX réservation salle de réuni;1;EFFCALCU vide, nul ou contradictoire pour cette séance. Elle est exclue des taux de remplissage et, si elle est dans un amphi LET, elle n'est pas reportée.
effectif inexploitable (effectif absent ou égal à zéro);XXX réunion;3;EFFCALCU vide, nul ou contradictoire pour cette séance. Elle est exclue des taux de remplissage et, si elle est dans un amphi LET, elle n'est pas reportée.
effectif inexploitable (effectif absent ou égal à zéro);XXX tiers-temps;1;EFFCALCU vide, nul ou contradictoire pour cette séance. Elle est exclue des taux de remplissage et, si elle est dans un amphi LET, elle n'est pas reportée.
effectif inexploitable (effectif absent ou égal à zéro);XXX-  J. Joly cult.;8;EFFCALCU vide, nul ou contradictoire pour cette séance. Elle est exclue des taux de remplissage et, si elle est dans un amphi LET, elle n'est pas reportée.
effectif inexploitable (effectif absent ou égal à zéro);XXX- Devoir phonologie S4;1;EFFCALCU vide, nul ou contradictoire pour cette séance. Elle est exclue des taux de remplissage et, si elle est dans un amphi LET, elle n'est pas reportée.
effectif inexploitable (effectif absent ou égal à zéro);XXX- Délibérations Licence éco;3;EFFCALCU vide, nul ou contradictoire pour cette séance. Elle est exclue des taux de remplissage et, si elle est dans un amphi LET, elle n'est pas reportée.
effectif inexploitable (effectif absent ou égal à zéro);XXX- Entretiens;2;EFFCALCU vide, nul ou contradictoire pour cette séance. Elle est exclue des taux de remplissage et, si elle est dans un amphi LET, elle n'est pas reportée.
effectif inexploitable (effectif absent ou égal à zéro);XXX- Entretiens L1 CMI;2;EFFCALCU vide, nul ou contradictoire pour cette séance. Elle est exclue des taux de remplissage et, si elle est dans un amphi LET, elle n'est pas reportée.
effectif inexploitable (effectif absent ou égal à zéro);XXX- JURY DELIBERATIONS MCI1;1;EFFCALCU vide, nul ou contradictoire pour cette séance. Elle est exclue des taux de remplissage et, si elle est dans un amphi LET, elle n'est pas reportée.
effectif inexploitable (effectif absent ou égal à zéro);XXX-24H de l'Innovation;18;EFFCALCU vide, nul ou contradictoire pour cette séance. Elle est exclue des taux de remplissage et, si elle est dans un amphi LET, elle n'est pas reportée.
effectif inexploitable (effectif absent ou égal à zéro);XXX-A. Ayerbe cult.;16;EFFCALCU vide, nul ou contradictoire pour cette séance. Elle est exclue des taux de remplissage et, si elle est dans un amphi LET, elle n'est pas reportée.
effectif inexploitable (effectif absent ou égal à zéro);XXX-A. Kouvouama cult. Anthrop;6;EFFCALCU vide, nul ou contradictoire pour cette séance. Elle est exclue des taux de remplissage et, si elle est dans un amphi LET, elle n'est pas reportée.
effectif inexploitable (effectif absent ou égal à zéro);XXX-A. Kouvouama cult. Socio;7;EFFCALCU vide, nul ou contradictoire pour cette séance. Elle est exclue des taux de remplissage et, si elle est dans un amphi LET, elle n'est pas reportée.
effectif inexploitable (effectif absent ou égal à zéro);XXX-A. Roptin-Neyron cult.;10;EFFCALCU vide, nul ou contradictoire pour cette séance. Elle est exclue des taux de remplissage et, si elle est dans un amphi LET, elle n'est pas reportée.
effectif inexploitable (effectif absent ou égal à zéro);XXX-A. Roptin-Neyron cult. Pha;2;EFFCALCU vide, nul ou contradictoire pour cette séance. Elle est exclue des taux de remplissage et, si elle est dans un amphi LET, elle n'est pas reportée.
effectif inexploitable (effectif absent ou égal à zéro);XXX-AGO UTLA;1;EFFCALCU vide, nul ou contradictoire pour cette séance. Elle est exclue des taux de remplissage et, si elle est dans un amphi LET, elle n'est pas reportée.
effectif inexploitable (effectif absent ou égal à zéro);XXX-Accueil_L1_Géo;1;EFFCALCU vide, nul ou contradictoire pour cette séance. Elle est exclue des taux de remplissage et, si elle est dans un amphi LET, elle n'est pas reportée.
effectif inexploitable (effectif absent ou égal à zéro);XXX-Agnès Faure;2;EFFCALCU vide, nul ou contradictoire pour cette séance. Elle est exclue des taux de remplissage et, si elle est dans un amphi LET, elle n'est pas reportée.
effectif inexploitable (effectif absent ou égal à zéro);XXX-Allemand D Varrault A1/A2;20;EFFCALCU vide, nul ou contradictoire pour cette séance. Elle est exclue des taux de remplissage et, si elle est dans un amphi LET, elle n'est pas reportée.
effectif inexploitable (effectif absent ou égal à zéro);XXX-Allemand Mme Varrault A1;20;EFFCALCU vide, nul ou contradictoire pour cette séance. Elle est exclue des taux de remplissage et, si elle est dans un amphi LET, elle n'est pas reportée.
effectif inexploitable (effectif absent ou égal à zéro);XXX-Allemand convB1 D.Varrault;20;EFFCALCU vide, nul ou contradictoire pour cette séance. Elle est exclue des taux de remplissage et, si elle est dans un amphi LET, elle n'est pas reportée.
effectif inexploitable (effectif absent ou égal à zéro);XXX-Association APEG;1;EFFCALCU vide, nul ou contradictoire pour cette séance. Elle est exclue des taux de remplissage et, si elle est dans un amphi LET, elle n'est pas reportée.
effectif inexploitable (effectif absent ou égal à zéro);XXX-Atelier Géologie;1;EFFCALCU vide, nul ou contradictoire pour cette séance. Elle est exclue des taux de remplissage et, si elle est dans un amphi LET, elle n'est pas reportée.
effectif inexploitable (effectif absent ou égal à zéro);XXX-Atelier paléographie;12;EFFCALCU vide, nul ou contradictoire pour cette séance. Elle est exclue des taux de remplissage et, si elle est dans un amphi LET, elle n'est pas reportée.
effectif inexploitable (effectif absent ou égal à zéro);XXX-Atelier photo;10;EFFCALCU vide, nul ou contradictoire pour cette séance. Elle est exclue des taux de remplissage et, si elle est dans un amphi LET, elle n'est pas reportée.
effectif inexploitable (effectif absent ou égal à zéro);XXX-Atelier pratiques plastiq.;6;EFFCALCU vide, nul ou contradictoire pour cette séance. Elle est exclue des taux de remplissage et, si elle est dans un amphi LET, elle n'est pas reportée.
effectif inexploitable (effectif absent ou égal à zéro);XXX-Atelier remue-méninges;10;EFFCALCU vide, nul ou contradictoire pour cette séance. Elle est exclue des taux de remplissage et, si elle est dans un amphi LET, elle n'est pas reportée.
effectif inexploitable (effectif absent ou égal à zéro);XXX-Atelier reportage voyages;6;EFFCALCU vide, nul ou contradictoire pour cette séance. Elle est exclue des taux de remplissage et, si elle est dans un amphi LET, elle n'est pas reportée.
effectif inexploitable (effectif absent ou égal à zéro);XXX-Atelier écriture;2;EFFCALCU vide, nul ou contradictoire pour cette séance. Elle est exclue des taux de remplissage et, si elle est dans un amphi LET, elle n'est pas reportée.
effectif inexploitable (effectif absent ou égal à zéro);XXX-B. Duperrein cult.;8;EFFCALCU vide, nul ou contradictoire pour cette séance. Elle est exclue des taux de remplissage et, si elle est dans un amphi LET, elle n'est pas reportée.
effectif inexploitable (effectif absent ou égal à zéro);XXX-B. Nominé cult.;3;EFFCALCU vide, nul ou contradictoire pour cette séance. Elle est exclue des taux de remplissage et, si elle est dans un amphi LET, elle n'est pas reportée.
effectif inexploitable (effectif absent ou égal à zéro);XXX-C. Bouché cult.;8;EFFCALCU vide, nul ou contradictoire pour cette séance. Elle est exclue des taux de remplissage et, si elle est dans un amphi LET, elle n'est pas reportée.
effectif inexploitable (effectif absent ou égal à zéro);XXX-C.Bouvy cult.;18;EFFCALCU vide, nul ou contradictoire pour cette séance. Elle est exclue des taux de remplissage et, si elle est dans un amphi LET, elle n'est pas reportée.
effectif inexploitable (effectif absent ou égal à zéro);XXX-CC Rattrapage Analyse fin;1;EFFCALCU vide, nul ou contradictoire pour cette séance. Elle est exclue des taux de remplissage et, si elle est dans un amphi LET, elle n'est pas reportée.
effectif inexploitable (effectif absent ou égal à zéro);XXX-CC Rattrapage L1 AES;1;EFFCALCU vide, nul ou contradictoire pour cette séance. Elle est exclue des taux de remplissage et, si elle est dans un amphi LET, elle n'est pas reportée.
effectif inexploitable (effectif absent ou égal à zéro);XXX-CC-M1 Tourisme;1;EFFCALCU vide, nul ou contradictoire pour cette séance. Elle est exclue des taux de remplissage et, si elle est dans un amphi LET, elle n'est pas reportée.
effectif inexploitable (effectif absent ou égal à zéro);XXX-CC_rattrapage_L1_Géo;7;EFFCALCU vide, nul ou contradictoire pour cette séance. Elle est exclue des taux de remplissage et, si elle est dans un amphi LET, elle n'est pas reportée.
effectif inexploitable (effectif absent ou égal à zéro);XXX-COPERF HAA;1;EFFCALCU vide, nul ou contradictoire pour cette séance. Elle est exclue des taux de remplissage et, si elle est dans un amphi LET, elle n'est pas reportée.
effectif inexploitable (effectif absent ou égal à zéro);XXX-COPERF Licence AES;1;EFFCALCU vide, nul ou contradictoire pour cette séance. Elle est exclue des taux de remplissage et, si elle est dans un amphi LET, elle n'est pas reportée.
effectif inexploitable (effectif absent ou égal à zéro);XXX-CParitaire L Sociologie;1;EFFCALCU vide, nul ou contradictoire pour cette séance. Elle est exclue des taux de remplissage et, si elle est dans un amphi LET, elle n'est pas reportée.
effectif inexploitable (effectif absent ou égal à zéro);XXX-Cc ESH Lic Anglais;116;EFFCALCU vide, nul ou contradictoire pour cette séance. Elle est exclue des taux de remplissage et, si elle est dans un amphi LET, elle n'est pas reportée.
effectif inexploitable (effectif absent ou égal à zéro);XXX-Cc ESH Lic Espagnol;15;EFFCALCU vide, nul ou contradictoire pour cette séance. Elle est exclue des taux de remplissage et, si elle est dans un amphi LET, elle n'est pas reportée.
effectif inexploitable (effectif absent ou égal à zéro);XXX-Cc ESH Lic Géographie;15;EFFCALCU vide, nul ou contradictoire pour cette séance. Elle est exclue des taux de remplissage et, si elle est dans un amphi LET, elle n'est pas reportée.
effectif inexploitable (effectif absent ou égal à zéro);XXX-Cc ESH Lic HAA;19;EFFCALCU vide, nul ou contradictoire pour cette séance. Elle est exclue des taux de remplissage et, si elle est dans un amphi LET, elle n'est pas reportée.
effectif inexploitable (effectif absent ou égal à zéro);XXX-Cc ESH Lic Histoire;57;EFFCALCU vide, nul ou contradictoire pour cette séance. Elle est exclue des taux de remplissage et, si elle est dans un amphi LET, elle n'est pas reportée.
effectif inexploitable (effectif absent ou égal à zéro);XXX-Cc ESH Lic Lettres;48;EFFCALCU vide, nul ou contradictoire pour cette séance. Elle est exclue des taux de remplissage et, si elle est dans un amphi LET, elle n'est pas reportée.
effectif inexploitable (effectif absent ou égal à zéro);XXX-Cc ESH Lic Sociologie;40;EFFCALCU vide, nul ou contradictoire pour cette séance. Elle est exclue des taux de remplissage et, si elle est dans un amphi LET, elle n'est pas reportée.
effectif inexploitable (effectif absent ou égal à zéro);XXX-Cc ESH MEEF;4;EFFCALCU vide, nul ou contradictoire pour cette séance. Elle est exclue des taux de remplissage et, si elle est dans un amphi LET, elle n'est pas reportée.
effectif inexploitable (effectif absent ou égal à zéro);XXX-Cc ESH Master FLE;1;EFFCALCU vide, nul ou contradictoire pour cette séance. Elle est exclue des taux de remplissage et, si elle est dans un amphi LET, elle n'est pas reportée.
effectif inexploitable (effectif absent ou égal à zéro);XXX-Cc ESH Master SHS;3;EFFCALCU vide, nul ou contradictoire pour cette séance. Elle est exclue des taux de remplissage et, si elle est dans un amphi LET, elle n'est pas reportée.
effectif inexploitable (effectif absent ou égal à zéro);XXX-Chinois Mme Cai Niv. 1;20;EFFCALCU vide, nul ou contradictoire pour cette séance. Elle est exclue des taux de remplissage et, si elle est dans un amphi LET, elle n'est pas reportée.
effectif inexploitable (effectif absent ou égal à zéro);XXX-Chinois Mme Cai Niv. 2;20;EFFCALCU vide, nul ou contradictoire pour cette séance. Elle est exclue des taux de remplissage et, si elle est dans un amphi LET, elle n'est pas reportée.
effectif inexploitable (effectif absent ou égal à zéro);XXX-Chinois Mme Cai Niv. 3/4;20;EFFCALCU vide, nul ou contradictoire pour cette séance. Elle est exclue des taux de remplissage et, si elle est dans un amphi LET, elle n'est pas reportée.
effectif inexploitable (effectif absent ou égal à zéro);XXX-Conférence;3;EFFCALCU vide, nul ou contradictoire pour cette séance. Elle est exclue des taux de remplissage et, si elle est dans un amphi LET, elle n'est pas reportée.
effectif inexploitable (effectif absent ou égal à zéro);XXX-Conférence UTLA;9;EFFCALCU vide, nul ou contradictoire pour cette séance. Elle est exclue des taux de remplissage et, si elle est dans un amphi LET, elle n'est pas reportée.
effectif inexploitable (effectif absent ou égal à zéro);XXX-Cordées de la réussite;26;EFFCALCU vide, nul ou contradictoire pour cette séance. Elle est exclue des taux de remplissage et, si elle est dans un amphi LET, elle n'est pas reportée.
effectif inexploitable (effectif absent ou égal à zéro);XXX-DAEU;2;EFFCALCU vide, nul ou contradictoire pour cette séance. Elle est exclue des taux de remplissage et, si elle est dans un amphi LET, elle n'est pas reportée.
effectif inexploitable (effectif absent ou égal à zéro);XXX-DMD 64;1;EFFCALCU vide, nul ou contradictoire pour cette séance. Elle est exclue des taux de remplissage et, si elle est dans un amphi LET, elle n'est pas reportée.
effectif inexploitable (effectif absent ou égal à zéro);XXX-Devoir Langue orale S4;1;EFFCALCU vide, nul ou contradictoire pour cette séance. Elle est exclue des taux de remplissage et, si elle est dans un amphi LET, elle n'est pas reportée.
effectif inexploitable (effectif absent ou égal à zéro);XXX-Direction Numérique;4;EFFCALCU vide, nul ou contradictoire pour cette séance. Elle est exclue des taux de remplissage et, si elle est dans un amphi LET, elle n'est pas reportée.
effectif inexploitable (effectif absent ou égal à zéro);XXX-Direction Patrimoine;2;EFFCALCU vide, nul ou contradictoire pour cette séance. Elle est exclue des taux de remplissage et, si elle est dans un amphi LET, elle n'est pas reportée.
effectif inexploitable (effectif absent ou égal à zéro);XXX-Discussion enquête socio;1;EFFCALCU vide, nul ou contradictoire pour cette séance. Elle est exclue des taux de remplissage et, si elle est dans un amphi LET, elle n'est pas reportée.
effectif inexploitable (effectif absent ou égal à zéro);XXX-Délibérations L Socio;1;EFFCALCU vide, nul ou contradictoire pour cette séance. Elle est exclue des taux de remplissage et, si elle est dans un amphi LET, elle n'est pas reportée.
effectif inexploitable (effectif absent ou égal à zéro);XXX-Délibérations L. Histoire;1;EFFCALCU vide, nul ou contradictoire pour cette séance. Elle est exclue des taux de remplissage et, si elle est dans un amphi LET, elle n'est pas reportée.
effectif inexploitable (effectif absent ou égal à zéro);XXX-Délibérations Licence AES;1;EFFCALCU vide, nul ou contradictoire pour cette séance. Elle est exclue des taux de remplissage et, si elle est dans un amphi LET, elle n'est pas reportée.
effectif inexploitable (effectif absent ou égal à zéro);XXX-Délibérations_L_Géographie;1;EFFCALCU vide, nul ou contradictoire pour cette séance. Elle est exclue des taux de remplissage et, si elle est dans un amphi LET, elle n'est pas reportée.
effectif inexploitable (effectif absent ou égal à zéro);XXX-E.Musset cult.;20;EFFCALCU vide, nul ou contradictoire pour cette séance. Elle est exclue des taux de remplissage et, si elle est dans un amphi LET, elle n'est pas reportée.
effectif inexploitable (effectif absent ou égal à zéro);XXX-EPREUVE DE SUBSTITUTION;1;EFFCALCU vide, nul ou contradictoire pour cette séance. Elle est exclue des taux de remplissage et, si elle est dans un amphi LET, elle n'est pas reportée.
effectif inexploitable (effectif absent ou égal à zéro);XXX-Entretien de recrutement;1;EFFCALCU vide, nul ou contradictoire pour cette séance. Elle est exclue des taux de remplissage et, si elle est dans un amphi LET, elle n'est pas reportée.
effectif inexploitable (effectif absent ou égal à zéro);XXX-Entretien individuel;4;EFFCALCU vide, nul ou contradictoire pour cette séance. Elle est exclue des taux de remplissage et, si elle est dans un amphi LET, elle n'est pas reportée.
effectif inexploitable (effectif absent ou égal à zéro);XXX-Entretiens PEP'S Go;1;EFFCALCU vide, nul ou contradictoire pour cette séance. Elle est exclue des taux de remplissage et, si elle est dans un amphi LET, elle n'est pas reportée.
effectif inexploitable (effectif absent ou égal à zéro);XXX-Epreuves Orales Hist Art;13;EFFCALCU vide, nul ou contradictoire pour cette séance. Elle est exclue des taux de remplissage et, si elle est dans un amphi LET, elle n'est pas reportée.
effectif inexploitable (effectif absent ou égal à zéro);XXX-Espagnol A2 élém Mme Boyer;19;EFFCALCU vide, nul ou contradictoire pour cette séance. Elle est exclue des taux de remplissage et, si elle est dans un amphi LET, elle n'est pas reportée.
effectif inexploitable (effectif absent ou égal à zéro);XXX-Espagnol Mme Saez A1;20;EFFCALCU vide, nul ou contradictoire pour cette séance. Elle est exclue des taux de remplissage et, si elle est dans un amphi LET, elle n'est pas reportée.
effectif inexploitable (effectif absent ou égal à zéro);XXX-Espagnol Mme Saez B1;20;EFFCALCU vide, nul ou contradictoire pour cette séance. Elle est exclue des taux de remplissage et, si elle est dans un amphi LET, elle n'est pas reportée.
effectif inexploitable (effectif absent ou égal à zéro);XXX-Espagnol Mme Saez B2;20;EFFCALCU vide, nul ou contradictoire pour cette séance. Elle est exclue des taux de remplissage et, si elle est dans un amphi LET, elle n'est pas reportée.
effectif inexploitable (effectif absent ou égal à zéro);XXX-Espagnol Mme Saez C1/C2;20;EFFCALCU vide, nul ou contradictoire pour cette séance. Elle est exclue des taux de remplissage et, si elle est dans un amphi LET, elle n'est pas reportée.
effectif inexploitable (effectif absent ou égal à zéro);XXX-F. Bidouze cult.;20;EFFCALCU vide, nul ou contradictoire pour cette séance. Elle est exclue des taux de remplissage et, si elle est dans un amphi LET, elle n'est pas reportée.
effectif inexploitable (effectif absent ou égal à zéro);XXX-F. Caroff cult.;11;EFFCALCU vide, nul ou contradictoire pour cette séance. Elle est exclue des taux de remplissage et, si elle est dans un amphi LET, elle n'est pas reportée.
effectif inexploitable (effectif absent ou égal à zéro);XXX-FORMATION;3;EFFCALCU vide, nul ou contradictoire pour cette séance. Elle est exclue des taux de remplissage et, si elle est dans un amphi LET, elle n'est pas reportée.
effectif inexploitable (effectif absent ou égal à zéro);XXX-FSDIE Aide Assoc. Etud.;3;EFFCALCU vide, nul ou contradictoire pour cette séance. Elle est exclue des taux de remplissage et, si elle est dans un amphi LET, elle n'est pas reportée.
effectif inexploitable (effectif absent ou égal à zéro);XXX-Focus group;1;EFFCALCU vide, nul ou contradictoire pour cette séance. Elle est exclue des taux de remplissage et, si elle est dans un amphi LET, elle n'est pas reportée.
effectif inexploitable (effectif absent ou égal à zéro);XXX-Formation Hyperplanning;2;EFFCALCU vide, nul ou contradictoire pour cette séance. Elle est exclue des taux de remplissage et, si elle est dans un amphi LET, elle n'est pas reportée.
effectif inexploitable (effectif absent ou égal à zéro);XXX-Format° Doctorale;4;EFFCALCU vide, nul ou contradictoire pour cette séance. Elle est exclue des taux de remplissage et, si elle est dans un amphi LET, elle n'est pas reportée.
effectif inexploitable (effectif absent ou égal à zéro);XXX-Forum des transitions UPPA;1;EFFCALCU vide, nul ou contradictoire pour cette séance. Elle est exclue des taux de remplissage et, si elle est dans un amphi LET, elle n'est pas reportée.
effectif inexploitable (effectif absent ou égal à zéro);XXX-Grec Mme Guyon Niv. 2/3;15;EFFCALCU vide, nul ou contradictoire pour cette séance. Elle est exclue des taux de remplissage et, si elle est dans un amphi LET, elle n'est pas reportée.
effectif inexploitable (effectif absent ou égal à zéro);XXX-Groupe de travail;13;EFFCALCU vide, nul ou contradictoire pour cette séance. Elle est exclue des taux de remplissage et, si elle est dans un amphi LET, elle n'est pas reportée.
effectif inexploitable (effectif absent ou égal à zéro);XXX-IAE-Brief rentrée 2025;2;EFFCALCU vide, nul ou contradictoire pour cette séance. Elle est exclue des taux de remplissage et, si elle est dans un amphi LET, elle n'est pas reportée.
effectif inexploitable (effectif absent ou égal à zéro);XXX-Info Tandem anglais;1;EFFCALCU vide, nul ou contradictoire pour cette séance. Elle est exclue des taux de remplissage et, si elle est dans un amphi LET, elle n'est pas reportée.
effectif inexploitable (effectif absent ou égal à zéro);XXX-Infosup Licence AES;1;EFFCALCU vide, nul ou contradictoire pour cette séance. Elle est exclue des taux de remplissage et, si elle est dans un amphi LET, elle n'est pas reportée.
effectif inexploitable (effectif absent ou égal à zéro);XXX-Italien Guech débutant A1;16;EFFCALCU vide, nul ou contradictoire pour cette séance. Elle est exclue des taux de remplissage et, si elle est dans un amphi LET, elle n'est pas reportée.
effectif inexploitable (effectif absent ou égal à zéro);XXX-Italien Guechch A2;18;EFFCALCU vide, nul ou contradictoire pour cette séance. Elle est exclue des taux de remplissage et, si elle est dans un amphi LET, elle n'est pas reportée.
effectif inexploitable (effectif absent ou égal à zéro);XXX-Italien Guechch B1;18;EFFCALCU vide, nul ou contradictoire pour cette séance. Elle est exclue des taux de remplissage et, si elle est dans un amphi LET, elle n'est pas reportée.
effectif inexploitable (effectif absent ou égal à zéro);XXX-Italien Guechch B2;18;EFFCALCU vide, nul ou contradictoire pour cette séance. Elle est exclue des taux de remplissage et, si elle est dans un amphi LET, elle n'est pas reportée.
effectif inexploitable (effectif absent ou égal à zéro);XXX-J-L Poueyto cult.;10;EFFCALCU vide, nul ou contradictoire pour cette séance. Elle est exclue des taux de remplissage et, si elle est dans un amphi LET, elle n'est pas reportée.
effectif inexploitable (effectif absent ou égal à zéro);XXX-J-L. Marsaud cult.;13;EFFCALCU vide, nul ou contradictoire pour cette séance. Elle est exclue des taux de remplissage et, si elle est dans un amphi LET, elle n'est pas reportée.
effectif inexploitable (effectif absent ou égal à zéro);XXX-J-M. Terrasse cult.;9;EFFCALCU vide, nul ou contradictoire pour cette séance. Elle est exclue des taux de remplissage et, si elle est dans un amphi LET, elle n'est pas reportée.
effectif inexploitable (effectif absent ou égal à zéro);XXX-JURY;3;EFFCALCU vide, nul ou contradictoire pour cette séance. Elle est exclue des taux de remplissage et, si elle est dans un amphi LET, elle n'est pas reportée.
effectif inexploitable (effectif absent ou égal à zéro);XXX-JURY M2;1;EFFCALCU vide, nul ou contradictoire pour cette séance. Elle est exclue des taux de remplissage et, si elle est dans un amphi LET, elle n'est pas reportée.
effectif inexploitable (effectif absent ou égal à zéro);XXX-Journées Immersion Lycéens;4;EFFCALCU vide, nul ou contradictoire pour cette séance. Elle est exclue des taux de remplissage et, si elle est dans un amphi LET, elle n'est pas reportée.
effectif inexploitable (effectif absent ou égal à zéro);XXX-L'alternance sans filtre;1;EFFCALCU vide, nul ou contradictoire pour cette séance. Elle est exclue des taux de remplissage et, si elle est dans un amphi LET, elle n'est pas reportée.
effectif inexploitable (effectif absent ou égal à zéro);XXX-LIREM-Theses;1;EFFCALCU vide, nul ou contradictoire pour cette séance. Elle est exclue des taux de remplissage et, si elle est dans un amphi LET, elle n'est pas reportée.
effectif inexploitable (effectif absent ou égal à zéro);XXX-Langue hiérogyphique;16;EFFCALCU vide, nul ou contradictoire pour cette séance. Elle est exclue des taux de remplissage et, si elle est dans un amphi LET, elle n'est pas reportée.
effectif inexploitable (effectif absent ou égal à zéro);XXX-Latin Mme Guyon Niv. 1-2;38;EFFCALCU vide, nul ou contradictoire pour cette séance. Elle est exclue des taux de remplissage et, si elle est dans un amphi LET, elle n'est pas reportée.
effectif inexploitable (effectif absent ou égal à zéro);XXX-Latin Mme Guyon Niv. 4;10;EFFCALCU vide, nul ou contradictoire pour cette séance. Elle est exclue des taux de remplissage et, si elle est dans un amphi LET, elle n'est pas reportée.
effectif inexploitable (effectif absent ou égal à zéro);XXX-Maintenance DN;1;EFFCALCU vide, nul ou contradictoire pour cette séance. Elle est exclue des taux de remplissage et, si elle est dans un amphi LET, elle n'est pas reportée.
effectif inexploitable (effectif absent ou égal à zéro);XXX-Noël Solidaire;1;EFFCALCU vide, nul ou contradictoire pour cette séance. Elle est exclue des taux de remplissage et, si elle est dans un amphi LET, elle n'est pas reportée.
effectif inexploitable (effectif absent ou égal à zéro);XXX-Numerical simulation tools;1;EFFCALCU vide, nul ou contradictoire pour cette séance. Elle est exclue des taux de remplissage et, si elle est dans un amphi LET, elle n'est pas reportée.
effectif inexploitable (effectif absent ou égal à zéro);XXX-O. Campillo cult.;10;EFFCALCU vide, nul ou contradictoire pour cette séance. Elle est exclue des taux de remplissage et, si elle est dans un amphi LET, elle n'est pas reportée.
effectif inexploitable (effectif absent ou égal à zéro);XXX-ORAL Rattrapage L2 AES;1;EFFCALCU vide, nul ou contradictoire pour cette séance. Elle est exclue des taux de remplissage et, si elle est dans un amphi LET, elle n'est pas reportée.
effectif inexploitable (effectif absent ou égal à zéro);XXX-Occitan;20;EFFCALCU vide, nul ou contradictoire pour cette séance. Elle est exclue des taux de remplissage et, si elle est dans un amphi LET, elle n'est pas reportée.
effectif inexploitable (effectif absent ou égal à zéro);XXX-Oral Etat A. Danton;1;EFFCALCU vide, nul ou contradictoire pour cette séance. Elle est exclue des taux de remplissage et, si elle est dans un amphi LET, elle n'est pas reportée.
effectif inexploitable (effectif absent ou égal à zéro);XXX-P-H Ardonceau cult.;17;EFFCALCU vide, nul ou contradictoire pour cette séance. Elle est exclue des taux de remplissage et, si elle est dans un amphi LET, elle n'est pas reportée.
effectif inexploitable (effectif absent ou égal à zéro);XXX-PRESENTATION SCUIO;1;EFFCALCU vide, nul ou contradictoire pour cette séance. Elle est exclue des taux de remplissage et, si elle est dans un amphi LET, elle n'est pas reportée.
effectif inexploitable (effectif absent ou égal à zéro);XXX-Poursuites d'études;1;EFFCALCU vide, nul ou contradictoire pour cette séance. Elle est exclue des taux de remplissage et, si elle est dans un amphi LET, elle n'est pas reportée.
effectif inexploitable (effectif absent ou égal à zéro);XXX-Présentation DIFCAM;1;EFFCALCU vide, nul ou contradictoire pour cette séance. Elle est exclue des taux de remplissage et, si elle est dans un amphi LET, elle n'est pas reportée.
effectif inexploitable (effectif absent ou égal à zéro);XXX-Présentation Formation;4;EFFCALCU vide, nul ou contradictoire pour cette séance. Elle est exclue des taux de remplissage et, si elle est dans un amphi LET, elle n'est pas reportée.
effectif inexploitable (effectif absent ou égal à zéro);XXX-Présentation Licence;2;EFFCALCU vide, nul ou contradictoire pour cette séance. Elle est exclue des taux de remplissage et, si elle est dans un amphi LET, elle n'est pas reportée.
effectif inexploitable (effectif absent ou égal à zéro);XXX-Puzzle du Climat;1;EFFCALCU vide, nul ou contradictoire pour cette séance. Elle est exclue des taux de remplissage et, si elle est dans un amphi LET, elle n'est pas reportée.
effectif inexploitable (effectif absent ou égal à zéro);XXX-R. Pineau cult.;11;EFFCALCU vide, nul ou contradictoire pour cette séance. Elle est exclue des taux de remplissage et, si elle est dans un amphi LET, elle n'est pas reportée.
effectif inexploitable (effectif absent ou égal à zéro);XXX-RESA-PRESIDENCE;1;EFFCALCU vide, nul ou contradictoire pour cette séance. Elle est exclue des taux de remplissage et, si elle est dans un amphi LET, elle n'est pas reportée.
effectif inexploitable (effectif absent ou égal à zéro);XXX-REUNION AVEC RP;1;EFFCALCU vide, nul ou contradictoire pour cette séance. Elle est exclue des taux de remplissage et, si elle est dans un amphi LET, elle n'est pas reportée.
effectif inexploitable (effectif absent ou égal à zéro);XXX-Rattrapage CC;26;EFFCALCU vide, nul ou contradictoire pour cette séance. Elle est exclue des taux de remplissage et, si elle est dans un amphi LET, elle n'est pas reportée.
effectif inexploitable (effectif absent ou égal à zéro);XXX-Rattrapage DS Ancienne;1;EFFCALCU vide, nul ou contradictoire pour cette séance. Elle est exclue des taux de remplissage et, si elle est dans un amphi LET, elle n'est pas reportée.
effectif inexploitable (effectif absent ou égal à zéro);XXX-Rattrapage Examen CC;10;EFFCALCU vide, nul ou contradictoire pour cette séance. Elle est exclue des taux de remplissage et, si elle est dans un amphi LET, elle n'est pas reportée.
effectif inexploitable (effectif absent ou égal à zéro);XXX-Rattrapage_examen_L_Socio;2;EFFCALCU vide, nul ou contradictoire pour cette séance. Elle est exclue des taux de remplissage et, si elle est dans un amphi LET, elle n'est pas reportée.
effectif inexploitable (effectif absent ou égal à zéro);XXX-Regroupement DAEU B;1;EFFCALCU vide, nul ou contradictoire pour cette séance. Elle est exclue des taux de remplissage et, si elle est dans un amphi LET, elle n'est pas reportée.
effectif inexploitable (effectif absent ou égal à zéro);XXX-Russe Mme Bérot-Inard A2;7;EFFCALCU vide, nul ou contradictoire pour cette séance. Elle est exclue des taux de remplissage et, si elle est dans un amphi LET, elle n'est pas reportée.
effectif inexploitable (effectif absent ou égal à zéro);XXX-Russe Mme Bérot-Inard A2B1;7;EFFCALCU vide, nul ou contradictoire pour cette séance. Elle est exclue des taux de remplissage et, si elle est dans un amphi LET, elle n'est pas reportée.
effectif inexploitable (effectif absent ou égal à zéro);XXX-Russe MmeBérot Inard B1B2;7;EFFCALCU vide, nul ou contradictoire pour cette séance. Elle est exclue des taux de remplissage et, si elle est dans un amphi LET, elle n'est pas reportée.
effectif inexploitable (effectif absent ou égal à zéro);XXX-Résa 2025 chaire MOVE;1;EFFCALCU vide, nul ou contradictoire pour cette séance. Elle est exclue des taux de remplissage et, si elle est dans un amphi LET, elle n'est pas reportée.
effectif inexploitable (effectif absent ou égal à zéro);XXX-Réserva_salles_pontuelles;1;EFFCALCU vide, nul ou contradictoire pour cette séance. Elle est exclue des taux de remplissage et, si elle est dans un amphi LET, elle n'est pas reportée.
effectif inexploitable (effectif absent ou égal à zéro);XXX-Réservation;1;EFFCALCU vide, nul ou contradictoire pour cette séance. Elle est exclue des taux de remplissage et, si elle est dans un amphi LET, elle n'est pas reportée.
effectif inexploitable (effectif absent ou égal à zéro);XXX-Réservation UET MDE;1;EFFCALCU vide, nul ou contradictoire pour cette séance. Elle est exclue des taux de remplissage et, si elle est dans un amphi LET, elle n'est pas reportée.
effectif inexploitable (effectif absent ou égal à zéro);XXX-Réservation de salle;188;EFFCALCU vide, nul ou contradictoire pour cette séance. Elle est exclue des taux de remplissage et, si elle est dans un amphi LET, elle n'est pas reportée.
effectif inexploitable (effectif absent ou égal à zéro);XXX-Réservation de salles;578;EFFCALCU vide, nul ou contradictoire pour cette séance. Elle est exclue des taux de remplissage et, si elle est dans un amphi LET, elle n'est pas reportée.
effectif inexploitable (effectif absent ou égal à zéro);XXX-Réservation_Amphi;2;EFFCALCU vide, nul ou contradictoire pour cette séance. Elle est exclue des taux de remplissage et, si elle est dans un amphi LET, elle n'est pas reportée.
effectif inexploitable (effectif absent ou égal à zéro);XXX-Réservation_salle_L_Géo;3;EFFCALCU vide, nul ou contradictoire pour cette séance. Elle est exclue des taux de remplissage et, si elle est dans un amphi LET, elle n'est pas reportée.
effectif inexploitable (effectif absent ou égal à zéro);XXX-Réunion;9;EFFCALCU vide, nul ou contradictoire pour cette séance. Elle est exclue des taux de remplissage et, si elle est dans un amphi LET, elle n'est pas reportée.
effectif inexploitable (effectif absent ou égal à zéro);XXX-Réunion Anglais CRL;2;EFFCALCU vide, nul ou contradictoire pour cette séance. Elle est exclue des taux de remplissage et, si elle est dans un amphi LET, elle n'est pas reportée.
effectif inexploitable (effectif absent ou égal à zéro);XXX-Réunion CA;13;EFFCALCU vide, nul ou contradictoire pour cette séance. Elle est exclue des taux de remplissage et, si elle est dans un amphi LET, elle n'est pas reportée.
effectif inexploitable (effectif absent ou égal à zéro);XXX-Réunion CE M.Réchin;1;EFFCALCU vide, nul ou contradictoire pour cette séance. Elle est exclue des taux de remplissage et, si elle est dans un amphi LET, elle n'est pas reportée.
effectif inexploitable (effectif absent ou égal à zéro);XXX-Réunion CRL périmètre SSH;1;EFFCALCU vide, nul ou contradictoire pour cette séance. Elle est exclue des taux de remplissage et, si elle est dans un amphi LET, elle n'est pas reportée.
effectif inexploitable (effectif absent ou égal à zéro);XXX-Réunion DIFCAM;1;EFFCALCU vide, nul ou contradictoire pour cette séance. Elle est exclue des taux de remplissage et, si elle est dans un amphi LET, elle n'est pas reportée.
effectif inexploitable (effectif absent ou égal à zéro);XXX-Réunion Département Anglai;1;EFFCALCU vide, nul ou contradictoire pour cette séance. Elle est exclue des taux de remplissage et, si elle est dans un amphi LET, elle n'est pas reportée.
effectif inexploitable (effectif absent ou égal à zéro);XXX-Réunion EDUSIGN Dir. IUT;1;EFFCALCU vide, nul ou contradictoire pour cette séance. Elle est exclue des taux de remplissage et, si elle est dans un amphi LET, elle n'est pas reportée.
effectif inexploitable (effectif absent ou égal à zéro);XXX-Réunion Fondation ISA BTP;1;EFFCALCU vide, nul ou contradictoire pour cette séance. Elle est exclue des taux de remplissage et, si elle est dans un amphi LET, elle n'est pas reportée.
effectif inexploitable (effectif absent ou égal à zéro);XXX-Réunion H. Art;3;EFFCALCU vide, nul ou contradictoire pour cette séance. Elle est exclue des taux de remplissage et, si elle est dans un amphi LET, elle n'est pas reportée.
effectif inexploitable (effectif absent ou égal à zéro);XXX-Réunion L Histoire 12-03;1;EFFCALCU vide, nul ou contradictoire pour cette séance. Elle est exclue des taux de remplissage et, si elle est dans un amphi LET, elle n'est pas reportée.
effectif inexploitable (effectif absent ou égal à zéro);XXX-Réunion Licence Histoire;1;EFFCALCU vide, nul ou contradictoire pour cette séance. Elle est exclue des taux de remplissage et, si elle est dans un amphi LET, elle n'est pas reportée.
effectif inexploitable (effectif absent ou égal à zéro);XXX-Réunion UNITA;3;EFFCALCU vide, nul ou contradictoire pour cette séance. Elle est exclue des taux de remplissage et, si elle est dans un amphi LET, elle n'est pas reportée.
effectif inexploitable (effectif absent ou égal à zéro);XXX-Réunion de mention Hist.;1;EFFCALCU vide, nul ou contradictoire pour cette séance. Elle est exclue des taux de remplissage et, si elle est dans un amphi LET, elle n'est pas reportée.
effectif inexploitable (effectif absent ou égal à zéro);XXX-Réunion info Erasmus+;1;EFFCALCU vide, nul ou contradictoire pour cette séance. Elle est exclue des taux de remplissage et, si elle est dans un amphi LET, elle n'est pas reportée.
effectif inexploitable (effectif absent ou égal à zéro);XXX-Réunion montagne;1;EFFCALCU vide, nul ou contradictoire pour cette séance. Elle est exclue des taux de remplissage et, si elle est dans un amphi LET, elle n'est pas reportée.
effectif inexploitable (effectif absent ou égal à zéro);XXX-Réunion pour la Sociologie;2;EFFCALCU vide, nul ou contradictoire pour cette séance. Elle est exclue des taux de remplissage et, si elle est dans un amphi LET, elle n'est pas reportée.
effectif inexploitable (effectif absent ou égal à zéro);XXX-Réunion_Accueil_doctorants;1;EFFCALCU vide, nul ou contradictoire pour cette séance. Elle est exclue des taux de remplissage et, si elle est dans un amphi LET, elle n'est pas reportée.
effectif inexploitable (effectif absent ou égal à zéro);XXX-Réunion_RINGS;11;EFFCALCU vide, nul ou contradictoire pour cette séance. Elle est exclue des taux de remplissage et, si elle est dans un amphi LET, elle n'est pas reportée.
effectif inexploitable (effectif absent ou égal à zéro);XXX-SOUTENANCE;2;EFFCALCU vide, nul ou contradictoire pour cette séance. Elle est exclue des taux de remplissage et, si elle est dans un amphi LET, elle n'est pas reportée.
effectif inexploitable (effectif absent ou égal à zéro);XXX-SOUTENANCES-M2-ALI;6;EFFCALCU vide, nul ou contradictoire pour cette séance. Elle est exclue des taux de remplissage et, si elle est dans un amphi LET, elle n'est pas reportée.
effectif inexploitable (effectif absent ou égal à zéro);XXX-STAPS Bordeaux;59;EFFCALCU vide, nul ou contradictoire pour cette séance. Elle est exclue des taux de remplissage et, si elle est dans un amphi LET, elle n'est pas reportée.
effectif inexploitable (effectif absent ou égal à zéro);XXX-Salle à part - Examen CC;22;EFFCALCU vide, nul ou contradictoire pour cette séance. Elle est exclue des taux de remplissage et, si elle est dans un amphi LET, elle n'est pas reportée.
effectif inexploitable (effectif absent ou égal à zéro);XXX-Soutenance projets;1;EFFCALCU vide, nul ou contradictoire pour cette séance. Elle est exclue des taux de remplissage et, si elle est dans un amphi LET, elle n'est pas reportée.
effectif inexploitable (effectif absent ou égal à zéro);XXX-Soutenance thèse;1;EFFCALCU vide, nul ou contradictoire pour cette séance. Elle est exclue des taux de remplissage et, si elle est dans un amphi LET, elle n'est pas reportée.
effectif inexploitable (effectif absent ou égal à zéro);XXX-Suivi stages;1;EFFCALCU vide, nul ou contradictoire pour cette séance. Elle est exclue des taux de remplissage et, si elle est dans un amphi LET, elle n'est pas reportée.
effectif inexploitable (effectif absent ou égal à zéro);XXX-Séminaire;8;EFFCALCU vide, nul ou contradictoire pour cette séance. Elle est exclue des taux de remplissage et, si elle est dans un amphi LET, elle n'est pas reportée.
effectif inexploitable (effectif absent ou égal à zéro);XXX-Tiers temps Lettres;2;EFFCALCU vide, nul ou contradictoire pour cette séance. Elle est exclue des taux de remplissage et, si elle est dans un amphi LET, elle n'est pas reportée.
effectif inexploitable (effectif absent ou égal à zéro);XXX-Tuteur-Autisme;1;EFFCALCU vide, nul ou contradictoire pour cette séance. Elle est exclue des taux de remplissage et, si elle est dans un amphi LET, elle n'est pas reportée.
effectif inexploitable (effectif absent ou égal à zéro);XXX-Tutorat Maths;27;EFFCALCU vide, nul ou contradictoire pour cette séance. Elle est exclue des taux de remplissage et, si elle est dans un amphi LET, elle n'est pas reportée.
effectif inexploitable (effectif absent ou égal à zéro);XXX-Tutorat_L1 Socio;1;EFFCALCU vide, nul ou contradictoire pour cette séance. Elle est exclue des taux de remplissage et, si elle est dans un amphi LET, elle n'est pas reportée.
effectif inexploitable (effectif absent ou égal à zéro);XXX-UPPA DFTLV;1;EFFCALCU vide, nul ou contradictoire pour cette séance. Elle est exclue des taux de remplissage et, si elle est dans un amphi LET, elle n'est pas reportée.
effectif inexploitable (effectif absent ou égal à zéro);XXX-V. Renault cult.;10;EFFCALCU vide, nul ou contradictoire pour cette séance. Elle est exclue des taux de remplissage et, si elle est dans un amphi LET, elle n'est pas reportée.
effectif inexploitable (effectif absent ou égal à zéro);XXX-VHSS;1;EFFCALCU vide, nul ou contradictoire pour cette séance. Elle est exclue des taux de remplissage et, si elle est dans un amphi LET, elle n'est pas reportée.
effectif inexploitable (effectif absent ou égal à zéro);XXX-jury VAE;2;EFFCALCU vide, nul ou contradictoire pour cette séance. Elle est exclue des taux de remplissage et, si elle est dans un amphi LET, elle n'est pas reportée.
effectif inexploitable (effectif absent ou égal à zéro);XXX-projet ACCES;1;EFFCALCU vide, nul ou contradictoire pour cette séance. Elle est exclue des taux de remplissage et, si elle est dans un amphi LET, elle n'est pas reportée.
effectif inexploitable (effectif absent ou égal à zéro);XXXGuyon latin niv3;10;EFFCALCU vide, nul ou contradictoire pour cette séance. Elle est exclue des taux de remplissage et, si elle est dans un amphi LET, elle n'est pas reportée.
effectif inexploitable (effectif absent ou égal à zéro);XXX_AMETYS;1;EFFCALCU vide, nul ou contradictoire pour cette séance. Elle est exclue des taux de remplissage et, si elle est dans un amphi LET, elle n'est pas reportée.
effectif inexploitable (effectif absent ou égal à zéro);XXX_Blocage;2;EFFCALCU vide, nul ou contradictoire pour cette séance. Elle est exclue des taux de remplissage et, si elle est dans un amphi LET, elle n'est pas reportée.
effectif inexploitable (effectif absent ou égal à zéro);XXX_Blocage_Frédéric;1;EFFCALCU vide, nul ou contradictoire pour cette séance. Elle est exclue des taux de remplissage et, si elle est dans un amphi LET, elle n'est pas reportée.
effectif inexploitable (effectif absent ou égal à zéro);XXX_Convenance de service ISA;6;EFFCALCU vide, nul ou contradictoire pour cette séance. Elle est exclue des taux de remplissage et, si elle est dans un amphi LET, elle n'est pas reportée.
effectif inexploitable (effectif absent ou égal à zéro);XXX_HUMANISA_27;1;EFFCALCU vide, nul ou contradictoire pour cette séance. Elle est exclue des taux de remplissage et, si elle est dans un amphi LET, elle n'est pas reportée.
effectif inexploitable (effectif absent ou égal à zéro);XXX_Irekia Comité Opérationnel;7;EFFCALCU vide, nul ou contradictoire pour cette séance. Elle est exclue des taux de remplissage et, si elle est dans un amphi LET, elle n'est pas reportée.
effectif inexploitable (effectif absent ou égal à zéro);XXX_Irekia Réunion équipe;2;EFFCALCU vide, nul ou contradictoire pour cette séance. Elle est exclue des taux de remplissage et, si elle est dans un amphi LET, elle n'est pas reportée.
effectif inexploitable (effectif absent ou égal à zéro);XXX_Oraux_Recrutement_ISA3_4;2;EFFCALCU vide, nul ou contradictoire pour cette séance. Elle est exclue des taux de remplissage et, si elle est dans un amphi LET, elle n'est pas reportée.
effectif inexploitable (effectif absent ou égal à zéro);XXX_Oraux_recrutement_ISA1;1;EFFCALCU vide, nul ou contradictoire pour cette séance. Elle est exclue des taux de remplissage et, si elle est dans un amphi LET, elle n'est pas reportée.
effectif inexploitable (effectif absent ou égal à zéro);XXX_Point équipe IREKIA;23;EFFCALCU vide, nul ou contradictoire pour cette séance. Elle est exclue des taux de remplissage et, si elle est dans un amphi LET, elle n'est pas reportée.
effectif inexploitable (effectif absent ou égal à zéro);XXX_Présentation_ISALAB;1;EFFCALCU vide, nul ou contradictoire pour cette séance. Elle est exclue des taux de remplissage et, si elle est dans un amphi LET, elle n'est pas reportée.
effectif inexploitable (effectif absent ou égal à zéro);XXX_RDV_AOA_L1_Géo;2;EFFCALCU vide, nul ou contradictoire pour cette séance. Elle est exclue des taux de remplissage et, si elle est dans un amphi LET, elle n'est pas reportée.
effectif inexploitable (effectif absent ou égal à zéro);XXX_Recrutement ISA BTP;1;EFFCALCU vide, nul ou contradictoire pour cette séance. Elle est exclue des taux de remplissage et, si elle est dans un amphi LET, elle n'est pas reportée.
effectif inexploitable (effectif absent ou égal à zéro);XXX_Réservation Salle ISALAB;122;EFFCALCU vide, nul ou contradictoire pour cette séance. Elle est exclue des taux de remplissage et, si elle est dans un amphi LET, elle n'est pas reportée.
effectif inexploitable (effectif absent ou égal à zéro);XXX_Tiers-Temps ISA BTP;1;EFFCALCU vide, nul ou contradictoire pour cette séance. Elle est exclue des taux de remplissage et, si elle est dans un amphi LET, elle n'est pas reportée.
effectif inexploitable (effectif absent ou égal à zéro);arabe Mme Al Mukdad débutant 1;16;EFFCALCU vide, nul ou contradictoire pour cette séance. Elle est exclue des taux de remplissage et, si elle est dans un amphi LET, elle n'est pas reportée.
effectif inexploitable (effectif absent ou égal à zéro);cours  erasmus A2 groupe 3;21;EFFCALCU vide, nul ou contradictoire pour cette séance. Elle est exclue des taux de remplissage et, si elle est dans un amphi LET, elle n'est pas reportée.
effectif inexploitable (effectif absent ou égal à zéro);cours earsmus A1;21;EFFCALCU vide, nul ou contradictoire pour cette séance. Elle est exclue des taux de remplissage et, si elle est dans un amphi LET, elle n'est pas reportée.
effectif inexploitable (effectif absent ou égal à zéro);cours earsmus A2 groupe 2;22;EFFCALCU vide, nul ou contradictoire pour cette séance. Elle est exclue des taux de remplissage et, si elle est dans un amphi LET, elle n'est pas reportée.
effectif inexploitable (effectif absent ou égal à zéro);cours easmus B1 groupe 5;22;EFFCALCU vide, nul ou contradictoire pour cette séance. Elle est exclue des taux de remplissage et, si elle est dans un amphi LET, elle n'est pas reportée.
effectif inexploitable (effectif absent ou égal à zéro);cours erasmus B1 groupe 4;21;EFFCALCU vide, nul ou contradictoire pour cette séance. Elle est exclue des taux de remplissage et, si elle est dans un amphi LET, elle n'est pas reportée.
effectif inexploitable (effectif absent ou égal à zéro);cours erasmus B2 groupe 6;11;EFFCALCU vide, nul ou contradictoire pour cette séance. Elle est exclue des taux de remplissage et, si elle est dans un amphi LET, elle n'est pas reportée.
effectif inexploitable (effectif absent ou égal à zéro);cours erasmus B2 groupe 7;10;EFFCALCU vide, nul ou contradictoire pour cette séance. Elle est exclue des taux de remplissage et, si elle est dans un amphi LET, elle n'est pas reportée.
effectif inexploitable (effectif absent ou égal à zéro);cours erasmus B2 groupe 8;11;EFFCALCU vide, nul ou contradictoire pour cette séance. Elle est exclue des taux de remplissage et, si elle est dans un amphi LET, elle n'est pas reportée.
effectif inexploitable (effectif absent ou égal à zéro);cours erasmus C1/C2 groupe 9;11;EFFCALCU vide, nul ou contradictoire pour cette séance. Elle est exclue des taux de remplissage et, si elle est dans un amphi LET, elle n'est pas reportée.
effectif inexploitable (effectif absent ou égal à zéro);intercompréhension;5;EFFCALCU vide, nul ou contradictoire pour cette séance. Elle est exclue des taux de remplissage et, si elle est dans un amphi LET, elle n'est pas reportée.
effectif inexploitable (effectif absent ou égal à zéro);les moyens financiers;1;EFFCALCU vide, nul ou contradictoire pour cette séance. Elle est exclue des taux de remplissage et, si elle est dans un amphi LET, elle n'est pas reportée.
effectif inexploitable (effectif absent ou égal à zéro);phonétique;11;EFFCALCU vide, nul ou contradictoire pour cette séance. Elle est exclue des taux de remplissage et, si elle est dans un amphi LET, elle n'est pas reportée.
effectif inexploitable (effectif absent ou égal à zéro);rattrapage;4;EFFCALCU vide, nul ou contradictoire pour cette séance. Elle est exclue des taux de remplissage et, si elle est dans un amphi LET, elle n'est pas reportée.
effectif inexploitable (effectif absent ou égal à zéro);rattrapage oral;1;EFFCALCU vide, nul ou contradictoire pour cette séance. Elle est exclue des taux de remplissage et, si elle est dans un amphi LET, elle n'est pas reportée.
effectif inexploitable (effectif absent ou égal à zéro);réunion Master FLE;4;EFFCALCU vide, nul ou contradictoire pour cette séance. Elle est exclue des taux de remplissage et, si elle est dans un amphi LET, elle n'est pas reportée.
effectif inexploitable (effectif absent ou égal à zéro);réunions LEA;31;EFFCALCU vide, nul ou contradictoire pour cette séance. Elle est exclue des taux de remplissage et, si elle est dans un amphi LET, elle n'est pas reportée.
effectif inexploitable (effectif absent ou égal à zéro);soutenance Master FLE;1;EFFCALCU vide, nul ou contradictoire pour cette séance. Elle est exclue des taux de remplissage et, si elle est dans un amphi LET, elle n'est pas reportée.
effectif inexploitable (effectif absent ou égal à zéro);stage ingénieur;1;EFFCALCU vide, nul ou contradictoire pour cette séance. Elle est exclue des taux de remplissage et, si elle est dans un amphi LET, elle n'est pas reportée.
effectif inexploitable (effectif absent ou égal à zéro);xxx - Contrôle continu;2;EFFCALCU vide, nul ou contradictoire pour cette séance. Elle est exclue des taux de remplissage et, si elle est dans un amphi LET, elle n'est pas reportée.
effectif inexploitable (effectif absent ou égal à zéro);xxx - processus d'émergence;7;EFFCALCU vide, nul ou contradictoire pour cette séance. Elle est exclue des taux de remplissage et, si elle est dans un amphi LET, elle n'est pas reportée.
effectif inexploitable (effectif absent ou égal à zéro);xxx Soutenance M1 HA;1;EFFCALCU vide, nul ou contradictoire pour cette séance. Elle est exclue des taux de remplissage et, si elle est dans un amphi LET, elle n'est pas reportée.
effectif inexploitable (effectif absent ou égal à zéro);xxx- Devoir Analyse image;2;EFFCALCU vide, nul ou contradictoire pour cette séance. Elle est exclue des taux de remplissage et, si elle est dans un amphi LET, elle n'est pas reportée.
effectif inexploitable (effectif absent ou égal à zéro);xxx-AAP Recherche;1;EFFCALCU vide, nul ou contradictoire pour cette séance. Elle est exclue des taux de remplissage et, si elle est dans un amphi LET, elle n'est pas reportée.
effectif inexploitable (effectif absent ou égal à zéro);xxx-Assemblée Générale;1;EFFCALCU vide, nul ou contradictoire pour cette séance. Elle est exclue des taux de remplissage et, si elle est dans un amphi LET, elle n'est pas reportée.
effectif inexploitable (effectif absent ou égal à zéro);xxx-CHUPPA;1;EFFCALCU vide, nul ou contradictoire pour cette séance. Elle est exclue des taux de remplissage et, si elle est dans un amphi LET, elle n'est pas reportée.
effectif inexploitable (effectif absent ou égal à zéro);xxx-EVENEMENTS EEI;14;EFFCALCU vide, nul ou contradictoire pour cette séance. Elle est exclue des taux de remplissage et, si elle est dans un amphi LET, elle n'est pas reportée.
effectif inexploitable (effectif absent ou égal à zéro);xxx-Evènements UPPA - EEI;4;EFFCALCU vide, nul ou contradictoire pour cette séance. Elle est exclue des taux de remplissage et, si elle est dans un amphi LET, elle n'est pas reportée.
effectif inexploitable (effectif absent ou égal à zéro);xxx-Hist.Art;4;EFFCALCU vide, nul ou contradictoire pour cette séance. Elle est exclue des taux de remplissage et, si elle est dans un amphi LET, elle n'est pas reportée.
effectif inexploitable (effectif absent ou égal à zéro);xxx-JIL SCUIO;4;EFFCALCU vide, nul ou contradictoire pour cette séance. Elle est exclue des taux de remplissage et, si elle est dans un amphi LET, elle n'est pas reportée.
effectif inexploitable (effectif absent ou égal à zéro);xxx-Jeudi d'ITEM;1;EFFCALCU vide, nul ou contradictoire pour cette séance. Elle est exclue des taux de remplissage et, si elle est dans un amphi LET, elle n'est pas reportée.
effectif inexploitable (effectif absent ou égal à zéro);xxx-Réservation (EEI);187;EFFCALCU vide, nul ou contradictoire pour cette séance. Elle est exclue des taux de remplissage et, si elle est dans un amphi LET, elle n'est pas reportée.
effectif inexploitable (effectif absent ou égal à zéro);xxx-Réservation extérieure EEI;90;EFFCALCU vide, nul ou contradictoire pour cette séance. Elle est exclue des taux de remplissage et, si elle est dans un amphi LET, elle n'est pas reportée.
effectif inexploitable (effectif absent ou égal à zéro);xxx-UPPA & Parcours Jeunes;1;EFFCALCU vide, nul ou contradictoire pour cette séance. Elle est exclue des taux de remplissage et, si elle est dans un amphi LET, elle n'est pas reportée.
effectif inexploitable (effectif absent ou égal à zéro);xxx-info sup 26;1;EFFCALCU vide, nul ou contradictoire pour cette séance. Elle est exclue des taux de remplissage et, si elle est dans un amphi LET, elle n'est pas reportée.
effectif inexploitable (effectif absent ou égal à zéro);xxxRéunion;1;EFFCALCU vide, nul ou contradictoire pour cette séance. Elle est exclue des taux de remplissage et, si elle est dans un amphi LET, elle n'est pas reportée.
effectif inexploitable (effectif absent ou égal à zéro);xxx_Conseil Scientifique ISA;1;EFFCALCU vide, nul ou contradictoire pour cette séance. Elle est exclue des taux de remplissage et, si elle est dans un amphi LET, elle n'est pas reportée.
effectif inexploitable (effectif absent ou égal à zéro);xxx_Projet de synthèse ISA5;10;EFFCALCU vide, nul ou contradictoire pour cette séance. Elle est exclue des taux de remplissage et, si elle est dans un amphi LET, elle n'est pas reportée.
effectif inexploitable (effectif absent ou égal à zéro);xxxl'oeil critique Galinon;2;EFFCALCU vide, nul ou contradictoire pour cette séance. Elle est exclue des taux de remplissage et, si elle est dans un amphi LET, elle n'est pas reportée.
effectif inexploitable (effectif absent ou égal à zéro);Économie internationale 1;3;EFFCALCU vide, nul ou contradictoire pour cette séance. Elle est exclue des taux de remplissage et, si elle est dans un amphi LET, elle n'est pas reportée.
effectif inexploitable (effectif absent ou égal à zéro);Économétrie appliquée;1;EFFCALCU vide, nul ou contradictoire pour cette séance. Elle est exclue des taux de remplissage et, si elle est dans un amphi LET, elle n'est pas reportée.
effectif inexploitable (effectif absent ou égal à zéro);Épreuve de Substitution;5;EFFCALCU vide, nul ou contradictoire pour cette séance. Elle est exclue des taux de remplissage et, si elle est dans un amphi LET, elle n'est pas reportée.
effectif EFFCALCU supérieur à la capacité de la salle;Amphi (STAP-00) · ERASMUS DAYS;1;Effectif supérieur à la capacité de la salle dans EXP_SALLE : donnée à vérifier (capacité obsolète ou effectif cumulé). La séance est conservée telle quelle.
effectif EFFCALCU supérieur à la capacité de la salle;Amphi 2 (LET-00) · XXX-Réunion information L1/L2;1;Effectif supérieur à la capacité de la salle dans EXP_SALLE : donnée à vérifier (capacité obsolète ou effectif cumulé). La séance est conservée telle quelle.
effectif EFFCALCU supérieur à la capacité de la salle;Amphi 40 (EC3-00) · 12 Intro. droit constit.;1;Effectif supérieur à la capacité de la salle dans EXP_SALLE : donnée à vérifier (capacité obsolète ou effectif cumulé). La séance est conservée telle quelle.
effectif EFFCALCU supérieur à la capacité de la salle;Amphi 40 (EC3-00) · 13 Intro. histor. droit;1;Effectif supérieur à la capacité de la salle dans EXP_SALLE : donnée à vérifier (capacité obsolète ou effectif cumulé). La séance est conservée telle quelle.
effectif EFFCALCU supérieur à la capacité de la salle;Amphi 40 (EC3-00) · 22 Droit constit.;1;Effectif supérieur à la capacité de la salle dans EXP_SALLE : donnée à vérifier (capacité obsolète ou effectif cumulé). La séance est conservée telle quelle.
effectif EFFCALCU supérieur à la capacité de la salle;Amphi 40 (EC3-00) · 42 Droit administratif;1;Effectif supérieur à la capacité de la salle dans EXP_SALLE : donnée à vérifier (capacité obsolète ou effectif cumulé). La séance est conservée telle quelle.
effectif EFFCALCU supérieur à la capacité de la salle;Amphi 40 (EC3-00) · Anglais (DT2 EEI);3;Effectif supérieur à la capacité de la salle dans EXP_SALLE : donnée à vérifier (capacité obsolète ou effectif cumulé). La séance est conservée telle quelle.
effectif EFFCALCU supérieur à la capacité de la salle;Amphi 40 (EC3-00) · Comptabilité;1;Effectif supérieur à la capacité de la salle dans EXP_SALLE : donnée à vérifier (capacité obsolète ou effectif cumulé). La séance est conservée telle quelle.
effectif EFFCALCU supérieur à la capacité de la salle;Amphi 40 (EC3-00) · Comptabilité analytique;1;Effectif supérieur à la capacité de la salle dans EXP_SALLE : donnée à vérifier (capacité obsolète ou effectif cumulé). La séance est conservée telle quelle.
effectif EFFCALCU supérieur à la capacité de la salle;Amphi 40 (EC3-00) · Conférence Master EEI;1;Effectif supérieur à la capacité de la salle dans EXP_SALLE : donnée à vérifier (capacité obsolète ou effectif cumulé). La séance est conservée telle quelle.
effectif EFFCALCU supérieur à la capacité de la salle;Amphi 40 (EC3-00) · Contentieux européens;2;Effectif supérieur à la capacité de la salle dans EXP_SALLE : donnée à vérifier (capacité obsolète ou effectif cumulé). La séance est conservée telle quelle.
effectif EFFCALCU supérieur à la capacité de la salle;Amphi 40 (EC3-00) · Derecho espanol;10;Effectif supérieur à la capacité de la salle dans EXP_SALLE : donnée à vérifier (capacité obsolète ou effectif cumulé). La séance est conservée telle quelle.
effectif EFFCALCU supérieur à la capacité de la salle;Amphi 40 (EC3-00) · Droit Europ Données personnell;6;Effectif supérieur à la capacité de la salle dans EXP_SALLE : donnée à vérifier (capacité obsolète ou effectif cumulé). La séance est conservée telle quelle.
effectif EFFCALCU supérieur à la capacité de la salle;Amphi 40 (EC3-00) · Droit Union europeenne;3;Effectif supérieur à la capacité de la salle dans EXP_SALLE : donnée à vérifier (capacité obsolète ou effectif cumulé). La séance est conservée telle quelle.
effectif EFFCALCU supérieur à la capacité de la salle;Amphi 40 (EC3-00) · Droit de l'environnement;1;Effectif supérieur à la capacité de la salle dans EXP_SALLE : donnée à vérifier (capacité obsolète ou effectif cumulé). La séance est conservée telle quelle.
effectif EFFCALCU supérieur à la capacité de la salle;Amphi 40 (EC3-00) · Droit des biens;8;Effectif supérieur à la capacité de la salle dans EXP_SALLE : donnée à vérifier (capacité obsolète ou effectif cumulé). La séance est conservée telle quelle.
effectif EFFCALCU supérieur à la capacité de la salle;Amphi 40 (EC3-00) · Droit des contrats spé.;2;Effectif supérieur à la capacité de la salle dans EXP_SALLE : donnée à vérifier (capacité obsolète ou effectif cumulé). La séance est conservée telle quelle.
effectif EFFCALCU supérieur à la capacité de la salle;Amphi 40 (EC3-00) · Droit des obligations;1;Effectif supérieur à la capacité de la salle dans EXP_SALLE : donnée à vérifier (capacité obsolète ou effectif cumulé). La séance est conservée telle quelle.
effectif EFFCALCU supérieur à la capacité de la salle;Amphi 40 (EC3-00) · Droit des sociétés CM S6;7;Effectif supérieur à la capacité de la salle dans EXP_SALLE : donnée à vérifier (capacité obsolète ou effectif cumulé). La séance est conservée telle quelle.
effectif EFFCALCU supérieur à la capacité de la salle;Amphi 40 (EC3-00) · Droit des sûretés CM;6;Effectif supérieur à la capacité de la salle dans EXP_SALLE : donnée à vérifier (capacité obsolète ou effectif cumulé). La séance est conservée telle quelle.
effectif EFFCALCU supérieur à la capacité de la salle;Amphi 40 (EC3-00) · Droit du Marché Intèrieur;3;Effectif supérieur à la capacité de la salle dans EXP_SALLE : donnée à vérifier (capacité obsolète ou effectif cumulé). La séance est conservée telle quelle.
effectif EFFCALCU supérieur à la capacité de la salle;Amphi 40 (EC3-00) · Droit du travail CM S6;7;Effectif supérieur à la capacité de la salle dans EXP_SALLE : donnée à vérifier (capacité obsolète ou effectif cumulé). La séance est conservée telle quelle.
effectif EFFCALCU supérieur à la capacité de la salle;Amphi 40 (EC3-00) · Droit fiscal;1;Effectif supérieur à la capacité de la salle dans EXP_SALLE : donnée à vérifier (capacité obsolète ou effectif cumulé). La séance est conservée telle quelle.
effectif EFFCALCU supérieur à la capacité de la salle;Amphi 40 (EC3-00) · Droit judiciaire privé CM;7;Effectif supérieur à la capacité de la salle dans EXP_SALLE : donnée à vérifier (capacité obsolète ou effectif cumulé). La séance est conservée telle quelle.
effectif EFFCALCU supérieur à la capacité de la salle;Amphi 40 (EC3-00) · Hist. art et culture visuelle;6;Effectif supérieur à la capacité de la salle dans EXP_SALLE : donnée à vérifier (capacité obsolète ou effectif cumulé). La séance est conservée telle quelle.
effectif EFFCALCU supérieur à la capacité de la salle;Amphi 40 (EC3-00) · Histoire de l'art S6;2;Effectif supérieur à la capacité de la salle dans EXP_SALLE : donnée à vérifier (capacité obsolète ou effectif cumulé). La séance est conservée telle quelle.
effectif EFFCALCU supérieur à la capacité de la salle;Amphi 40 (EC3-00) · Institutions admin.;1;Effectif supérieur à la capacité de la salle dans EXP_SALLE : donnée à vérifier (capacité obsolète ou effectif cumulé). La séance est conservée telle quelle.
effectif EFFCALCU supérieur à la capacité de la salle;Amphi 40 (EC3-00) · Introduction au droit;1;Effectif supérieur à la capacité de la salle dans EXP_SALLE : donnée à vérifier (capacité obsolète ou effectif cumulé). La séance est conservée telle quelle.
effectif EFFCALCU supérieur à la capacité de la salle;Amphi 40 (EC3-00) · Libertés fonda. CM S6;6;Effectif supérieur à la capacité de la salle dans EXP_SALLE : donnée à vérifier (capacité obsolète ou effectif cumulé). La séance est conservée telle quelle.
effectif EFFCALCU supérieur à la capacité de la salle;Amphi 40 (EC3-00) · Macro-économie 1;1;Effectif supérieur à la capacité de la salle dans EXP_SALLE : donnée à vérifier (capacité obsolète ou effectif cumulé). La séance est conservée telle quelle.
effectif EFFCALCU supérieur à la capacité de la salle;Amphi 40 (EC3-00) · Macro-économie 2;1;Effectif supérieur à la capacité de la salle dans EXP_SALLE : donnée à vérifier (capacité obsolète ou effectif cumulé). La séance est conservée telle quelle.
effectif EFFCALCU supérieur à la capacité de la salle;Amphi 40 (EC3-00) · Mathématiques 2;1;Effectif supérieur à la capacité de la salle dans EXP_SALLE : donnée à vérifier (capacité obsolète ou effectif cumulé). La séance est conservée telle quelle.
effectif EFFCALCU supérieur à la capacité de la salle;Amphi 40 (EC3-00) · Propriété intellectuelle;7;Effectif supérieur à la capacité de la salle dans EXP_SALLE : donnée à vérifier (capacité obsolète ou effectif cumulé). La séance est conservée telle quelle.
effectif EFFCALCU supérieur à la capacité de la salle;Amphi 40 (EC3-00) · Relations internationales;1;Effectif supérieur à la capacité de la salle dans EXP_SALLE : donnée à vérifier (capacité obsolète ou effectif cumulé). La séance est conservée telle quelle.
effectif EFFCALCU supérieur à la capacité de la salle;Amphi 40 (EC3-00) · Réunion d'information ERASMUS;1;Effectif supérieur à la capacité de la salle dans EXP_SALLE : donnée à vérifier (capacité obsolète ou effectif cumulé). La séance est conservée telle quelle.
effectif EFFCALCU supérieur à la capacité de la salle;Amphi 40 (EC3-00) · Sociologie 1;1;Effectif supérieur à la capacité de la salle dans EXP_SALLE : donnée à vérifier (capacité obsolète ou effectif cumulé). La séance est conservée telle quelle.
effectif EFFCALCU supérieur à la capacité de la salle;Amphi 40 (EC3-00) · Statistiques 2;1;Effectif supérieur à la capacité de la salle dans EXP_SALLE : donnée à vérifier (capacité obsolète ou effectif cumulé). La séance est conservée telle quelle.
effectif EFFCALCU supérieur à la capacité de la salle;Amphi 40 (EC3-00) · Syst. juridique européen;10;Effectif supérieur à la capacité de la salle dans EXP_SALLE : donnée à vérifier (capacité obsolète ou effectif cumulé). La séance est conservée telle quelle.
effectif EFFCALCU supérieur à la capacité de la salle;Amphi 400 (EC9-01) · 12 Intro. droit constit.;12;Effectif supérieur à la capacité de la salle dans EXP_SALLE : donnée à vérifier (capacité obsolète ou effectif cumulé). La séance est conservée telle quelle.
effectif EFFCALCU supérieur à la capacité de la salle;Amphi 400 (EC9-01) · Conférence Master EEI;3;Effectif supérieur à la capacité de la salle dans EXP_SALLE : donnée à vérifier (capacité obsolète ou effectif cumulé). La séance est conservée telle quelle.
effectif EFFCALCU supérieur à la capacité de la salle;Amphi 400 (EC9-01) · Conférences étudiantes;1;Effectif supérieur à la capacité de la salle dans EXP_SALLE : donnée à vérifier (capacité obsolète ou effectif cumulé). La séance est conservée telle quelle.
effectif EFFCALCU supérieur à la capacité de la salle;Amphi 400 (EC9-01) · Intro. aux droits européens;10;Effectif supérieur à la capacité de la salle dans EXP_SALLE : donnée à vérifier (capacité obsolète ou effectif cumulé). La séance est conservée telle quelle.
effectif EFFCALCU supérieur à la capacité de la salle;Amphi 400 (EC9-01) · Sciences politiques 1;1;Effectif supérieur à la capacité de la salle dans EXP_SALLE : donnée à vérifier (capacité obsolète ou effectif cumulé). La séance est conservée telle quelle.
effectif EFFCALCU supérieur à la capacité de la salle;Amphi 41 (EC3-00) · 12 Intro. droit constit.;1;Effectif supérieur à la capacité de la salle dans EXP_SALLE : donnée à vérifier (capacité obsolète ou effectif cumulé). La séance est conservée telle quelle.
effectif EFFCALCU supérieur à la capacité de la salle;Amphi 41 (EC3-00) · 43 Droit institut. UE;2;Effectif supérieur à la capacité de la salle dans EXP_SALLE : donnée à vérifier (capacité obsolète ou effectif cumulé). La séance est conservée telle quelle.
effectif EFFCALCU supérieur à la capacité de la salle;Amphi 41 (EC3-00) · Actualité économique;1;Effectif supérieur à la capacité de la salle dans EXP_SALLE : donnée à vérifier (capacité obsolète ou effectif cumulé). La séance est conservée telle quelle.
effectif EFFCALCU supérieur à la capacité de la salle;Amphi 41 (EC3-00) · Comptabilité;2;Effectif supérieur à la capacité de la salle dans EXP_SALLE : donnée à vérifier (capacité obsolète ou effectif cumulé). La séance est conservée telle quelle.
effectif EFFCALCU supérieur à la capacité de la salle;Amphi 41 (EC3-00) · Contentieux européens;2;Effectif supérieur à la capacité de la salle dans EXP_SALLE : donnée à vérifier (capacité obsolète ou effectif cumulé). La séance est conservée telle quelle.
effectif EFFCALCU supérieur à la capacité de la salle;Amphi 41 (EC3-00) · Derecho espanol;1;Effectif supérieur à la capacité de la salle dans EXP_SALLE : donnée à vérifier (capacité obsolète ou effectif cumulé). La séance est conservée telle quelle.
effectif EFFCALCU supérieur à la capacité de la salle;Amphi 41 (EC3-00) · Droit Europ Données personnell;2;Effectif supérieur à la capacité de la salle dans EXP_SALLE : donnée à vérifier (capacité obsolète ou effectif cumulé). La séance est conservée telle quelle.
effectif EFFCALCU supérieur à la capacité de la salle;Amphi 41 (EC3-00) · Droit Union europeenne;2;Effectif supérieur à la capacité de la salle dans EXP_SALLE : donnée à vérifier (capacité obsolète ou effectif cumulé). La séance est conservée telle quelle.
effectif EFFCALCU supérieur à la capacité de la salle;Amphi 41 (EC3-00) · Droit de l'environnement;2;Effectif supérieur à la capacité de la salle dans EXP_SALLE : donnée à vérifier (capacité obsolète ou effectif cumulé). La séance est conservée telle quelle.
effectif EFFCALCU supérieur à la capacité de la salle;Amphi 41 (EC3-00) · Droit des sociétés CM S6;1;Effectif supérieur à la capacité de la salle dans EXP_SALLE : donnée à vérifier (capacité obsolète ou effectif cumulé). La séance est conservée telle quelle.
effectif EFFCALCU supérieur à la capacité de la salle;Amphi 41 (EC3-00) · Droit du Marché Intèrieur;2;Effectif supérieur à la capacité de la salle dans EXP_SALLE : donnée à vérifier (capacité obsolète ou effectif cumulé). La séance est conservée telle quelle.
effectif EFFCALCU supérieur à la capacité de la salle;Amphi 41 (EC3-00) · Droit du travail CM S6;2;Effectif supérieur à la capacité de la salle dans EXP_SALLE : donnée à vérifier (capacité obsolète ou effectif cumulé). La séance est conservée telle quelle.
effectif EFFCALCU supérieur à la capacité de la salle;Amphi 41 (EC3-00) · Droit judiciaire privé CM;2;Effectif supérieur à la capacité de la salle dans EXP_SALLE : donnée à vérifier (capacité obsolète ou effectif cumulé). La séance est conservée telle quelle.
effectif EFFCALCU supérieur à la capacité de la salle;Amphi 41 (EC3-00) · Droits fonda. de l'UE;1;Effectif supérieur à la capacité de la salle dans EXP_SALLE : donnée à vérifier (capacité obsolète ou effectif cumulé). La séance est conservée telle quelle.
effectif EFFCALCU supérieur à la capacité de la salle;Amphi 41 (EC3-00) · Eco inégalités&transition;2;Effectif supérieur à la capacité de la salle dans EXP_SALLE : donnée à vérifier (capacité obsolète ou effectif cumulé). La séance est conservée telle quelle.
effectif EFFCALCU supérieur à la capacité de la salle;Amphi 41 (EC3-00) · Hist. art et culture visuelle;1;Effectif supérieur à la capacité de la salle dans EXP_SALLE : donnée à vérifier (capacité obsolète ou effectif cumulé). La séance est conservée telle quelle.
effectif EFFCALCU supérieur à la capacité de la salle;Amphi 41 (EC3-00) · Histoire de l'art S6;8;Effectif supérieur à la capacité de la salle dans EXP_SALLE : donnée à vérifier (capacité obsolète ou effectif cumulé). La séance est conservée telle quelle.
effectif EFFCALCU supérieur à la capacité de la salle;Amphi 41 (EC3-00) · Immersion professionnelle;1;Effectif supérieur à la capacité de la salle dans EXP_SALLE : donnée à vérifier (capacité obsolète ou effectif cumulé). La séance est conservée telle quelle.
effectif EFFCALCU supérieur à la capacité de la salle;Amphi 41 (EC3-00) · Libertés fonda. CM S6;3;Effectif supérieur à la capacité de la salle dans EXP_SALLE : donnée à vérifier (capacité obsolète ou effectif cumulé). La séance est conservée telle quelle.
effectif EFFCALCU supérieur à la capacité de la salle;Amphi 41 (EC3-00) · Mathématiques 2;3;Effectif supérieur à la capacité de la salle dans EXP_SALLE : donnée à vérifier (capacité obsolète ou effectif cumulé). La séance est conservée telle quelle.
effectif EFFCALCU supérieur à la capacité de la salle;Amphi 41 (EC3-00) · Matière à préciser;1;Effectif supérieur à la capacité de la salle dans EXP_SALLE : donnée à vérifier (capacité obsolète ou effectif cumulé). La séance est conservée telle quelle.
effectif EFFCALCU supérieur à la capacité de la salle;Amphi 41 (EC3-00) · Méthodologie;1;Effectif supérieur à la capacité de la salle dans EXP_SALLE : donnée à vérifier (capacité obsolète ou effectif cumulé). La séance est conservée telle quelle.
effectif EFFCALCU supérieur à la capacité de la salle;Amphi 41 (EC3-00) · Point communication;1;Effectif supérieur à la capacité de la salle dans EXP_SALLE : donnée à vérifier (capacité obsolète ou effectif cumulé). La séance est conservée telle quelle.
effectif EFFCALCU supérieur à la capacité de la salle;Amphi 41 (EC3-00) · Réunion Association M2;1;Effectif supérieur à la capacité de la salle dans EXP_SALLE : donnée à vérifier (capacité obsolète ou effectif cumulé). La séance est conservée telle quelle.
effectif EFFCALCU supérieur à la capacité de la salle;Amphi 41 (EC3-00) · Séminaire Elyse Ritchey;1;Effectif supérieur à la capacité de la salle dans EXP_SALLE : donnée à vérifier (capacité obsolète ou effectif cumulé). La séance est conservée telle quelle.
effectif EFFCALCU supérieur à la capacité de la salle;Amphi 41 (EC3-00) · UE4 Gestion de projet;1;Effectif supérieur à la capacité de la salle dans EXP_SALLE : donnée à vérifier (capacité obsolète ou effectif cumulé). La séance est conservée telle quelle.
effectif EFFCALCU supérieur à la capacité de la salle;Amphi 41 (EC3-00) · UE4 Gestion de projet RSE;2;Effectif supérieur à la capacité de la salle dans EXP_SALLE : donnée à vérifier (capacité obsolète ou effectif cumulé). La séance est conservée telle quelle.
effectif EFFCALCU supérieur à la capacité de la salle;Amphi 41 (EC3-00) · UE5 Gestion de projet RSE;3;Effectif supérieur à la capacité de la salle dans EXP_SALLE : donnée à vérifier (capacité obsolète ou effectif cumulé). La séance est conservée telle quelle.
effectif EFFCALCU supérieur à la capacité de la salle;Amphi 41 (EC3-00) · XXX - Accueil Directrice IAE;1;Effectif supérieur à la capacité de la salle dans EXP_SALLE : donnée à vérifier (capacité obsolète ou effectif cumulé). La séance est conservée telle quelle.
effectif EFFCALCU supérieur à la capacité de la salle;Amphi A (EC9-02) · 11 Intro. droit civil;1;Effectif supérieur à la capacité de la salle dans EXP_SALLE : donnée à vérifier (capacité obsolète ou effectif cumulé). La séance est conservée telle quelle.
effectif EFFCALCU supérieur à la capacité de la salle;Amphi A (EC9-02) · 12 Intro. droit constit.;2;Effectif supérieur à la capacité de la salle dans EXP_SALLE : donnée à vérifier (capacité obsolète ou effectif cumulé). La séance est conservée telle quelle.
effectif EFFCALCU supérieur à la capacité de la salle;Amphi A (EC9-02) · 13 Intro. histor. droit;1;Effectif supérieur à la capacité de la salle dans EXP_SALLE : donnée à vérifier (capacité obsolète ou effectif cumulé). La séance est conservée telle quelle.
effectif EFFCALCU supérieur à la capacité de la salle;Amphi A (EC9-02) · 23 Histoire du droit;1;Effectif supérieur à la capacité de la salle dans EXP_SALLE : donnée à vérifier (capacité obsolète ou effectif cumulé). La séance est conservée telle quelle.
effectif EFFCALCU supérieur à la capacité de la salle;Amphi A (EC9-02) · 31 Droit des oblig.;1;Effectif supérieur à la capacité de la salle dans EXP_SALLE : donnée à vérifier (capacité obsolète ou effectif cumulé). La séance est conservée telle quelle.
effectif EFFCALCU supérieur à la capacité de la salle;Amphi A (EC9-02) · 32 Droit administ.;1;Effectif supérieur à la capacité de la salle dans EXP_SALLE : donnée à vérifier (capacité obsolète ou effectif cumulé). La séance est conservée telle quelle.
effectif EFFCALCU supérieur à la capacité de la salle;Amphi A (EC9-02) · 42 Droit administratif;2;Effectif supérieur à la capacité de la salle dans EXP_SALLE : donnée à vérifier (capacité obsolète ou effectif cumulé). La séance est conservée telle quelle.
effectif EFFCALCU supérieur à la capacité de la salle;Amphi A (EC9-02) · 43 Droit institut. UE;6;Effectif supérieur à la capacité de la salle dans EXP_SALLE : donnée à vérifier (capacité obsolète ou effectif cumulé). La séance est conservée telle quelle.
effectif EFFCALCU supérieur à la capacité de la salle;Amphi A (EC9-02) · Comptabilité;1;Effectif supérieur à la capacité de la salle dans EXP_SALLE : donnée à vérifier (capacité obsolète ou effectif cumulé). La séance est conservée telle quelle.
effectif EFFCALCU supérieur à la capacité de la salle;Amphi A (EC9-02) · Conférence EEI;4;Effectif supérieur à la capacité de la salle dans EXP_SALLE : donnée à vérifier (capacité obsolète ou effectif cumulé). La séance est conservée telle quelle.
effectif EFFCALCU supérieur à la capacité de la salle;Amphi A (EC9-02) · Conférence Master EEI;1;Effectif supérieur à la capacité de la salle dans EXP_SALLE : donnée à vérifier (capacité obsolète ou effectif cumulé). La séance est conservée telle quelle.
effectif EFFCALCU supérieur à la capacité de la salle;Amphi A (EC9-02) · Droit des personnes;8;Effectif supérieur à la capacité de la salle dans EXP_SALLE : donnée à vérifier (capacité obsolète ou effectif cumulé). La séance est conservée telle quelle.
effectif EFFCALCU supérieur à la capacité de la salle;Amphi A (EC9-02) · Droit des sociétés CM;1;Effectif supérieur à la capacité de la salle dans EXP_SALLE : donnée à vérifier (capacité obsolète ou effectif cumulé). La séance est conservée telle quelle.
effectif EFFCALCU supérieur à la capacité de la salle;Amphi A (EC9-02) · Droit des sociétés CM S6;2;Effectif supérieur à la capacité de la salle dans EXP_SALLE : donnée à vérifier (capacité obsolète ou effectif cumulé). La séance est conservée telle quelle.
effectif EFFCALCU supérieur à la capacité de la salle;Amphi A (EC9-02) · Droit fiscal;4;Effectif supérieur à la capacité de la salle dans EXP_SALLE : donnée à vérifier (capacité obsolète ou effectif cumulé). La séance est conservée telle quelle.
effectif EFFCALCU supérieur à la capacité de la salle;Amphi A (EC9-02) · Droit pénal (maj);3;Effectif supérieur à la capacité de la salle dans EXP_SALLE : donnée à vérifier (capacité obsolète ou effectif cumulé). La séance est conservée telle quelle.
effectif EFFCALCU supérieur à la capacité de la salle;Amphi A (EC9-02) · Droit pénal / Droit des aff.;1;Effectif supérieur à la capacité de la salle dans EXP_SALLE : donnée à vérifier (capacité obsolète ou effectif cumulé). La séance est conservée telle quelle.
effectif EFFCALCU supérieur à la capacité de la salle;Amphi A (EC9-02) · Finances publiques;1;Effectif supérieur à la capacité de la salle dans EXP_SALLE : donnée à vérifier (capacité obsolète ou effectif cumulé). La séance est conservée telle quelle.
effectif EFFCALCU supérieur à la capacité de la salle;Amphi A (EC9-02) · Hist. art et culture visuelle;2;Effectif supérieur à la capacité de la salle dans EXP_SALLE : donnée à vérifier (capacité obsolète ou effectif cumulé). La séance est conservée telle quelle.
effectif EFFCALCU supérieur à la capacité de la salle;Amphi A (EC9-02) · Histoire du droit privé;8;Effectif supérieur à la capacité de la salle dans EXP_SALLE : donnée à vérifier (capacité obsolète ou effectif cumulé). La séance est conservée telle quelle.
effectif EFFCALCU supérieur à la capacité de la salle;Amphi A (EC9-02) · Institutions admin.;6;Effectif supérieur à la capacité de la salle dans EXP_SALLE : donnée à vérifier (capacité obsolète ou effectif cumulé). La séance est conservée telle quelle.
effectif EFFCALCU supérieur à la capacité de la salle;Amphi A (EC9-02) · Macro-économie 1;1;Effectif supérieur à la capacité de la salle dans EXP_SALLE : donnée à vérifier (capacité obsolète ou effectif cumulé). La séance est conservée telle quelle.
effectif EFFCALCU supérieur à la capacité de la salle;Amphi A (EC9-02) · Micro-économie 1;1;Effectif supérieur à la capacité de la salle dans EXP_SALLE : donnée à vérifier (capacité obsolète ou effectif cumulé). La séance est conservée telle quelle.
effectif EFFCALCU supérieur à la capacité de la salle;Amphi A (EC9-02) · Relations internationales;1;Effectif supérieur à la capacité de la salle dans EXP_SALLE : donnée à vérifier (capacité obsolète ou effectif cumulé). La séance est conservée telle quelle.
effectif EFFCALCU supérieur à la capacité de la salle;Amphi A (EC9-02) · Sciences criminelles;1;Effectif supérieur à la capacité de la salle dans EXP_SALLE : donnée à vérifier (capacité obsolète ou effectif cumulé). La séance est conservée telle quelle.
effectif EFFCALCU supérieur à la capacité de la salle;Amphi A (EC9-02) · Sciences politiques 1;1;Effectif supérieur à la capacité de la salle dans EXP_SALLE : donnée à vérifier (capacité obsolète ou effectif cumulé). La séance est conservée telle quelle.
effectif EFFCALCU supérieur à la capacité de la salle;Amphi A (EC9-02) · Sciences sociales;8;Effectif supérieur à la capacité de la salle dans EXP_SALLE : donnée à vérifier (capacité obsolète ou effectif cumulé). La séance est conservée telle quelle.
effectif EFFCALCU supérieur à la capacité de la salle;Amphi A (EC9-02) · xxx-EVENEMENTS EEI;1;Effectif supérieur à la capacité de la salle dans EXP_SALLE : donnée à vérifier (capacité obsolète ou effectif cumulé). La séance est conservée telle quelle.
effectif EFFCALCU supérieur à la capacité de la salle;Amphi A (EC9-02) · xxx-Réunion Erasmus;1;Effectif supérieur à la capacité de la salle dans EXP_SALLE : donnée à vérifier (capacité obsolète ou effectif cumulé). La séance est conservée telle quelle.
effectif EFFCALCU supérieur à la capacité de la salle;Amphi A (SCI_R-00) · Anglais L1 STEE S1;2;Effectif supérieur à la capacité de la salle dans EXP_SALLE : donnée à vérifier (capacité obsolète ou effectif cumulé). La séance est conservée telle quelle.
effectif EFFCALCU supérieur à la capacité de la salle;Amphi A (SCI_R-00) · Anglais L1 STEE S2;1;Effectif supérieur à la capacité de la salle dans EXP_SALLE : donnée à vérifier (capacité obsolète ou effectif cumulé). La séance est conservée telle quelle.
effectif EFFCALCU supérieur à la capacité de la salle;Amphi A (SCI_R-00) · Anglais L2 STEE S3;1;Effectif supérieur à la capacité de la salle dans EXP_SALLE : donnée à vérifier (capacité obsolète ou effectif cumulé). La séance est conservée telle quelle.
effectif EFFCALCU supérieur à la capacité de la salle;Amphi A (SCI_R-00) · Anglais L2 STEE S4;1;Effectif supérieur à la capacité de la salle dans EXP_SALLE : donnée à vérifier (capacité obsolète ou effectif cumulé). La séance est conservée telle quelle.
effectif EFFCALCU supérieur à la capacité de la salle;Amphi A (SCI_R-00) · Anglais L3 STEE S5;1;Effectif supérieur à la capacité de la salle dans EXP_SALLE : donnée à vérifier (capacité obsolète ou effectif cumulé). La séance est conservée telle quelle.
effectif EFFCALCU supérieur à la capacité de la salle;Amphi A (SCI_R-00) · CC A DEFINIR;3;Effectif supérieur à la capacité de la salle dans EXP_SALLE : donnée à vérifier (capacité obsolète ou effectif cumulé). La séance est conservée telle quelle.
effectif EFFCALCU supérieur à la capacité de la salle;Amphi A (SCI_R-00) · Chim orga structure moléc;1;Effectif supérieur à la capacité de la salle dans EXP_SALLE : donnée à vérifier (capacité obsolète ou effectif cumulé). La séance est conservée telle quelle.
effectif EFFCALCU supérieur à la capacité de la salle;Amphi A (SCI_R-00) · Créneau 01 CC S1 L1 PC,SDV,SDT;1;Effectif supérieur à la capacité de la salle dans EXP_SALLE : donnée à vérifier (capacité obsolète ou effectif cumulé). La séance est conservée telle quelle.
effectif EFFCALCU supérieur à la capacité de la salle;Amphi A (SCI_R-00) · Créneau 12 CC L1 S1 PC,SDV,SDT;1;Effectif supérieur à la capacité de la salle dans EXP_SALLE : donnée à vérifier (capacité obsolète ou effectif cumulé). La séance est conservée telle quelle.
effectif EFFCALCU supérieur à la capacité de la salle;Amphi A (SCI_R-00) · ERASMUS DAY;1;Effectif supérieur à la capacité de la salle dans EXP_SALLE : donnée à vérifier (capacité obsolète ou effectif cumulé). La séance est conservée telle quelle.
effectif EFFCALCU supérieur à la capacité de la salle;Amphi A (SCI_R-00) · Evolution;1;Effectif supérieur à la capacité de la salle dans EXP_SALLE : donnée à vérifier (capacité obsolète ou effectif cumulé). La séance est conservée telle quelle.
effectif EFFCALCU supérieur à la capacité de la salle;Amphi A (SCI_R-00) · Journée INFO SUP;1;Effectif supérieur à la capacité de la salle dans EXP_SALLE : donnée à vérifier (capacité obsolète ou effectif cumulé). La séance est conservée telle quelle.
effectif EFFCALCU supérieur à la capacité de la salle;Amphi A (SCI_R-00) · Macromolécules;1;Effectif supérieur à la capacité de la salle dans EXP_SALLE : donnée à vérifier (capacité obsolète ou effectif cumulé). La séance est conservée telle quelle.
effectif EFFCALCU supérieur à la capacité de la salle;Amphi A (SCI_R-00) · Mathématiques générales;2;Effectif supérieur à la capacité de la salle dans EXP_SALLE : donnée à vérifier (capacité obsolète ou effectif cumulé). La séance est conservée telle quelle.
effectif EFFCALCU supérieur à la capacité de la salle;Amphi A (SCI_R-00) · Mécanique du point;1;Effectif supérieur à la capacité de la salle dans EXP_SALLE : donnée à vérifier (capacité obsolète ou effectif cumulé). La séance est conservée telle quelle.
effectif EFFCALCU supérieur à la capacité de la salle;Amphi A (SCI_R-00) · Réunion d'intégration;1;Effectif supérieur à la capacité de la salle dans EXP_SALLE : donnée à vérifier (capacité obsolète ou effectif cumulé). La séance est conservée telle quelle.
effectif EFFCALCU supérieur à la capacité de la salle;Amphi A_A150 (DEG-00) · Comptabilité 2;1;Effectif supérieur à la capacité de la salle dans EXP_SALLE : donnée à vérifier (capacité obsolète ou effectif cumulé). La séance est conservée telle quelle.
effectif EFFCALCU supérieur à la capacité de la salle;Amphi A_A150 (DEG-00) · Dt s pub CM;2;Effectif supérieur à la capacité de la salle dans EXP_SALLE : donnée à vérifier (capacité obsolète ou effectif cumulé). La séance est conservée telle quelle.
effectif EFFCALCU supérieur à la capacité de la salle;Amphi A_A150 (DEG-00) · Gds prob polit contemp 1;8;Effectif supérieur à la capacité de la salle dans EXP_SALLE : donnée à vérifier (capacité obsolète ou effectif cumulé). La séance est conservée telle quelle.
effectif EFFCALCU supérieur à la capacité de la salle;Amphi A_A150 (DEG-00) · Intro méthod. quant;12;Effectif supérieur à la capacité de la salle dans EXP_SALLE : donnée à vérifier (capacité obsolète ou effectif cumulé). La séance est conservée telle quelle.
effectif EFFCALCU supérieur à la capacité de la salle;Amphi A_A150 (DEG-00) · TD Macroéconomie 1;1;Effectif supérieur à la capacité de la salle dans EXP_SALLE : donnée à vérifier (capacité obsolète ou effectif cumulé). La séance est conservée telle quelle.
effectif EFFCALCU supérieur à la capacité de la salle;Amphi A_A150 (DEG-00) · UET Simulation parlementaire;3;Effectif supérieur à la capacité de la salle dans EXP_SALLE : donnée à vérifier (capacité obsolète ou effectif cumulé). La séance est conservée telle quelle.
effectif EFFCALCU supérieur à la capacité de la salle;Amphi A_A150 (DEG-00) · XXX-CC Intro à la gestion;1;Effectif supérieur à la capacité de la salle dans EXP_SALLE : donnée à vérifier (capacité obsolète ou effectif cumulé). La séance est conservée telle quelle.
effectif EFFCALCU supérieur à la capacité de la salle;Amphi A_A150 (DEG-00) · XXX-Consultation Copies;3;Effectif supérieur à la capacité de la salle dans EXP_SALLE : donnée à vérifier (capacité obsolète ou effectif cumulé). La séance est conservée telle quelle.
effectif EFFCALCU supérieur à la capacité de la salle;Amphi A_A150 (DEG-00) · XXX-Projet Martinique eau;1;Effectif supérieur à la capacité de la salle dans EXP_SALLE : donnée à vérifier (capacité obsolète ou effectif cumulé). La séance est conservée telle quelle.
effectif EFFCALCU supérieur à la capacité de la salle;Amphi A_A400 (DEG-00) · Intro gestion CM;1;Effectif supérieur à la capacité de la salle dans EXP_SALLE : donnée à vérifier (capacité obsolète ou effectif cumulé). La séance est conservée telle quelle.
effectif EFFCALCU supérieur à la capacité de la salle;Amphi A_A400 (DEG-00) · XXX - Réunion d'info DUI;1;Effectif supérieur à la capacité de la salle dans EXP_SALLE : donnée à vérifier (capacité obsolète ou effectif cumulé). La séance est conservée telle quelle.
effectif EFFCALCU supérieur à la capacité de la salle;Amphi B (EC9-02) · 11 Intro. droit civil;1;Effectif supérieur à la capacité de la salle dans EXP_SALLE : donnée à vérifier (capacité obsolète ou effectif cumulé). La séance est conservée telle quelle.
effectif EFFCALCU supérieur à la capacité de la salle;Amphi B (EC9-02) · 12 Intro. droit constit.;1;Effectif supérieur à la capacité de la salle dans EXP_SALLE : donnée à vérifier (capacité obsolète ou effectif cumulé). La séance est conservée telle quelle.
effectif EFFCALCU supérieur à la capacité de la salle;Amphi B (EC9-02) · 13 Intro. histor. droit;2;Effectif supérieur à la capacité de la salle dans EXP_SALLE : donnée à vérifier (capacité obsolète ou effectif cumulé). La séance est conservée telle quelle.
effectif EFFCALCU supérieur à la capacité de la salle;Amphi B (EC9-02) · 23 Histoire du droit;11;Effectif supérieur à la capacité de la salle dans EXP_SALLE : donnée à vérifier (capacité obsolète ou effectif cumulé). La séance est conservée telle quelle.
effectif EFFCALCU supérieur à la capacité de la salle;Amphi B (EC9-02) · 42 Droit administratif;11;Effectif supérieur à la capacité de la salle dans EXP_SALLE : donnée à vérifier (capacité obsolète ou effectif cumulé). La séance est conservée telle quelle.
effectif EFFCALCU supérieur à la capacité de la salle;Amphi B (EC9-02) · Anglais (DT2 EEI);1;Effectif supérieur à la capacité de la salle dans EXP_SALLE : donnée à vérifier (capacité obsolète ou effectif cumulé). La séance est conservée telle quelle.
effectif EFFCALCU supérieur à la capacité de la salle;Amphi B (EC9-02) · Comptabilité;1;Effectif supérieur à la capacité de la salle dans EXP_SALLE : donnée à vérifier (capacité obsolète ou effectif cumulé). La séance est conservée telle quelle.
effectif EFFCALCU supérieur à la capacité de la salle;Amphi B (EC9-02) · Conférence EEI;1;Effectif supérieur à la capacité de la salle dans EXP_SALLE : donnée à vérifier (capacité obsolète ou effectif cumulé). La séance est conservée telle quelle.
effectif EFFCALCU supérieur à la capacité de la salle;Amphi B (EC9-02) · Droit des personnes;2;Effectif supérieur à la capacité de la salle dans EXP_SALLE : donnée à vérifier (capacité obsolète ou effectif cumulé). La séance est conservée telle quelle.
effectif EFFCALCU supérieur à la capacité de la salle;Amphi B (EC9-02) · Droit des sociétés CM;8;Effectif supérieur à la capacité de la salle dans EXP_SALLE : donnée à vérifier (capacité obsolète ou effectif cumulé). La séance est conservée telle quelle.
effectif EFFCALCU supérieur à la capacité de la salle;Amphi B (EC9-02) · Droit fiscal;1;Effectif supérieur à la capacité de la salle dans EXP_SALLE : donnée à vérifier (capacité obsolète ou effectif cumulé). La séance est conservée telle quelle.
effectif EFFCALCU supérieur à la capacité de la salle;Amphi B (EC9-02) · Droit pénal (maj);1;Effectif supérieur à la capacité de la salle dans EXP_SALLE : donnée à vérifier (capacité obsolète ou effectif cumulé). La séance est conservée telle quelle.
effectif EFFCALCU supérieur à la capacité de la salle;Amphi B (EC9-02) · English law 2;10;Effectif supérieur à la capacité de la salle dans EXP_SALLE : donnée à vérifier (capacité obsolète ou effectif cumulé). La séance est conservée telle quelle.
effectif EFFCALCU supérieur à la capacité de la salle;Amphi B (EC9-02) · Finances publiques;8;Effectif supérieur à la capacité de la salle dans EXP_SALLE : donnée à vérifier (capacité obsolète ou effectif cumulé). La séance est conservée telle quelle.
effectif EFFCALCU supérieur à la capacité de la salle;Amphi B (EC9-02) · Institutions admin.;3;Effectif supérieur à la capacité de la salle dans EXP_SALLE : donnée à vérifier (capacité obsolète ou effectif cumulé). La séance est conservée telle quelle.
effectif EFFCALCU supérieur à la capacité de la salle;Amphi B (EC9-02) · Libertés fonda. CM S6;1;Effectif supérieur à la capacité de la salle dans EXP_SALLE : donnée à vérifier (capacité obsolète ou effectif cumulé). La séance est conservée telle quelle.
effectif EFFCALCU supérieur à la capacité de la salle;Amphi B (EC9-02) · Macro-économie 2;1;Effectif supérieur à la capacité de la salle dans EXP_SALLE : donnée à vérifier (capacité obsolète ou effectif cumulé). La séance est conservée telle quelle.
effectif EFFCALCU supérieur à la capacité de la salle;Amphi B (EC9-02) · Micro-économie 1;3;Effectif supérieur à la capacité de la salle dans EXP_SALLE : donnée à vérifier (capacité obsolète ou effectif cumulé). La séance est conservée telle quelle.
effectif EFFCALCU supérieur à la capacité de la salle;Amphi B (EC9-02) · Sciences criminelles;1;Effectif supérieur à la capacité de la salle dans EXP_SALLE : donnée à vérifier (capacité obsolète ou effectif cumulé). La séance est conservée telle quelle.
effectif EFFCALCU supérieur à la capacité de la salle;Amphi B (EC9-02) · Sciences politiques 1;1;Effectif supérieur à la capacité de la salle dans EXP_SALLE : donnée à vérifier (capacité obsolète ou effectif cumulé). La séance est conservée telle quelle.
effectif EFFCALCU supérieur à la capacité de la salle;Amphi B (EC9-02) · Sciences sociales;1;Effectif supérieur à la capacité de la salle dans EXP_SALLE : donnée à vérifier (capacité obsolète ou effectif cumulé). La séance est conservée telle quelle.
effectif EFFCALCU supérieur à la capacité de la salle;Amphi B (EC9-02) · XXX-Présentation Masters IAE;1;Effectif supérieur à la capacité de la salle dans EXP_SALLE : donnée à vérifier (capacité obsolète ou effectif cumulé). La séance est conservée telle quelle.
effectif EFFCALCU supérieur à la capacité de la salle;Amphi B (SCI_R-00) · Anglais L1 STEE S1;2;Effectif supérieur à la capacité de la salle dans EXP_SALLE : donnée à vérifier (capacité obsolète ou effectif cumulé). La séance est conservée telle quelle.
effectif EFFCALCU supérieur à la capacité de la salle;Amphi B (SCI_R-00) · Anglais L1 STEE S2;2;Effectif supérieur à la capacité de la salle dans EXP_SALLE : donnée à vérifier (capacité obsolète ou effectif cumulé). La séance est conservée telle quelle.
effectif EFFCALCU supérieur à la capacité de la salle;Amphi B (SCI_R-00) · Anglais L2 STEE S3;1;Effectif supérieur à la capacité de la salle dans EXP_SALLE : donnée à vérifier (capacité obsolète ou effectif cumulé). La séance est conservée telle quelle.
effectif EFFCALCU supérieur à la capacité de la salle;Amphi B (SCI_R-00) · Anglais L2 STEE S4;1;Effectif supérieur à la capacité de la salle dans EXP_SALLE : donnée à vérifier (capacité obsolète ou effectif cumulé). La séance est conservée telle quelle.
effectif EFFCALCU supérieur à la capacité de la salle;Amphi B (SCI_R-00) · Anglais L3 STEE S5;1;Effectif supérieur à la capacité de la salle dans EXP_SALLE : donnée à vérifier (capacité obsolète ou effectif cumulé). La séance est conservée telle quelle.
effectif EFFCALCU supérieur à la capacité de la salle;Amphi B (SCI_R-00) · Biologie cellulaire;1;Effectif supérieur à la capacité de la salle dans EXP_SALLE : donnée à vérifier (capacité obsolète ou effectif cumulé). La séance est conservée telle quelle.
effectif EFFCALCU supérieur à la capacité de la salle;Amphi B (SCI_R-00) · CC A DEFINIR;5;Effectif supérieur à la capacité de la salle dans EXP_SALLE : donnée à vérifier (capacité obsolète ou effectif cumulé). La séance est conservée telle quelle.
effectif EFFCALCU supérieur à la capacité de la salle;Amphi B (SCI_R-00) · Chim orga structure moléc;1;Effectif supérieur à la capacité de la salle dans EXP_SALLE : donnée à vérifier (capacité obsolète ou effectif cumulé). La séance est conservée telle quelle.
effectif EFFCALCU supérieur à la capacité de la salle;Amphi B (SCI_R-00) · Chimie des solutions 1;1;Effectif supérieur à la capacité de la salle dans EXP_SALLE : donnée à vérifier (capacité obsolète ou effectif cumulé). La séance est conservée telle quelle.
effectif EFFCALCU supérieur à la capacité de la salle;Amphi B (SCI_R-00) · Créneau 01 CC S1 L1 PC,SDV,SDT;1;Effectif supérieur à la capacité de la salle dans EXP_SALLE : donnée à vérifier (capacité obsolète ou effectif cumulé). La séance est conservée telle quelle.
effectif EFFCALCU supérieur à la capacité de la salle;Amphi B (SCI_R-00) · Evolution;1;Effectif supérieur à la capacité de la salle dans EXP_SALLE : donnée à vérifier (capacité obsolète ou effectif cumulé). La séance est conservée telle quelle.
effectif EFFCALCU supérieur à la capacité de la salle;Amphi B (SCI_R-00) · Intro à la chimie général;1;Effectif supérieur à la capacité de la salle dans EXP_SALLE : donnée à vérifier (capacité obsolète ou effectif cumulé). La séance est conservée telle quelle.
effectif EFFCALCU supérieur à la capacité de la salle;Amphi B (SCI_R-00) · Journée INFO SUP;1;Effectif supérieur à la capacité de la salle dans EXP_SALLE : donnée à vérifier (capacité obsolète ou effectif cumulé). La séance est conservée telle quelle.
effectif EFFCALCU supérieur à la capacité de la salle;Amphi B (SCI_R-00) · Mathématiques générales;2;Effectif supérieur à la capacité de la salle dans EXP_SALLE : donnée à vérifier (capacité obsolète ou effectif cumulé). La séance est conservée telle quelle.
effectif EFFCALCU supérieur à la capacité de la salle;Amphi C (SCI_R-00) · Algorithmique I;1;Effectif supérieur à la capacité de la salle dans EXP_SALLE : donnée à vérifier (capacité obsolète ou effectif cumulé). La séance est conservée telle quelle.
effectif EFFCALCU supérieur à la capacité de la salle;Amphi C (SCI_R-00) · Anglais L1 STEE S1;1;Effectif supérieur à la capacité de la salle dans EXP_SALLE : donnée à vérifier (capacité obsolète ou effectif cumulé). La séance est conservée telle quelle.
effectif EFFCALCU supérieur à la capacité de la salle;Amphi C (SCI_R-00) · Anglais L1 STEE S2;2;Effectif supérieur à la capacité de la salle dans EXP_SALLE : donnée à vérifier (capacité obsolète ou effectif cumulé). La séance est conservée telle quelle.
effectif EFFCALCU supérieur à la capacité de la salle;Amphi C (SCI_R-00) · Anglais L2 STEE S3;1;Effectif supérieur à la capacité de la salle dans EXP_SALLE : donnée à vérifier (capacité obsolète ou effectif cumulé). La séance est conservée telle quelle.
effectif EFFCALCU supérieur à la capacité de la salle;Amphi C (SCI_R-00) · Anglais L2 STEE S4;1;Effectif supérieur à la capacité de la salle dans EXP_SALLE : donnée à vérifier (capacité obsolète ou effectif cumulé). La séance est conservée telle quelle.
effectif EFFCALCU supérieur à la capacité de la salle;Amphi C (SCI_R-00) · Anglais L3 STEE S5;1;Effectif supérieur à la capacité de la salle dans EXP_SALLE : donnée à vérifier (capacité obsolète ou effectif cumulé). La séance est conservée telle quelle.
effectif EFFCALCU supérieur à la capacité de la salle;Amphi C (SCI_R-00) · Biologie végétale 1;4;Effectif supérieur à la capacité de la salle dans EXP_SALLE : donnée à vérifier (capacité obsolète ou effectif cumulé). La séance est conservée telle quelle.
effectif EFFCALCU supérieur à la capacité de la salle;Amphi C (SCI_R-00) · CC A DEFINIR;3;Effectif supérieur à la capacité de la salle dans EXP_SALLE : donnée à vérifier (capacité obsolète ou effectif cumulé). La séance est conservée telle quelle.
effectif EFFCALCU supérieur à la capacité de la salle;Amphi C (SCI_R-00) · Chim orga structure moléc;1;Effectif supérieur à la capacité de la salle dans EXP_SALLE : donnée à vérifier (capacité obsolète ou effectif cumulé). La séance est conservée telle quelle.
effectif EFFCALCU supérieur à la capacité de la salle;Amphi C (SCI_R-00) · Chimie des solutions 1;5;Effectif supérieur à la capacité de la salle dans EXP_SALLE : donnée à vérifier (capacité obsolète ou effectif cumulé). La séance est conservée telle quelle.
effectif EFFCALCU supérieur à la capacité de la salle;Amphi C (SCI_R-00) · Chimie générale S1;1;Effectif supérieur à la capacité de la salle dans EXP_SALLE : donnée à vérifier (capacité obsolète ou effectif cumulé). La séance est conservée telle quelle.
effectif EFFCALCU supérieur à la capacité de la salle;Amphi C (SCI_R-00) · Créneau 09 CC S2 L1 MI, MIASHS;1;Effectif supérieur à la capacité de la salle dans EXP_SALLE : donnée à vérifier (capacité obsolète ou effectif cumulé). La séance est conservée telle quelle.
effectif EFFCALCU supérieur à la capacité de la salle;Amphi C (SCI_R-00) · Créneau 11 CC S2 L1 MI, MIASHS;1;Effectif supérieur à la capacité de la salle dans EXP_SALLE : donnée à vérifier (capacité obsolète ou effectif cumulé). La séance est conservée telle quelle.
effectif EFFCALCU supérieur à la capacité de la salle;Amphi C (SCI_R-00) · Créneau 12 CC S2 L1 MI, MIASHS;1;Effectif supérieur à la capacité de la salle dans EXP_SALLE : donnée à vérifier (capacité obsolète ou effectif cumulé). La séance est conservée telle quelle.
effectif EFFCALCU supérieur à la capacité de la salle;Amphi C (SCI_R-00) · Créneau 17 CC S2 L1 MI, MIASHS;1;Effectif supérieur à la capacité de la salle dans EXP_SALLE : donnée à vérifier (capacité obsolète ou effectif cumulé). La séance est conservée telle quelle.
effectif EFFCALCU supérieur à la capacité de la salle;Amphi C (SCI_R-00) · Créneau 18 CC S1 L1 PC,SDV,SDT;1;Effectif supérieur à la capacité de la salle dans EXP_SALLE : donnée à vérifier (capacité obsolète ou effectif cumulé). La séance est conservée telle quelle.
effectif EFFCALCU supérieur à la capacité de la salle;Amphi C (SCI_R-00) · Créneau 19 CC S1 L1 PC,SDV,SDT;1;Effectif supérieur à la capacité de la salle dans EXP_SALLE : donnée à vérifier (capacité obsolète ou effectif cumulé). La séance est conservée telle quelle.
effectif EFFCALCU supérieur à la capacité de la salle;Amphi C (SCI_R-00) · Diversité;2;Effectif supérieur à la capacité de la salle dans EXP_SALLE : donnée à vérifier (capacité obsolète ou effectif cumulé). La séance est conservée telle quelle.
effectif EFFCALCU supérieur à la capacité de la salle;Amphi C (SCI_R-00) · Ecologie et Ecosystèmes;2;Effectif supérieur à la capacité de la salle dans EXP_SALLE : donnée à vérifier (capacité obsolète ou effectif cumulé). La séance est conservée telle quelle.
effectif EFFCALCU supérieur à la capacité de la salle;Amphi C (SCI_R-00) · Evolution;1;Effectif supérieur à la capacité de la salle dans EXP_SALLE : donnée à vérifier (capacité obsolète ou effectif cumulé). La séance est conservée telle quelle.
effectif EFFCALCU supérieur à la capacité de la salle;Amphi C (SCI_R-00) · Evolution et Diversité;1;Effectif supérieur à la capacité de la salle dans EXP_SALLE : donnée à vérifier (capacité obsolète ou effectif cumulé). La séance est conservée telle quelle.
effectif EFFCALCU supérieur à la capacité de la salle;Amphi C (SCI_R-00) · Intro à la biologie;1;Effectif supérieur à la capacité de la salle dans EXP_SALLE : donnée à vérifier (capacité obsolète ou effectif cumulé). La séance est conservée telle quelle.
effectif EFFCALCU supérieur à la capacité de la salle;Amphi C (SCI_R-00) · Journée INFO SUP;1;Effectif supérieur à la capacité de la salle dans EXP_SALLE : donnée à vérifier (capacité obsolète ou effectif cumulé). La séance est conservée telle quelle.
effectif EFFCALCU supérieur à la capacité de la salle;Amphi C (SCI_R-00) · Macromolécules;10;Effectif supérieur à la capacité de la salle dans EXP_SALLE : donnée à vérifier (capacité obsolète ou effectif cumulé). La séance est conservée telle quelle.
effectif EFFCALCU supérieur à la capacité de la salle;Amphi C (SCI_R-00) · Mathématiques générales;1;Effectif supérieur à la capacité de la salle dans EXP_SALLE : donnée à vérifier (capacité obsolète ou effectif cumulé). La séance est conservée telle quelle.
effectif EFFCALCU supérieur à la capacité de la salle;Amphi C (SCI_R-00) · Microbiologie 1;4;Effectif supérieur à la capacité de la salle dans EXP_SALLE : donnée à vérifier (capacité obsolète ou effectif cumulé). La séance est conservée telle quelle.
effectif EFFCALCU supérieur à la capacité de la salle;Amphi C (SCI_R-00) · Méthodologie travail univ;1;Effectif supérieur à la capacité de la salle dans EXP_SALLE : donnée à vérifier (capacité obsolète ou effectif cumulé). La séance est conservée telle quelle.
effectif EFFCALCU supérieur à la capacité de la salle;Amphi C (SCI_R-00) · Optique géométrique;1;Effectif supérieur à la capacité de la salle dans EXP_SALLE : donnée à vérifier (capacité obsolète ou effectif cumulé). La séance est conservée telle quelle.
effectif EFFCALCU supérieur à la capacité de la salle;Amphi C_A120 (DEG-00) · Conférence IA & Comptabilité;1;Effectif supérieur à la capacité de la salle dans EXP_SALLE : donnée à vérifier (capacité obsolète ou effectif cumulé). La séance est conservée telle quelle.
effectif EFFCALCU supérieur à la capacité de la salle;Amphi C_A120 (DEG-00) · Droit de l'UE CM;4;Effectif supérieur à la capacité de la salle dans EXP_SALLE : donnée à vérifier (capacité obsolète ou effectif cumulé). La séance est conservée telle quelle.
effectif EFFCALCU supérieur à la capacité de la salle;Amphi C_A120 (DEG-00) · Dt fondamentaux CM;2;Effectif supérieur à la capacité de la salle dans EXP_SALLE : donnée à vérifier (capacité obsolète ou effectif cumulé). La séance est conservée telle quelle.
effectif EFFCALCU supérieur à la capacité de la salle;Amphi C_A120 (DEG-00) · Economie de la santé;1;Effectif supérieur à la capacité de la salle dans EXP_SALLE : donnée à vérifier (capacité obsolète ou effectif cumulé). La séance est conservée telle quelle.
effectif EFFCALCU supérieur à la capacité de la salle;Amphi C_A120 (DEG-00) · Macroéconomie 2;3;Effectif supérieur à la capacité de la salle dans EXP_SALLE : donnée à vérifier (capacité obsolète ou effectif cumulé). La séance est conservée telle quelle.
effectif EFFCALCU supérieur à la capacité de la salle;Amphi C_A120 (DEG-00) · Procédure civile CM;5;Effectif supérieur à la capacité de la salle dans EXP_SALLE : donnée à vérifier (capacité obsolète ou effectif cumulé). La séance est conservée telle quelle.
effectif EFFCALCU supérieur à la capacité de la salle;Amphi C_A120 (DEG-00) · Stats descriptive / EXCEL;1;Effectif supérieur à la capacité de la salle dans EXP_SALLE : donnée à vérifier (capacité obsolète ou effectif cumulé). La séance est conservée telle quelle.
effectif EFFCALCU supérieur à la capacité de la salle;Amphi C_A120 (DEG-00) · XXX-Consultation Copies;1;Effectif supérieur à la capacité de la salle dans EXP_SALLE : donnée à vérifier (capacité obsolète ou effectif cumulé). La séance est conservée telle quelle.
effectif EFFCALCU supérieur à la capacité de la salle;Amphi D (SCI_R-00) · Algorithmique II;1;Effectif supérieur à la capacité de la salle dans EXP_SALLE : donnée à vérifier (capacité obsolète ou effectif cumulé). La séance est conservée telle quelle.
effectif EFFCALCU supérieur à la capacité de la salle;Amphi D (SCI_R-00) · Algèbre et géométrie;1;Effectif supérieur à la capacité de la salle dans EXP_SALLE : donnée à vérifier (capacité obsolète ou effectif cumulé). La séance est conservée telle quelle.
effectif EFFCALCU supérieur à la capacité de la salle;Amphi D (SCI_R-00) · Anglais L1 STEE S1;1;Effectif supérieur à la capacité de la salle dans EXP_SALLE : donnée à vérifier (capacité obsolète ou effectif cumulé). La séance est conservée telle quelle.
effectif EFFCALCU supérieur à la capacité de la salle;Amphi D (SCI_R-00) · Anglais L1 STEE S2;1;Effectif supérieur à la capacité de la salle dans EXP_SALLE : donnée à vérifier (capacité obsolète ou effectif cumulé). La séance est conservée telle quelle.
effectif EFFCALCU supérieur à la capacité de la salle;Amphi D (SCI_R-00) · Anglais L2 STEE S3;1;Effectif supérieur à la capacité de la salle dans EXP_SALLE : donnée à vérifier (capacité obsolète ou effectif cumulé). La séance est conservée telle quelle.
effectif EFFCALCU supérieur à la capacité de la salle;Amphi D (SCI_R-00) · Anglais L2 STEE S4;1;Effectif supérieur à la capacité de la salle dans EXP_SALLE : donnée à vérifier (capacité obsolète ou effectif cumulé). La séance est conservée telle quelle.
effectif EFFCALCU supérieur à la capacité de la salle;Amphi D (SCI_R-00) · Anglais L3 STEE S5;1;Effectif supérieur à la capacité de la salle dans EXP_SALLE : donnée à vérifier (capacité obsolète ou effectif cumulé). La séance est conservée telle quelle.
effectif EFFCALCU supérieur à la capacité de la salle;Amphi D (SCI_R-00) · Biologie cellulaire;2;Effectif supérieur à la capacité de la salle dans EXP_SALLE : donnée à vérifier (capacité obsolète ou effectif cumulé). La séance est conservée telle quelle.
effectif EFFCALCU supérieur à la capacité de la salle;Amphi D (SCI_R-00) · CC A DEFINIR;1;Effectif supérieur à la capacité de la salle dans EXP_SALLE : donnée à vérifier (capacité obsolète ou effectif cumulé). La séance est conservée telle quelle.
effectif EFFCALCU supérieur à la capacité de la salle;Amphi D (SCI_R-00) · Chim orga structure moléc;5;Effectif supérieur à la capacité de la salle dans EXP_SALLE : donnée à vérifier (capacité obsolète ou effectif cumulé). La séance est conservée telle quelle.
effectif EFFCALCU supérieur à la capacité de la salle;Amphi D (SCI_R-00) · Chimie des solutions 1;8;Effectif supérieur à la capacité de la salle dans EXP_SALLE : donnée à vérifier (capacité obsolète ou effectif cumulé). La séance est conservée telle quelle.
effectif EFFCALCU supérieur à la capacité de la salle;Amphi D (SCI_R-00) · Créneau 17 CC S2 L1 MI, MIASHS;1;Effectif supérieur à la capacité de la salle dans EXP_SALLE : donnée à vérifier (capacité obsolète ou effectif cumulé). La séance est conservée telle quelle.
effectif EFFCALCU supérieur à la capacité de la salle;Amphi D (SCI_R-00) · Diversité;4;Effectif supérieur à la capacité de la salle dans EXP_SALLE : donnée à vérifier (capacité obsolète ou effectif cumulé). La séance est conservée telle quelle.
effectif EFFCALCU supérieur à la capacité de la salle;Amphi D (SCI_R-00) · Ecologie et Ecosystèmes;3;Effectif supérieur à la capacité de la salle dans EXP_SALLE : donnée à vérifier (capacité obsolète ou effectif cumulé). La séance est conservée telle quelle.
effectif EFFCALCU supérieur à la capacité de la salle;Amphi D (SCI_R-00) · Intro chimie géné SDV;1;Effectif supérieur à la capacité de la salle dans EXP_SALLE : donnée à vérifier (capacité obsolète ou effectif cumulé). La séance est conservée telle quelle.
effectif EFFCALCU supérieur à la capacité de la salle;Amphi D (SCI_R-00) · Journée INFO SUP;1;Effectif supérieur à la capacité de la salle dans EXP_SALLE : donnée à vérifier (capacité obsolète ou effectif cumulé). La séance est conservée telle quelle.
effectif EFFCALCU supérieur à la capacité de la salle;Amphi D (SCI_R-00) · Macromolécules;2;Effectif supérieur à la capacité de la salle dans EXP_SALLE : donnée à vérifier (capacité obsolète ou effectif cumulé). La séance est conservée telle quelle.
effectif EFFCALCU supérieur à la capacité de la salle;Amphi D (SCI_R-00) · Mathématiques générales;2;Effectif supérieur à la capacité de la salle dans EXP_SALLE : donnée à vérifier (capacité obsolète ou effectif cumulé). La séance est conservée telle quelle.
effectif EFFCALCU supérieur à la capacité de la salle;Amphi D (SCI_R-00) · Microbiologie 1;3;Effectif supérieur à la capacité de la salle dans EXP_SALLE : donnée à vérifier (capacité obsolète ou effectif cumulé). La séance est conservée telle quelle.
effectif EFFCALCU supérieur à la capacité de la salle;Amphi D (SCI_R-00) · Systèmes d'exploitation I;1;Effectif supérieur à la capacité de la salle dans EXP_SALLE : donnée à vérifier (capacité obsolète ou effectif cumulé). La séance est conservée telle quelle.
effectif EFFCALCU supérieur à la capacité de la salle;Amphi E (PAL-00) · Anglais L2 STEE S3;1;Effectif supérieur à la capacité de la salle dans EXP_SALLE : donnée à vérifier (capacité obsolète ou effectif cumulé). La séance est conservée telle quelle.
effectif EFFCALCU supérieur à la capacité de la salle;Amphi E (PAL-00) · Anglais L3 STEE S5;1;Effectif supérieur à la capacité de la salle dans EXP_SALLE : donnée à vérifier (capacité obsolète ou effectif cumulé). La séance est conservée telle quelle.
effectif EFFCALCU supérieur à la capacité de la salle;Amphi E (PAL-00) · Architecture des ordis;1;Effectif supérieur à la capacité de la salle dans EXP_SALLE : donnée à vérifier (capacité obsolète ou effectif cumulé). La séance est conservée telle quelle.
effectif EFFCALCU supérieur à la capacité de la salle;Amphi E (PAL-00) · Biologie moléculaire;1;Effectif supérieur à la capacité de la salle dans EXP_SALLE : donnée à vérifier (capacité obsolète ou effectif cumulé). La séance est conservée telle quelle.
effectif EFFCALCU supérieur à la capacité de la salle;Amphi E (PAL-00) · Découverte recherche UPPA;4;Effectif supérieur à la capacité de la salle dans EXP_SALLE : donnée à vérifier (capacité obsolète ou effectif cumulé). La séance est conservée telle quelle.
effectif EFFCALCU supérieur à la capacité de la salle;Amphi E (PAL-00) · Informatique Fondamentale;2;Effectif supérieur à la capacité de la salle dans EXP_SALLE : donnée à vérifier (capacité obsolète ou effectif cumulé). La séance est conservée telle quelle.
effectif EFFCALCU supérieur à la capacité de la salle;Amphi E (PAL-00) · Physiologie végétale 1;1;Effectif supérieur à la capacité de la salle dans EXP_SALLE : donnée à vérifier (capacité obsolète ou effectif cumulé). La séance est conservée telle quelle.
effectif EFFCALCU supérieur à la capacité de la salle;Amphi E (PAL-00) · Sécurité instruments labo;3;Effectif supérieur à la capacité de la salle dans EXP_SALLE : donnée à vérifier (capacité obsolète ou effectif cumulé). La séance est conservée telle quelle.
effectif EFFCALCU supérieur à la capacité de la salle;Amphi Elsa Serfass (BA1-00) · XXX - Réunion d'information;1;Effectif supérieur à la capacité de la salle dans EXP_SALLE : donnée à vérifier (capacité obsolète ou effectif cumulé). La séance est conservée telle quelle.
effectif EFFCALCU supérieur à la capacité de la salle;Amphi Elsa Serfass (BA1-00) · XXX réunion;1;Effectif supérieur à la capacité de la salle dans EXP_SALLE : donnée à vérifier (capacité obsolète ou effectif cumulé). La séance est conservée telle quelle.
effectif EFFCALCU supérieur à la capacité de la salle;Amphi Elsa Serfass (BA1-00) · XXX-Prés Ecole Agro Bordeaux;1;Effectif supérieur à la capacité de la salle dans EXP_SALLE : donnée à vérifier (capacité obsolète ou effectif cumulé). La séance est conservée telle quelle.
effectif EFFCALCU supérieur à la capacité de la salle;Amphi F (PAL-00) · Anglais L1 STEE S1;1;Effectif supérieur à la capacité de la salle dans EXP_SALLE : donnée à vérifier (capacité obsolète ou effectif cumulé). La séance est conservée telle quelle.
effectif EFFCALCU supérieur à la capacité de la salle;Amphi F (PAL-00) · Biologie moléculaire;1;Effectif supérieur à la capacité de la salle dans EXP_SALLE : donnée à vérifier (capacité obsolète ou effectif cumulé). La séance est conservée telle quelle.
effectif EFFCALCU supérieur à la capacité de la salle;Amphi F (PAL-00) · Informatique Fondamentale;2;Effectif supérieur à la capacité de la salle dans EXP_SALLE : donnée à vérifier (capacité obsolète ou effectif cumulé). La séance est conservée telle quelle.
effectif EFFCALCU supérieur à la capacité de la salle;Amphi F (PAL-00) · Mécanique du point;1;Effectif supérieur à la capacité de la salle dans EXP_SALLE : donnée à vérifier (capacité obsolète ou effectif cumulé). La séance est conservée telle quelle.
effectif EFFCALCU supérieur à la capacité de la salle;Amphi F (PAL-00) · Optique géométrique;1;Effectif supérieur à la capacité de la salle dans EXP_SALLE : donnée à vérifier (capacité obsolète ou effectif cumulé). La séance est conservée telle quelle.
effectif EFFCALCU supérieur à la capacité de la salle;Amphi G (DUB-00) · Biologie cellulaire;1;Effectif supérieur à la capacité de la salle dans EXP_SALLE : donnée à vérifier (capacité obsolète ou effectif cumulé). La séance est conservée telle quelle.
effectif EFFCALCU supérieur à la capacité de la salle;Amphi G (DUB-00) · Chim orga structure moléc;1;Effectif supérieur à la capacité de la salle dans EXP_SALLE : donnée à vérifier (capacité obsolète ou effectif cumulé). La séance est conservée telle quelle.
effectif EFFCALCU supérieur à la capacité de la salle;Amphi G (DUB-00) · Chimie des solutions 1;1;Effectif supérieur à la capacité de la salle dans EXP_SALLE : donnée à vérifier (capacité obsolète ou effectif cumulé). La séance est conservée telle quelle.
effectif EFFCALCU supérieur à la capacité de la salle;Amphi G (DUB-00) · Créneau 20 CC S1 L1 PC,SDV,SDT;1;Effectif supérieur à la capacité de la salle dans EXP_SALLE : donnée à vérifier (capacité obsolète ou effectif cumulé). La séance est conservée telle quelle.
effectif EFFCALCU supérieur à la capacité de la salle;Amphi G (DUB-00) · Mathématiques générales;2;Effectif supérieur à la capacité de la salle dans EXP_SALLE : donnée à vérifier (capacité obsolète ou effectif cumulé). La séance est conservée telle quelle.
effectif EFFCALCU supérieur à la capacité de la salle;Amphi H (DUB-00) · Chim orga structure moléc;1;Effectif supérieur à la capacité de la salle dans EXP_SALLE : donnée à vérifier (capacité obsolète ou effectif cumulé). La séance est conservée telle quelle.
effectif EFFCALCU supérieur à la capacité de la salle;Amphi H (DUB-00) · Mathématiques générales;1;Effectif supérieur à la capacité de la salle dans EXP_SALLE : donnée à vérifier (capacité obsolète ou effectif cumulé). La séance est conservée telle quelle.
effectif EFFCALCU supérieur à la capacité de la salle;Amphi H (DUB-00) · Méthodologie travail univ;1;Effectif supérieur à la capacité de la salle dans EXP_SALLE : donnée à vérifier (capacité obsolète ou effectif cumulé). La séance est conservée telle quelle.
effectif EFFCALCU supérieur à la capacité de la salle;Amphi H (DUB-00) · XXX-Entretiens;1;Effectif supérieur à la capacité de la salle dans EXP_SALLE : donnée à vérifier (capacité obsolète ou effectif cumulé). La séance est conservée telle quelle.
effectif EFFCALCU supérieur à la capacité de la salle;Auditorium (EC6-02) · Conférence Master EEI;1;Effectif supérieur à la capacité de la salle dans EXP_SALLE : donnée à vérifier (capacité obsolète ou effectif cumulé). La séance est conservée telle quelle.
effectif EFFCALCU supérieur à la capacité de la salle;Auditorium (EC6-02) · xxx-3ème RDV du Management;1;Effectif supérieur à la capacité de la salle dans EXP_SALLE : donnée à vérifier (capacité obsolète ou effectif cumulé). La séance est conservée telle quelle.
effectif EFFCALCU supérieur à la capacité de la salle;Auditorium (EC6-02) · xxx-EVENEMENTS EEI;1;Effectif supérieur à la capacité de la salle dans EXP_SALLE : donnée à vérifier (capacité obsolète ou effectif cumulé). La séance est conservée telle quelle.
effectif EFFCALCU supérieur à la capacité de la salle;Box optique B129 (SCI_R-01) · TP Physique 1;12;Effectif supérieur à la capacité de la salle dans EXP_SALLE : donnée à vérifier (capacité obsolète ou effectif cumulé). La séance est conservée telle quelle.
effectif EFFCALCU supérieur à la capacité de la salle;Box optique B129 (SCI_R-01) · TP Physique 4;6;Effectif supérieur à la capacité de la salle dans EXP_SALLE : donnée à vérifier (capacité obsolète ou effectif cumulé). La séance est conservée telle quelle.
effectif EFFCALCU supérieur à la capacité de la salle;Cartothèque 222bis (LET-01) · 2 Stage et analyse;1;Effectif supérieur à la capacité de la salle dans EXP_SALLE : donnée à vérifier (capacité obsolète ou effectif cumulé). La séance est conservée telle quelle.
effectif EFFCALCU supérieur à la capacité de la salle;Cartothèque 222bis (LET-01) · Ancienne;1;Effectif supérieur à la capacité de la salle dans EXP_SALLE : donnée à vérifier (capacité obsolète ou effectif cumulé). La séance est conservée telle quelle.
effectif EFFCALCU supérieur à la capacité de la salle;Cartothèque 222bis (LET-01) · CCCE Histoire;5;Effectif supérieur à la capacité de la salle dans EXP_SALLE : donnée à vérifier (capacité obsolète ou effectif cumulé). La séance est conservée telle quelle.
effectif EFFCALCU supérieur à la capacité de la salle;Cartothèque 222bis (LET-01) · Laïcité, valeurs de la rép;1;Effectif supérieur à la capacité de la salle dans EXP_SALLE : donnée à vérifier (capacité obsolète ou effectif cumulé). La séance est conservée telle quelle.
effectif EFFCALCU supérieur à la capacité de la salle;Cartothèque 222bis (LET-01) · UE13EC1 Edit & trans manuscrit;5;Effectif supérieur à la capacité de la salle dans EXP_SALLE : donnée à vérifier (capacité obsolète ou effectif cumulé). La séance est conservée telle quelle.
effectif EFFCALCU supérieur à la capacité de la salle;I-005 Buena vista (ISA-00) · Biologie Végétale;1;Effectif supérieur à la capacité de la salle dans EXP_SALLE : donnée à vérifier (capacité obsolète ou effectif cumulé). La séance est conservée telle quelle.
effectif EFFCALCU supérieur à la capacité de la salle;I-005 Buena vista (ISA-00) · Mathématiques SDV;1;Effectif supérieur à la capacité de la salle dans EXP_SALLE : donnée à vérifier (capacité obsolète ou effectif cumulé). La séance est conservée telle quelle.
effectif EFFCALCU supérieur à la capacité de la salle;I-006 Kompong Speu (ISA-00) · AG KISA + JUNIOR ISA;1;Effectif supérieur à la capacité de la salle dans EXP_SALLE : donnée à vérifier (capacité obsolète ou effectif cumulé). La séance est conservée telle quelle.
effectif EFFCALCU supérieur à la capacité de la salle;I-006 Kompong Speu (ISA-00) · CM Probastats;10;Effectif supérieur à la capacité de la salle dans EXP_SALLE : donnée à vérifier (capacité obsolète ou effectif cumulé). La séance est conservée telle quelle.
effectif EFFCALCU supérieur à la capacité de la salle;I-006 Kompong Speu (ISA-00) · ERASMUS DAYS;1;Effectif supérieur à la capacité de la salle dans EXP_SALLE : donnée à vérifier (capacité obsolète ou effectif cumulé). La séance est conservée telle quelle.
effectif EFFCALCU supérieur à la capacité de la salle;I-006 Kompong Speu (ISA-00) · Jeudi de l'Entreprise;4;Effectif supérieur à la capacité de la salle dans EXP_SALLE : donnée à vérifier (capacité obsolète ou effectif cumulé). La séance est conservée telle quelle.
effectif EFFCALCU supérieur à la capacité de la salle;I-006 Kompong Speu (ISA-00) · Projet Human'ISA 26;1;Effectif supérieur à la capacité de la salle dans EXP_SALLE : donnée à vérifier (capacité obsolète ou effectif cumulé). La séance est conservée telle quelle.
effectif EFFCALCU supérieur à la capacité de la salle;I-006 Kompong Speu (ISA-00) · R 6-16 Visites&conf 6;1;Effectif supérieur à la capacité de la salle dans EXP_SALLE : donnée à vérifier (capacité obsolète ou effectif cumulé). La séance est conservée telle quelle.
effectif EFFCALCU supérieur à la capacité de la salle;I-006 Kompong Speu (ISA-00) · XXX - Anglais TOEIC;1;Effectif supérieur à la capacité de la salle dans EXP_SALLE : donnée à vérifier (capacité obsolète ou effectif cumulé). La séance est conservée telle quelle.
effectif EFFCALCU supérieur à la capacité de la salle;I-007 Nguéckock (ISA-00) · CM Probastats;2;Effectif supérieur à la capacité de la salle dans EXP_SALLE : donnée à vérifier (capacité obsolète ou effectif cumulé). La séance est conservée telle quelle.
effectif EFFCALCU supérieur à la capacité de la salle;I-007 Nguéckock (ISA-00) · ERASMUS DAYS;1;Effectif supérieur à la capacité de la salle dans EXP_SALLE : donnée à vérifier (capacité obsolète ou effectif cumulé). La séance est conservée telle quelle.
effectif EFFCALCU supérieur à la capacité de la salle;I-007 Nguéckock (ISA-00) · Jeudi de l'Entreprise;4;Effectif supérieur à la capacité de la salle dans EXP_SALLE : donnée à vérifier (capacité obsolète ou effectif cumulé). La séance est conservée telle quelle.
effectif EFFCALCU supérieur à la capacité de la salle;I-007 Nguéckock (ISA-00) · R 6-16 Visites&conf 6;1;Effectif supérieur à la capacité de la salle dans EXP_SALLE : donnée à vérifier (capacité obsolète ou effectif cumulé). La séance est conservée telle quelle.
effectif EFFCALCU supérieur à la capacité de la salle;I-007 Nguéckock (ISA-00) · XXX - Anglais TOEIC;1;Effectif supérieur à la capacité de la salle dans EXP_SALLE : donnée à vérifier (capacité obsolète ou effectif cumulé). La séance est conservée telle quelle.
effectif EFFCALCU supérieur à la capacité de la salle;Labo de Langues 312 (LET-02) · 2 Int Thème anglais;5;Effectif supérieur à la capacité de la salle dans EXP_SALLE : donnée à vérifier (capacité obsolète ou effectif cumulé). La séance est conservée telle quelle.
effectif EFFCALCU supérieur à la capacité de la salle;Labo de Langues 312 (LET-02) · 3 Int Version espagnole;3;Effectif supérieur à la capacité de la salle dans EXP_SALLE : donnée à vérifier (capacité obsolète ou effectif cumulé). La séance est conservée telle quelle.
effectif EFFCALCU supérieur à la capacité de la salle;Labo de Langues 312 (LET-02) · 4 Int Thème espagnol;3;Effectif supérieur à la capacité de la salle dans EXP_SALLE : donnée à vérifier (capacité obsolète ou effectif cumulé). La séance est conservée telle quelle.
effectif EFFCALCU supérieur à la capacité de la salle;Labo de Langues 312 (LET-02) · Int version ang S8;12;Effectif supérieur à la capacité de la salle dans EXP_SALLE : donnée à vérifier (capacité obsolète ou effectif cumulé). La séance est conservée telle quelle.
effectif EFFCALCU supérieur à la capacité de la salle;Labo de Langues 312 (LET-02) · Langue orale S1;104;Effectif supérieur à la capacité de la salle dans EXP_SALLE : donnée à vérifier (capacité obsolète ou effectif cumulé). La séance est conservée telle quelle.
effectif EFFCALCU supérieur à la capacité de la salle;Labo de Langues 312 (LET-02) · Langue orale S2;46;Effectif supérieur à la capacité de la salle dans EXP_SALLE : donnée à vérifier (capacité obsolète ou effectif cumulé). La séance est conservée telle quelle.
effectif EFFCALCU supérieur à la capacité de la salle;Labo de Langues 312 (LET-02) · Langue orale S3;26;Effectif supérieur à la capacité de la salle dans EXP_SALLE : donnée à vérifier (capacité obsolète ou effectif cumulé). La séance est conservée telle quelle.
effectif EFFCALCU supérieur à la capacité de la salle;Labo de Langues 312 (LET-02) · Langue orale S4;24;Effectif supérieur à la capacité de la salle dans EXP_SALLE : donnée à vérifier (capacité obsolète ou effectif cumulé). La séance est conservée telle quelle.
effectif EFFCALCU supérieur à la capacité de la salle;Labo de Langues 312 (LET-02) · TA Inter Version ang M1;1;Effectif supérieur à la capacité de la salle dans EXP_SALLE : donnée à vérifier (capacité obsolète ou effectif cumulé). La séance est conservée telle quelle.
effectif EFFCALCU supérieur à la capacité de la salle;Labo de Langues 312 (LET-02) · TA Inter thème ang M1;1;Effectif supérieur à la capacité de la salle dans EXP_SALLE : donnée à vérifier (capacité obsolète ou effectif cumulé). La séance est conservée telle quelle.
effectif EFFCALCU supérieur à la capacité de la salle;Labo de Langues 316 (LET-02) · 1 Int Version anglaise;10;Effectif supérieur à la capacité de la salle dans EXP_SALLE : donnée à vérifier (capacité obsolète ou effectif cumulé). La séance est conservée telle quelle.
effectif EFFCALCU supérieur à la capacité de la salle;Labo de Langues 316 (LET-02) · 2 Int Thème anglais;11;Effectif supérieur à la capacité de la salle dans EXP_SALLE : donnée à vérifier (capacité obsolète ou effectif cumulé). La séance est conservée telle quelle.
effectif EFFCALCU supérieur à la capacité de la salle;Labo de Langues 316 (LET-02) · Inter vers esp S6;1;Effectif supérieur à la capacité de la salle dans EXP_SALLE : donnée à vérifier (capacité obsolète ou effectif cumulé). La séance est conservée telle quelle.
effectif EFFCALCU supérieur à la capacité de la salle;Labo de Langues 316 (LET-02) · Interp thème angl S6;11;Effectif supérieur à la capacité de la salle dans EXP_SALLE : donnée à vérifier (capacité obsolète ou effectif cumulé). La séance est conservée telle quelle.
effectif EFFCALCU supérieur à la capacité de la salle;Labo de Langues 316 (LET-02) · Interp vers angl S6;11;Effectif supérieur à la capacité de la salle dans EXP_SALLE : donnée à vérifier (capacité obsolète ou effectif cumulé). La séance est conservée telle quelle.
effectif EFFCALCU supérieur à la capacité de la salle;Labo de Langues 316 (LET-02) · TA Inter thème/version esp M1;1;Effectif supérieur à la capacité de la salle dans EXP_SALLE : donnée à vérifier (capacité obsolète ou effectif cumulé). La séance est conservée telle quelle.
effectif EFFCALCU supérieur à la capacité de la salle;Laboratoire TP biologie 103 (BA1-01) · Biologie Animale;5;Effectif supérieur à la capacité de la salle dans EXP_SALLE : donnée à vérifier (capacité obsolète ou effectif cumulé). La séance est conservée telle quelle.
effectif EFFCALCU supérieur à la capacité de la salle;Laboratoire TP biologie 103 (BA1-01) · Génétique;2;Effectif supérieur à la capacité de la salle dans EXP_SALLE : donnée à vérifier (capacité obsolète ou effectif cumulé). La séance est conservée telle quelle.
effectif EFFCALCU supérieur à la capacité de la salle;Laboratoire TP biologie 103 (BA1-01) · Matière à préciser;4;Effectif supérieur à la capacité de la salle dans EXP_SALLE : donnée à vérifier (capacité obsolète ou effectif cumulé). La séance est conservée telle quelle.
effectif EFFCALCU supérieur à la capacité de la salle;Laboratoire TP biologie 103 (BA1-01) · Microbiologie;2;Effectif supérieur à la capacité de la salle dans EXP_SALLE : donnée à vérifier (capacité obsolète ou effectif cumulé). La séance est conservée telle quelle.
effectif EFFCALCU supérieur à la capacité de la salle;Laboratoire TP biologie 103 (BA1-01) · Physiologie Animale;4;Effectif supérieur à la capacité de la salle dans EXP_SALLE : donnée à vérifier (capacité obsolète ou effectif cumulé). La séance est conservée telle quelle.
effectif EFFCALCU supérieur à la capacité de la salle;Laboratoire TP chimie 104 (BA1-01) · XXX TP Electrochimie et conduc;5;Effectif supérieur à la capacité de la salle dans EXP_SALLE : donnée à vérifier (capacité obsolète ou effectif cumulé). La séance est conservée telle quelle.
effectif EFFCALCU supérieur à la capacité de la salle;Laboratoire TP chimie 106 (BA1-01) · Cinétique-Catalyse;1;Effectif supérieur à la capacité de la salle dans EXP_SALLE : donnée à vérifier (capacité obsolète ou effectif cumulé). La séance est conservée telle quelle.
effectif EFFCALCU supérieur à la capacité de la salle;Laboratoire TP chimie 106 (BA1-01) · Thermo Cinétique;2;Effectif supérieur à la capacité de la salle dans EXP_SALLE : donnée à vérifier (capacité obsolète ou effectif cumulé). La séance est conservée telle quelle.
effectif EFFCALCU supérieur à la capacité de la salle;Laboratoire TP chimie 106 (BA1-01) · Thermodynamique Matériaux;1;Effectif supérieur à la capacité de la salle dans EXP_SALLE : donnée à vérifier (capacité obsolète ou effectif cumulé). La séance est conservée telle quelle.
effectif EFFCALCU supérieur à la capacité de la salle;Salle 1 (PAL-00) · ACDV;1;Effectif supérieur à la capacité de la salle dans EXP_SALLE : donnée à vérifier (capacité obsolète ou effectif cumulé). La séance est conservée telle quelle.
effectif EFFCALCU supérieur à la capacité de la salle;Salle 1 (PAL-00) · Biologie cellulaire;1;Effectif supérieur à la capacité de la salle dans EXP_SALLE : donnée à vérifier (capacité obsolète ou effectif cumulé). La séance est conservée telle quelle.
effectif EFFCALCU supérieur à la capacité de la salle;Salle 1 (PAL-00) · Chim orga structure moléc;1;Effectif supérieur à la capacité de la salle dans EXP_SALLE : donnée à vérifier (capacité obsolète ou effectif cumulé). La séance est conservée telle quelle.
effectif EFFCALCU supérieur à la capacité de la salle;Salle 1 (PAL-00) · Chimie des solutions 2;3;Effectif supérieur à la capacité de la salle dans EXP_SALLE : donnée à vérifier (capacité obsolète ou effectif cumulé). La séance est conservée telle quelle.
effectif EFFCALCU supérieur à la capacité de la salle;Salle 1 (PAL-00) · Chimie des solutions 3;1;Effectif supérieur à la capacité de la salle dans EXP_SALLE : donnée à vérifier (capacité obsolète ou effectif cumulé). La séance est conservée telle quelle.
effectif EFFCALCU supérieur à la capacité de la salle;Salle 1 (PAL-00) · Courbes intégrale mult S4;1;Effectif supérieur à la capacité de la salle dans EXP_SALLE : donnée à vérifier (capacité obsolète ou effectif cumulé). La séance est conservée telle quelle.
effectif EFFCALCU supérieur à la capacité de la salle;Salle 1 (PAL-00) · Environnement Eaux & sols;1;Effectif supérieur à la capacité de la salle dans EXP_SALLE : donnée à vérifier (capacité obsolète ou effectif cumulé). La séance est conservée telle quelle.
effectif EFFCALCU supérieur à la capacité de la salle;Salle 1 (PAL-00) · Intro phys gé SDV;3;Effectif supérieur à la capacité de la salle dans EXP_SALLE : donnée à vérifier (capacité obsolète ou effectif cumulé). La séance est conservée telle quelle.
effectif EFFCALCU supérieur à la capacité de la salle;Salle 1 (PAL-00) · Intro à l'info;2;Effectif supérieur à la capacité de la salle dans EXP_SALLE : donnée à vérifier (capacité obsolète ou effectif cumulé). La séance est conservée telle quelle.
effectif EFFCALCU supérieur à la capacité de la salle;Salle 1 (PAL-00) · Intro à la biologie;2;Effectif supérieur à la capacité de la salle dans EXP_SALLE : donnée à vérifier (capacité obsolète ou effectif cumulé). La séance est conservée telle quelle.
effectif EFFCALCU supérieur à la capacité de la salle;Salle 1 (PAL-00) · Journée INFO SUP;1;Effectif supérieur à la capacité de la salle dans EXP_SALLE : donnée à vérifier (capacité obsolète ou effectif cumulé). La séance est conservée telle quelle.
effectif EFFCALCU supérieur à la capacité de la salle;Salle 1 (PAL-00) · Maths pour SDT;1;Effectif supérieur à la capacité de la salle dans EXP_SALLE : donnée à vérifier (capacité obsolète ou effectif cumulé). La séance est conservée telle quelle.
effectif EFFCALCU supérieur à la capacité de la salle;Salle 1 (PAL-00) · Mathématiques générales;4;Effectif supérieur à la capacité de la salle dans EXP_SALLE : donnée à vérifier (capacité obsolète ou effectif cumulé). La séance est conservée telle quelle.
effectif EFFCALCU supérieur à la capacité de la salle;Salle 1 (PAL-00) · Mathématiques s1;2;Effectif supérieur à la capacité de la salle dans EXP_SALLE : donnée à vérifier (capacité obsolète ou effectif cumulé). La séance est conservée telle quelle.
effectif EFFCALCU supérieur à la capacité de la salle;Salle 1 (PAL-00) · Mécanique du point 2;1;Effectif supérieur à la capacité de la salle dans EXP_SALLE : donnée à vérifier (capacité obsolète ou effectif cumulé). La séance est conservée telle quelle.
effectif EFFCALCU supérieur à la capacité de la salle;Salle 1 (PAL-00) · Ondes et vibrations;1;Effectif supérieur à la capacité de la salle dans EXP_SALLE : donnée à vérifier (capacité obsolète ou effectif cumulé). La séance est conservée telle quelle.
effectif EFFCALCU supérieur à la capacité de la salle;Salle 1 (PAL-00) · Optique géométrique;1;Effectif supérieur à la capacité de la salle dans EXP_SALLE : donnée à vérifier (capacité obsolète ou effectif cumulé). La séance est conservée telle quelle.
effectif EFFCALCU supérieur à la capacité de la salle;Salle 1 (PAL-00) · Physique pour SDT;3;Effectif supérieur à la capacité de la salle dans EXP_SALLE : donnée à vérifier (capacité obsolète ou effectif cumulé). La séance est conservée telle quelle.
effectif EFFCALCU supérieur à la capacité de la salle;Salle 1 (PAL-00) · Structures géologiques 1;1;Effectif supérieur à la capacité de la salle dans EXP_SALLE : donnée à vérifier (capacité obsolète ou effectif cumulé). La séance est conservée telle quelle.
effectif EFFCALCU supérieur à la capacité de la salle;Salle 1 (PAL-00) · Structures géologiques av;4;Effectif supérieur à la capacité de la salle dans EXP_SALLE : donnée à vérifier (capacité obsolète ou effectif cumulé). La séance est conservée telle quelle.
effectif EFFCALCU supérieur à la capacité de la salle;Salle 1 (PAL-00) · XXX-Tutorat Maths;7;Effectif supérieur à la capacité de la salle dans EXP_SALLE : donnée à vérifier (capacité obsolète ou effectif cumulé). La séance est conservée telle quelle.
effectif EFFCALCU supérieur à la capacité de la salle;Salle 1 (PAL-00) · XXX-Tutorat PC;1;Effectif supérieur à la capacité de la salle dans EXP_SALLE : donnée à vérifier (capacité obsolète ou effectif cumulé). La séance est conservée telle quelle.
effectif EFFCALCU supérieur à la capacité de la salle;Salle 10 (PAL-01) · Chimie des solutions 2;1;Effectif supérieur à la capacité de la salle dans EXP_SALLE : donnée à vérifier (capacité obsolète ou effectif cumulé). La séance est conservée telle quelle.
effectif EFFCALCU supérieur à la capacité de la salle;Salle 10 (PAL-01) · Chimie des solutions 3;1;Effectif supérieur à la capacité de la salle dans EXP_SALLE : donnée à vérifier (capacité obsolète ou effectif cumulé). La séance est conservée telle quelle.
effectif EFFCALCU supérieur à la capacité de la salle;Salle 10 (PAL-01) · Courbes intégrale mult S4;1;Effectif supérieur à la capacité de la salle dans EXP_SALLE : donnée à vérifier (capacité obsolète ou effectif cumulé). La séance est conservée telle quelle.
effectif EFFCALCU supérieur à la capacité de la salle;Salle 10 (PAL-01) · Ecologie et Ecosystèmes;1;Effectif supérieur à la capacité de la salle dans EXP_SALLE : donnée à vérifier (capacité obsolète ou effectif cumulé). La séance est conservée telle quelle.
effectif EFFCALCU supérieur à la capacité de la salle;Salle 10 (PAL-01) · Evolution;4;Effectif supérieur à la capacité de la salle dans EXP_SALLE : donnée à vérifier (capacité obsolète ou effectif cumulé). La séance est conservée telle quelle.
effectif EFFCALCU supérieur à la capacité de la salle;Salle 10 (PAL-01) · Géometrie 2 S3;1;Effectif supérieur à la capacité de la salle dans EXP_SALLE : donnée à vérifier (capacité obsolète ou effectif cumulé). La séance est conservée telle quelle.
effectif EFFCALCU supérieur à la capacité de la salle;Salle 10 (PAL-01) · Intro chimie géné SDV;11;Effectif supérieur à la capacité de la salle dans EXP_SALLE : donnée à vérifier (capacité obsolète ou effectif cumulé). La séance est conservée telle quelle.
effectif EFFCALCU supérieur à la capacité de la salle;Salle 10 (PAL-01) · Intro phys gé SDV;2;Effectif supérieur à la capacité de la salle dans EXP_SALLE : donnée à vérifier (capacité obsolète ou effectif cumulé). La séance est conservée telle quelle.
effectif EFFCALCU supérieur à la capacité de la salle;Salle 10 (PAL-01) · Intro phys géné;1;Effectif supérieur à la capacité de la salle dans EXP_SALLE : donnée à vérifier (capacité obsolète ou effectif cumulé). La séance est conservée telle quelle.
effectif EFFCALCU supérieur à la capacité de la salle;Salle 10 (PAL-01) · Intro théorie groupes S4;1;Effectif supérieur à la capacité de la salle dans EXP_SALLE : donnée à vérifier (capacité obsolète ou effectif cumulé). La séance est conservée telle quelle.
effectif EFFCALCU supérieur à la capacité de la salle;Salle 10 (PAL-01) · Intro à la chimie général;2;Effectif supérieur à la capacité de la salle dans EXP_SALLE : donnée à vérifier (capacité obsolète ou effectif cumulé). La séance est conservée telle quelle.
effectif EFFCALCU supérieur à la capacité de la salle;Salle 10 (PAL-01) · Journée INFO SUP;1;Effectif supérieur à la capacité de la salle dans EXP_SALLE : donnée à vérifier (capacité obsolète ou effectif cumulé). La séance est conservée telle quelle.
effectif EFFCALCU supérieur à la capacité de la salle;Salle 10 (PAL-01) · Maths pour SDT 2;2;Effectif supérieur à la capacité de la salle dans EXP_SALLE : donnée à vérifier (capacité obsolète ou effectif cumulé). La séance est conservée telle quelle.
effectif EFFCALCU supérieur à la capacité de la salle;Salle 10 (PAL-01) · Ondes et vibrations;2;Effectif supérieur à la capacité de la salle dans EXP_SALLE : donnée à vérifier (capacité obsolète ou effectif cumulé). La séance est conservée telle quelle.
effectif EFFCALCU supérieur à la capacité de la salle;Salle 10 (PAL-01) · Réactions compl. méca mol;1;Effectif supérieur à la capacité de la salle dans EXP_SALLE : donnée à vérifier (capacité obsolète ou effectif cumulé). La séance est conservée telle quelle.
effectif EFFCALCU supérieur à la capacité de la salle;Salle 10 (PAL-01) · Structures géologiques av;1;Effectif supérieur à la capacité de la salle dans EXP_SALLE : donnée à vérifier (capacité obsolète ou effectif cumulé). La séance est conservée telle quelle.
effectif EFFCALCU supérieur à la capacité de la salle;Salle 10 (PAL-01) · Sécurité instruments labo;2;Effectif supérieur à la capacité de la salle dans EXP_SALLE : donnée à vérifier (capacité obsolète ou effectif cumulé). La séance est conservée telle quelle.
effectif EFFCALCU supérieur à la capacité de la salle;Salle 10 (PAL-01) · XXX-Entretien individuel;2;Effectif supérieur à la capacité de la salle dans EXP_SALLE : donnée à vérifier (capacité obsolète ou effectif cumulé). La séance est conservée telle quelle.
effectif EFFCALCU supérieur à la capacité de la salle;Salle 10 (PAL-01) · XXX-Tutorat Maths;4;Effectif supérieur à la capacité de la salle dans EXP_SALLE : donnée à vérifier (capacité obsolète ou effectif cumulé). La séance est conservée telle quelle.
effectif EFFCALCU supérieur à la capacité de la salle;Salle 11 (PAL-01) · Chimie des solutions 1;3;Effectif supérieur à la capacité de la salle dans EXP_SALLE : donnée à vérifier (capacité obsolète ou effectif cumulé). La séance est conservée telle quelle.
effectif EFFCALCU supérieur à la capacité de la salle;Salle 11 (PAL-01) · Chimie des solutions 2;5;Effectif supérieur à la capacité de la salle dans EXP_SALLE : donnée à vérifier (capacité obsolète ou effectif cumulé). La séance est conservée telle quelle.
effectif EFFCALCU supérieur à la capacité de la salle;Salle 11 (PAL-01) · Intro phys gé SDV;2;Effectif supérieur à la capacité de la salle dans EXP_SALLE : donnée à vérifier (capacité obsolète ou effectif cumulé). La séance est conservée telle quelle.
effectif EFFCALCU supérieur à la capacité de la salle;Salle 11 (PAL-01) · Intro à l'info;1;Effectif supérieur à la capacité de la salle dans EXP_SALLE : donnée à vérifier (capacité obsolète ou effectif cumulé). La séance est conservée telle quelle.
effectif EFFCALCU supérieur à la capacité de la salle;Salle 11 (PAL-01) · Intro à la chimie général;1;Effectif supérieur à la capacité de la salle dans EXP_SALLE : donnée à vérifier (capacité obsolète ou effectif cumulé). La séance est conservée telle quelle.
effectif EFFCALCU supérieur à la capacité de la salle;Salle 11 (PAL-01) · Journée INFO SUP;1;Effectif supérieur à la capacité de la salle dans EXP_SALLE : donnée à vérifier (capacité obsolète ou effectif cumulé). La séance est conservée telle quelle.
effectif EFFCALCU supérieur à la capacité de la salle;Salle 11 (PAL-01) · Maths pour SDT;1;Effectif supérieur à la capacité de la salle dans EXP_SALLE : donnée à vérifier (capacité obsolète ou effectif cumulé). La séance est conservée telle quelle.
effectif EFFCALCU supérieur à la capacité de la salle;Salle 11 (PAL-01) · Maths pour SDT 2;1;Effectif supérieur à la capacité de la salle dans EXP_SALLE : donnée à vérifier (capacité obsolète ou effectif cumulé). La séance est conservée telle quelle.
effectif EFFCALCU supérieur à la capacité de la salle;Salle 11 (PAL-01) · Microbiologie 1;1;Effectif supérieur à la capacité de la salle dans EXP_SALLE : donnée à vérifier (capacité obsolète ou effectif cumulé). La séance est conservée telle quelle.
effectif EFFCALCU supérieur à la capacité de la salle;Salle 11 (PAL-01) · Optique géométrique;1;Effectif supérieur à la capacité de la salle dans EXP_SALLE : donnée à vérifier (capacité obsolète ou effectif cumulé). La séance est conservée telle quelle.
effectif EFFCALCU supérieur à la capacité de la salle;Salle 11 (PAL-01) · Roches Chronologie avancé;2;Effectif supérieur à la capacité de la salle dans EXP_SALLE : donnée à vérifier (capacité obsolète ou effectif cumulé). La séance est conservée telle quelle.
effectif EFFCALCU supérieur à la capacité de la salle;Salle 11 (PAL-01) · XXX-Tutorat Maths;6;Effectif supérieur à la capacité de la salle dans EXP_SALLE : donnée à vérifier (capacité obsolète ou effectif cumulé). La séance est conservée telle quelle.
effectif EFFCALCU supérieur à la capacité de la salle;Salle 12 (PAL-01) · Biologie animale 1;1;Effectif supérieur à la capacité de la salle dans EXP_SALLE : donnée à vérifier (capacité obsolète ou effectif cumulé). La séance est conservée telle quelle.
effectif EFFCALCU supérieur à la capacité de la salle;Salle 12 (PAL-01) · CC A DEFINIR;2;Effectif supérieur à la capacité de la salle dans EXP_SALLE : donnée à vérifier (capacité obsolète ou effectif cumulé). La séance est conservée telle quelle.
effectif EFFCALCU supérieur à la capacité de la salle;Salle 12 (PAL-01) · Concept° d'interfaces web;1;Effectif supérieur à la capacité de la salle dans EXP_SALLE : donnée à vérifier (capacité obsolète ou effectif cumulé). La séance est conservée telle quelle.
effectif EFFCALCU supérieur à la capacité de la salle;Salle 12 (PAL-01) · Créneau 05 CC S1 L1 MI, MIASHS;1;Effectif supérieur à la capacité de la salle dans EXP_SALLE : donnée à vérifier (capacité obsolète ou effectif cumulé). La séance est conservée telle quelle.
effectif EFFCALCU supérieur à la capacité de la salle;Salle 12 (PAL-01) · Géometrie 2 S3;2;Effectif supérieur à la capacité de la salle dans EXP_SALLE : donnée à vérifier (capacité obsolète ou effectif cumulé). La séance est conservée telle quelle.
effectif EFFCALCU supérieur à la capacité de la salle;Salle 12 (PAL-01) · Intro chimie géné SDV;2;Effectif supérieur à la capacité de la salle dans EXP_SALLE : donnée à vérifier (capacité obsolète ou effectif cumulé). La séance est conservée telle quelle.
effectif EFFCALCU supérieur à la capacité de la salle;Salle 12 (PAL-01) · Intro phys gé SDV;1;Effectif supérieur à la capacité de la salle dans EXP_SALLE : donnée à vérifier (capacité obsolète ou effectif cumulé). La séance est conservée telle quelle.
effectif EFFCALCU supérieur à la capacité de la salle;Salle 12 (PAL-01) · Intro à l'info;1;Effectif supérieur à la capacité de la salle dans EXP_SALLE : donnée à vérifier (capacité obsolète ou effectif cumulé). La séance est conservée telle quelle.
effectif EFFCALCU supérieur à la capacité de la salle;Salle 12 (PAL-01) · Intro à la chimie général;2;Effectif supérieur à la capacité de la salle dans EXP_SALLE : donnée à vérifier (capacité obsolète ou effectif cumulé). La séance est conservée telle quelle.
effectif EFFCALCU supérieur à la capacité de la salle;Salle 12 (PAL-01) · Journée INFO SUP;1;Effectif supérieur à la capacité de la salle dans EXP_SALLE : donnée à vérifier (capacité obsolète ou effectif cumulé). La séance est conservée telle quelle.
effectif EFFCALCU supérieur à la capacité de la salle;Salle 12 (PAL-01) · Mathématiques générales;3;Effectif supérieur à la capacité de la salle dans EXP_SALLE : donnée à vérifier (capacité obsolète ou effectif cumulé). La séance est conservée telle quelle.
effectif EFFCALCU supérieur à la capacité de la salle;Salle 12 (PAL-01) · Mathématiques s1;1;Effectif supérieur à la capacité de la salle dans EXP_SALLE : donnée à vérifier (capacité obsolète ou effectif cumulé). La séance est conservée telle quelle.
effectif EFFCALCU supérieur à la capacité de la salle;Salle 12 (PAL-01) · Méthodologie travail univ;1;Effectif supérieur à la capacité de la salle dans EXP_SALLE : donnée à vérifier (capacité obsolète ou effectif cumulé). La séance est conservée telle quelle.
effectif EFFCALCU supérieur à la capacité de la salle;Salle 12 (PAL-01) · Ondes et vibrations;2;Effectif supérieur à la capacité de la salle dans EXP_SALLE : donnée à vérifier (capacité obsolète ou effectif cumulé). La séance est conservée telle quelle.
effectif EFFCALCU supérieur à la capacité de la salle;Salle 12 (PAL-01) · Optique géométrique;1;Effectif supérieur à la capacité de la salle dans EXP_SALLE : donnée à vérifier (capacité obsolète ou effectif cumulé). La séance est conservée telle quelle.
effectif EFFCALCU supérieur à la capacité de la salle;Salle 12 (PAL-01) · XXX-Tutorat Maths;11;Effectif supérieur à la capacité de la salle dans EXP_SALLE : donnée à vérifier (capacité obsolète ou effectif cumulé). La séance est conservée telle quelle.
effectif EFFCALCU supérieur à la capacité de la salle;Salle 13 (PAL-01) · Biologie cellulaire;1;Effectif supérieur à la capacité de la salle dans EXP_SALLE : donnée à vérifier (capacité obsolète ou effectif cumulé). La séance est conservée telle quelle.
effectif EFFCALCU supérieur à la capacité de la salle;Salle 13 (PAL-01) · Environnement Eaux & sols;1;Effectif supérieur à la capacité de la salle dans EXP_SALLE : donnée à vérifier (capacité obsolète ou effectif cumulé). La séance est conservée telle quelle.
effectif EFFCALCU supérieur à la capacité de la salle;Salle 13 (PAL-01) · Intro chimie géné SDV;1;Effectif supérieur à la capacité de la salle dans EXP_SALLE : donnée à vérifier (capacité obsolète ou effectif cumulé). La séance est conservée telle quelle.
effectif EFFCALCU supérieur à la capacité de la salle;Salle 13 (PAL-01) · Intro à la chimie général;4;Effectif supérieur à la capacité de la salle dans EXP_SALLE : donnée à vérifier (capacité obsolète ou effectif cumulé). La séance est conservée telle quelle.
effectif EFFCALCU supérieur à la capacité de la salle;Salle 13 (PAL-01) · Journée INFO SUP;1;Effectif supérieur à la capacité de la salle dans EXP_SALLE : donnée à vérifier (capacité obsolète ou effectif cumulé). La séance est conservée telle quelle.
effectif EFFCALCU supérieur à la capacité de la salle;Salle 13 (PAL-01) · Mathématiques générales;1;Effectif supérieur à la capacité de la salle dans EXP_SALLE : donnée à vérifier (capacité obsolète ou effectif cumulé). La séance est conservée telle quelle.
effectif EFFCALCU supérieur à la capacité de la salle;Salle 13 (PAL-01) · Mathématiques s1;1;Effectif supérieur à la capacité de la salle dans EXP_SALLE : donnée à vérifier (capacité obsolète ou effectif cumulé). La séance est conservée telle quelle.
effectif EFFCALCU supérieur à la capacité de la salle;Salle 13 (PAL-01) · Méthodologie travail univ;3;Effectif supérieur à la capacité de la salle dans EXP_SALLE : donnée à vérifier (capacité obsolète ou effectif cumulé). La séance est conservée telle quelle.
effectif EFFCALCU supérieur à la capacité de la salle;Salle 13 (PAL-01) · Techniques d'expression I;2;Effectif supérieur à la capacité de la salle dans EXP_SALLE : donnée à vérifier (capacité obsolète ou effectif cumulé). La séance est conservée telle quelle.
effectif EFFCALCU supérieur à la capacité de la salle;Salle 13 (PAL-01) · XXX-Tutorat Hors Maths;1;Effectif supérieur à la capacité de la salle dans EXP_SALLE : donnée à vérifier (capacité obsolète ou effectif cumulé). La séance est conservée telle quelle.
effectif EFFCALCU supérieur à la capacité de la salle;Salle 14 (PAL-01) · Analyse PPPE 3;1;Effectif supérieur à la capacité de la salle dans EXP_SALLE : donnée à vérifier (capacité obsolète ou effectif cumulé). La séance est conservée telle quelle.
effectif EFFCALCU supérieur à la capacité de la salle;Salle 14 (PAL-01) · Bases de données II;3;Effectif supérieur à la capacité de la salle dans EXP_SALLE : donnée à vérifier (capacité obsolète ou effectif cumulé). La séance est conservée telle quelle.
effectif EFFCALCU supérieur à la capacité de la salle;Salle 14 (PAL-01) · Biologie 1;3;Effectif supérieur à la capacité de la salle dans EXP_SALLE : donnée à vérifier (capacité obsolète ou effectif cumulé). La séance est conservée telle quelle.
effectif EFFCALCU supérieur à la capacité de la salle;Salle 14 (PAL-01) · Biologie cellulaire;14;Effectif supérieur à la capacité de la salle dans EXP_SALLE : donnée à vérifier (capacité obsolète ou effectif cumulé). La séance est conservée telle quelle.
effectif EFFCALCU supérieur à la capacité de la salle;Salle 14 (PAL-01) · Biologie végétale 2;1;Effectif supérieur à la capacité de la salle dans EXP_SALLE : donnée à vérifier (capacité obsolète ou effectif cumulé). La séance est conservée telle quelle.
effectif EFFCALCU supérieur à la capacité de la salle;Salle 14 (PAL-01) · Compléments Math 1 S1;1;Effectif supérieur à la capacité de la salle dans EXP_SALLE : donnée à vérifier (capacité obsolète ou effectif cumulé). La séance est conservée telle quelle.
effectif EFFCALCU supérieur à la capacité de la salle;Salle 14 (PAL-01) · Créneau 10 CC S2 L1 MI, MIASHS;1;Effectif supérieur à la capacité de la salle dans EXP_SALLE : donnée à vérifier (capacité obsolète ou effectif cumulé). La séance est conservée telle quelle.
effectif EFFCALCU supérieur à la capacité de la salle;Salle 14 (PAL-01) · Diagramme état thermo mél;1;Effectif supérieur à la capacité de la salle dans EXP_SALLE : donnée à vérifier (capacité obsolète ou effectif cumulé). La séance est conservée telle quelle.
effectif EFFCALCU supérieur à la capacité de la salle;Salle 14 (PAL-01) · Entretiens individuels;4;Effectif supérieur à la capacité de la salle dans EXP_SALLE : donnée à vérifier (capacité obsolète ou effectif cumulé). La séance est conservée telle quelle.
effectif EFFCALCU supérieur à la capacité de la salle;Salle 14 (PAL-01) · Env mineralogical tech;1;Effectif supérieur à la capacité de la salle dans EXP_SALLE : donnée à vérifier (capacité obsolète ou effectif cumulé). La séance est conservée telle quelle.
effectif EFFCALCU supérieur à la capacité de la salle;Salle 14 (PAL-01) · Fluides et géoressources1;1;Effectif supérieur à la capacité de la salle dans EXP_SALLE : donnée à vérifier (capacité obsolète ou effectif cumulé). La séance est conservée telle quelle.
effectif EFFCALCU supérieur à la capacité de la salle;Salle 14 (PAL-01) · Graphes;1;Effectif supérieur à la capacité de la salle dans EXP_SALLE : donnée à vérifier (capacité obsolète ou effectif cumulé). La séance est conservée telle quelle.
effectif EFFCALCU supérieur à la capacité de la salle;Salle 14 (PAL-01) · Génétique;8;Effectif supérieur à la capacité de la salle dans EXP_SALLE : donnée à vérifier (capacité obsolète ou effectif cumulé). La séance est conservée telle quelle.
effectif EFFCALCU supérieur à la capacité de la salle;Salle 14 (PAL-01) · Ingénierie réservoirs;1;Effectif supérieur à la capacité de la salle dans EXP_SALLE : donnée à vérifier (capacité obsolète ou effectif cumulé). La séance est conservée telle quelle.
effectif EFFCALCU supérieur à la capacité de la salle;Salle 14 (PAL-01) · Journée INFO SUP;1;Effectif supérieur à la capacité de la salle dans EXP_SALLE : donnée à vérifier (capacité obsolète ou effectif cumulé). La séance est conservée telle quelle.
effectif EFFCALCU supérieur à la capacité de la salle;Salle 14 (PAL-01) · Les nouveaux gaz verts;1;Effectif supérieur à la capacité de la salle dans EXP_SALLE : donnée à vérifier (capacité obsolète ou effectif cumulé). La séance est conservée telle quelle.
effectif EFFCALCU supérieur à la capacité de la salle;Salle 14 (PAL-01) · Macromolécules;1;Effectif supérieur à la capacité de la salle dans EXP_SALLE : donnée à vérifier (capacité obsolète ou effectif cumulé). La séance est conservée telle quelle.
effectif EFFCALCU supérieur à la capacité de la salle;Salle 14 (PAL-01) · Paradigmes de programmat°;2;Effectif supérieur à la capacité de la salle dans EXP_SALLE : donnée à vérifier (capacité obsolète ou effectif cumulé). La séance est conservée telle quelle.
effectif EFFCALCU supérieur à la capacité de la salle;Salle 14 (PAL-01) · Program Orientée Agents;2;Effectif supérieur à la capacité de la salle dans EXP_SALLE : donnée à vérifier (capacité obsolète ou effectif cumulé). La séance est conservée telle quelle.
effectif EFFCALCU supérieur à la capacité de la salle;Salle 14 (PAL-01) · Spectro élémentaires;2;Effectif supérieur à la capacité de la salle dans EXP_SALLE : donnée à vérifier (capacité obsolète ou effectif cumulé). La séance est conservée telle quelle.
effectif EFFCALCU supérieur à la capacité de la salle;Salle 14 (PAL-01) · Stockages géologiques env;1;Effectif supérieur à la capacité de la salle dans EXP_SALLE : donnée à vérifier (capacité obsolète ou effectif cumulé). La séance est conservée telle quelle.
effectif EFFCALCU supérieur à la capacité de la salle;Salle 14 (PAL-01) · Stratégie synth chim orga;1;Effectif supérieur à la capacité de la salle dans EXP_SALLE : donnée à vérifier (capacité obsolète ou effectif cumulé). La séance est conservée telle quelle.
effectif EFFCALCU supérieur à la capacité de la salle;Salle 14 (PAL-01) · Structure réactivité molé;1;Effectif supérieur à la capacité de la salle dans EXP_SALLE : donnée à vérifier (capacité obsolète ou effectif cumulé). La séance est conservée telle quelle.
effectif EFFCALCU supérieur à la capacité de la salle;Salle 14 (PAL-01) · Techno orientée objet;1;Effectif supérieur à la capacité de la salle dans EXP_SALLE : donnée à vérifier (capacité obsolète ou effectif cumulé). La séance est conservée telle quelle.
effectif EFFCALCU supérieur à la capacité de la salle;Salle 14 (PAL-01) · Théorie langage et compil;2;Effectif supérieur à la capacité de la salle dans EXP_SALLE : donnée à vérifier (capacité obsolète ou effectif cumulé). La séance est conservée telle quelle.
effectif EFFCALCU supérieur à la capacité de la salle;Salle 14 (PAL-01) · XXX-Entretien individuel;1;Effectif supérieur à la capacité de la salle dans EXP_SALLE : donnée à vérifier (capacité obsolète ou effectif cumulé). La séance est conservée telle quelle.
effectif EFFCALCU supérieur à la capacité de la salle;Salle 14 (PAL-01) · XXX-Tutorat Maths;2;Effectif supérieur à la capacité de la salle dans EXP_SALLE : donnée à vérifier (capacité obsolète ou effectif cumulé). La séance est conservée telle quelle.
effectif EFFCALCU supérieur à la capacité de la salle;Salle 16 (PAL-01) · Anglais L1 STEE S1;11;Effectif supérieur à la capacité de la salle dans EXP_SALLE : donnée à vérifier (capacité obsolète ou effectif cumulé). La séance est conservée telle quelle.
effectif EFFCALCU supérieur à la capacité de la salle;Salle 16 (PAL-01) · Anglais L1 STEE S2;11;Effectif supérieur à la capacité de la salle dans EXP_SALLE : donnée à vérifier (capacité obsolète ou effectif cumulé). La séance est conservée telle quelle.
effectif EFFCALCU supérieur à la capacité de la salle;Salle 16 (PAL-01) · Dévelop d'appli internet;1;Effectif supérieur à la capacité de la salle dans EXP_SALLE : donnée à vérifier (capacité obsolète ou effectif cumulé). La séance est conservée telle quelle.
effectif EFFCALCU supérieur à la capacité de la salle;Salle 16 (PAL-01) · Journée INFO SUP;1;Effectif supérieur à la capacité de la salle dans EXP_SALLE : donnée à vérifier (capacité obsolète ou effectif cumulé). La séance est conservée telle quelle.
effectif EFFCALCU supérieur à la capacité de la salle;Salle 16 (PAL-01) · Méthodo: Out Quantitatifs;7;Effectif supérieur à la capacité de la salle dans EXP_SALLE : donnée à vérifier (capacité obsolète ou effectif cumulé). La séance est conservée telle quelle.
effectif EFFCALCU supérieur à la capacité de la salle;Salle 16 (PAL-01) · STEE Pau - Espagnol A1;25;Effectif supérieur à la capacité de la salle dans EXP_SALLE : donnée à vérifier (capacité obsolète ou effectif cumulé). La séance est conservée telle quelle.
effectif EFFCALCU supérieur à la capacité de la salle;Salle 16 (PAL-01) · Techno orientée objet;1;Effectif supérieur à la capacité de la salle dans EXP_SALLE : donnée à vérifier (capacité obsolète ou effectif cumulé). La séance est conservée telle quelle.
effectif EFFCALCU supérieur à la capacité de la salle;Salle 16 (PAL-01) · XXX-Tutorat Maths;5;Effectif supérieur à la capacité de la salle dans EXP_SALLE : donnée à vérifier (capacité obsolète ou effectif cumulé). La séance est conservée telle quelle.
effectif EFFCALCU supérieur à la capacité de la salle;Salle 16 (PAL-01) · XXX-Tutorat PC;2;Effectif supérieur à la capacité de la salle dans EXP_SALLE : donnée à vérifier (capacité obsolète ou effectif cumulé). La séance est conservée telle quelle.
effectif EFFCALCU supérieur à la capacité de la salle;Salle 17 (PAL-01) · Anglais L1 STEE S1;23;Effectif supérieur à la capacité de la salle dans EXP_SALLE : donnée à vérifier (capacité obsolète ou effectif cumulé). La séance est conservée telle quelle.
effectif EFFCALCU supérieur à la capacité de la salle;Salle 17 (PAL-01) · Anglais L1 STEE S2;22;Effectif supérieur à la capacité de la salle dans EXP_SALLE : donnée à vérifier (capacité obsolète ou effectif cumulé). La séance est conservée telle quelle.
effectif EFFCALCU supérieur à la capacité de la salle;Salle 17 (PAL-01) · Anglais L2 STEE S3;24;Effectif supérieur à la capacité de la salle dans EXP_SALLE : donnée à vérifier (capacité obsolète ou effectif cumulé). La séance est conservée telle quelle.
effectif EFFCALCU supérieur à la capacité de la salle;Salle 17 (PAL-01) · Anglais L2 STEE S4;11;Effectif supérieur à la capacité de la salle dans EXP_SALLE : donnée à vérifier (capacité obsolète ou effectif cumulé). La séance est conservée telle quelle.
effectif EFFCALCU supérieur à la capacité de la salle;Salle 17 (PAL-01) · Biologie végétale 1;2;Effectif supérieur à la capacité de la salle dans EXP_SALLE : donnée à vérifier (capacité obsolète ou effectif cumulé). La séance est conservée telle quelle.
effectif EFFCALCU supérieur à la capacité de la salle;Salle 17 (PAL-01) · Calcul scientifique;1;Effectif supérieur à la capacité de la salle dans EXP_SALLE : donnée à vérifier (capacité obsolète ou effectif cumulé). La séance est conservée telle quelle.
effectif EFFCALCU supérieur à la capacité de la salle;Salle 17 (PAL-01) · Journée INFO SUP;1;Effectif supérieur à la capacité de la salle dans EXP_SALLE : donnée à vérifier (capacité obsolète ou effectif cumulé). La séance est conservée telle quelle.
effectif EFFCALCU supérieur à la capacité de la salle;Salle 17 (PAL-01) · Méthodo: Out Quantitatifs;1;Effectif supérieur à la capacité de la salle dans EXP_SALLE : donnée à vérifier (capacité obsolète ou effectif cumulé). La séance est conservée telle quelle.
effectif EFFCALCU supérieur à la capacité de la salle;Salle 17 (PAL-01) · Ondes et vibrations;3;Effectif supérieur à la capacité de la salle dans EXP_SALLE : donnée à vérifier (capacité obsolète ou effectif cumulé). La séance est conservée telle quelle.
effectif EFFCALCU supérieur à la capacité de la salle;Salle 17 (PAL-01) · Structures géologiques 1;2;Effectif supérieur à la capacité de la salle dans EXP_SALLE : donnée à vérifier (capacité obsolète ou effectif cumulé). La séance est conservée telle quelle.
effectif EFFCALCU supérieur à la capacité de la salle;Salle 17 (PAL-01) · XXX-Tutorat Maths;2;Effectif supérieur à la capacité de la salle dans EXP_SALLE : donnée à vérifier (capacité obsolète ou effectif cumulé). La séance est conservée telle quelle.
effectif EFFCALCU supérieur à la capacité de la salle;Salle 18 (PAL-01) · Anglais L1 STEE S1;35;Effectif supérieur à la capacité de la salle dans EXP_SALLE : donnée à vérifier (capacité obsolète ou effectif cumulé). La séance est conservée telle quelle.
effectif EFFCALCU supérieur à la capacité de la salle;Salle 18 (PAL-01) · Anglais L1 STEE S2;33;Effectif supérieur à la capacité de la salle dans EXP_SALLE : donnée à vérifier (capacité obsolète ou effectif cumulé). La séance est conservée telle quelle.
effectif EFFCALCU supérieur à la capacité de la salle;Salle 18 (PAL-01) · Anglais L2 STEE S3;24;Effectif supérieur à la capacité de la salle dans EXP_SALLE : donnée à vérifier (capacité obsolète ou effectif cumulé). La séance est conservée telle quelle.
effectif EFFCALCU supérieur à la capacité de la salle;Salle 18 (PAL-01) · Intro chimie géné SDV;12;Effectif supérieur à la capacité de la salle dans EXP_SALLE : donnée à vérifier (capacité obsolète ou effectif cumulé). La séance est conservée telle quelle.
effectif EFFCALCU supérieur à la capacité de la salle;Salle 18 (PAL-01) · Journée INFO SUP;1;Effectif supérieur à la capacité de la salle dans EXP_SALLE : donnée à vérifier (capacité obsolète ou effectif cumulé). La séance est conservée telle quelle.
effectif EFFCALCU supérieur à la capacité de la salle;Salle 18 (PAL-01) · Mathématiques générales;1;Effectif supérieur à la capacité de la salle dans EXP_SALLE : donnée à vérifier (capacité obsolète ou effectif cumulé). La séance est conservée telle quelle.
effectif EFFCALCU supérieur à la capacité de la salle;Salle 18 (PAL-01) · Physique pour SDT;1;Effectif supérieur à la capacité de la salle dans EXP_SALLE : donnée à vérifier (capacité obsolète ou effectif cumulé). La séance est conservée telle quelle.
effectif EFFCALCU supérieur à la capacité de la salle;Salle 18 (PAL-01) · STEE Pau - Espagnol A1;25;Effectif supérieur à la capacité de la salle dans EXP_SALLE : donnée à vérifier (capacité obsolète ou effectif cumulé). La séance est conservée telle quelle.
effectif EFFCALCU supérieur à la capacité de la salle;Salle 18 (PAL-01) · Thermodynamique chimique;1;Effectif supérieur à la capacité de la salle dans EXP_SALLE : donnée à vérifier (capacité obsolète ou effectif cumulé). La séance est conservée telle quelle.
effectif EFFCALCU supérieur à la capacité de la salle;Salle 18 (PAL-01) · XXX-Entretien individuel;1;Effectif supérieur à la capacité de la salle dans EXP_SALLE : donnée à vérifier (capacité obsolète ou effectif cumulé). La séance est conservée telle quelle.
effectif EFFCALCU supérieur à la capacité de la salle;Salle 18 (PAL-01) · XXX-Tutorat Maths;8;Effectif supérieur à la capacité de la salle dans EXP_SALLE : donnée à vérifier (capacité obsolète ou effectif cumulé). La séance est conservée telle quelle.
effectif EFFCALCU supérieur à la capacité de la salle;Salle 18 (PAL-01) · XXX-Tutorat PC;2;Effectif supérieur à la capacité de la salle dans EXP_SALLE : donnée à vérifier (capacité obsolète ou effectif cumulé). La séance est conservée telle quelle.
effectif EFFCALCU supérieur à la capacité de la salle;Salle 19 (PAL-01) · Anglais -Groupe étoile;1;Effectif supérieur à la capacité de la salle dans EXP_SALLE : donnée à vérifier (capacité obsolète ou effectif cumulé). La séance est conservée telle quelle.
effectif EFFCALCU supérieur à la capacité de la salle;Salle 19 (PAL-01) · Intro à la chimie général;2;Effectif supérieur à la capacité de la salle dans EXP_SALLE : donnée à vérifier (capacité obsolète ou effectif cumulé). La séance est conservée telle quelle.
effectif EFFCALCU supérieur à la capacité de la salle;Salle 19 (PAL-01) · Journée INFO SUP;1;Effectif supérieur à la capacité de la salle dans EXP_SALLE : donnée à vérifier (capacité obsolète ou effectif cumulé). La séance est conservée telle quelle.
effectif EFFCALCU supérieur à la capacité de la salle;Salle 19 (PAL-01) · Macromolécules;6;Effectif supérieur à la capacité de la salle dans EXP_SALLE : donnée à vérifier (capacité obsolète ou effectif cumulé). La séance est conservée telle quelle.
effectif EFFCALCU supérieur à la capacité de la salle;Salle 19 (PAL-01) · Méthodo: Out Quantitatifs;1;Effectif supérieur à la capacité de la salle dans EXP_SALLE : donnée à vérifier (capacité obsolète ou effectif cumulé). La séance est conservée telle quelle.
effectif EFFCALCU supérieur à la capacité de la salle;Salle 19 (PAL-01) · Optique géométrique;1;Effectif supérieur à la capacité de la salle dans EXP_SALLE : donnée à vérifier (capacité obsolète ou effectif cumulé). La séance est conservée telle quelle.
effectif EFFCALCU supérieur à la capacité de la salle;Salle 19 (PAL-01) · Outils Mathématiques 2 S2;1;Effectif supérieur à la capacité de la salle dans EXP_SALLE : donnée à vérifier (capacité obsolète ou effectif cumulé). La séance est conservée telle quelle.
effectif EFFCALCU supérieur à la capacité de la salle;Salle 19 (PAL-01) · Physique du globe 1;2;Effectif supérieur à la capacité de la salle dans EXP_SALLE : donnée à vérifier (capacité obsolète ou effectif cumulé). La séance est conservée telle quelle.
effectif EFFCALCU supérieur à la capacité de la salle;Salle 19 (PAL-01) · Structures géologiques 1;1;Effectif supérieur à la capacité de la salle dans EXP_SALLE : donnée à vérifier (capacité obsolète ou effectif cumulé). La séance est conservée telle quelle.
effectif EFFCALCU supérieur à la capacité de la salle;Salle 19 (PAL-01) · XXX-Entretien individuel;1;Effectif supérieur à la capacité de la salle dans EXP_SALLE : donnée à vérifier (capacité obsolète ou effectif cumulé). La séance est conservée telle quelle.
effectif EFFCALCU supérieur à la capacité de la salle;Salle 19 (PAL-01) · XXX-Tutorat Hors Maths;1;Effectif supérieur à la capacité de la salle dans EXP_SALLE : donnée à vérifier (capacité obsolète ou effectif cumulé). La séance est conservée telle quelle.
effectif EFFCALCU supérieur à la capacité de la salle;Salle 19 (PAL-01) · XXX-Tutorat PC;1;Effectif supérieur à la capacité de la salle dans EXP_SALLE : donnée à vérifier (capacité obsolète ou effectif cumulé). La séance est conservée telle quelle.
effectif EFFCALCU supérieur à la capacité de la salle;Salle 2 (PAL-00) · Anglais -Groupe étoile;11;Effectif supérieur à la capacité de la salle dans EXP_SALLE : donnée à vérifier (capacité obsolète ou effectif cumulé). La séance est conservée telle quelle.
effectif EFFCALCU supérieur à la capacité de la salle;Salle 2 (PAL-00) · Biologie végétale 1;2;Effectif supérieur à la capacité de la salle dans EXP_SALLE : donnée à vérifier (capacité obsolète ou effectif cumulé). La séance est conservée telle quelle.
effectif EFFCALCU supérieur à la capacité de la salle;Salle 2 (PAL-00) · Chim orga structure moléc;6;Effectif supérieur à la capacité de la salle dans EXP_SALLE : donnée à vérifier (capacité obsolète ou effectif cumulé). La séance est conservée telle quelle.
effectif EFFCALCU supérieur à la capacité de la salle;Salle 2 (PAL-00) · Intro chimie géné SDV;1;Effectif supérieur à la capacité de la salle dans EXP_SALLE : donnée à vérifier (capacité obsolète ou effectif cumulé). La séance est conservée telle quelle.
effectif EFFCALCU supérieur à la capacité de la salle;Salle 2 (PAL-00) · Intro phys gé SDV;9;Effectif supérieur à la capacité de la salle dans EXP_SALLE : donnée à vérifier (capacité obsolète ou effectif cumulé). La séance est conservée telle quelle.
effectif EFFCALCU supérieur à la capacité de la salle;Salle 2 (PAL-00) · Journée INFO SUP;1;Effectif supérieur à la capacité de la salle dans EXP_SALLE : donnée à vérifier (capacité obsolète ou effectif cumulé). La séance est conservée telle quelle.
effectif EFFCALCU supérieur à la capacité de la salle;Salle 2 (PAL-00) · Maths pour SDT;1;Effectif supérieur à la capacité de la salle dans EXP_SALLE : donnée à vérifier (capacité obsolète ou effectif cumulé). La séance est conservée telle quelle.
effectif EFFCALCU supérieur à la capacité de la salle;Salle 2 (PAL-00) · Mathématiques générales;3;Effectif supérieur à la capacité de la salle dans EXP_SALLE : donnée à vérifier (capacité obsolète ou effectif cumulé). La séance est conservée telle quelle.
effectif EFFCALCU supérieur à la capacité de la salle;Salle 2 (PAL-00) · Mécanique du point 2;1;Effectif supérieur à la capacité de la salle dans EXP_SALLE : donnée à vérifier (capacité obsolète ou effectif cumulé). La séance est conservée telle quelle.
effectif EFFCALCU supérieur à la capacité de la salle;Salle 2 (PAL-00) · Outils Mathématiques 2 S2;7;Effectif supérieur à la capacité de la salle dans EXP_SALLE : donnée à vérifier (capacité obsolète ou effectif cumulé). La séance est conservée telle quelle.
effectif EFFCALCU supérieur à la capacité de la salle;Salle 2 (PAL-00) · Structures géologiques 1;1;Effectif supérieur à la capacité de la salle dans EXP_SALLE : donnée à vérifier (capacité obsolète ou effectif cumulé). La séance est conservée telle quelle.
effectif EFFCALCU supérieur à la capacité de la salle;Salle 2 (PAL-00) · Sécurité instruments labo;1;Effectif supérieur à la capacité de la salle dans EXP_SALLE : donnée à vérifier (capacité obsolète ou effectif cumulé). La séance est conservée telle quelle.
effectif EFFCALCU supérieur à la capacité de la salle;Salle 2 (PAL-00) · XXX-Tutorat Hors Maths;1;Effectif supérieur à la capacité de la salle dans EXP_SALLE : donnée à vérifier (capacité obsolète ou effectif cumulé). La séance est conservée telle quelle.
effectif EFFCALCU supérieur à la capacité de la salle;Salle 2 (PAL-00) · XXX-Tutorat PC;2;Effectif supérieur à la capacité de la salle dans EXP_SALLE : donnée à vérifier (capacité obsolète ou effectif cumulé). La séance est conservée telle quelle.
effectif EFFCALCU supérieur à la capacité de la salle;Salle 20 (DUB-00) · Algorithmique II;1;Effectif supérieur à la capacité de la salle dans EXP_SALLE : donnée à vérifier (capacité obsolète ou effectif cumulé). La séance est conservée telle quelle.
effectif EFFCALCU supérieur à la capacité de la salle;Salle 20 (DUB-00) · Algèbre et géométrie S6;1;Effectif supérieur à la capacité de la salle dans EXP_SALLE : donnée à vérifier (capacité obsolète ou effectif cumulé). La séance est conservée telle quelle.
effectif EFFCALCU supérieur à la capacité de la salle;Salle 20 (DUB-00) · Analyse chimique EC 1;7;Effectif supérieur à la capacité de la salle dans EXP_SALLE : donnée à vérifier (capacité obsolète ou effectif cumulé). La séance est conservée telle quelle.
effectif EFFCALCU supérieur à la capacité de la salle;Salle 20 (DUB-00) · Architecture des ordis;1;Effectif supérieur à la capacité de la salle dans EXP_SALLE : donnée à vérifier (capacité obsolète ou effectif cumulé). La séance est conservée telle quelle.
effectif EFFCALCU supérieur à la capacité de la salle;Salle 20 (DUB-00) · Biochimie générale;1;Effectif supérieur à la capacité de la salle dans EXP_SALLE : donnée à vérifier (capacité obsolète ou effectif cumulé). La séance est conservée telle quelle.
effectif EFFCALCU supérieur à la capacité de la salle;Salle 20 (DUB-00) · Biologie cellulaire;2;Effectif supérieur à la capacité de la salle dans EXP_SALLE : donnée à vérifier (capacité obsolète ou effectif cumulé). La séance est conservée telle quelle.
effectif EFFCALCU supérieur à la capacité de la salle;Salle 20 (DUB-00) · Biologie moléculaire;2;Effectif supérieur à la capacité de la salle dans EXP_SALLE : donnée à vérifier (capacité obsolète ou effectif cumulé). La séance est conservée telle quelle.
effectif EFFCALCU supérieur à la capacité de la salle;Salle 20 (DUB-00) · Biologie végétale 1;2;Effectif supérieur à la capacité de la salle dans EXP_SALLE : donnée à vérifier (capacité obsolète ou effectif cumulé). La séance est conservée telle quelle.
effectif EFFCALCU supérieur à la capacité de la salle;Salle 20 (DUB-00) · Biologie végétale 2;1;Effectif supérieur à la capacité de la salle dans EXP_SALLE : donnée à vérifier (capacité obsolète ou effectif cumulé). La séance est conservée telle quelle.
effectif EFFCALCU supérieur à la capacité de la salle;Salle 20 (DUB-00) · CC A DEFINIR;1;Effectif supérieur à la capacité de la salle dans EXP_SALLE : donnée à vérifier (capacité obsolète ou effectif cumulé). La séance est conservée telle quelle.
effectif EFFCALCU supérieur à la capacité de la salle;Salle 20 (DUB-00) · Chim orga structure moléc;1;Effectif supérieur à la capacité de la salle dans EXP_SALLE : donnée à vérifier (capacité obsolète ou effectif cumulé). La séance est conservée telle quelle.
effectif EFFCALCU supérieur à la capacité de la salle;Salle 20 (DUB-00) · Chimie des solutions 1;3;Effectif supérieur à la capacité de la salle dans EXP_SALLE : donnée à vérifier (capacité obsolète ou effectif cumulé). La séance est conservée telle quelle.
effectif EFFCALCU supérieur à la capacité de la salle;Salle 20 (DUB-00) · Courbes intégrale mult S4;3;Effectif supérieur à la capacité de la salle dans EXP_SALLE : donnée à vérifier (capacité obsolète ou effectif cumulé). La séance est conservée telle quelle.
effectif EFFCALCU supérieur à la capacité de la salle;Salle 20 (DUB-00) · Créneau 01 CC S1 L1 PC,SDV,SDT;1;Effectif supérieur à la capacité de la salle dans EXP_SALLE : donnée à vérifier (capacité obsolète ou effectif cumulé). La séance est conservée telle quelle.
effectif EFFCALCU supérieur à la capacité de la salle;Salle 20 (DUB-00) · Créneau 04 CC L1 S1 PC,SDV,SDT;1;Effectif supérieur à la capacité de la salle dans EXP_SALLE : donnée à vérifier (capacité obsolète ou effectif cumulé). La séance est conservée telle quelle.
effectif EFFCALCU supérieur à la capacité de la salle;Salle 20 (DUB-00) · Créneau 05 CC S2 L1 MI, MIASHS;1;Effectif supérieur à la capacité de la salle dans EXP_SALLE : donnée à vérifier (capacité obsolète ou effectif cumulé). La séance est conservée telle quelle.
effectif EFFCALCU supérieur à la capacité de la salle;Salle 20 (DUB-00) · Créneau 11 CC L1 S1 PC,SDV,SDT;1;Effectif supérieur à la capacité de la salle dans EXP_SALLE : donnée à vérifier (capacité obsolète ou effectif cumulé). La séance est conservée telle quelle.
effectif EFFCALCU supérieur à la capacité de la salle;Salle 20 (DUB-00) · Diversité;1;Effectif supérieur à la capacité de la salle dans EXP_SALLE : donnée à vérifier (capacité obsolète ou effectif cumulé). La séance est conservée telle quelle.
effectif EFFCALCU supérieur à la capacité de la salle;Salle 20 (DUB-00) · Dévelop d'appli internet;1;Effectif supérieur à la capacité de la salle dans EXP_SALLE : donnée à vérifier (capacité obsolète ou effectif cumulé). La séance est conservée telle quelle.
effectif EFFCALCU supérieur à la capacité de la salle;Salle 20 (DUB-00) · Etat de la matière;1;Effectif supérieur à la capacité de la salle dans EXP_SALLE : donnée à vérifier (capacité obsolète ou effectif cumulé). La séance est conservée telle quelle.
effectif EFFCALCU supérieur à la capacité de la salle;Salle 20 (DUB-00) · Evolution;5;Effectif supérieur à la capacité de la salle dans EXP_SALLE : donnée à vérifier (capacité obsolète ou effectif cumulé). La séance est conservée telle quelle.
effectif EFFCALCU supérieur à la capacité de la salle;Salle 20 (DUB-00) · Génétique;2;Effectif supérieur à la capacité de la salle dans EXP_SALLE : donnée à vérifier (capacité obsolète ou effectif cumulé). La séance est conservée telle quelle.
effectif EFFCALCU supérieur à la capacité de la salle;Salle 20 (DUB-00) · Intro aux SDT;1;Effectif supérieur à la capacité de la salle dans EXP_SALLE : donnée à vérifier (capacité obsolète ou effectif cumulé). La séance est conservée telle quelle.
effectif EFFCALCU supérieur à la capacité de la salle;Salle 20 (DUB-00) · Intro à l'info;2;Effectif supérieur à la capacité de la salle dans EXP_SALLE : donnée à vérifier (capacité obsolète ou effectif cumulé). La séance est conservée telle quelle.
effectif EFFCALCU supérieur à la capacité de la salle;Salle 20 (DUB-00) · Journée INFO SUP;1;Effectif supérieur à la capacité de la salle dans EXP_SALLE : donnée à vérifier (capacité obsolète ou effectif cumulé). La séance est conservée telle quelle.
effectif EFFCALCU supérieur à la capacité de la salle;Salle 20 (DUB-00) · MTU;1;Effectif supérieur à la capacité de la salle dans EXP_SALLE : donnée à vérifier (capacité obsolète ou effectif cumulé). La séance est conservée telle quelle.
effectif EFFCALCU supérieur à la capacité de la salle;Salle 20 (DUB-00) · Maths S3_1;1;Effectif supérieur à la capacité de la salle dans EXP_SALLE : donnée à vérifier (capacité obsolète ou effectif cumulé). La séance est conservée telle quelle.
effectif EFFCALCU supérieur à la capacité de la salle;Salle 20 (DUB-00) · Maths géné pour l'info;1;Effectif supérieur à la capacité de la salle dans EXP_SALLE : donnée à vérifier (capacité obsolète ou effectif cumulé). La séance est conservée telle quelle.
effectif EFFCALCU supérieur à la capacité de la salle;Salle 20 (DUB-00) · Maths pour la phys chim;1;Effectif supérieur à la capacité de la salle dans EXP_SALLE : donnée à vérifier (capacité obsolète ou effectif cumulé). La séance est conservée telle quelle.
effectif EFFCALCU supérieur à la capacité de la salle;Salle 20 (DUB-00) · Mathématiques S2;1;Effectif supérieur à la capacité de la salle dans EXP_SALLE : donnée à vérifier (capacité obsolète ou effectif cumulé). La séance est conservée telle quelle.
effectif EFFCALCU supérieur à la capacité de la salle;Salle 20 (DUB-00) · Mathématiques générales;1;Effectif supérieur à la capacité de la salle dans EXP_SALLE : donnée à vérifier (capacité obsolète ou effectif cumulé). La séance est conservée telle quelle.
effectif EFFCALCU supérieur à la capacité de la salle;Salle 20 (DUB-00) · Mécanique du point 2;2;Effectif supérieur à la capacité de la salle dans EXP_SALLE : donnée à vérifier (capacité obsolète ou effectif cumulé). La séance est conservée telle quelle.
effectif EFFCALCU supérieur à la capacité de la salle;Salle 20 (DUB-00) · Méthodes en Math 1;1;Effectif supérieur à la capacité de la salle dans EXP_SALLE : donnée à vérifier (capacité obsolète ou effectif cumulé). La séance est conservée telle quelle.
effectif EFFCALCU supérieur à la capacité de la salle;Salle 20 (DUB-00) · OUMOBIO 1;1;Effectif supérieur à la capacité de la salle dans EXP_SALLE : donnée à vérifier (capacité obsolète ou effectif cumulé). La séance est conservée telle quelle.
effectif EFFCALCU supérieur à la capacité de la salle;Salle 20 (DUB-00) · Optique géométrique;1;Effectif supérieur à la capacité de la salle dans EXP_SALLE : donnée à vérifier (capacité obsolète ou effectif cumulé). La séance est conservée telle quelle.
effectif EFFCALCU supérieur à la capacité de la salle;Salle 20 (DUB-00) · Outils Mathématiques 2 S2;1;Effectif supérieur à la capacité de la salle dans EXP_SALLE : donnée à vérifier (capacité obsolète ou effectif cumulé). La séance est conservée telle quelle.
effectif EFFCALCU supérieur à la capacité de la salle;Salle 20 (DUB-00) · Progr orientée objet;1;Effectif supérieur à la capacité de la salle dans EXP_SALLE : donnée à vérifier (capacité obsolète ou effectif cumulé). La séance est conservée telle quelle.
effectif EFFCALCU supérieur à la capacité de la salle;Salle 20 (DUB-00) · Thermodynamique;1;Effectif supérieur à la capacité de la salle dans EXP_SALLE : donnée à vérifier (capacité obsolète ou effectif cumulé). La séance est conservée telle quelle.
effectif EFFCALCU supérieur à la capacité de la salle;Salle 20 (DUB-00) · UE Découverte II: MMI;1;Effectif supérieur à la capacité de la salle dans EXP_SALLE : donnée à vérifier (capacité obsolète ou effectif cumulé). La séance est conservée telle quelle.
effectif EFFCALCU supérieur à la capacité de la salle;Salle 20 (DUB-00) · XXX-Tutorat PC;3;Effectif supérieur à la capacité de la salle dans EXP_SALLE : donnée à vérifier (capacité obsolète ou effectif cumulé). La séance est conservée telle quelle.
effectif EFFCALCU supérieur à la capacité de la salle;Salle 21 (DUB-00) · Analyse 1 S1;1;Effectif supérieur à la capacité de la salle dans EXP_SALLE : donnée à vérifier (capacité obsolète ou effectif cumulé). La séance est conservée telle quelle.
effectif EFFCALCU supérieur à la capacité de la salle;Salle 21 (DUB-00) · Analyse 2 S2;1;Effectif supérieur à la capacité de la salle dans EXP_SALLE : donnée à vérifier (capacité obsolète ou effectif cumulé). La séance est conservée telle quelle.
effectif EFFCALCU supérieur à la capacité de la salle;Salle 21 (DUB-00) · Architecture des ordis;1;Effectif supérieur à la capacité de la salle dans EXP_SALLE : donnée à vérifier (capacité obsolète ou effectif cumulé). La séance est conservée telle quelle.
effectif EFFCALCU supérieur à la capacité de la salle;Salle 21 (DUB-00) · Biochimie générale;1;Effectif supérieur à la capacité de la salle dans EXP_SALLE : donnée à vérifier (capacité obsolète ou effectif cumulé). La séance est conservée telle quelle.
effectif EFFCALCU supérieur à la capacité de la salle;Salle 21 (DUB-00) · CC A DEFINIR;2;Effectif supérieur à la capacité de la salle dans EXP_SALLE : donnée à vérifier (capacité obsolète ou effectif cumulé). La séance est conservée telle quelle.
effectif EFFCALCU supérieur à la capacité de la salle;Salle 21 (DUB-00) · Chim orga structure moléc;1;Effectif supérieur à la capacité de la salle dans EXP_SALLE : donnée à vérifier (capacité obsolète ou effectif cumulé). La séance est conservée telle quelle.
effectif EFFCALCU supérieur à la capacité de la salle;Salle 21 (DUB-00) · Chimie des solutions 1;2;Effectif supérieur à la capacité de la salle dans EXP_SALLE : donnée à vérifier (capacité obsolète ou effectif cumulé). La séance est conservée telle quelle.
effectif EFFCALCU supérieur à la capacité de la salle;Salle 21 (DUB-00) · Chimie générale S1;2;Effectif supérieur à la capacité de la salle dans EXP_SALLE : donnée à vérifier (capacité obsolète ou effectif cumulé). La séance est conservée telle quelle.
effectif EFFCALCU supérieur à la capacité de la salle;Salle 21 (DUB-00) · Compléments Math 1 S1;1;Effectif supérieur à la capacité de la salle dans EXP_SALLE : donnée à vérifier (capacité obsolète ou effectif cumulé). La séance est conservée telle quelle.
effectif EFFCALCU supérieur à la capacité de la salle;Salle 21 (DUB-00) · Etat de la matière;1;Effectif supérieur à la capacité de la salle dans EXP_SALLE : donnée à vérifier (capacité obsolète ou effectif cumulé). La séance est conservée telle quelle.
effectif EFFCALCU supérieur à la capacité de la salle;Salle 21 (DUB-00) · Etat solide;1;Effectif supérieur à la capacité de la salle dans EXP_SALLE : donnée à vérifier (capacité obsolète ou effectif cumulé). La séance est conservée telle quelle.
effectif EFFCALCU supérieur à la capacité de la salle;Salle 21 (DUB-00) · Evolution;1;Effectif supérieur à la capacité de la salle dans EXP_SALLE : donnée à vérifier (capacité obsolète ou effectif cumulé). La séance est conservée telle quelle.
effectif EFFCALCU supérieur à la capacité de la salle;Salle 21 (DUB-00) · Intro aux SDT;1;Effectif supérieur à la capacité de la salle dans EXP_SALLE : donnée à vérifier (capacité obsolète ou effectif cumulé). La séance est conservée telle quelle.
effectif EFFCALCU supérieur à la capacité de la salle;Salle 21 (DUB-00) · Intro à la biologie;2;Effectif supérieur à la capacité de la salle dans EXP_SALLE : donnée à vérifier (capacité obsolète ou effectif cumulé). La séance est conservée telle quelle.
effectif EFFCALCU supérieur à la capacité de la salle;Salle 21 (DUB-00) · Intro à la chimie général;1;Effectif supérieur à la capacité de la salle dans EXP_SALLE : donnée à vérifier (capacité obsolète ou effectif cumulé). La séance est conservée telle quelle.
effectif EFFCALCU supérieur à la capacité de la salle;Salle 21 (DUB-00) · Journée INFO SUP;1;Effectif supérieur à la capacité de la salle dans EXP_SALLE : donnée à vérifier (capacité obsolète ou effectif cumulé). La séance est conservée telle quelle.
effectif EFFCALCU supérieur à la capacité de la salle;Salle 21 (DUB-00) · MTU;1;Effectif supérieur à la capacité de la salle dans EXP_SALLE : donnée à vérifier (capacité obsolète ou effectif cumulé). La séance est conservée telle quelle.
effectif EFFCALCU supérieur à la capacité de la salle;Salle 21 (DUB-00) · Macromolécules;12;Effectif supérieur à la capacité de la salle dans EXP_SALLE : donnée à vérifier (capacité obsolète ou effectif cumulé). La séance est conservée telle quelle.
effectif EFFCALCU supérieur à la capacité de la salle;Salle 21 (DUB-00) · Maths pour la phys chim;2;Effectif supérieur à la capacité de la salle dans EXP_SALLE : donnée à vérifier (capacité obsolète ou effectif cumulé). La séance est conservée telle quelle.
effectif EFFCALCU supérieur à la capacité de la salle;Salle 21 (DUB-00) · Mathématiques S2;1;Effectif supérieur à la capacité de la salle dans EXP_SALLE : donnée à vérifier (capacité obsolète ou effectif cumulé). La séance est conservée telle quelle.
effectif EFFCALCU supérieur à la capacité de la salle;Salle 21 (DUB-00) · Mathématiques s1;1;Effectif supérieur à la capacité de la salle dans EXP_SALLE : donnée à vérifier (capacité obsolète ou effectif cumulé). La séance est conservée telle quelle.
effectif EFFCALCU supérieur à la capacité de la salle;Salle 21 (DUB-00) · Mécanique du point 2;1;Effectif supérieur à la capacité de la salle dans EXP_SALLE : donnée à vérifier (capacité obsolète ou effectif cumulé). La séance est conservée telle quelle.
effectif EFFCALCU supérieur à la capacité de la salle;Salle 21 (DUB-00) · Méthodes en Math 1;1;Effectif supérieur à la capacité de la salle dans EXP_SALLE : donnée à vérifier (capacité obsolète ou effectif cumulé). La séance est conservée telle quelle.
effectif EFFCALCU supérieur à la capacité de la salle;Salle 21 (DUB-00) · Outils Mathématiques 2 S2;1;Effectif supérieur à la capacité de la salle dans EXP_SALLE : donnée à vérifier (capacité obsolète ou effectif cumulé). La séance est conservée telle quelle.
effectif EFFCALCU supérieur à la capacité de la salle;Salle 21 (DUB-00) · Physiologie animale 1;1;Effectif supérieur à la capacité de la salle dans EXP_SALLE : donnée à vérifier (capacité obsolète ou effectif cumulé). La séance est conservée telle quelle.
effectif EFFCALCU supérieur à la capacité de la salle;Salle 21 (DUB-00) · Réactions compl. méca mol;1;Effectif supérieur à la capacité de la salle dans EXP_SALLE : donnée à vérifier (capacité obsolète ou effectif cumulé). La séance est conservée telle quelle.
effectif EFFCALCU supérieur à la capacité de la salle;Salle 21 (DUB-00) · UE Découverte II: MMI;1;Effectif supérieur à la capacité de la salle dans EXP_SALLE : donnée à vérifier (capacité obsolète ou effectif cumulé). La séance est conservée telle quelle.
effectif EFFCALCU supérieur à la capacité de la salle;Salle 21 (DUB-00) · XXX-Commission paritaire;1;Effectif supérieur à la capacité de la salle dans EXP_SALLE : donnée à vérifier (capacité obsolète ou effectif cumulé). La séance est conservée telle quelle.
effectif EFFCALCU supérieur à la capacité de la salle;Salle 21 (DUB-00) · XXX-Tutorat PC;1;Effectif supérieur à la capacité de la salle dans EXP_SALLE : donnée à vérifier (capacité obsolète ou effectif cumulé). La séance est conservée telle quelle.
effectif EFFCALCU supérieur à la capacité de la salle;Salle 22 (DUB-00) · Algorith math 3 python S4;1;Effectif supérieur à la capacité de la salle dans EXP_SALLE : donnée à vérifier (capacité obsolète ou effectif cumulé). La séance est conservée telle quelle.
effectif EFFCALCU supérieur à la capacité de la salle;Salle 22 (DUB-00) · Algèbre pour l'info;1;Effectif supérieur à la capacité de la salle dans EXP_SALLE : donnée à vérifier (capacité obsolète ou effectif cumulé). La séance est conservée telle quelle.
effectif EFFCALCU supérieur à la capacité de la salle;Salle 22 (DUB-00) · Analyse chimique EC 1;1;Effectif supérieur à la capacité de la salle dans EXP_SALLE : donnée à vérifier (capacité obsolète ou effectif cumulé). La séance est conservée telle quelle.
effectif EFFCALCU supérieur à la capacité de la salle;Salle 22 (DUB-00) · Biologie cellulaire;1;Effectif supérieur à la capacité de la salle dans EXP_SALLE : donnée à vérifier (capacité obsolète ou effectif cumulé). La séance est conservée telle quelle.
effectif EFFCALCU supérieur à la capacité de la salle;Salle 22 (DUB-00) · CC A DEFINIR;1;Effectif supérieur à la capacité de la salle dans EXP_SALLE : donnée à vérifier (capacité obsolète ou effectif cumulé). La séance est conservée telle quelle.
effectif EFFCALCU supérieur à la capacité de la salle;Salle 22 (DUB-00) · Calcul différentiel RN S4;1;Effectif supérieur à la capacité de la salle dans EXP_SALLE : donnée à vérifier (capacité obsolète ou effectif cumulé). La séance est conservée telle quelle.
effectif EFFCALCU supérieur à la capacité de la salle;Salle 22 (DUB-00) · Chimie organ fondamentale;2;Effectif supérieur à la capacité de la salle dans EXP_SALLE : donnée à vérifier (capacité obsolète ou effectif cumulé). La séance est conservée telle quelle.
effectif EFFCALCU supérieur à la capacité de la salle;Salle 22 (DUB-00) · Compléments Math 2 S2;1;Effectif supérieur à la capacité de la salle dans EXP_SALLE : donnée à vérifier (capacité obsolète ou effectif cumulé). La séance est conservée telle quelle.
effectif EFFCALCU supérieur à la capacité de la salle;Salle 22 (DUB-00) · Courbes intégrale mult S4;1;Effectif supérieur à la capacité de la salle dans EXP_SALLE : donnée à vérifier (capacité obsolète ou effectif cumulé). La séance est conservée telle quelle.
effectif EFFCALCU supérieur à la capacité de la salle;Salle 22 (DUB-00) · Découverte recherche UPPA;1;Effectif supérieur à la capacité de la salle dans EXP_SALLE : donnée à vérifier (capacité obsolète ou effectif cumulé). La séance est conservée telle quelle.
effectif EFFCALCU supérieur à la capacité de la salle;Salle 22 (DUB-00) · Ecologie et Ecosystèmes;1;Effectif supérieur à la capacité de la salle dans EXP_SALLE : donnée à vérifier (capacité obsolète ou effectif cumulé). La séance est conservée telle quelle.
effectif EFFCALCU supérieur à la capacité de la salle;Salle 22 (DUB-00) · Expression écrite et oral;1;Effectif supérieur à la capacité de la salle dans EXP_SALLE : donnée à vérifier (capacité obsolète ou effectif cumulé). La séance est conservée telle quelle.
effectif EFFCALCU supérieur à la capacité de la salle;Salle 22 (DUB-00) · Géométrie S1;1;Effectif supérieur à la capacité de la salle dans EXP_SALLE : donnée à vérifier (capacité obsolète ou effectif cumulé). La séance est conservée telle quelle.
effectif EFFCALCU supérieur à la capacité de la salle;Salle 22 (DUB-00) · Intro aux SDT;3;Effectif supérieur à la capacité de la salle dans EXP_SALLE : donnée à vérifier (capacité obsolète ou effectif cumulé). La séance est conservée telle quelle.
effectif EFFCALCU supérieur à la capacité de la salle;Salle 22 (DUB-00) · Intro probabilités S4;1;Effectif supérieur à la capacité de la salle dans EXP_SALLE : donnée à vérifier (capacité obsolète ou effectif cumulé). La séance est conservée telle quelle.
effectif EFFCALCU supérieur à la capacité de la salle;Salle 22 (DUB-00) · Journée INFO SUP;1;Effectif supérieur à la capacité de la salle dans EXP_SALLE : donnée à vérifier (capacité obsolète ou effectif cumulé). La séance est conservée telle quelle.
effectif EFFCALCU supérieur à la capacité de la salle;Salle 22 (DUB-00) · Maths S3_1;1;Effectif supérieur à la capacité de la salle dans EXP_SALLE : donnée à vérifier (capacité obsolète ou effectif cumulé). La séance est conservée telle quelle.
effectif EFFCALCU supérieur à la capacité de la salle;Salle 22 (DUB-00) · Mathématiques générales;2;Effectif supérieur à la capacité de la salle dans EXP_SALLE : donnée à vérifier (capacité obsolète ou effectif cumulé). La séance est conservée telle quelle.
effectif EFFCALCU supérieur à la capacité de la salle;Salle 22 (DUB-00) · Mathématiques s1;2;Effectif supérieur à la capacité de la salle dans EXP_SALLE : donnée à vérifier (capacité obsolète ou effectif cumulé). La séance est conservée telle quelle.
effectif EFFCALCU supérieur à la capacité de la salle;Salle 22 (DUB-00) · Microbiologie 1;1;Effectif supérieur à la capacité de la salle dans EXP_SALLE : donnée à vérifier (capacité obsolète ou effectif cumulé). La séance est conservée telle quelle.
effectif EFFCALCU supérieur à la capacité de la salle;Salle 22 (DUB-00) · Ondes et vibrations;1;Effectif supérieur à la capacité de la salle dans EXP_SALLE : donnée à vérifier (capacité obsolète ou effectif cumulé). La séance est conservée telle quelle.
effectif EFFCALCU supérieur à la capacité de la salle;Salle 22 (DUB-00) · Optique géométrique;1;Effectif supérieur à la capacité de la salle dans EXP_SALLE : donnée à vérifier (capacité obsolète ou effectif cumulé). La séance est conservée telle quelle.
effectif EFFCALCU supérieur à la capacité de la salle;Salle 22 (DUB-00) · Physique du globe 1;1;Effectif supérieur à la capacité de la salle dans EXP_SALLE : donnée à vérifier (capacité obsolète ou effectif cumulé). La séance est conservée telle quelle.
effectif EFFCALCU supérieur à la capacité de la salle;Salle 22 (DUB-00) · Structure cristalline;1;Effectif supérieur à la capacité de la salle dans EXP_SALLE : donnée à vérifier (capacité obsolète ou effectif cumulé). La séance est conservée telle quelle.
effectif EFFCALCU supérieur à la capacité de la salle;Salle 22 (DUB-00) · XXX-Prépa Nuit Info;1;Effectif supérieur à la capacité de la salle dans EXP_SALLE : donnée à vérifier (capacité obsolète ou effectif cumulé). La séance est conservée telle quelle.
effectif EFFCALCU supérieur à la capacité de la salle;Salle 22 (DUB-00) · XXX-Recherche de stage;1;Effectif supérieur à la capacité de la salle dans EXP_SALLE : donnée à vérifier (capacité obsolète ou effectif cumulé). La séance est conservée telle quelle.
effectif EFFCALCU supérieur à la capacité de la salle;Salle 23 (DUB-00) · Algorith math 3 python S4;1;Effectif supérieur à la capacité de la salle dans EXP_SALLE : donnée à vérifier (capacité obsolète ou effectif cumulé). La séance est conservée telle quelle.
effectif EFFCALCU supérieur à la capacité de la salle;Salle 23 (DUB-00) · Algèbre 1 S1;2;Effectif supérieur à la capacité de la salle dans EXP_SALLE : donnée à vérifier (capacité obsolète ou effectif cumulé). La séance est conservée telle quelle.
effectif EFFCALCU supérieur à la capacité de la salle;Salle 23 (DUB-00) · Algèbre 2 S2;1;Effectif supérieur à la capacité de la salle dans EXP_SALLE : donnée à vérifier (capacité obsolète ou effectif cumulé). La séance est conservée telle quelle.
effectif EFFCALCU supérieur à la capacité de la salle;Salle 23 (DUB-00) · Anglais L3 STEE S5;1;Effectif supérieur à la capacité de la salle dans EXP_SALLE : donnée à vérifier (capacité obsolète ou effectif cumulé). La séance est conservée telle quelle.
effectif EFFCALCU supérieur à la capacité de la salle;Salle 23 (DUB-00) · Chimie analytique SDV;1;Effectif supérieur à la capacité de la salle dans EXP_SALLE : donnée à vérifier (capacité obsolète ou effectif cumulé). La séance est conservée telle quelle.
effectif EFFCALCU supérieur à la capacité de la salle;Salle 23 (DUB-00) · Cinétique Formelle;1;Effectif supérieur à la capacité de la salle dans EXP_SALLE : donnée à vérifier (capacité obsolète ou effectif cumulé). La séance est conservée telle quelle.
effectif EFFCALCU supérieur à la capacité de la salle;Salle 23 (DUB-00) · Compléments Math 2 S2;1;Effectif supérieur à la capacité de la salle dans EXP_SALLE : donnée à vérifier (capacité obsolète ou effectif cumulé). La séance est conservée telle quelle.
effectif EFFCALCU supérieur à la capacité de la salle;Salle 23 (DUB-00) · Créneau 03 CC S2 L1 PC,SDV,SDT;1;Effectif supérieur à la capacité de la salle dans EXP_SALLE : donnée à vérifier (capacité obsolète ou effectif cumulé). La séance est conservée telle quelle.
effectif EFFCALCU supérieur à la capacité de la salle;Salle 23 (DUB-00) · Géometrie 2 S3;6;Effectif supérieur à la capacité de la salle dans EXP_SALLE : donnée à vérifier (capacité obsolète ou effectif cumulé). La séance est conservée telle quelle.
effectif EFFCALCU supérieur à la capacité de la salle;Salle 23 (DUB-00) · Intro phys géné;1;Effectif supérieur à la capacité de la salle dans EXP_SALLE : donnée à vérifier (capacité obsolète ou effectif cumulé). La séance est conservée telle quelle.
effectif EFFCALCU supérieur à la capacité de la salle;Salle 23 (DUB-00) · Journée INFO SUP;1;Effectif supérieur à la capacité de la salle dans EXP_SALLE : donnée à vérifier (capacité obsolète ou effectif cumulé). La séance est conservée telle quelle.
effectif EFFCALCU supérieur à la capacité de la salle;Salle 23 (DUB-00) · Mathématiques s1;1;Effectif supérieur à la capacité de la salle dans EXP_SALLE : donnée à vérifier (capacité obsolète ou effectif cumulé). La séance est conservée telle quelle.
effectif EFFCALCU supérieur à la capacité de la salle;Salle 23 (DUB-00) · Microbiologie 2;1;Effectif supérieur à la capacité de la salle dans EXP_SALLE : donnée à vérifier (capacité obsolète ou effectif cumulé). La séance est conservée telle quelle.
effectif EFFCALCU supérieur à la capacité de la salle;Salle 23 (DUB-00) · Mécanique du point;1;Effectif supérieur à la capacité de la salle dans EXP_SALLE : donnée à vérifier (capacité obsolète ou effectif cumulé). La séance est conservée telle quelle.
effectif EFFCALCU supérieur à la capacité de la salle;Salle 23 (DUB-00) · Physique du globe 1;1;Effectif supérieur à la capacité de la salle dans EXP_SALLE : donnée à vérifier (capacité obsolète ou effectif cumulé). La séance est conservée telle quelle.
effectif EFFCALCU supérieur à la capacité de la salle;Salle 23 (DUB-00) · Réactions compl. méca mol;1;Effectif supérieur à la capacité de la salle dans EXP_SALLE : donnée à vérifier (capacité obsolète ou effectif cumulé). La séance est conservée telle quelle.
effectif EFFCALCU supérieur à la capacité de la salle;Salle 23 (DUB-00) · XXX-Commission paritaire;1;Effectif supérieur à la capacité de la salle dans EXP_SALLE : donnée à vérifier (capacité obsolète ou effectif cumulé). La séance est conservée telle quelle.
effectif EFFCALCU supérieur à la capacité de la salle;Salle 24 (DUB-00) · Algèbre 1 S1;1;Effectif supérieur à la capacité de la salle dans EXP_SALLE : donnée à vérifier (capacité obsolète ou effectif cumulé). La séance est conservée telle quelle.
effectif EFFCALCU supérieur à la capacité de la salle;Salle 24 (DUB-00) · Atosmitique et liaison ch;1;Effectif supérieur à la capacité de la salle dans EXP_SALLE : donnée à vérifier (capacité obsolète ou effectif cumulé). La séance est conservée telle quelle.
effectif EFFCALCU supérieur à la capacité de la salle;Salle 24 (DUB-00) · Biochimie générale;1;Effectif supérieur à la capacité de la salle dans EXP_SALLE : donnée à vérifier (capacité obsolète ou effectif cumulé). La séance est conservée telle quelle.
effectif EFFCALCU supérieur à la capacité de la salle;Salle 24 (DUB-00) · Chim orga structure moléc;1;Effectif supérieur à la capacité de la salle dans EXP_SALLE : donnée à vérifier (capacité obsolète ou effectif cumulé). La séance est conservée telle quelle.
effectif EFFCALCU supérieur à la capacité de la salle;Salle 24 (DUB-00) · Chimie des solutions 1;1;Effectif supérieur à la capacité de la salle dans EXP_SALLE : donnée à vérifier (capacité obsolète ou effectif cumulé). La séance est conservée telle quelle.
effectif EFFCALCU supérieur à la capacité de la salle;Salle 24 (DUB-00) · Compléments Math 1 S1;1;Effectif supérieur à la capacité de la salle dans EXP_SALLE : donnée à vérifier (capacité obsolète ou effectif cumulé). La séance est conservée telle quelle.
effectif EFFCALCU supérieur à la capacité de la salle;Salle 24 (DUB-00) · Journée INFO SUP;1;Effectif supérieur à la capacité de la salle dans EXP_SALLE : donnée à vérifier (capacité obsolète ou effectif cumulé). La séance est conservée telle quelle.
effectif EFFCALCU supérieur à la capacité de la salle;Salle 24 (DUB-00) · Maths pour SDT;1;Effectif supérieur à la capacité de la salle dans EXP_SALLE : donnée à vérifier (capacité obsolète ou effectif cumulé). La séance est conservée telle quelle.
effectif EFFCALCU supérieur à la capacité de la salle;Salle 24 (DUB-00) · Microbiologie 2;1;Effectif supérieur à la capacité de la salle dans EXP_SALLE : donnée à vérifier (capacité obsolète ou effectif cumulé). La séance est conservée telle quelle.
effectif EFFCALCU supérieur à la capacité de la salle;Salle 24 (DUB-00) · Outils Mathématiques 2 S2;1;Effectif supérieur à la capacité de la salle dans EXP_SALLE : donnée à vérifier (capacité obsolète ou effectif cumulé). La séance est conservée telle quelle.
effectif EFFCALCU supérieur à la capacité de la salle;Salle 24 (DUB-00) · Outils de Math 1 S1;1;Effectif supérieur à la capacité de la salle dans EXP_SALLE : donnée à vérifier (capacité obsolète ou effectif cumulé). La séance est conservée telle quelle.
effectif EFFCALCU supérieur à la capacité de la salle;Salle 25 (DUB-00) · Analyse 1 S1;1;Effectif supérieur à la capacité de la salle dans EXP_SALLE : donnée à vérifier (capacité obsolète ou effectif cumulé). La séance est conservée telle quelle.
effectif EFFCALCU supérieur à la capacité de la salle;Salle 25 (DUB-00) · Anglais L1 STEE S1;12;Effectif supérieur à la capacité de la salle dans EXP_SALLE : donnée à vérifier (capacité obsolète ou effectif cumulé). La séance est conservée telle quelle.
effectif EFFCALCU supérieur à la capacité de la salle;Salle 25 (DUB-00) · Anglais L1 STEE S2;11;Effectif supérieur à la capacité de la salle dans EXP_SALLE : donnée à vérifier (capacité obsolète ou effectif cumulé). La séance est conservée telle quelle.
effectif EFFCALCU supérieur à la capacité de la salle;Salle 25 (DUB-00) · Biologie moléculaire;1;Effectif supérieur à la capacité de la salle dans EXP_SALLE : donnée à vérifier (capacité obsolète ou effectif cumulé). La séance est conservée telle quelle.
effectif EFFCALCU supérieur à la capacité de la salle;Salle 25 (DUB-00) · CC A DEFINIR;1;Effectif supérieur à la capacité de la salle dans EXP_SALLE : donnée à vérifier (capacité obsolète ou effectif cumulé). La séance est conservée telle quelle.
effectif EFFCALCU supérieur à la capacité de la salle;Salle 25 (DUB-00) · Chimie analytique SDV;1;Effectif supérieur à la capacité de la salle dans EXP_SALLE : donnée à vérifier (capacité obsolète ou effectif cumulé). La séance est conservée telle quelle.
effectif EFFCALCU supérieur à la capacité de la salle;Salle 25 (DUB-00) · Chimie des solutions 2;1;Effectif supérieur à la capacité de la salle dans EXP_SALLE : donnée à vérifier (capacité obsolète ou effectif cumulé). La séance est conservée telle quelle.
effectif EFFCALCU supérieur à la capacité de la salle;Salle 25 (DUB-00) · Couleur et matériaux;1;Effectif supérieur à la capacité de la salle dans EXP_SALLE : donnée à vérifier (capacité obsolète ou effectif cumulé). La séance est conservée telle quelle.
effectif EFFCALCU supérieur à la capacité de la salle;Salle 25 (DUB-00) · Ecologie et Ecosystèmes;1;Effectif supérieur à la capacité de la salle dans EXP_SALLE : donnée à vérifier (capacité obsolète ou effectif cumulé). La séance est conservée telle quelle.
effectif EFFCALCU supérieur à la capacité de la salle;Salle 25 (DUB-00) · Expression Ecrite Orale 1;1;Effectif supérieur à la capacité de la salle dans EXP_SALLE : donnée à vérifier (capacité obsolète ou effectif cumulé). La séance est conservée telle quelle.
effectif EFFCALCU supérieur à la capacité de la salle;Salle 25 (DUB-00) · Intro phys géné;1;Effectif supérieur à la capacité de la salle dans EXP_SALLE : donnée à vérifier (capacité obsolète ou effectif cumulé). La séance est conservée telle quelle.
effectif EFFCALCU supérieur à la capacité de la salle;Salle 25 (DUB-00) · Intro à la biologie;1;Effectif supérieur à la capacité de la salle dans EXP_SALLE : donnée à vérifier (capacité obsolète ou effectif cumulé). La séance est conservée telle quelle.
effectif EFFCALCU supérieur à la capacité de la salle;Salle 25 (DUB-00) · Journée INFO SUP;1;Effectif supérieur à la capacité de la salle dans EXP_SALLE : donnée à vérifier (capacité obsolète ou effectif cumulé). La séance est conservée telle quelle.
effectif EFFCALCU supérieur à la capacité de la salle;Salle 25 (DUB-00) · Macromolécules;1;Effectif supérieur à la capacité de la salle dans EXP_SALLE : donnée à vérifier (capacité obsolète ou effectif cumulé). La séance est conservée telle quelle.
effectif EFFCALCU supérieur à la capacité de la salle;Salle 25 (DUB-00) · Maths pour SDT;1;Effectif supérieur à la capacité de la salle dans EXP_SALLE : donnée à vérifier (capacité obsolète ou effectif cumulé). La séance est conservée telle quelle.
effectif EFFCALCU supérieur à la capacité de la salle;Salle 25 (DUB-00) · Microbiologie 1;1;Effectif supérieur à la capacité de la salle dans EXP_SALLE : donnée à vérifier (capacité obsolète ou effectif cumulé). La séance est conservée telle quelle.
effectif EFFCALCU supérieur à la capacité de la salle;Salle 25 (DUB-00) · Outils Mathématiques 2 S2;1;Effectif supérieur à la capacité de la salle dans EXP_SALLE : donnée à vérifier (capacité obsolète ou effectif cumulé). La séance est conservée telle quelle.
effectif EFFCALCU supérieur à la capacité de la salle;Salle 25 (DUB-00) · Structure cristalline;1;Effectif supérieur à la capacité de la salle dans EXP_SALLE : donnée à vérifier (capacité obsolète ou effectif cumulé). La séance est conservée telle quelle.
effectif EFFCALCU supérieur à la capacité de la salle;Salle 25 (DUB-00) · UE Découverte I: physique;1;Effectif supérieur à la capacité de la salle dans EXP_SALLE : donnée à vérifier (capacité obsolète ou effectif cumulé). La séance est conservée telle quelle.
effectif EFFCALCU supérieur à la capacité de la salle;Salle 25bis (DUB-00) · Analyse chimique EC 1;2;Effectif supérieur à la capacité de la salle dans EXP_SALLE : donnée à vérifier (capacité obsolète ou effectif cumulé). La séance est conservée telle quelle.
effectif EFFCALCU supérieur à la capacité de la salle;Salle 25bis (DUB-00) · Atomistique S1;2;Effectif supérieur à la capacité de la salle dans EXP_SALLE : donnée à vérifier (capacité obsolète ou effectif cumulé). La séance est conservée telle quelle.
effectif EFFCALCU supérieur à la capacité de la salle;Salle 25bis (DUB-00) · Atosmitique et liaison ch;1;Effectif supérieur à la capacité de la salle dans EXP_SALLE : donnée à vérifier (capacité obsolète ou effectif cumulé). La séance est conservée telle quelle.
effectif EFFCALCU supérieur à la capacité de la salle;Salle 25bis (DUB-00) · CC A DEFINIR;1;Effectif supérieur à la capacité de la salle dans EXP_SALLE : donnée à vérifier (capacité obsolète ou effectif cumulé). La séance est conservée telle quelle.
effectif EFFCALCU supérieur à la capacité de la salle;Salle 25bis (DUB-00) · Calcul scientifique;1;Effectif supérieur à la capacité de la salle dans EXP_SALLE : donnée à vérifier (capacité obsolète ou effectif cumulé). La séance est conservée telle quelle.
effectif EFFCALCU supérieur à la capacité de la salle;Salle 25bis (DUB-00) · Chim orga fonct, méca réa;1;Effectif supérieur à la capacité de la salle dans EXP_SALLE : donnée à vérifier (capacité obsolète ou effectif cumulé). La séance est conservée telle quelle.
effectif EFFCALCU supérieur à la capacité de la salle;Salle 25bis (DUB-00) · Chim orga structure moléc;1;Effectif supérieur à la capacité de la salle dans EXP_SALLE : donnée à vérifier (capacité obsolète ou effectif cumulé). La séance est conservée telle quelle.
effectif EFFCALCU supérieur à la capacité de la salle;Salle 25bis (DUB-00) · Chimie des solutions 3;2;Effectif supérieur à la capacité de la salle dans EXP_SALLE : donnée à vérifier (capacité obsolète ou effectif cumulé). La séance est conservée telle quelle.
effectif EFFCALCU supérieur à la capacité de la salle;Salle 25bis (DUB-00) · Etat solide;1;Effectif supérieur à la capacité de la salle dans EXP_SALLE : donnée à vérifier (capacité obsolète ou effectif cumulé). La séance est conservée telle quelle.
effectif EFFCALCU supérieur à la capacité de la salle;Salle 25bis (DUB-00) · Expression écrite et oral;1;Effectif supérieur à la capacité de la salle dans EXP_SALLE : donnée à vérifier (capacité obsolète ou effectif cumulé). La séance est conservée telle quelle.
effectif EFFCALCU supérieur à la capacité de la salle;Salle 25bis (DUB-00) · Géometrie 2 S3;3;Effectif supérieur à la capacité de la salle dans EXP_SALLE : donnée à vérifier (capacité obsolète ou effectif cumulé). La séance est conservée telle quelle.
effectif EFFCALCU supérieur à la capacité de la salle;Salle 25bis (DUB-00) · Intro phys géné;3;Effectif supérieur à la capacité de la salle dans EXP_SALLE : donnée à vérifier (capacité obsolète ou effectif cumulé). La séance est conservée telle quelle.
effectif EFFCALCU supérieur à la capacité de la salle;Salle 25bis (DUB-00) · Journée INFO SUP;1;Effectif supérieur à la capacité de la salle dans EXP_SALLE : donnée à vérifier (capacité obsolète ou effectif cumulé). La séance est conservée telle quelle.
effectif EFFCALCU supérieur à la capacité de la salle;Salle 25bis (DUB-00) · MTU;1;Effectif supérieur à la capacité de la salle dans EXP_SALLE : donnée à vérifier (capacité obsolète ou effectif cumulé). La séance est conservée telle quelle.
effectif EFFCALCU supérieur à la capacité de la salle;Salle 25bis (DUB-00) · Physiologie végétale 1;1;Effectif supérieur à la capacité de la salle dans EXP_SALLE : donnée à vérifier (capacité obsolète ou effectif cumulé). La séance est conservée telle quelle.
effectif EFFCALCU supérieur à la capacité de la salle;Salle 25bis (DUB-00) · Thermodynamique;1;Effectif supérieur à la capacité de la salle dans EXP_SALLE : donnée à vérifier (capacité obsolète ou effectif cumulé). La séance est conservée telle quelle.
effectif EFFCALCU supérieur à la capacité de la salle;Salle 25bis (DUB-00) · Thermodynamique chimique;1;Effectif supérieur à la capacité de la salle dans EXP_SALLE : donnée à vérifier (capacité obsolète ou effectif cumulé). La séance est conservée telle quelle.
effectif EFFCALCU supérieur à la capacité de la salle;Salle 27 (DUB-00) · ACDV;1;Effectif supérieur à la capacité de la salle dans EXP_SALLE : donnée à vérifier (capacité obsolète ou effectif cumulé). La séance est conservée telle quelle.
effectif EFFCALCU supérieur à la capacité de la salle;Salle 27 (DUB-00) · Analyse chimique EC 2;1;Effectif supérieur à la capacité de la salle dans EXP_SALLE : donnée à vérifier (capacité obsolète ou effectif cumulé). La séance est conservée telle quelle.
effectif EFFCALCU supérieur à la capacité de la salle;Salle 27 (DUB-00) · Atosmitique et liaison ch;1;Effectif supérieur à la capacité de la salle dans EXP_SALLE : donnée à vérifier (capacité obsolète ou effectif cumulé). La séance est conservée telle quelle.
effectif EFFCALCU supérieur à la capacité de la salle;Salle 27 (DUB-00) · Biochimie générale;1;Effectif supérieur à la capacité de la salle dans EXP_SALLE : donnée à vérifier (capacité obsolète ou effectif cumulé). La séance est conservée telle quelle.
effectif EFFCALCU supérieur à la capacité de la salle;Salle 27 (DUB-00) · Biologie animale 1;2;Effectif supérieur à la capacité de la salle dans EXP_SALLE : donnée à vérifier (capacité obsolète ou effectif cumulé). La séance est conservée telle quelle.
effectif EFFCALCU supérieur à la capacité de la salle;Salle 27 (DUB-00) · Biologie moléculaire;1;Effectif supérieur à la capacité de la salle dans EXP_SALLE : donnée à vérifier (capacité obsolète ou effectif cumulé). La séance est conservée telle quelle.
effectif EFFCALCU supérieur à la capacité de la salle;Salle 27 (DUB-00) · Chim orga fonct, méca réa;1;Effectif supérieur à la capacité de la salle dans EXP_SALLE : donnée à vérifier (capacité obsolète ou effectif cumulé). La séance est conservée telle quelle.
effectif EFFCALCU supérieur à la capacité de la salle;Salle 27 (DUB-00) · Chimie des solutions 3;1;Effectif supérieur à la capacité de la salle dans EXP_SALLE : donnée à vérifier (capacité obsolète ou effectif cumulé). La séance est conservée telle quelle.
effectif EFFCALCU supérieur à la capacité de la salle;Salle 27 (DUB-00) · Cinétique Formelle;1;Effectif supérieur à la capacité de la salle dans EXP_SALLE : donnée à vérifier (capacité obsolète ou effectif cumulé). La séance est conservée telle quelle.
effectif EFFCALCU supérieur à la capacité de la salle;Salle 27 (DUB-00) · Couleur et matériaux;1;Effectif supérieur à la capacité de la salle dans EXP_SALLE : donnée à vérifier (capacité obsolète ou effectif cumulé). La séance est conservée telle quelle.
effectif EFFCALCU supérieur à la capacité de la salle;Salle 27 (DUB-00) · Créneau 03 CC S1 L1 MI, MIASHS;1;Effectif supérieur à la capacité de la salle dans EXP_SALLE : donnée à vérifier (capacité obsolète ou effectif cumulé). La séance est conservée telle quelle.
effectif EFFCALCU supérieur à la capacité de la salle;Salle 27 (DUB-00) · Défauts dans les cristaux;1;Effectif supérieur à la capacité de la salle dans EXP_SALLE : donnée à vérifier (capacité obsolète ou effectif cumulé). La séance est conservée telle quelle.
effectif EFFCALCU supérieur à la capacité de la salle;Salle 27 (DUB-00) · Evolution et Diversité;1;Effectif supérieur à la capacité de la salle dans EXP_SALLE : donnée à vérifier (capacité obsolète ou effectif cumulé). La séance est conservée telle quelle.
effectif EFFCALCU supérieur à la capacité de la salle;Salle 27 (DUB-00) · Fon chim polymères;1;Effectif supérieur à la capacité de la salle dans EXP_SALLE : donnée à vérifier (capacité obsolète ou effectif cumulé). La séance est conservée telle quelle.
effectif EFFCALCU supérieur à la capacité de la salle;Salle 27 (DUB-00) · Macromolécules;2;Effectif supérieur à la capacité de la salle dans EXP_SALLE : donnée à vérifier (capacité obsolète ou effectif cumulé). La séance est conservée telle quelle.
effectif EFFCALCU supérieur à la capacité de la salle;Salle 27 (DUB-00) · Ondes et vibrations;1;Effectif supérieur à la capacité de la salle dans EXP_SALLE : donnée à vérifier (capacité obsolète ou effectif cumulé). La séance est conservée telle quelle.
effectif EFFCALCU supérieur à la capacité de la salle;Salle 27 (DUB-00) · Optique géométrique;1;Effectif supérieur à la capacité de la salle dans EXP_SALLE : donnée à vérifier (capacité obsolète ou effectif cumulé). La séance est conservée telle quelle.
effectif EFFCALCU supérieur à la capacité de la salle;Salle 27 (DUB-00) · Physique du globe 1;2;Effectif supérieur à la capacité de la salle dans EXP_SALLE : donnée à vérifier (capacité obsolète ou effectif cumulé). La séance est conservée telle quelle.
effectif EFFCALCU supérieur à la capacité de la salle;Salle 27 (DUB-00) · Réactions compl. méca mol;1;Effectif supérieur à la capacité de la salle dans EXP_SALLE : donnée à vérifier (capacité obsolète ou effectif cumulé). La séance est conservée telle quelle.
effectif EFFCALCU supérieur à la capacité de la salle;Salle 27 (DUB-00) · Structure cristalline;1;Effectif supérieur à la capacité de la salle dans EXP_SALLE : donnée à vérifier (capacité obsolète ou effectif cumulé). La séance est conservée telle quelle.
effectif EFFCALCU supérieur à la capacité de la salle;Salle 27 (DUB-00) · Structures géologiques 1;1;Effectif supérieur à la capacité de la salle dans EXP_SALLE : donnée à vérifier (capacité obsolète ou effectif cumulé). La séance est conservée telle quelle.
effectif EFFCALCU supérieur à la capacité de la salle;Salle 27 (DUB-00) · XXX-Entretiens PEP'S Go;1;Effectif supérieur à la capacité de la salle dans EXP_SALLE : donnée à vérifier (capacité obsolète ou effectif cumulé). La séance est conservée telle quelle.
effectif EFFCALCU supérieur à la capacité de la salle;Salle 27 (DUB-00) · XXX-Rattrapage CC Justifié;1;Effectif supérieur à la capacité de la salle dans EXP_SALLE : donnée à vérifier (capacité obsolète ou effectif cumulé). La séance est conservée telle quelle.
effectif EFFCALCU supérieur à la capacité de la salle;Salle 27 (DUB-00) · XXX-Tutorat PC;1;Effectif supérieur à la capacité de la salle dans EXP_SALLE : donnée à vérifier (capacité obsolète ou effectif cumulé). La séance est conservée telle quelle.
effectif EFFCALCU supérieur à la capacité de la salle;Salle 27 (DUB-00) · Épreuve de Substitution;1;Effectif supérieur à la capacité de la salle dans EXP_SALLE : donnée à vérifier (capacité obsolète ou effectif cumulé). La séance est conservée telle quelle.
effectif EFFCALCU supérieur à la capacité de la salle;Salle 3 (PAL-00) · Biologie végétale 1;1;Effectif supérieur à la capacité de la salle dans EXP_SALLE : donnée à vérifier (capacité obsolète ou effectif cumulé). La séance est conservée telle quelle.
effectif EFFCALCU supérieur à la capacité de la salle;Salle 3 (PAL-00) · Chim orga structure moléc;7;Effectif supérieur à la capacité de la salle dans EXP_SALLE : donnée à vérifier (capacité obsolète ou effectif cumulé). La séance est conservée telle quelle.
effectif EFFCALCU supérieur à la capacité de la salle;Salle 3 (PAL-00) · Chimie des solutions 1;1;Effectif supérieur à la capacité de la salle dans EXP_SALLE : donnée à vérifier (capacité obsolète ou effectif cumulé). La séance est conservée telle quelle.
effectif EFFCALCU supérieur à la capacité de la salle;Salle 3 (PAL-00) · Chimie des solutions 2;1;Effectif supérieur à la capacité de la salle dans EXP_SALLE : donnée à vérifier (capacité obsolète ou effectif cumulé). La séance est conservée telle quelle.
effectif EFFCALCU supérieur à la capacité de la salle;Salle 3 (PAL-00) · Intro phys gé SDV;1;Effectif supérieur à la capacité de la salle dans EXP_SALLE : donnée à vérifier (capacité obsolète ou effectif cumulé). La séance est conservée telle quelle.
effectif EFFCALCU supérieur à la capacité de la salle;Salle 3 (PAL-00) · Intro phys géné;1;Effectif supérieur à la capacité de la salle dans EXP_SALLE : donnée à vérifier (capacité obsolète ou effectif cumulé). La séance est conservée telle quelle.
effectif EFFCALCU supérieur à la capacité de la salle;Salle 3 (PAL-00) · Journée INFO SUP;1;Effectif supérieur à la capacité de la salle dans EXP_SALLE : donnée à vérifier (capacité obsolète ou effectif cumulé). La séance est conservée telle quelle.
effectif EFFCALCU supérieur à la capacité de la salle;Salle 3 (PAL-00) · Mathématiques s1;3;Effectif supérieur à la capacité de la salle dans EXP_SALLE : donnée à vérifier (capacité obsolète ou effectif cumulé). La séance est conservée telle quelle.
effectif EFFCALCU supérieur à la capacité de la salle;Salle 3 (PAL-00) · Milieux sédimentaires 1;2;Effectif supérieur à la capacité de la salle dans EXP_SALLE : donnée à vérifier (capacité obsolète ou effectif cumulé). La séance est conservée telle quelle.
effectif EFFCALCU supérieur à la capacité de la salle;Salle 3 (PAL-00) · Mécanique du point;12;Effectif supérieur à la capacité de la salle dans EXP_SALLE : donnée à vérifier (capacité obsolète ou effectif cumulé). La séance est conservée telle quelle.
effectif EFFCALCU supérieur à la capacité de la salle;Salle 3 (PAL-00) · Optique géométrique;2;Effectif supérieur à la capacité de la salle dans EXP_SALLE : donnée à vérifier (capacité obsolète ou effectif cumulé). La séance est conservée telle quelle.
effectif EFFCALCU supérieur à la capacité de la salle;Salle 3 (PAL-00) · Outils Mathématiques 2 S2;10;Effectif supérieur à la capacité de la salle dans EXP_SALLE : donnée à vérifier (capacité obsolète ou effectif cumulé). La séance est conservée telle quelle.
effectif EFFCALCU supérieur à la capacité de la salle;Salle 3 (PAL-00) · Physique pour SDT;1;Effectif supérieur à la capacité de la salle dans EXP_SALLE : donnée à vérifier (capacité obsolète ou effectif cumulé). La séance est conservée telle quelle.
effectif EFFCALCU supérieur à la capacité de la salle;Salle 3 (PAL-00) · Structures géologiques 1;2;Effectif supérieur à la capacité de la salle dans EXP_SALLE : donnée à vérifier (capacité obsolète ou effectif cumulé). La séance est conservée telle quelle.
effectif EFFCALCU supérieur à la capacité de la salle;Salle 3 (PAL-00) · XXX-Réunion SPGF;1;Effectif supérieur à la capacité de la salle dans EXP_SALLE : donnée à vérifier (capacité obsolète ou effectif cumulé). La séance est conservée telle quelle.
effectif EFFCALCU supérieur à la capacité de la salle;Salle 3 (PAL-00) · XXX-Tutorat Maths;1;Effectif supérieur à la capacité de la salle dans EXP_SALLE : donnée à vérifier (capacité obsolète ou effectif cumulé). La séance est conservée telle quelle.
effectif EFFCALCU supérieur à la capacité de la salle;Salle 3 (PAL-00) · XXX-Tutorat PC Chimie;1;Effectif supérieur à la capacité de la salle dans EXP_SALLE : donnée à vérifier (capacité obsolète ou effectif cumulé). La séance est conservée telle quelle.
effectif EFFCALCU supérieur à la capacité de la salle;Salle 34 (DUB-01) · Chim orga fonct, méca réa;1;Effectif supérieur à la capacité de la salle dans EXP_SALLE : donnée à vérifier (capacité obsolète ou effectif cumulé). La séance est conservée telle quelle.
effectif EFFCALCU supérieur à la capacité de la salle;Salle 34 (DUB-01) · Entrepreneuriat E2S;4;Effectif supérieur à la capacité de la salle dans EXP_SALLE : donnée à vérifier (capacité obsolète ou effectif cumulé). La séance est conservée telle quelle.
effectif EFFCALCU supérieur à la capacité de la salle;Salle 34 (DUB-01) · XXX-Tutorat Maths;1;Effectif supérieur à la capacité de la salle dans EXP_SALLE : donnée à vérifier (capacité obsolète ou effectif cumulé). La séance est conservée telle quelle.
effectif EFFCALCU supérieur à la capacité de la salle;Salle 35 (DUB-01) · Entrepreneuriat E2S;4;Effectif supérieur à la capacité de la salle dans EXP_SALLE : donnée à vérifier (capacité obsolète ou effectif cumulé). La séance est conservée telle quelle.
effectif EFFCALCU supérieur à la capacité de la salle;Salle 35 (DUB-01) · XXX-Entretiens PEP'S Go;1;Effectif supérieur à la capacité de la salle dans EXP_SALLE : donnée à vérifier (capacité obsolète ou effectif cumulé). La séance est conservée telle quelle.
effectif EFFCALCU supérieur à la capacité de la salle;Salle 35 (DUB-01) · XXX-Tutorat Maths;2;Effectif supérieur à la capacité de la salle dans EXP_SALLE : donnée à vérifier (capacité obsolète ou effectif cumulé). La séance est conservée telle quelle.
effectif EFFCALCU supérieur à la capacité de la salle;Salle 4 (PAL-00) · Chimie des solutions 1;1;Effectif supérieur à la capacité de la salle dans EXP_SALLE : donnée à vérifier (capacité obsolète ou effectif cumulé). La séance est conservée telle quelle.
effectif EFFCALCU supérieur à la capacité de la salle;Salle 4 (PAL-00) · Ecologie et Ecosystèmes;1;Effectif supérieur à la capacité de la salle dans EXP_SALLE : donnée à vérifier (capacité obsolète ou effectif cumulé). La séance est conservée telle quelle.
effectif EFFCALCU supérieur à la capacité de la salle;Salle 4 (PAL-00) · Géometrie 2 S3;5;Effectif supérieur à la capacité de la salle dans EXP_SALLE : donnée à vérifier (capacité obsolète ou effectif cumulé). La séance est conservée telle quelle.
effectif EFFCALCU supérieur à la capacité de la salle;Salle 4 (PAL-00) · Intro chimie géné SDV;1;Effectif supérieur à la capacité de la salle dans EXP_SALLE : donnée à vérifier (capacité obsolète ou effectif cumulé). La séance est conservée telle quelle.
effectif EFFCALCU supérieur à la capacité de la salle;Salle 4 (PAL-00) · Intro phys gé SDV;1;Effectif supérieur à la capacité de la salle dans EXP_SALLE : donnée à vérifier (capacité obsolète ou effectif cumulé). La séance est conservée telle quelle.
effectif EFFCALCU supérieur à la capacité de la salle;Salle 4 (PAL-00) · Intro à la biologie;4;Effectif supérieur à la capacité de la salle dans EXP_SALLE : donnée à vérifier (capacité obsolète ou effectif cumulé). La séance est conservée telle quelle.
effectif EFFCALCU supérieur à la capacité de la salle;Salle 4 (PAL-00) · Journée INFO SUP;1;Effectif supérieur à la capacité de la salle dans EXP_SALLE : donnée à vérifier (capacité obsolète ou effectif cumulé). La séance est conservée telle quelle.
effectif EFFCALCU supérieur à la capacité de la salle;Salle 4 (PAL-00) · Méthodologie travail univ;1;Effectif supérieur à la capacité de la salle dans EXP_SALLE : donnée à vérifier (capacité obsolète ou effectif cumulé). La séance est conservée telle quelle.
effectif EFFCALCU supérieur à la capacité de la salle;Salle 4 (PAL-00) · Optique géométrique;3;Effectif supérieur à la capacité de la salle dans EXP_SALLE : donnée à vérifier (capacité obsolète ou effectif cumulé). La séance est conservée telle quelle.
effectif EFFCALCU supérieur à la capacité de la salle;Salle 4 (PAL-00) · Outils Mathématiques 2 S2;1;Effectif supérieur à la capacité de la salle dans EXP_SALLE : donnée à vérifier (capacité obsolète ou effectif cumulé). La séance est conservée telle quelle.
effectif EFFCALCU supérieur à la capacité de la salle;Salle 4 (PAL-00) · PEP'S 1;1;Effectif supérieur à la capacité de la salle dans EXP_SALLE : donnée à vérifier (capacité obsolète ou effectif cumulé). La séance est conservée telle quelle.
effectif EFFCALCU supérieur à la capacité de la salle;Salle 4 (PAL-00) · Physique pour SDT;2;Effectif supérieur à la capacité de la salle dans EXP_SALLE : donnée à vérifier (capacité obsolète ou effectif cumulé). La séance est conservée telle quelle.
effectif EFFCALCU supérieur à la capacité de la salle;Salle 4 (PAL-00) · Structures géologiques av;4;Effectif supérieur à la capacité de la salle dans EXP_SALLE : donnée à vérifier (capacité obsolète ou effectif cumulé). La séance est conservée telle quelle.
effectif EFFCALCU supérieur à la capacité de la salle;Salle 4 (PAL-00) · Sécurité instruments labo;3;Effectif supérieur à la capacité de la salle dans EXP_SALLE : donnée à vérifier (capacité obsolète ou effectif cumulé). La séance est conservée telle quelle.
effectif EFFCALCU supérieur à la capacité de la salle;Salle 4 (PAL-00) · XXX-Tutorat Hors Maths;2;Effectif supérieur à la capacité de la salle dans EXP_SALLE : donnée à vérifier (capacité obsolète ou effectif cumulé). La séance est conservée telle quelle.
effectif EFFCALCU supérieur à la capacité de la salle;Salle 4 (PAL-00) · XXX-Tutorat PC Physique;1;Effectif supérieur à la capacité de la salle dans EXP_SALLE : donnée à vérifier (capacité obsolète ou effectif cumulé). La séance est conservée telle quelle.
effectif EFFCALCU supérieur à la capacité de la salle;Salle 5 (PAL-00) · Biologie cellulaire;10;Effectif supérieur à la capacité de la salle dans EXP_SALLE : donnée à vérifier (capacité obsolète ou effectif cumulé). La séance est conservée telle quelle.
effectif EFFCALCU supérieur à la capacité de la salle;Salle 5 (PAL-00) · Biologie végétale 1;1;Effectif supérieur à la capacité de la salle dans EXP_SALLE : donnée à vérifier (capacité obsolète ou effectif cumulé). La séance est conservée telle quelle.
effectif EFFCALCU supérieur à la capacité de la salle;Salle 5 (PAL-00) · Géometrie 2 S3;1;Effectif supérieur à la capacité de la salle dans EXP_SALLE : donnée à vérifier (capacité obsolète ou effectif cumulé). La séance est conservée telle quelle.
effectif EFFCALCU supérieur à la capacité de la salle;Salle 5 (PAL-00) · Intro phys géné;3;Effectif supérieur à la capacité de la salle dans EXP_SALLE : donnée à vérifier (capacité obsolète ou effectif cumulé). La séance est conservée telle quelle.
effectif EFFCALCU supérieur à la capacité de la salle;Salle 5 (PAL-00) · Journée INFO SUP;1;Effectif supérieur à la capacité de la salle dans EXP_SALLE : donnée à vérifier (capacité obsolète ou effectif cumulé). La séance est conservée telle quelle.
effectif EFFCALCU supérieur à la capacité de la salle;Salle 5 (PAL-00) · Maths pour SDT 2;1;Effectif supérieur à la capacité de la salle dans EXP_SALLE : donnée à vérifier (capacité obsolète ou effectif cumulé). La séance est conservée telle quelle.
effectif EFFCALCU supérieur à la capacité de la salle;Salle 5 (PAL-00) · Microbiologie 1;1;Effectif supérieur à la capacité de la salle dans EXP_SALLE : donnée à vérifier (capacité obsolète ou effectif cumulé). La séance est conservée telle quelle.
effectif EFFCALCU supérieur à la capacité de la salle;Salle 5 (PAL-00) · Mécanique du point 2;2;Effectif supérieur à la capacité de la salle dans EXP_SALLE : donnée à vérifier (capacité obsolète ou effectif cumulé). La séance est conservée telle quelle.
effectif EFFCALCU supérieur à la capacité de la salle;Salle 5 (PAL-00) · Ondes et vibrations;1;Effectif supérieur à la capacité de la salle dans EXP_SALLE : donnée à vérifier (capacité obsolète ou effectif cumulé). La séance est conservée telle quelle.
effectif EFFCALCU supérieur à la capacité de la salle;Salle 5 (PAL-00) · Outils Mathématiques 2 S2;2;Effectif supérieur à la capacité de la salle dans EXP_SALLE : donnée à vérifier (capacité obsolète ou effectif cumulé). La séance est conservée telle quelle.
effectif EFFCALCU supérieur à la capacité de la salle;Salle 5 (PAL-00) · Structures géologiques 1;1;Effectif supérieur à la capacité de la salle dans EXP_SALLE : donnée à vérifier (capacité obsolète ou effectif cumulé). La séance est conservée telle quelle.
effectif EFFCALCU supérieur à la capacité de la salle;Salle 5 (PAL-00) · Sécurité instruments labo;1;Effectif supérieur à la capacité de la salle dans EXP_SALLE : donnée à vérifier (capacité obsolète ou effectif cumulé). La séance est conservée telle quelle.
effectif EFFCALCU supérieur à la capacité de la salle;Salle 5 (PAL-00) · XXX-Tutorat PC Chimie;5;Effectif supérieur à la capacité de la salle dans EXP_SALLE : donnée à vérifier (capacité obsolète ou effectif cumulé). La séance est conservée telle quelle.
effectif EFFCALCU supérieur à la capacité de la salle;Salle 5 (PAL-00) · XXX-Tutorat PC Physique;2;Effectif supérieur à la capacité de la salle dans EXP_SALLE : donnée à vérifier (capacité obsolète ou effectif cumulé). La séance est conservée telle quelle.
effectif EFFCALCU supérieur à la capacité de la salle;Salle 6 (PAL-00) · Analyse chimique EC 1;1;Effectif supérieur à la capacité de la salle dans EXP_SALLE : donnée à vérifier (capacité obsolète ou effectif cumulé). La séance est conservée telle quelle.
effectif EFFCALCU supérieur à la capacité de la salle;Salle 6 (PAL-00) · Biologie cellulaire;1;Effectif supérieur à la capacité de la salle dans EXP_SALLE : donnée à vérifier (capacité obsolète ou effectif cumulé). La séance est conservée telle quelle.
effectif EFFCALCU supérieur à la capacité de la salle;Salle 6 (PAL-00) · Chimie des solutions 1;1;Effectif supérieur à la capacité de la salle dans EXP_SALLE : donnée à vérifier (capacité obsolète ou effectif cumulé). La séance est conservée telle quelle.
effectif EFFCALCU supérieur à la capacité de la salle;Salle 6 (PAL-00) · Chimie des solutions 2;3;Effectif supérieur à la capacité de la salle dans EXP_SALLE : donnée à vérifier (capacité obsolète ou effectif cumulé). La séance est conservée telle quelle.
effectif EFFCALCU supérieur à la capacité de la salle;Salle 6 (PAL-00) · Courbes intégrale mult S4;1;Effectif supérieur à la capacité de la salle dans EXP_SALLE : donnée à vérifier (capacité obsolète ou effectif cumulé). La séance est conservée telle quelle.
effectif EFFCALCU supérieur à la capacité de la salle;Salle 6 (PAL-00) · Découverte recherche UPPA;1;Effectif supérieur à la capacité de la salle dans EXP_SALLE : donnée à vérifier (capacité obsolète ou effectif cumulé). La séance est conservée telle quelle.
effectif EFFCALCU supérieur à la capacité de la salle;Salle 6 (PAL-00) · Journée INFO SUP;1;Effectif supérieur à la capacité de la salle dans EXP_SALLE : donnée à vérifier (capacité obsolète ou effectif cumulé). La séance est conservée telle quelle.
effectif EFFCALCU supérieur à la capacité de la salle;Salle 6 (PAL-00) · Maths pour SDT;3;Effectif supérieur à la capacité de la salle dans EXP_SALLE : donnée à vérifier (capacité obsolète ou effectif cumulé). La séance est conservée telle quelle.
effectif EFFCALCU supérieur à la capacité de la salle;Salle 6 (PAL-00) · Mathématiques générales;2;Effectif supérieur à la capacité de la salle dans EXP_SALLE : donnée à vérifier (capacité obsolète ou effectif cumulé). La séance est conservée telle quelle.
effectif EFFCALCU supérieur à la capacité de la salle;Salle 6 (PAL-00) · Mécanique du point 2;4;Effectif supérieur à la capacité de la salle dans EXP_SALLE : donnée à vérifier (capacité obsolète ou effectif cumulé). La séance est conservée telle quelle.
effectif EFFCALCU supérieur à la capacité de la salle;Salle 6 (PAL-00) · Méthodologie travail univ;2;Effectif supérieur à la capacité de la salle dans EXP_SALLE : donnée à vérifier (capacité obsolète ou effectif cumulé). La séance est conservée telle quelle.
effectif EFFCALCU supérieur à la capacité de la salle;Salle 6 (PAL-00) · Outils Mathématiques 2 S2;3;Effectif supérieur à la capacité de la salle dans EXP_SALLE : donnée à vérifier (capacité obsolète ou effectif cumulé). La séance est conservée telle quelle.
effectif EFFCALCU supérieur à la capacité de la salle;Salle 6 (PAL-00) · Sécurité instruments labo;1;Effectif supérieur à la capacité de la salle dans EXP_SALLE : donnée à vérifier (capacité obsolète ou effectif cumulé). La séance est conservée telle quelle.
effectif EFFCALCU supérieur à la capacité de la salle;Salle 6 (PAL-00) · Thermodynamique chimique;1;Effectif supérieur à la capacité de la salle dans EXP_SALLE : donnée à vérifier (capacité obsolète ou effectif cumulé). La séance est conservée telle quelle.
effectif EFFCALCU supérieur à la capacité de la salle;Salle 6 (PAL-00) · XXX-Entretien individuel;2;Effectif supérieur à la capacité de la salle dans EXP_SALLE : donnée à vérifier (capacité obsolète ou effectif cumulé). La séance est conservée telle quelle.
effectif EFFCALCU supérieur à la capacité de la salle;Salle 6 (PAL-00) · XXX-Tutorat Maths;2;Effectif supérieur à la capacité de la salle dans EXP_SALLE : donnée à vérifier (capacité obsolète ou effectif cumulé). La séance est conservée telle quelle.
effectif EFFCALCU supérieur à la capacité de la salle;Salle 6 (PAL-00) · XXX-Tutorat PC;1;Effectif supérieur à la capacité de la salle dans EXP_SALLE : donnée à vérifier (capacité obsolète ou effectif cumulé). La séance est conservée telle quelle.
effectif EFFCALCU supérieur à la capacité de la salle;Salle 7 (PAL-00) · Analyse chimique EC 1;1;Effectif supérieur à la capacité de la salle dans EXP_SALLE : donnée à vérifier (capacité obsolète ou effectif cumulé). La séance est conservée telle quelle.
effectif EFFCALCU supérieur à la capacité de la salle;Salle 7 (PAL-00) · Biologie animale 1;1;Effectif supérieur à la capacité de la salle dans EXP_SALLE : donnée à vérifier (capacité obsolète ou effectif cumulé). La séance est conservée telle quelle.
effectif EFFCALCU supérieur à la capacité de la salle;Salle 7 (PAL-00) · Chimie des solutions 1;1;Effectif supérieur à la capacité de la salle dans EXP_SALLE : donnée à vérifier (capacité obsolète ou effectif cumulé). La séance est conservée telle quelle.
effectif EFFCALCU supérieur à la capacité de la salle;Salle 7 (PAL-00) · Chimie des solutions 2;2;Effectif supérieur à la capacité de la salle dans EXP_SALLE : donnée à vérifier (capacité obsolète ou effectif cumulé). La séance est conservée telle quelle.
effectif EFFCALCU supérieur à la capacité de la salle;Salle 7 (PAL-00) · Courbes intégrale mult S4;5;Effectif supérieur à la capacité de la salle dans EXP_SALLE : donnée à vérifier (capacité obsolète ou effectif cumulé). La séance est conservée telle quelle.
effectif EFFCALCU supérieur à la capacité de la salle;Salle 7 (PAL-00) · Géometrie 2 S3;2;Effectif supérieur à la capacité de la salle dans EXP_SALLE : donnée à vérifier (capacité obsolète ou effectif cumulé). La séance est conservée telle quelle.
effectif EFFCALCU supérieur à la capacité de la salle;Salle 7 (PAL-00) · Intro à la biologie;4;Effectif supérieur à la capacité de la salle dans EXP_SALLE : donnée à vérifier (capacité obsolète ou effectif cumulé). La séance est conservée telle quelle.
effectif EFFCALCU supérieur à la capacité de la salle;Salle 7 (PAL-00) · Journée INFO SUP;1;Effectif supérieur à la capacité de la salle dans EXP_SALLE : donnée à vérifier (capacité obsolète ou effectif cumulé). La séance est conservée telle quelle.
effectif EFFCALCU supérieur à la capacité de la salle;Salle 7 (PAL-00) · Maths pour SDT;1;Effectif supérieur à la capacité de la salle dans EXP_SALLE : donnée à vérifier (capacité obsolète ou effectif cumulé). La séance est conservée telle quelle.
effectif EFFCALCU supérieur à la capacité de la salle;Salle 7 (PAL-00) · Maths pour SDT 2;2;Effectif supérieur à la capacité de la salle dans EXP_SALLE : donnée à vérifier (capacité obsolète ou effectif cumulé). La séance est conservée telle quelle.
effectif EFFCALCU supérieur à la capacité de la salle;Salle 7 (PAL-00) · Mathématiques s1;3;Effectif supérieur à la capacité de la salle dans EXP_SALLE : donnée à vérifier (capacité obsolète ou effectif cumulé). La séance est conservée telle quelle.
effectif EFFCALCU supérieur à la capacité de la salle;Salle 7 (PAL-00) · Mécanique du point 2;2;Effectif supérieur à la capacité de la salle dans EXP_SALLE : donnée à vérifier (capacité obsolète ou effectif cumulé). La séance est conservée telle quelle.
effectif EFFCALCU supérieur à la capacité de la salle;Salle 7 (PAL-00) · Méthodologie travail univ;1;Effectif supérieur à la capacité de la salle dans EXP_SALLE : donnée à vérifier (capacité obsolète ou effectif cumulé). La séance est conservée telle quelle.
effectif EFFCALCU supérieur à la capacité de la salle;Salle 7 (PAL-00) · Ondes et vibrations;2;Effectif supérieur à la capacité de la salle dans EXP_SALLE : donnée à vérifier (capacité obsolète ou effectif cumulé). La séance est conservée telle quelle.
effectif EFFCALCU supérieur à la capacité de la salle;Salle 7 (PAL-00) · Outils Mathématiques 2 S2;1;Effectif supérieur à la capacité de la salle dans EXP_SALLE : donnée à vérifier (capacité obsolète ou effectif cumulé). La séance est conservée telle quelle.
effectif EFFCALCU supérieur à la capacité de la salle;Salle 7 (PAL-00) · Physique du globe 1;2;Effectif supérieur à la capacité de la salle dans EXP_SALLE : donnée à vérifier (capacité obsolète ou effectif cumulé). La séance est conservée telle quelle.
effectif EFFCALCU supérieur à la capacité de la salle;Salle 7 (PAL-00) · Roches Chronologie avancé;1;Effectif supérieur à la capacité de la salle dans EXP_SALLE : donnée à vérifier (capacité obsolète ou effectif cumulé). La séance est conservée telle quelle.
effectif EFFCALCU supérieur à la capacité de la salle;Salle 7 (PAL-00) · Structures géologiques av;1;Effectif supérieur à la capacité de la salle dans EXP_SALLE : donnée à vérifier (capacité obsolète ou effectif cumulé). La séance est conservée telle quelle.
effectif EFFCALCU supérieur à la capacité de la salle;Salle 7 (PAL-00) · XXX-Tutorat Maths;1;Effectif supérieur à la capacité de la salle dans EXP_SALLE : donnée à vérifier (capacité obsolète ou effectif cumulé). La séance est conservée telle quelle.
effectif EFFCALCU supérieur à la capacité de la salle;Salle 7 (PAL-00) · XXX-Tutorat PC;1;Effectif supérieur à la capacité de la salle dans EXP_SALLE : donnée à vérifier (capacité obsolète ou effectif cumulé). La séance est conservée telle quelle.
effectif EFFCALCU supérieur à la capacité de la salle;Salle 7 (PAL-00) · XXX-Tutorat PC Physique;1;Effectif supérieur à la capacité de la salle dans EXP_SALLE : donnée à vérifier (capacité obsolète ou effectif cumulé). La séance est conservée telle quelle.
effectif EFFCALCU supérieur à la capacité de la salle;Salle 8 (PAL-00) · Chimie des solutions 1;2;Effectif supérieur à la capacité de la salle dans EXP_SALLE : donnée à vérifier (capacité obsolète ou effectif cumulé). La séance est conservée telle quelle.
effectif EFFCALCU supérieur à la capacité de la salle;Salle 8 (PAL-00) · Chimie des solutions 2;1;Effectif supérieur à la capacité de la salle dans EXP_SALLE : donnée à vérifier (capacité obsolète ou effectif cumulé). La séance est conservée telle quelle.
effectif EFFCALCU supérieur à la capacité de la salle;Salle 8 (PAL-00) · Environnement Eaux & sols;2;Effectif supérieur à la capacité de la salle dans EXP_SALLE : donnée à vérifier (capacité obsolète ou effectif cumulé). La séance est conservée telle quelle.
effectif EFFCALCU supérieur à la capacité de la salle;Salle 8 (PAL-00) · Géometrie 2 S3;2;Effectif supérieur à la capacité de la salle dans EXP_SALLE : donnée à vérifier (capacité obsolète ou effectif cumulé). La séance est conservée telle quelle.
effectif EFFCALCU supérieur à la capacité de la salle;Salle 8 (PAL-00) · Journée INFO SUP;1;Effectif supérieur à la capacité de la salle dans EXP_SALLE : donnée à vérifier (capacité obsolète ou effectif cumulé). La séance est conservée telle quelle.
effectif EFFCALCU supérieur à la capacité de la salle;Salle 8 (PAL-00) · Maths pour SDT;1;Effectif supérieur à la capacité de la salle dans EXP_SALLE : donnée à vérifier (capacité obsolète ou effectif cumulé). La séance est conservée telle quelle.
effectif EFFCALCU supérieur à la capacité de la salle;Salle 8 (PAL-00) · Mathématiques générales;1;Effectif supérieur à la capacité de la salle dans EXP_SALLE : donnée à vérifier (capacité obsolète ou effectif cumulé). La séance est conservée telle quelle.
effectif EFFCALCU supérieur à la capacité de la salle;Salle 8 (PAL-00) · Mécanique du point 2;1;Effectif supérieur à la capacité de la salle dans EXP_SALLE : donnée à vérifier (capacité obsolète ou effectif cumulé). La séance est conservée telle quelle.
effectif EFFCALCU supérieur à la capacité de la salle;Salle 8 (PAL-00) · Méthodologie travail univ;2;Effectif supérieur à la capacité de la salle dans EXP_SALLE : donnée à vérifier (capacité obsolète ou effectif cumulé). La séance est conservée telle quelle.
effectif EFFCALCU supérieur à la capacité de la salle;Salle 8 (PAL-00) · Optique géométrique;1;Effectif supérieur à la capacité de la salle dans EXP_SALLE : donnée à vérifier (capacité obsolète ou effectif cumulé). La séance est conservée telle quelle.
effectif EFFCALCU supérieur à la capacité de la salle;Salle 8 (PAL-00) · Physique du globe 1;4;Effectif supérieur à la capacité de la salle dans EXP_SALLE : donnée à vérifier (capacité obsolète ou effectif cumulé). La séance est conservée telle quelle.
effectif EFFCALCU supérieur à la capacité de la salle;Salle 8 (PAL-00) · Physique pour SDT;2;Effectif supérieur à la capacité de la salle dans EXP_SALLE : donnée à vérifier (capacité obsolète ou effectif cumulé). La séance est conservée telle quelle.
effectif EFFCALCU supérieur à la capacité de la salle;Salle 8 (PAL-00) · Structure cristalline;1;Effectif supérieur à la capacité de la salle dans EXP_SALLE : donnée à vérifier (capacité obsolète ou effectif cumulé). La séance est conservée telle quelle.
effectif EFFCALCU supérieur à la capacité de la salle;Salle 8 (PAL-00) · Structures géologiques 1;1;Effectif supérieur à la capacité de la salle dans EXP_SALLE : donnée à vérifier (capacité obsolète ou effectif cumulé). La séance est conservée telle quelle.
effectif EFFCALCU supérieur à la capacité de la salle;Salle 8 (PAL-00) · Structures géologiques av;1;Effectif supérieur à la capacité de la salle dans EXP_SALLE : donnée à vérifier (capacité obsolète ou effectif cumulé). La séance est conservée telle quelle.
effectif EFFCALCU supérieur à la capacité de la salle;Salle 8 (PAL-00) · XXX-Tutorat Maths;1;Effectif supérieur à la capacité de la salle dans EXP_SALLE : donnée à vérifier (capacité obsolète ou effectif cumulé). La séance est conservée telle quelle.
effectif EFFCALCU supérieur à la capacité de la salle;Salle 8 (PAL-00) · XXX-Tutorat PC;2;Effectif supérieur à la capacité de la salle dans EXP_SALLE : donnée à vérifier (capacité obsolète ou effectif cumulé). La séance est conservée telle quelle.
effectif EFFCALCU supérieur à la capacité de la salle;Salle 8 (PAL-00) · XXX-Tutorat PC Chimie;1;Effectif supérieur à la capacité de la salle dans EXP_SALLE : donnée à vérifier (capacité obsolète ou effectif cumulé). La séance est conservée telle quelle.
effectif EFFCALCU supérieur à la capacité de la salle;Salle FAB LAB Actions Internationales (B2-00) · 1-1 Economie 1;1;Effectif supérieur à la capacité de la salle dans EXP_SALLE : donnée à vérifier (capacité obsolète ou effectif cumulé). La séance est conservée telle quelle.
effectif EFFCALCU supérieur à la capacité de la salle;Salle FAB LAB Actions Internationales (B2-00) · 11 Intro. droit civil;4;Effectif supérieur à la capacité de la salle dans EXP_SALLE : donnée à vérifier (capacité obsolète ou effectif cumulé). La séance est conservée telle quelle.
effectif EFFCALCU supérieur à la capacité de la salle;Salle FAB LAB Actions Internationales (B2-00) · 32 Droit administ.;2;Effectif supérieur à la capacité de la salle dans EXP_SALLE : donnée à vérifier (capacité obsolète ou effectif cumulé). La séance est conservée telle quelle.
effectif EFFCALCU supérieur à la capacité de la salle;Salle FAB LAB Actions Internationales (B2-00) · 42 Droit administratif;2;Effectif supérieur à la capacité de la salle dans EXP_SALLE : donnée à vérifier (capacité obsolète ou effectif cumulé). La séance est conservée telle quelle.
effectif EFFCALCU supérieur à la capacité de la salle;Salle FAB LAB Actions Internationales (B2-00) · Analyse Financière-15TD;2;Effectif supérieur à la capacité de la salle dans EXP_SALLE : donnée à vérifier (capacité obsolète ou effectif cumulé). La séance est conservée telle quelle.
effectif EFFCALCU supérieur à la capacité de la salle;Salle FAB LAB Actions Internationales (B2-00) · Anglais (DT2 EEI);20;Effectif supérieur à la capacité de la salle dans EXP_SALLE : donnée à vérifier (capacité obsolète ou effectif cumulé). La séance est conservée telle quelle.
effectif EFFCALCU supérieur à la capacité de la salle;Salle FAB LAB Actions Internationales (B2-00) · Contrôle de gestion S6;1;Effectif supérieur à la capacité de la salle dans EXP_SALLE : donnée à vérifier (capacité obsolète ou effectif cumulé). La séance est conservée telle quelle.
effectif EFFCALCU supérieur à la capacité de la salle;Salle FAB LAB Actions Internationales (B2-00) · Derecho espanol;4;Effectif supérieur à la capacité de la salle dans EXP_SALLE : donnée à vérifier (capacité obsolète ou effectif cumulé). La séance est conservée telle quelle.
effectif EFFCALCU supérieur à la capacité de la salle;Salle FAB LAB Actions Internationales (B2-00) · Droit des obligations;2;Effectif supérieur à la capacité de la salle dans EXP_SALLE : donnée à vérifier (capacité obsolète ou effectif cumulé). La séance est conservée telle quelle.
effectif EFFCALCU supérieur à la capacité de la salle;Salle FAB LAB Actions Internationales (B2-00) · Mathématiques 1;2;Effectif supérieur à la capacité de la salle dans EXP_SALLE : donnée à vérifier (capacité obsolète ou effectif cumulé). La séance est conservée telle quelle.
effectif EFFCALCU supérieur à la capacité de la salle;Salle FAB LAB Actions Internationales (B2-00) · MàN en méthodologie;1;Effectif supérieur à la capacité de la salle dans EXP_SALLE : donnée à vérifier (capacité obsolète ou effectif cumulé). La séance est conservée telle quelle.
effectif EFFCALCU supérieur à la capacité de la salle;Salle FAB LAB Actions Internationales (B2-00) · Statistiques 1;1;Effectif supérieur à la capacité de la salle dans EXP_SALLE : donnée à vérifier (capacité obsolète ou effectif cumulé). La séance est conservée telle quelle.
effectif EFFCALCU supérieur à la capacité de la salle;Salle FAB LAB Actions Internationales (B2-00) · TUTORAT L1 Droit EEI;3;Effectif supérieur à la capacité de la salle dans EXP_SALLE : donnée à vérifier (capacité obsolète ou effectif cumulé). La séance est conservée telle quelle.
effectif EFFCALCU supérieur à la capacité de la salle;Salle FAB LAB Actions Internationales (B2-00) · XXX Débat mouvant poésie;1;Effectif supérieur à la capacité de la salle dans EXP_SALLE : donnée à vérifier (capacité obsolète ou effectif cumulé). La séance est conservée telle quelle.
effectif EFFCALCU supérieur à la capacité de la salle;Salle FTLV 230 (LET-01) · Engagements étudiants;1;Effectif supérieur à la capacité de la salle dans EXP_SALLE : donnée à vérifier (capacité obsolète ou effectif cumulé). La séance est conservée telle quelle.
effectif EFFCALCU supérieur à la capacité de la salle;Salle FTLV 230 (LET-01) · Géo en santé & coord terr;2;Effectif supérieur à la capacité de la salle dans EXP_SALLE : donnée à vérifier (capacité obsolète ou effectif cumulé). La séance est conservée telle quelle.
effectif EFFCALCU supérieur à la capacité de la salle;Salle FTLV 230 (LET-01) · Géo en santé et coordinat terr;3;Effectif supérieur à la capacité de la salle dans EXP_SALLE : donnée à vérifier (capacité obsolète ou effectif cumulé). La séance est conservée telle quelle.
effectif EFFCALCU supérieur à la capacité de la salle;Salle GREEN A_A01 (DEG-00) · Droit de la police;1;Effectif supérieur à la capacité de la salle dans EXP_SALLE : donnée à vérifier (capacité obsolète ou effectif cumulé). La séance est conservée telle quelle.
effectif EFFCALCU supérieur à la capacité de la salle;Salle GREEN A_A01 (DEG-00) · Dt civil approfondi;1;Effectif supérieur à la capacité de la salle dans EXP_SALLE : donnée à vérifier (capacité obsolète ou effectif cumulé). La séance est conservée telle quelle.
effectif EFFCALCU supérieur à la capacité de la salle;Salle GREEN A_A01 (DEG-00) · Epreuve 1 : Note synthèse;1;Effectif supérieur à la capacité de la salle dans EXP_SALLE : donnée à vérifier (capacité obsolète ou effectif cumulé). La séance est conservée telle quelle.
effectif EFFCALCU supérieur à la capacité de la salle;Salle GREEN A_A01 (DEG-00) · Matière à préciser;2;Effectif supérieur à la capacité de la salle dans EXP_SALLE : donnée à vérifier (capacité obsolète ou effectif cumulé). La séance est conservée telle quelle.
effectif EFFCALCU supérieur à la capacité de la salle;Salle GREEN A_A01 (DEG-00) · Économie bancaire 1 CM;1;Effectif supérieur à la capacité de la salle dans EXP_SALLE : donnée à vérifier (capacité obsolète ou effectif cumulé). La séance est conservée telle quelle.
effectif EFFCALCU supérieur à la capacité de la salle;Salle Info 26 (DUB-00) · Algo Math 4 python S5;1;Effectif supérieur à la capacité de la salle dans EXP_SALLE : donnée à vérifier (capacité obsolète ou effectif cumulé). La séance est conservée telle quelle.
effectif EFFCALCU supérieur à la capacité de la salle;Salle Info 26 (DUB-00) · Algorit math 5 python S6;3;Effectif supérieur à la capacité de la salle dans EXP_SALLE : donnée à vérifier (capacité obsolète ou effectif cumulé). La séance est conservée telle quelle.
effectif EFFCALCU supérieur à la capacité de la salle;Salle Info 26 (DUB-00) · Algorith Math 2 Pyth S3;12;Effectif supérieur à la capacité de la salle dans EXP_SALLE : donnée à vérifier (capacité obsolète ou effectif cumulé). La séance est conservée telle quelle.
effectif EFFCALCU supérieur à la capacité de la salle;Salle Info 26 (DUB-00) · Algorithmique II;2;Effectif supérieur à la capacité de la salle dans EXP_SALLE : donnée à vérifier (capacité obsolète ou effectif cumulé). La séance est conservée telle quelle.
effectif EFFCALCU supérieur à la capacité de la salle;Salle Info 26 (DUB-00) · Analyse de données;3;Effectif supérieur à la capacité de la salle dans EXP_SALLE : donnée à vérifier (capacité obsolète ou effectif cumulé). La séance est conservée telle quelle.
effectif EFFCALCU supérieur à la capacité de la salle;Salle Info 26 (DUB-00) · Architecture des ordis;2;Effectif supérieur à la capacité de la salle dans EXP_SALLE : donnée à vérifier (capacité obsolète ou effectif cumulé). La séance est conservée telle quelle.
effectif EFFCALCU supérieur à la capacité de la salle;Salle Info 26 (DUB-00) · Bases de données I;2;Effectif supérieur à la capacité de la salle dans EXP_SALLE : donnée à vérifier (capacité obsolète ou effectif cumulé). La séance est conservée telle quelle.
effectif EFFCALCU supérieur à la capacité de la salle;Salle Info 26 (DUB-00) · Concept° systèmes d'info;2;Effectif supérieur à la capacité de la salle dans EXP_SALLE : donnée à vérifier (capacité obsolète ou effectif cumulé). La séance est conservée telle quelle.
effectif EFFCALCU supérieur à la capacité de la salle;Salle Info 26 (DUB-00) · Fond physico chim spect;5;Effectif supérieur à la capacité de la salle dans EXP_SALLE : donnée à vérifier (capacité obsolète ou effectif cumulé). La séance est conservée telle quelle.
effectif EFFCALCU supérieur à la capacité de la salle;Salle Info 26 (DUB-00) · GEII: Infor industrielle;2;Effectif supérieur à la capacité de la salle dans EXP_SALLE : donnée à vérifier (capacité obsolète ou effectif cumulé). La séance est conservée telle quelle.
effectif EFFCALCU supérieur à la capacité de la salle;Salle Info 26 (DUB-00) · Informatique PPPE 1;2;Effectif supérieur à la capacité de la salle dans EXP_SALLE : donnée à vérifier (capacité obsolète ou effectif cumulé). La séance est conservée telle quelle.
effectif EFFCALCU supérieur à la capacité de la salle;Salle Info 26 (DUB-00) · Informatique PPPE 3;7;Effectif supérieur à la capacité de la salle dans EXP_SALLE : donnée à vérifier (capacité obsolète ou effectif cumulé). La séance est conservée telle quelle.
effectif EFFCALCU supérieur à la capacité de la salle;Salle Info 26 (DUB-00) · Informatique PPPE 4;5;Effectif supérieur à la capacité de la salle dans EXP_SALLE : donnée à vérifier (capacité obsolète ou effectif cumulé). La séance est conservée telle quelle.
effectif EFFCALCU supérieur à la capacité de la salle;Salle Info 26 (DUB-00) · Logiciels stat R S7;2;Effectif supérieur à la capacité de la salle dans EXP_SALLE : donnée à vérifier (capacité obsolète ou effectif cumulé). La séance est conservée telle quelle.
effectif EFFCALCU supérieur à la capacité de la salle;Salle Info 26 (DUB-00) · Machine learning;10;Effectif supérieur à la capacité de la salle dans EXP_SALLE : donnée à vérifier (capacité obsolète ou effectif cumulé). La séance est conservée telle quelle.
effectif EFFCALCU supérieur à la capacité de la salle;Salle Info 26 (DUB-00) · Machine learning S9;10;Effectif supérieur à la capacité de la salle dans EXP_SALLE : donnée à vérifier (capacité obsolète ou effectif cumulé). La séance est conservée telle quelle.
effectif EFFCALCU supérieur à la capacité de la salle;Salle Info 26 (DUB-00) · Méthodo: Out Quantitatifs;3;Effectif supérieur à la capacité de la salle dans EXP_SALLE : donnée à vérifier (capacité obsolète ou effectif cumulé). La séance est conservée telle quelle.
effectif EFFCALCU supérieur à la capacité de la salle;Salle Info 26 (DUB-00) · Outil numérique 1;21;Effectif supérieur à la capacité de la salle dans EXP_SALLE : donnée à vérifier (capacité obsolète ou effectif cumulé). La séance est conservée telle quelle.
effectif EFFCALCU supérieur à la capacité de la salle;Salle Info 26 (DUB-00) · Outils bioinformatiques;5;Effectif supérieur à la capacité de la salle dans EXP_SALLE : donnée à vérifier (capacité obsolète ou effectif cumulé). La séance est conservée telle quelle.
effectif EFFCALCU supérieur à la capacité de la salle;Salle Info 26 (DUB-00) · PEP'S1;4;Effectif supérieur à la capacité de la salle dans EXP_SALLE : donnée à vérifier (capacité obsolète ou effectif cumulé). La séance est conservée telle quelle.
effectif EFFCALCU supérieur à la capacité de la salle;Salle Info 26 (DUB-00) · Prob et stat app à l'info;17;Effectif supérieur à la capacité de la salle dans EXP_SALLE : donnée à vérifier (capacité obsolète ou effectif cumulé). La séance est conservée telle quelle.
effectif EFFCALCU supérieur à la capacité de la salle;Salle Info 26 (DUB-00) · Progr orientée objet;5;Effectif supérieur à la capacité de la salle dans EXP_SALLE : donnée à vérifier (capacité obsolète ou effectif cumulé). La séance est conservée telle quelle.
effectif EFFCALCU supérieur à la capacité de la salle;Salle Info 26 (DUB-00) · Programmation et algorith;4;Effectif supérieur à la capacité de la salle dans EXP_SALLE : donnée à vérifier (capacité obsolète ou effectif cumulé). La séance est conservée telle quelle.
effectif EFFCALCU supérieur à la capacité de la salle;Salle Info 26 (DUB-00) · Projet/recherche biblio1;2;Effectif supérieur à la capacité de la salle dans EXP_SALLE : donnée à vérifier (capacité obsolète ou effectif cumulé). La séance est conservée telle quelle.
effectif EFFCALCU supérieur à la capacité de la salle;Salle Info 26 (DUB-00) · Réseaux I;2;Effectif supérieur à la capacité de la salle dans EXP_SALLE : donnée à vérifier (capacité obsolète ou effectif cumulé). La séance est conservée telle quelle.
effectif EFFCALCU supérieur à la capacité de la salle;Salle Info 26 (DUB-00) · Réseaux II;16;Effectif supérieur à la capacité de la salle dans EXP_SALLE : donnée à vérifier (capacité obsolète ou effectif cumulé). La séance est conservée telle quelle.
effectif EFFCALCU supérieur à la capacité de la salle;Salle Info 26 (DUB-00) · Structure réactivité molé;7;Effectif supérieur à la capacité de la salle dans EXP_SALLE : donnée à vérifier (capacité obsolète ou effectif cumulé). La séance est conservée telle quelle.
effectif EFFCALCU supérieur à la capacité de la salle;Salle Info 26 (DUB-00) · Sécurité Informatique;3;Effectif supérieur à la capacité de la salle dans EXP_SALLE : donnée à vérifier (capacité obsolète ou effectif cumulé). La séance est conservée telle quelle.
effectif EFFCALCU supérieur à la capacité de la salle;Salle Info 26 (DUB-00) · TP Outils numériques;2;Effectif supérieur à la capacité de la salle dans EXP_SALLE : donnée à vérifier (capacité obsolète ou effectif cumulé). La séance est conservée telle quelle.
effectif EFFCALCU supérieur à la capacité de la salle;Salle Info 26 (DUB-00) · Techniques de prog;2;Effectif supérieur à la capacité de la salle dans EXP_SALLE : donnée à vérifier (capacité obsolète ou effectif cumulé). La séance est conservée telle quelle.
effectif EFFCALCU supérieur à la capacité de la salle;Salle Info 26 (DUB-00) · Techniques expression II;5;Effectif supérieur à la capacité de la salle dans EXP_SALLE : donnée à vérifier (capacité obsolète ou effectif cumulé). La séance est conservée telle quelle.
effectif EFFCALCU supérieur à la capacité de la salle;Salle Info 28 (DUB-00) · Algo Math 4 python S5;11;Effectif supérieur à la capacité de la salle dans EXP_SALLE : donnée à vérifier (capacité obsolète ou effectif cumulé). La séance est conservée telle quelle.
effectif EFFCALCU supérieur à la capacité de la salle;Salle Info 28 (DUB-00) · Algor math 1 Python S1;1;Effectif supérieur à la capacité de la salle dans EXP_SALLE : donnée à vérifier (capacité obsolète ou effectif cumulé). La séance est conservée telle quelle.
effectif EFFCALCU supérieur à la capacité de la salle;Salle Info 28 (DUB-00) · Algorith math 3 python S4;18;Effectif supérieur à la capacité de la salle dans EXP_SALLE : donnée à vérifier (capacité obsolète ou effectif cumulé). La séance est conservée telle quelle.
effectif EFFCALCU supérieur à la capacité de la salle;Salle Info 28 (DUB-00) · Algorithmique II;8;Effectif supérieur à la capacité de la salle dans EXP_SALLE : donnée à vérifier (capacité obsolète ou effectif cumulé). La séance est conservée telle quelle.
effectif EFFCALCU supérieur à la capacité de la salle;Salle Info 28 (DUB-00) · Architecture des ordis;1;Effectif supérieur à la capacité de la salle dans EXP_SALLE : donnée à vérifier (capacité obsolète ou effectif cumulé). La séance est conservée telle quelle.
effectif EFFCALCU supérieur à la capacité de la salle;Salle Info 28 (DUB-00) · Bases de données I;5;Effectif supérieur à la capacité de la salle dans EXP_SALLE : donnée à vérifier (capacité obsolète ou effectif cumulé). La séance est conservée telle quelle.
effectif EFFCALCU supérieur à la capacité de la salle;Salle Info 28 (DUB-00) · Carbon footprint and life;3;Effectif supérieur à la capacité de la salle dans EXP_SALLE : donnée à vérifier (capacité obsolète ou effectif cumulé). La séance est conservée telle quelle.
effectif EFFCALCU supérieur à la capacité de la salle;Salle Info 28 (DUB-00) · Concept° systèmes d'info;2;Effectif supérieur à la capacité de la salle dans EXP_SALLE : donnée à vérifier (capacité obsolète ou effectif cumulé). La séance est conservée telle quelle.
effectif EFFCALCU supérieur à la capacité de la salle;Salle Info 28 (DUB-00) · Dévelop d'appli internet;1;Effectif supérieur à la capacité de la salle dans EXP_SALLE : donnée à vérifier (capacité obsolète ou effectif cumulé). La séance est conservée telle quelle.
effectif EFFCALCU supérieur à la capacité de la salle;Salle Info 28 (DUB-00) · Informatique Fondamentale;2;Effectif supérieur à la capacité de la salle dans EXP_SALLE : donnée à vérifier (capacité obsolète ou effectif cumulé). La séance est conservée telle quelle.
effectif EFFCALCU supérieur à la capacité de la salle;Salle Info 28 (DUB-00) · Informatique PPPE 4;1;Effectif supérieur à la capacité de la salle dans EXP_SALLE : donnée à vérifier (capacité obsolète ou effectif cumulé). La séance est conservée telle quelle.
effectif EFFCALCU supérieur à la capacité de la salle;Salle Info 28 (DUB-00) · Intro à la programmation;2;Effectif supérieur à la capacité de la salle dans EXP_SALLE : donnée à vérifier (capacité obsolète ou effectif cumulé). La séance est conservée telle quelle.
effectif EFFCALCU supérieur à la capacité de la salle;Salle Info 28 (DUB-00) · Introduction à Python;4;Effectif supérieur à la capacité de la salle dans EXP_SALLE : donnée à vérifier (capacité obsolète ou effectif cumulé). La séance est conservée telle quelle.
effectif EFFCALCU supérieur à la capacité de la salle;Salle Info 28 (DUB-00) · Méthodes mathématiques 3;10;Effectif supérieur à la capacité de la salle dans EXP_SALLE : donnée à vérifier (capacité obsolète ou effectif cumulé). La séance est conservée telle quelle.
effectif EFFCALCU supérieur à la capacité de la salle;Salle Info 28 (DUB-00) · Méthodo: Out Quantitatifs;4;Effectif supérieur à la capacité de la salle dans EXP_SALLE : donnée à vérifier (capacité obsolète ou effectif cumulé). La séance est conservée telle quelle.
effectif EFFCALCU supérieur à la capacité de la salle;Salle Info 28 (DUB-00) · OUMOBIO 1;6;Effectif supérieur à la capacité de la salle dans EXP_SALLE : donnée à vérifier (capacité obsolète ou effectif cumulé). La séance est conservée telle quelle.
effectif EFFCALCU supérieur à la capacité de la salle;Salle Info 28 (DUB-00) · OUMOBIO 2;3;Effectif supérieur à la capacité de la salle dans EXP_SALLE : donnée à vérifier (capacité obsolète ou effectif cumulé). La séance est conservée telle quelle.
effectif EFFCALCU supérieur à la capacité de la salle;Salle Info 28 (DUB-00) · Outil numérique 1;3;Effectif supérieur à la capacité de la salle dans EXP_SALLE : donnée à vérifier (capacité obsolète ou effectif cumulé). La séance est conservée telle quelle.
effectif EFFCALCU supérieur à la capacité de la salle;Salle Info 28 (DUB-00) · Outils Numériques;1;Effectif supérieur à la capacité de la salle dans EXP_SALLE : donnée à vérifier (capacité obsolète ou effectif cumulé). La séance est conservée telle quelle.
effectif EFFCALCU supérieur à la capacité de la salle;Salle Info 28 (DUB-00) · Outils bioinformatiques;2;Effectif supérieur à la capacité de la salle dans EXP_SALLE : donnée à vérifier (capacité obsolète ou effectif cumulé). La séance est conservée telle quelle.
effectif EFFCALCU supérieur à la capacité de la salle;Salle Info 28 (DUB-00) · Prog informatique;2;Effectif supérieur à la capacité de la salle dans EXP_SALLE : donnée à vérifier (capacité obsolète ou effectif cumulé). La séance est conservée telle quelle.
effectif EFFCALCU supérieur à la capacité de la salle;Salle Info 28 (DUB-00) · Progr orientée objet;3;Effectif supérieur à la capacité de la salle dans EXP_SALLE : donnée à vérifier (capacité obsolète ou effectif cumulé). La séance est conservée telle quelle.
effectif EFFCALCU supérieur à la capacité de la salle;Salle Info 28 (DUB-00) · Programmation mobile;2;Effectif supérieur à la capacité de la salle dans EXP_SALLE : donnée à vérifier (capacité obsolète ou effectif cumulé). La séance est conservée telle quelle.
effectif EFFCALCU supérieur à la capacité de la salle;Salle Info 28 (DUB-00) · Programmat° Fonctionnelle;1;Effectif supérieur à la capacité de la salle dans EXP_SALLE : donnée à vérifier (capacité obsolète ou effectif cumulé). La séance est conservée telle quelle.
effectif EFFCALCU supérieur à la capacité de la salle;Salle Info 28 (DUB-00) · Systèmes d'exploitation I;1;Effectif supérieur à la capacité de la salle dans EXP_SALLE : donnée à vérifier (capacité obsolète ou effectif cumulé). La séance est conservée telle quelle.
effectif EFFCALCU supérieur à la capacité de la salle;Salle Info 28 (DUB-00) · Systèmes d'exploitat° II;3;Effectif supérieur à la capacité de la salle dans EXP_SALLE : donnée à vérifier (capacité obsolète ou effectif cumulé). La séance est conservée telle quelle.
effectif EFFCALCU supérieur à la capacité de la salle;Salle Info 28 (DUB-00) · TP Outils numériques;1;Effectif supérieur à la capacité de la salle dans EXP_SALLE : donnée à vérifier (capacité obsolète ou effectif cumulé). La séance est conservée telle quelle.
effectif EFFCALCU supérieur à la capacité de la salle;Salle Info 28 (DUB-00) · Techniques de prog;11;Effectif supérieur à la capacité de la salle dans EXP_SALLE : donnée à vérifier (capacité obsolète ou effectif cumulé). La séance est conservée telle quelle.
effectif EFFCALCU supérieur à la capacité de la salle;Salle Info 28 (DUB-00) · Techniques expression II;1;Effectif supérieur à la capacité de la salle dans EXP_SALLE : donnée à vérifier (capacité obsolète ou effectif cumulé). La séance est conservée telle quelle.
effectif EFFCALCU supérieur à la capacité de la salle;Salle Info 28 (DUB-00) · XXX-QUESTIONNAIRE;1;Effectif supérieur à la capacité de la salle dans EXP_SALLE : donnée à vérifier (capacité obsolète ou effectif cumulé). La séance est conservée telle quelle.
effectif EFFCALCU supérieur à la capacité de la salle;Salle Info 29 (DUB-00) · Concept° d'interfaces web;1;Effectif supérieur à la capacité de la salle dans EXP_SALLE : donnée à vérifier (capacité obsolète ou effectif cumulé). La séance est conservée telle quelle.
effectif EFFCALCU supérieur à la capacité de la salle;Salle Info 30 (DUB-01) · Algor math 1 Python S1;6;Effectif supérieur à la capacité de la salle dans EXP_SALLE : donnée à vérifier (capacité obsolète ou effectif cumulé). La séance est conservée telle quelle.
effectif EFFCALCU supérieur à la capacité de la salle;Salle Info 30 (DUB-01) · Algorit math 5 python S6;3;Effectif supérieur à la capacité de la salle dans EXP_SALLE : donnée à vérifier (capacité obsolète ou effectif cumulé). La séance est conservée telle quelle.
effectif EFFCALCU supérieur à la capacité de la salle;Salle Info 30 (DUB-01) · Algorithmique I;5;Effectif supérieur à la capacité de la salle dans EXP_SALLE : donnée à vérifier (capacité obsolète ou effectif cumulé). La séance est conservée telle quelle.
effectif EFFCALCU supérieur à la capacité de la salle;Salle Info 30 (DUB-01) · Algorithmique II;1;Effectif supérieur à la capacité de la salle dans EXP_SALLE : donnée à vérifier (capacité obsolète ou effectif cumulé). La séance est conservée telle quelle.
effectif EFFCALCU supérieur à la capacité de la salle;Salle Info 30 (DUB-01) · Architecture des ordis;2;Effectif supérieur à la capacité de la salle dans EXP_SALLE : donnée à vérifier (capacité obsolète ou effectif cumulé). La séance est conservée telle quelle.
effectif EFFCALCU supérieur à la capacité de la salle;Salle Info 30 (DUB-01) · Bases de données I;17;Effectif supérieur à la capacité de la salle dans EXP_SALLE : donnée à vérifier (capacité obsolète ou effectif cumulé). La séance est conservée telle quelle.
effectif EFFCALCU supérieur à la capacité de la salle;Salle Info 30 (DUB-01) · Concept° d'interfaces web;15;Effectif supérieur à la capacité de la salle dans EXP_SALLE : donnée à vérifier (capacité obsolète ou effectif cumulé). La séance est conservée telle quelle.
effectif EFFCALCU supérieur à la capacité de la salle;Salle Info 30 (DUB-01) · Dévelop d'appli internet;3;Effectif supérieur à la capacité de la salle dans EXP_SALLE : donnée à vérifier (capacité obsolète ou effectif cumulé). La séance est conservée telle quelle.
effectif EFFCALCU supérieur à la capacité de la salle;Salle Info 30 (DUB-01) · Fond physico chim spect;2;Effectif supérieur à la capacité de la salle dans EXP_SALLE : donnée à vérifier (capacité obsolète ou effectif cumulé). La séance est conservée telle quelle.
effectif EFFCALCU supérieur à la capacité de la salle;Salle Info 30 (DUB-01) · Informatique PPPE 1;1;Effectif supérieur à la capacité de la salle dans EXP_SALLE : donnée à vérifier (capacité obsolète ou effectif cumulé). La séance est conservée telle quelle.
effectif EFFCALCU supérieur à la capacité de la salle;Salle Info 30 (DUB-01) · Informatique PPPE 4;1;Effectif supérieur à la capacité de la salle dans EXP_SALLE : donnée à vérifier (capacité obsolète ou effectif cumulé). La séance est conservée telle quelle.
effectif EFFCALCU supérieur à la capacité de la salle;Salle Info 30 (DUB-01) · Intro aux probas et stat;4;Effectif supérieur à la capacité de la salle dans EXP_SALLE : donnée à vérifier (capacité obsolète ou effectif cumulé). La séance est conservée telle quelle.
effectif EFFCALCU supérieur à la capacité de la salle;Salle Info 30 (DUB-01) · Intro à l'info;18;Effectif supérieur à la capacité de la salle dans EXP_SALLE : donnée à vérifier (capacité obsolète ou effectif cumulé). La séance est conservée telle quelle.
effectif EFFCALCU supérieur à la capacité de la salle;Salle Info 30 (DUB-01) · Introduction à Python;2;Effectif supérieur à la capacité de la salle dans EXP_SALLE : donnée à vérifier (capacité obsolète ou effectif cumulé). La séance est conservée telle quelle.
effectif EFFCALCU supérieur à la capacité de la salle;Salle Info 30 (DUB-01) · Matériaux inorganiques;4;Effectif supérieur à la capacité de la salle dans EXP_SALLE : donnée à vérifier (capacité obsolète ou effectif cumulé). La séance est conservée telle quelle.
effectif EFFCALCU supérieur à la capacité de la salle;Salle Info 30 (DUB-01) · Méthodo: Out Quantitatifs;1;Effectif supérieur à la capacité de la salle dans EXP_SALLE : donnée à vérifier (capacité obsolète ou effectif cumulé). La séance est conservée telle quelle.
effectif EFFCALCU supérieur à la capacité de la salle;Salle Info 30 (DUB-01) · OUMOBIO 1;6;Effectif supérieur à la capacité de la salle dans EXP_SALLE : donnée à vérifier (capacité obsolète ou effectif cumulé). La séance est conservée telle quelle.
effectif EFFCALCU supérieur à la capacité de la salle;Salle Info 30 (DUB-01) · OUMOBIO 2;7;Effectif supérieur à la capacité de la salle dans EXP_SALLE : donnée à vérifier (capacité obsolète ou effectif cumulé). La séance est conservée telle quelle.
effectif EFFCALCU supérieur à la capacité de la salle;Salle Info 30 (DUB-01) · Outil numérique 1;1;Effectif supérieur à la capacité de la salle dans EXP_SALLE : donnée à vérifier (capacité obsolète ou effectif cumulé). La séance est conservée telle quelle.
effectif EFFCALCU supérieur à la capacité de la salle;Salle Info 30 (DUB-01) · Outils Num Phys S6;5;Effectif supérieur à la capacité de la salle dans EXP_SALLE : donnée à vérifier (capacité obsolète ou effectif cumulé). La séance est conservée telle quelle.
effectif EFFCALCU supérieur à la capacité de la salle;Salle Info 30 (DUB-01) · Outils Numériques;2;Effectif supérieur à la capacité de la salle dans EXP_SALLE : donnée à vérifier (capacité obsolète ou effectif cumulé). La séance est conservée telle quelle.
effectif EFFCALCU supérieur à la capacité de la salle;Salle Info 30 (DUB-01) · Outils bioinformatiques;2;Effectif supérieur à la capacité de la salle dans EXP_SALLE : donnée à vérifier (capacité obsolète ou effectif cumulé). La séance est conservée telle quelle.
effectif EFFCALCU supérieur à la capacité de la salle;Salle Info 30 (DUB-01) · Outils numérique 3;2;Effectif supérieur à la capacité de la salle dans EXP_SALLE : donnée à vérifier (capacité obsolète ou effectif cumulé). La séance est conservée telle quelle.
effectif EFFCALCU supérieur à la capacité de la salle;Salle Info 30 (DUB-01) · PEP'S1;2;Effectif supérieur à la capacité de la salle dans EXP_SALLE : donnée à vérifier (capacité obsolète ou effectif cumulé). La séance est conservée telle quelle.
effectif EFFCALCU supérieur à la capacité de la salle;Salle Info 30 (DUB-01) · Prob et stat app à l'info;1;Effectif supérieur à la capacité de la salle dans EXP_SALLE : donnée à vérifier (capacité obsolète ou effectif cumulé). La séance est conservée telle quelle.
effectif EFFCALCU supérieur à la capacité de la salle;Salle Info 30 (DUB-01) · Prog informatique;2;Effectif supérieur à la capacité de la salle dans EXP_SALLE : donnée à vérifier (capacité obsolète ou effectif cumulé). La séance est conservée telle quelle.
effectif EFFCALCU supérieur à la capacité de la salle;Salle Info 30 (DUB-01) · Progr orientée objet;2;Effectif supérieur à la capacité de la salle dans EXP_SALLE : donnée à vérifier (capacité obsolète ou effectif cumulé). La séance est conservée telle quelle.
effectif EFFCALCU supérieur à la capacité de la salle;Salle Info 30 (DUB-01) · Programmation mobile;8;Effectif supérieur à la capacité de la salle dans EXP_SALLE : donnée à vérifier (capacité obsolète ou effectif cumulé). La séance est conservée telle quelle.
effectif EFFCALCU supérieur à la capacité de la salle;Salle Info 30 (DUB-01) · Programmat° Fonctionnelle;2;Effectif supérieur à la capacité de la salle dans EXP_SALLE : donnée à vérifier (capacité obsolète ou effectif cumulé). La séance est conservée telle quelle.
effectif EFFCALCU supérieur à la capacité de la salle;Salle Info 30 (DUB-01) · Projet/recherche biblio1;3;Effectif supérieur à la capacité de la salle dans EXP_SALLE : donnée à vérifier (capacité obsolète ou effectif cumulé). La séance est conservée telle quelle.
effectif EFFCALCU supérieur à la capacité de la salle;Salle Info 30 (DUB-01) · Structure données;5;Effectif supérieur à la capacité de la salle dans EXP_SALLE : donnée à vérifier (capacité obsolète ou effectif cumulé). La séance est conservée telle quelle.
effectif EFFCALCU supérieur à la capacité de la salle;Salle Info 30 (DUB-01) · Systèmes d'exploitation I;14;Effectif supérieur à la capacité de la salle dans EXP_SALLE : donnée à vérifier (capacité obsolète ou effectif cumulé). La séance est conservée telle quelle.
effectif EFFCALCU supérieur à la capacité de la salle;Salle Info 30 (DUB-01) · Systèmes d'exploitat° II;5;Effectif supérieur à la capacité de la salle dans EXP_SALLE : donnée à vérifier (capacité obsolète ou effectif cumulé). La séance est conservée telle quelle.
effectif EFFCALCU supérieur à la capacité de la salle;Salle Info 30 (DUB-01) · Sécurité Informatique;2;Effectif supérieur à la capacité de la salle dans EXP_SALLE : donnée à vérifier (capacité obsolète ou effectif cumulé). La séance est conservée telle quelle.
effectif EFFCALCU supérieur à la capacité de la salle;Salle Info 30 (DUB-01) · TP Outils numériques;2;Effectif supérieur à la capacité de la salle dans EXP_SALLE : donnée à vérifier (capacité obsolète ou effectif cumulé). La séance est conservée telle quelle.
effectif EFFCALCU supérieur à la capacité de la salle;Salle Info 30 (DUB-01) · Techniques de prog;7;Effectif supérieur à la capacité de la salle dans EXP_SALLE : donnée à vérifier (capacité obsolète ou effectif cumulé). La séance est conservée telle quelle.
effectif EFFCALCU supérieur à la capacité de la salle;Salle Info 31 (DUB-01) · Algo Math 4 python S5;1;Effectif supérieur à la capacité de la salle dans EXP_SALLE : donnée à vérifier (capacité obsolète ou effectif cumulé). La séance est conservée telle quelle.
effectif EFFCALCU supérieur à la capacité de la salle;Salle Info 31 (DUB-01) · Algorit math 5 python S6;4;Effectif supérieur à la capacité de la salle dans EXP_SALLE : donnée à vérifier (capacité obsolète ou effectif cumulé). La séance est conservée telle quelle.
effectif EFFCALCU supérieur à la capacité de la salle;Salle Info 31 (DUB-01) · Algorith math 3 python S4;5;Effectif supérieur à la capacité de la salle dans EXP_SALLE : donnée à vérifier (capacité obsolète ou effectif cumulé). La séance est conservée telle quelle.
effectif EFFCALCU supérieur à la capacité de la salle;Salle Info 31 (DUB-01) · Algorithmique I;4;Effectif supérieur à la capacité de la salle dans EXP_SALLE : donnée à vérifier (capacité obsolète ou effectif cumulé). La séance est conservée telle quelle.
effectif EFFCALCU supérieur à la capacité de la salle;Salle Info 31 (DUB-01) · Algorithmique II;1;Effectif supérieur à la capacité de la salle dans EXP_SALLE : donnée à vérifier (capacité obsolète ou effectif cumulé). La séance est conservée telle quelle.
effectif EFFCALCU supérieur à la capacité de la salle;Salle Info 31 (DUB-01) · Architecture des ordis;1;Effectif supérieur à la capacité de la salle dans EXP_SALLE : donnée à vérifier (capacité obsolète ou effectif cumulé). La séance est conservée telle quelle.
effectif EFFCALCU supérieur à la capacité de la salle;Salle Info 31 (DUB-01) · Concept° d'interfaces web;7;Effectif supérieur à la capacité de la salle dans EXP_SALLE : donnée à vérifier (capacité obsolète ou effectif cumulé). La séance est conservée telle quelle.
effectif EFFCALCU supérieur à la capacité de la salle;Salle Info 31 (DUB-01) · Dévelop d'appli internet;3;Effectif supérieur à la capacité de la salle dans EXP_SALLE : donnée à vérifier (capacité obsolète ou effectif cumulé). La séance est conservée telle quelle.
effectif EFFCALCU supérieur à la capacité de la salle;Salle Info 31 (DUB-01) · Evaluation des Enseignements;2;Effectif supérieur à la capacité de la salle dans EXP_SALLE : donnée à vérifier (capacité obsolète ou effectif cumulé). La séance est conservée telle quelle.
effectif EFFCALCU supérieur à la capacité de la salle;Salle Info 31 (DUB-01) · Gestion de projet;2;Effectif supérieur à la capacité de la salle dans EXP_SALLE : donnée à vérifier (capacité obsolète ou effectif cumulé). La séance est conservée telle quelle.
effectif EFFCALCU supérieur à la capacité de la salle;Salle Info 31 (DUB-01) · Informatique Fondamentale;2;Effectif supérieur à la capacité de la salle dans EXP_SALLE : donnée à vérifier (capacité obsolète ou effectif cumulé). La séance est conservée telle quelle.
effectif EFFCALCU supérieur à la capacité de la salle;Salle Info 31 (DUB-01) · Informatique PPPE 1;1;Effectif supérieur à la capacité de la salle dans EXP_SALLE : donnée à vérifier (capacité obsolète ou effectif cumulé). La séance est conservée telle quelle.
effectif EFFCALCU supérieur à la capacité de la salle;Salle Info 31 (DUB-01) · Informatique PPPE 4;1;Effectif supérieur à la capacité de la salle dans EXP_SALLE : donnée à vérifier (capacité obsolète ou effectif cumulé). La séance est conservée telle quelle.
effectif EFFCALCU supérieur à la capacité de la salle;Salle Info 31 (DUB-01) · Intro aux probas et stat;3;Effectif supérieur à la capacité de la salle dans EXP_SALLE : donnée à vérifier (capacité obsolète ou effectif cumulé). La séance est conservée telle quelle.
effectif EFFCALCU supérieur à la capacité de la salle;Salle Info 31 (DUB-01) · Intro à l'info;2;Effectif supérieur à la capacité de la salle dans EXP_SALLE : donnée à vérifier (capacité obsolète ou effectif cumulé). La séance est conservée telle quelle.
effectif EFFCALCU supérieur à la capacité de la salle;Salle Info 31 (DUB-01) · Intro à la programmation;1;Effectif supérieur à la capacité de la salle dans EXP_SALLE : donnée à vérifier (capacité obsolète ou effectif cumulé). La séance est conservée telle quelle.
effectif EFFCALCU supérieur à la capacité de la salle;Salle Info 31 (DUB-01) · Introduction à Python;5;Effectif supérieur à la capacité de la salle dans EXP_SALLE : donnée à vérifier (capacité obsolète ou effectif cumulé). La séance est conservée telle quelle.
effectif EFFCALCU supérieur à la capacité de la salle;Salle Info 31 (DUB-01) · Méthodes mathématiques 3;1;Effectif supérieur à la capacité de la salle dans EXP_SALLE : donnée à vérifier (capacité obsolète ou effectif cumulé). La séance est conservée telle quelle.
effectif EFFCALCU supérieur à la capacité de la salle;Salle Info 31 (DUB-01) · Méthodo: Out Quantitatifs;2;Effectif supérieur à la capacité de la salle dans EXP_SALLE : donnée à vérifier (capacité obsolète ou effectif cumulé). La séance est conservée telle quelle.
effectif EFFCALCU supérieur à la capacité de la salle;Salle Info 31 (DUB-01) · OUMOBIO 1;5;Effectif supérieur à la capacité de la salle dans EXP_SALLE : donnée à vérifier (capacité obsolète ou effectif cumulé). La séance est conservée telle quelle.
effectif EFFCALCU supérieur à la capacité de la salle;Salle Info 31 (DUB-01) · OUMOBIO 2;4;Effectif supérieur à la capacité de la salle dans EXP_SALLE : donnée à vérifier (capacité obsolète ou effectif cumulé). La séance est conservée telle quelle.
effectif EFFCALCU supérieur à la capacité de la salle;Salle Info 31 (DUB-01) · OUMOBIO 3;1;Effectif supérieur à la capacité de la salle dans EXP_SALLE : donnée à vérifier (capacité obsolète ou effectif cumulé). La séance est conservée telle quelle.
effectif EFFCALCU supérieur à la capacité de la salle;Salle Info 31 (DUB-01) · Outil numérique 1;1;Effectif supérieur à la capacité de la salle dans EXP_SALLE : donnée à vérifier (capacité obsolète ou effectif cumulé). La séance est conservée telle quelle.
effectif EFFCALCU supérieur à la capacité de la salle;Salle Info 31 (DUB-01) · Outils Num Phys S6;1;Effectif supérieur à la capacité de la salle dans EXP_SALLE : donnée à vérifier (capacité obsolète ou effectif cumulé). La séance est conservée telle quelle.
effectif EFFCALCU supérieur à la capacité de la salle;Salle Info 31 (DUB-01) · Outils Numériques;8;Effectif supérieur à la capacité de la salle dans EXP_SALLE : donnée à vérifier (capacité obsolète ou effectif cumulé). La séance est conservée telle quelle.
effectif EFFCALCU supérieur à la capacité de la salle;Salle Info 31 (DUB-01) · PEP'S1;1;Effectif supérieur à la capacité de la salle dans EXP_SALLE : donnée à vérifier (capacité obsolète ou effectif cumulé). La séance est conservée telle quelle.
effectif EFFCALCU supérieur à la capacité de la salle;Salle Info 31 (DUB-01) · Prob et stat app à l'info;1;Effectif supérieur à la capacité de la salle dans EXP_SALLE : donnée à vérifier (capacité obsolète ou effectif cumulé). La séance est conservée telle quelle.
effectif EFFCALCU supérieur à la capacité de la salle;Salle Info 31 (DUB-01) · Progr orientée objet;10;Effectif supérieur à la capacité de la salle dans EXP_SALLE : donnée à vérifier (capacité obsolète ou effectif cumulé). La séance est conservée telle quelle.
effectif EFFCALCU supérieur à la capacité de la salle;Salle Info 31 (DUB-01) · Programmation mobile;5;Effectif supérieur à la capacité de la salle dans EXP_SALLE : donnée à vérifier (capacité obsolète ou effectif cumulé). La séance est conservée telle quelle.
effectif EFFCALCU supérieur à la capacité de la salle;Salle Info 31 (DUB-01) · Programmat° Fonctionnelle;5;Effectif supérieur à la capacité de la salle dans EXP_SALLE : donnée à vérifier (capacité obsolète ou effectif cumulé). La séance est conservée telle quelle.
effectif EFFCALCU supérieur à la capacité de la salle;Salle Info 31 (DUB-01) · Projet/recherche biblio1;4;Effectif supérieur à la capacité de la salle dans EXP_SALLE : donnée à vérifier (capacité obsolète ou effectif cumulé). La séance est conservée telle quelle.
effectif EFFCALCU supérieur à la capacité de la salle;Salle Info 31 (DUB-01) · Structure données;2;Effectif supérieur à la capacité de la salle dans EXP_SALLE : donnée à vérifier (capacité obsolète ou effectif cumulé). La séance est conservée telle quelle.
effectif EFFCALCU supérieur à la capacité de la salle;Salle Info 31 (DUB-01) · Systèmes d'exploitation I;25;Effectif supérieur à la capacité de la salle dans EXP_SALLE : donnée à vérifier (capacité obsolète ou effectif cumulé). La séance est conservée telle quelle.
effectif EFFCALCU supérieur à la capacité de la salle;Salle Info 31 (DUB-01) · Systèmes d'exploitat° II;3;Effectif supérieur à la capacité de la salle dans EXP_SALLE : donnée à vérifier (capacité obsolète ou effectif cumulé). La séance est conservée telle quelle.
effectif EFFCALCU supérieur à la capacité de la salle;Salle Info 31 (DUB-01) · TER;1;Effectif supérieur à la capacité de la salle dans EXP_SALLE : donnée à vérifier (capacité obsolète ou effectif cumulé). La séance est conservée telle quelle.
effectif EFFCALCU supérieur à la capacité de la salle;Salle Info 31 (DUB-01) · TP Outils numériques;1;Effectif supérieur à la capacité de la salle dans EXP_SALLE : donnée à vérifier (capacité obsolète ou effectif cumulé). La séance est conservée telle quelle.
effectif EFFCALCU supérieur à la capacité de la salle;Salle Info 31 (DUB-01) · Techniques de prog;36;Effectif supérieur à la capacité de la salle dans EXP_SALLE : donnée à vérifier (capacité obsolète ou effectif cumulé). La séance est conservée telle quelle.
effectif EFFCALCU supérieur à la capacité de la salle;Salle Info 32 (DUB-01) · Advanced Computer Aided D;2;Effectif supérieur à la capacité de la salle dans EXP_SALLE : donnée à vérifier (capacité obsolète ou effectif cumulé). La séance est conservée telle quelle.
effectif EFFCALCU supérieur à la capacité de la salle;Salle Info 32 (DUB-01) · Algo Math 4 python S5;1;Effectif supérieur à la capacité de la salle dans EXP_SALLE : donnée à vérifier (capacité obsolète ou effectif cumulé). La séance est conservée telle quelle.
effectif EFFCALCU supérieur à la capacité de la salle;Salle Info 32 (DUB-01) · Algor math 1 Python S1;21;Effectif supérieur à la capacité de la salle dans EXP_SALLE : donnée à vérifier (capacité obsolète ou effectif cumulé). La séance est conservée telle quelle.
effectif EFFCALCU supérieur à la capacité de la salle;Salle Info 32 (DUB-01) · Algorit math 5 python S6;12;Effectif supérieur à la capacité de la salle dans EXP_SALLE : donnée à vérifier (capacité obsolète ou effectif cumulé). La séance est conservée telle quelle.
effectif EFFCALCU supérieur à la capacité de la salle;Salle Info 32 (DUB-01) · Algorith math 3 python S4;1;Effectif supérieur à la capacité de la salle dans EXP_SALLE : donnée à vérifier (capacité obsolète ou effectif cumulé). La séance est conservée telle quelle.
effectif EFFCALCU supérieur à la capacité de la salle;Salle Info 32 (DUB-01) · Algorithmique I;1;Effectif supérieur à la capacité de la salle dans EXP_SALLE : donnée à vérifier (capacité obsolète ou effectif cumulé). La séance est conservée telle quelle.
effectif EFFCALCU supérieur à la capacité de la salle;Salle Info 32 (DUB-01) · Algorithmique II;3;Effectif supérieur à la capacité de la salle dans EXP_SALLE : donnée à vérifier (capacité obsolète ou effectif cumulé). La séance est conservée telle quelle.
effectif EFFCALCU supérieur à la capacité de la salle;Salle Info 32 (DUB-01) · Bases de données I;8;Effectif supérieur à la capacité de la salle dans EXP_SALLE : donnée à vérifier (capacité obsolète ou effectif cumulé). La séance est conservée telle quelle.
effectif EFFCALCU supérieur à la capacité de la salle;Salle Info 32 (DUB-01) · Concept° d'interfaces web;8;Effectif supérieur à la capacité de la salle dans EXP_SALLE : donnée à vérifier (capacité obsolète ou effectif cumulé). La séance est conservée telle quelle.
effectif EFFCALCU supérieur à la capacité de la salle;Salle Info 32 (DUB-01) · Dévelop d'appli internet;5;Effectif supérieur à la capacité de la salle dans EXP_SALLE : donnée à vérifier (capacité obsolète ou effectif cumulé). La séance est conservée telle quelle.
effectif EFFCALCU supérieur à la capacité de la salle;Salle Info 32 (DUB-01) · Evaluation des Enseignements;2;Effectif supérieur à la capacité de la salle dans EXP_SALLE : donnée à vérifier (capacité obsolète ou effectif cumulé). La séance est conservée telle quelle.
effectif EFFCALCU supérieur à la capacité de la salle;Salle Info 32 (DUB-01) · Informatique PPPE 1;3;Effectif supérieur à la capacité de la salle dans EXP_SALLE : donnée à vérifier (capacité obsolète ou effectif cumulé). La séance est conservée telle quelle.
effectif EFFCALCU supérieur à la capacité de la salle;Salle Info 32 (DUB-01) · Intro à l'info;3;Effectif supérieur à la capacité de la salle dans EXP_SALLE : donnée à vérifier (capacité obsolète ou effectif cumulé). La séance est conservée telle quelle.
effectif EFFCALCU supérieur à la capacité de la salle;Salle Info 32 (DUB-01) · Intro à la programmation;1;Effectif supérieur à la capacité de la salle dans EXP_SALLE : donnée à vérifier (capacité obsolète ou effectif cumulé). La séance est conservée telle quelle.
effectif EFFCALCU supérieur à la capacité de la salle;Salle Info 32 (DUB-01) · Introduction à Python;4;Effectif supérieur à la capacité de la salle dans EXP_SALLE : donnée à vérifier (capacité obsolète ou effectif cumulé). La séance est conservée telle quelle.
effectif EFFCALCU supérieur à la capacité de la salle;Salle Info 32 (DUB-01) · Méthodes numériques 2;8;Effectif supérieur à la capacité de la salle dans EXP_SALLE : donnée à vérifier (capacité obsolète ou effectif cumulé). La séance est conservée telle quelle.
effectif EFFCALCU supérieur à la capacité de la salle;Salle Info 32 (DUB-01) · Méthodes numériques 3;5;Effectif supérieur à la capacité de la salle dans EXP_SALLE : donnée à vérifier (capacité obsolète ou effectif cumulé). La séance est conservée telle quelle.
effectif EFFCALCU supérieur à la capacité de la salle;Salle Info 32 (DUB-01) · Méthodo: Out Quantitatifs;2;Effectif supérieur à la capacité de la salle dans EXP_SALLE : donnée à vérifier (capacité obsolète ou effectif cumulé). La séance est conservée telle quelle.
effectif EFFCALCU supérieur à la capacité de la salle;Salle Info 32 (DUB-01) · OUMOBIO 1;1;Effectif supérieur à la capacité de la salle dans EXP_SALLE : donnée à vérifier (capacité obsolète ou effectif cumulé). La séance est conservée telle quelle.
effectif EFFCALCU supérieur à la capacité de la salle;Salle Info 32 (DUB-01) · OUMOBIO 2;7;Effectif supérieur à la capacité de la salle dans EXP_SALLE : donnée à vérifier (capacité obsolète ou effectif cumulé). La séance est conservée telle quelle.
effectif EFFCALCU supérieur à la capacité de la salle;Salle Info 32 (DUB-01) · Optimisation S1;1;Effectif supérieur à la capacité de la salle dans EXP_SALLE : donnée à vérifier (capacité obsolète ou effectif cumulé). La séance est conservée telle quelle.
effectif EFFCALCU supérieur à la capacité de la salle;Salle Info 32 (DUB-01) · Outil numérique 1;1;Effectif supérieur à la capacité de la salle dans EXP_SALLE : donnée à vérifier (capacité obsolète ou effectif cumulé). La séance est conservée telle quelle.
effectif EFFCALCU supérieur à la capacité de la salle;Salle Info 32 (DUB-01) · Outils Num Phys S6;4;Effectif supérieur à la capacité de la salle dans EXP_SALLE : donnée à vérifier (capacité obsolète ou effectif cumulé). La séance est conservée telle quelle.
effectif EFFCALCU supérieur à la capacité de la salle;Salle Info 32 (DUB-01) · Outils Numériques;13;Effectif supérieur à la capacité de la salle dans EXP_SALLE : donnée à vérifier (capacité obsolète ou effectif cumulé). La séance est conservée telle quelle.
effectif EFFCALCU supérieur à la capacité de la salle;Salle Info 32 (DUB-01) · PEP'S1;1;Effectif supérieur à la capacité de la salle dans EXP_SALLE : donnée à vérifier (capacité obsolète ou effectif cumulé). La séance est conservée telle quelle.
effectif EFFCALCU supérieur à la capacité de la salle;Salle Info 32 (DUB-01) · Prob et stat app à l'info;1;Effectif supérieur à la capacité de la salle dans EXP_SALLE : donnée à vérifier (capacité obsolète ou effectif cumulé). La séance est conservée telle quelle.
effectif EFFCALCU supérieur à la capacité de la salle;Salle Info 32 (DUB-01) · Progr orientée objet;13;Effectif supérieur à la capacité de la salle dans EXP_SALLE : donnée à vérifier (capacité obsolète ou effectif cumulé). La séance est conservée telle quelle.
effectif EFFCALCU supérieur à la capacité de la salle;Salle Info 32 (DUB-01) · Programmation mobile;3;Effectif supérieur à la capacité de la salle dans EXP_SALLE : donnée à vérifier (capacité obsolète ou effectif cumulé). La séance est conservée telle quelle.
effectif EFFCALCU supérieur à la capacité de la salle;Salle Info 32 (DUB-01) · Programmat° Fonctionnelle;1;Effectif supérieur à la capacité de la salle dans EXP_SALLE : donnée à vérifier (capacité obsolète ou effectif cumulé). La séance est conservée telle quelle.
effectif EFFCALCU supérieur à la capacité de la salle;Salle Info 32 (DUB-01) · Structure données;2;Effectif supérieur à la capacité de la salle dans EXP_SALLE : donnée à vérifier (capacité obsolète ou effectif cumulé). La séance est conservée telle quelle.
effectif EFFCALCU supérieur à la capacité de la salle;Salle Info 32 (DUB-01) · Systèmes d'exploitation I;7;Effectif supérieur à la capacité de la salle dans EXP_SALLE : donnée à vérifier (capacité obsolète ou effectif cumulé). La séance est conservée telle quelle.
effectif EFFCALCU supérieur à la capacité de la salle;Salle Info 32 (DUB-01) · Systèmes d'exploitat° II;2;Effectif supérieur à la capacité de la salle dans EXP_SALLE : donnée à vérifier (capacité obsolète ou effectif cumulé). La séance est conservée telle quelle.
effectif EFFCALCU supérieur à la capacité de la salle;Salle Info 32 (DUB-01) · TER;1;Effectif supérieur à la capacité de la salle dans EXP_SALLE : donnée à vérifier (capacité obsolète ou effectif cumulé). La séance est conservée telle quelle.
effectif EFFCALCU supérieur à la capacité de la salle;Salle Info 32 (DUB-01) · TP Outils numériques;1;Effectif supérieur à la capacité de la salle dans EXP_SALLE : donnée à vérifier (capacité obsolète ou effectif cumulé). La séance est conservée telle quelle.
effectif EFFCALCU supérieur à la capacité de la salle;Salle Info 32 (DUB-01) · Techniques de prog;1;Effectif supérieur à la capacité de la salle dans EXP_SALLE : donnée à vérifier (capacité obsolète ou effectif cumulé). La séance est conservée telle quelle.
effectif EFFCALCU supérieur à la capacité de la salle;Salle Info 33 (DUB-01) · Algo Math 4 python S5;1;Effectif supérieur à la capacité de la salle dans EXP_SALLE : donnée à vérifier (capacité obsolète ou effectif cumulé). La séance est conservée telle quelle.
effectif EFFCALCU supérieur à la capacité de la salle;Salle Info 33 (DUB-01) · Algor math 1 Python S1;2;Effectif supérieur à la capacité de la salle dans EXP_SALLE : donnée à vérifier (capacité obsolète ou effectif cumulé). La séance est conservée telle quelle.
effectif EFFCALCU supérieur à la capacité de la salle;Salle Info 33 (DUB-01) · Algorith math 3 python S4;7;Effectif supérieur à la capacité de la salle dans EXP_SALLE : donnée à vérifier (capacité obsolète ou effectif cumulé). La séance est conservée telle quelle.
effectif EFFCALCU supérieur à la capacité de la salle;Salle Info 33 (DUB-01) · Algorithmique I;6;Effectif supérieur à la capacité de la salle dans EXP_SALLE : donnée à vérifier (capacité obsolète ou effectif cumulé). La séance est conservée telle quelle.
effectif EFFCALCU supérieur à la capacité de la salle;Salle Info 33 (DUB-01) · Algorithmique II;5;Effectif supérieur à la capacité de la salle dans EXP_SALLE : donnée à vérifier (capacité obsolète ou effectif cumulé). La séance est conservée telle quelle.
effectif EFFCALCU supérieur à la capacité de la salle;Salle Info 33 (DUB-01) · Analyse de données;1;Effectif supérieur à la capacité de la salle dans EXP_SALLE : donnée à vérifier (capacité obsolète ou effectif cumulé). La séance est conservée telle quelle.
effectif EFFCALCU supérieur à la capacité de la salle;Salle Info 33 (DUB-01) · Architecture des ordis;2;Effectif supérieur à la capacité de la salle dans EXP_SALLE : donnée à vérifier (capacité obsolète ou effectif cumulé). La séance est conservée telle quelle.
effectif EFFCALCU supérieur à la capacité de la salle;Salle Info 33 (DUB-01) · Bases de données I;8;Effectif supérieur à la capacité de la salle dans EXP_SALLE : donnée à vérifier (capacité obsolète ou effectif cumulé). La séance est conservée telle quelle.
effectif EFFCALCU supérieur à la capacité de la salle;Salle Info 33 (DUB-01) · Concept° d'appli internet;1;Effectif supérieur à la capacité de la salle dans EXP_SALLE : donnée à vérifier (capacité obsolète ou effectif cumulé). La séance est conservée telle quelle.
effectif EFFCALCU supérieur à la capacité de la salle;Salle Info 33 (DUB-01) · Concept° d'interfaces web;27;Effectif supérieur à la capacité de la salle dans EXP_SALLE : donnée à vérifier (capacité obsolète ou effectif cumulé). La séance est conservée telle quelle.
effectif EFFCALCU supérieur à la capacité de la salle;Salle Info 33 (DUB-01) · Dévelop d'appli internet;7;Effectif supérieur à la capacité de la salle dans EXP_SALLE : donnée à vérifier (capacité obsolète ou effectif cumulé). La séance est conservée telle quelle.
effectif EFFCALCU supérieur à la capacité de la salle;Salle Info 33 (DUB-01) · Informatique Fondamentale;2;Effectif supérieur à la capacité de la salle dans EXP_SALLE : donnée à vérifier (capacité obsolète ou effectif cumulé). La séance est conservée telle quelle.
effectif EFFCALCU supérieur à la capacité de la salle;Salle Info 33 (DUB-01) · Informatique PPPE 1;2;Effectif supérieur à la capacité de la salle dans EXP_SALLE : donnée à vérifier (capacité obsolète ou effectif cumulé). La séance est conservée telle quelle.
effectif EFFCALCU supérieur à la capacité de la salle;Salle Info 33 (DUB-01) · Informatique PPPE 3;8;Effectif supérieur à la capacité de la salle dans EXP_SALLE : donnée à vérifier (capacité obsolète ou effectif cumulé). La séance est conservée telle quelle.
effectif EFFCALCU supérieur à la capacité de la salle;Salle Info 33 (DUB-01) · Intro aux probas et stat;6;Effectif supérieur à la capacité de la salle dans EXP_SALLE : donnée à vérifier (capacité obsolète ou effectif cumulé). La séance est conservée telle quelle.
effectif EFFCALCU supérieur à la capacité de la salle;Salle Info 33 (DUB-01) · Intro à l'info;1;Effectif supérieur à la capacité de la salle dans EXP_SALLE : donnée à vérifier (capacité obsolète ou effectif cumulé). La séance est conservée telle quelle.
effectif EFFCALCU supérieur à la capacité de la salle;Salle Info 33 (DUB-01) · Intro à la programmation;12;Effectif supérieur à la capacité de la salle dans EXP_SALLE : donnée à vérifier (capacité obsolète ou effectif cumulé). La séance est conservée telle quelle.
effectif EFFCALCU supérieur à la capacité de la salle;Salle Info 33 (DUB-01) · Introduction à Python;2;Effectif supérieur à la capacité de la salle dans EXP_SALLE : donnée à vérifier (capacité obsolète ou effectif cumulé). La séance est conservée telle quelle.
effectif EFFCALCU supérieur à la capacité de la salle;Salle Info 33 (DUB-01) · Méthodes numériques 2;1;Effectif supérieur à la capacité de la salle dans EXP_SALLE : donnée à vérifier (capacité obsolète ou effectif cumulé). La séance est conservée telle quelle.
effectif EFFCALCU supérieur à la capacité de la salle;Salle Info 33 (DUB-01) · OUMOBIO 1;3;Effectif supérieur à la capacité de la salle dans EXP_SALLE : donnée à vérifier (capacité obsolète ou effectif cumulé). La séance est conservée telle quelle.
effectif EFFCALCU supérieur à la capacité de la salle;Salle Info 33 (DUB-01) · OUMOBIO 2;3;Effectif supérieur à la capacité de la salle dans EXP_SALLE : donnée à vérifier (capacité obsolète ou effectif cumulé). La séance est conservée telle quelle.
effectif EFFCALCU supérieur à la capacité de la salle;Salle Info 33 (DUB-01) · OUMOBIO 3;2;Effectif supérieur à la capacité de la salle dans EXP_SALLE : donnée à vérifier (capacité obsolète ou effectif cumulé). La séance est conservée telle quelle.
effectif EFFCALCU supérieur à la capacité de la salle;Salle Info 33 (DUB-01) · Outil numérique 1;2;Effectif supérieur à la capacité de la salle dans EXP_SALLE : donnée à vérifier (capacité obsolète ou effectif cumulé). La séance est conservée telle quelle.
effectif EFFCALCU supérieur à la capacité de la salle;Salle Info 33 (DUB-01) · Outils Num Phys S6;2;Effectif supérieur à la capacité de la salle dans EXP_SALLE : donnée à vérifier (capacité obsolète ou effectif cumulé). La séance est conservée telle quelle.
effectif EFFCALCU supérieur à la capacité de la salle;Salle Info 33 (DUB-01) · Outils Numériques;2;Effectif supérieur à la capacité de la salle dans EXP_SALLE : donnée à vérifier (capacité obsolète ou effectif cumulé). La séance est conservée telle quelle.
effectif EFFCALCU supérieur à la capacité de la salle;Salle Info 33 (DUB-01) · PYTHON;1;Effectif supérieur à la capacité de la salle dans EXP_SALLE : donnée à vérifier (capacité obsolète ou effectif cumulé). La séance est conservée telle quelle.
effectif EFFCALCU supérieur à la capacité de la salle;Salle Info 33 (DUB-01) · Prog informatique;15;Effectif supérieur à la capacité de la salle dans EXP_SALLE : donnée à vérifier (capacité obsolète ou effectif cumulé). La séance est conservée telle quelle.
effectif EFFCALCU supérieur à la capacité de la salle;Salle Info 33 (DUB-01) · Progr orientée objet;25;Effectif supérieur à la capacité de la salle dans EXP_SALLE : donnée à vérifier (capacité obsolète ou effectif cumulé). La séance est conservée telle quelle.
effectif EFFCALCU supérieur à la capacité de la salle;Salle Info 33 (DUB-01) · Programmation mobile;2;Effectif supérieur à la capacité de la salle dans EXP_SALLE : donnée à vérifier (capacité obsolète ou effectif cumulé). La séance est conservée telle quelle.
effectif EFFCALCU supérieur à la capacité de la salle;Salle Info 33 (DUB-01) · Programmat° Fonctionnelle;1;Effectif supérieur à la capacité de la salle dans EXP_SALLE : donnée à vérifier (capacité obsolète ou effectif cumulé). La séance est conservée telle quelle.
effectif EFFCALCU supérieur à la capacité de la salle;Salle Info 33 (DUB-01) · Python;1;Effectif supérieur à la capacité de la salle dans EXP_SALLE : donnée à vérifier (capacité obsolète ou effectif cumulé). La séance est conservée telle quelle.
effectif EFFCALCU supérieur à la capacité de la salle;Salle Info 33 (DUB-01) · Structure données;1;Effectif supérieur à la capacité de la salle dans EXP_SALLE : donnée à vérifier (capacité obsolète ou effectif cumulé). La séance est conservée telle quelle.
effectif EFFCALCU supérieur à la capacité de la salle;Salle Info 33 (DUB-01) · Systèmes d'exploitation I;4;Effectif supérieur à la capacité de la salle dans EXP_SALLE : donnée à vérifier (capacité obsolète ou effectif cumulé). La séance est conservée telle quelle.
effectif EFFCALCU supérieur à la capacité de la salle;Salle Info 33 (DUB-01) · Systèmes d'exploitat° II;11;Effectif supérieur à la capacité de la salle dans EXP_SALLE : donnée à vérifier (capacité obsolète ou effectif cumulé). La séance est conservée telle quelle.
effectif EFFCALCU supérieur à la capacité de la salle;Salle Info 33 (DUB-01) · Techniques de prog;14;Effectif supérieur à la capacité de la salle dans EXP_SALLE : donnée à vérifier (capacité obsolète ou effectif cumulé). La séance est conservée telle quelle.
effectif EFFCALCU supérieur à la capacité de la salle;Salle Info B215 (SCI_R-02) · Anglais L1 STEE S1;5;Effectif supérieur à la capacité de la salle dans EXP_SALLE : donnée à vérifier (capacité obsolète ou effectif cumulé). La séance est conservée telle quelle.
effectif EFFCALCU supérieur à la capacité de la salle;Salle Info B215 (SCI_R-02) · Anglais L2 STEE S3;3;Effectif supérieur à la capacité de la salle dans EXP_SALLE : donnée à vérifier (capacité obsolète ou effectif cumulé). La séance est conservée telle quelle.
effectif EFFCALCU supérieur à la capacité de la salle;Salle Info B215 (SCI_R-02) · Anglais L2 STEE S4;1;Effectif supérieur à la capacité de la salle dans EXP_SALLE : donnée à vérifier (capacité obsolète ou effectif cumulé). La séance est conservée telle quelle.
effectif EFFCALCU supérieur à la capacité de la salle;Salle Info B215 (SCI_R-02) · Anglais M2-S9;26;Effectif supérieur à la capacité de la salle dans EXP_SALLE : donnée à vérifier (capacité obsolète ou effectif cumulé). La séance est conservée telle quelle.
effectif EFFCALCU supérieur à la capacité de la salle;Salle Projet B135 (SCI_R-01) · Algorithmique II;4;Effectif supérieur à la capacité de la salle dans EXP_SALLE : donnée à vérifier (capacité obsolète ou effectif cumulé). La séance est conservée telle quelle.
effectif EFFCALCU supérieur à la capacité de la salle;Salle Projet B135 (SCI_R-01) · Anglais M2-S9;1;Effectif supérieur à la capacité de la salle dans EXP_SALLE : donnée à vérifier (capacité obsolète ou effectif cumulé). La séance est conservée telle quelle.
effectif EFFCALCU supérieur à la capacité de la salle;Salle Projet B135 (SCI_R-01) · Méthodes numériques 3;1;Effectif supérieur à la capacité de la salle dans EXP_SALLE : donnée à vérifier (capacité obsolète ou effectif cumulé). La séance est conservée telle quelle.
effectif EFFCALCU supérieur à la capacité de la salle;Salle TD I-102 (ISA-01) · Rattrapages ISA BTP;5;Effectif supérieur à la capacité de la salle dans EXP_SALLE : donnée à vérifier (capacité obsolète ou effectif cumulé). La séance est conservée telle quelle.
effectif EFFCALCU supérieur à la capacité de la salle;Salle TD I-102 (ISA-01) · Soutenances stage ISA 1;1;Effectif supérieur à la capacité de la salle dans EXP_SALLE : donnée à vérifier (capacité obsolète ou effectif cumulé). La séance est conservée telle quelle.
effectif EFFCALCU supérieur à la capacité de la salle;Salle TD I-102 (ISA-01) · Soutenances stage ISA 3-1;1;Effectif supérieur à la capacité de la salle dans EXP_SALLE : donnée à vérifier (capacité obsolète ou effectif cumulé). La séance est conservée telle quelle.
effectif EFFCALCU supérieur à la capacité de la salle;Salle TD I-102 (ISA-01) · Soutenances stage ISA 4-1;1;Effectif supérieur à la capacité de la salle dans EXP_SALLE : donnée à vérifier (capacité obsolète ou effectif cumulé). La séance est conservée telle quelle.
effectif EFFCALCU supérieur à la capacité de la salle;Salle TD I-103 (ISA-01) · BCR 9-3 Dimensionnement 4;1;Effectif supérieur à la capacité de la salle dans EXP_SALLE : donnée à vérifier (capacité obsolète ou effectif cumulé). La séance est conservée telle quelle.
effectif EFFCALCU supérieur à la capacité de la salle;Salle TD I-103 (ISA-01) · R 6-8 EEB;1;Effectif supérieur à la capacité de la salle dans EXP_SALLE : donnée à vérifier (capacité obsolète ou effectif cumulé). La séance est conservée telle quelle.
effectif EFFCALCU supérieur à la capacité de la salle;Salle TD I-103 (ISA-01) · R 8-8 Intro aux calculs;1;Effectif supérieur à la capacité de la salle dans EXP_SALLE : donnée à vérifier (capacité obsolète ou effectif cumulé). La séance est conservée telle quelle.
effectif EFFCALCU supérieur à la capacité de la salle;Salle TD I-103 (ISA-01) · Rattrapages ISA BTP;2;Effectif supérieur à la capacité de la salle dans EXP_SALLE : donnée à vérifier (capacité obsolète ou effectif cumulé). La séance est conservée telle quelle.
effectif EFFCALCU supérieur à la capacité de la salle;Salle TD I-103 (ISA-01) · Soutenances stage ISA 1;1;Effectif supérieur à la capacité de la salle dans EXP_SALLE : donnée à vérifier (capacité obsolète ou effectif cumulé). La séance est conservée telle quelle.
effectif EFFCALCU supérieur à la capacité de la salle;Salle TD I-103 (ISA-01) · Soutenances stage ISA 3-1;1;Effectif supérieur à la capacité de la salle dans EXP_SALLE : donnée à vérifier (capacité obsolète ou effectif cumulé). La séance est conservée telle quelle.
effectif EFFCALCU supérieur à la capacité de la salle;Salle TD I-103 (ISA-01) · Soutenances stage ISA 4-1;1;Effectif supérieur à la capacité de la salle dans EXP_SALLE : donnée à vérifier (capacité obsolète ou effectif cumulé). La séance est conservée telle quelle.
effectif EFFCALCU supérieur à la capacité de la salle;Salle TD I-103 (ISA-01) · XXX-Tables Rondes;2;Effectif supérieur à la capacité de la salle dans EXP_SALLE : donnée à vérifier (capacité obsolète ou effectif cumulé). La séance est conservée telle quelle.
effectif EFFCALCU supérieur à la capacité de la salle;Salle TD I-104 (ISA-01) · Préparation TOEIC ISA3;3;Effectif supérieur à la capacité de la salle dans EXP_SALLE : donnée à vérifier (capacité obsolète ou effectif cumulé). La séance est conservée telle quelle.
effectif EFFCALCU supérieur à la capacité de la salle;Salle TD I-104 (ISA-01) · Préparation TOEIC ISA5;2;Effectif supérieur à la capacité de la salle dans EXP_SALLE : donnée à vérifier (capacité obsolète ou effectif cumulé). La séance est conservée telle quelle.
effectif EFFCALCU supérieur à la capacité de la salle;Salle TD I-104 (ISA-01) · Soutenances stage ISA 1;1;Effectif supérieur à la capacité de la salle dans EXP_SALLE : donnée à vérifier (capacité obsolète ou effectif cumulé). La séance est conservée telle quelle.
effectif EFFCALCU supérieur à la capacité de la salle;Salle TD I-104 (ISA-01) · Soutenances stage ISA 3-1;1;Effectif supérieur à la capacité de la salle dans EXP_SALLE : donnée à vérifier (capacité obsolète ou effectif cumulé). La séance est conservée telle quelle.
effectif EFFCALCU supérieur à la capacité de la salle;Salle TD I-104 (ISA-01) · Soutenances stage ISA 4-1;1;Effectif supérieur à la capacité de la salle dans EXP_SALLE : donnée à vérifier (capacité obsolète ou effectif cumulé). La séance est conservée telle quelle.
effectif EFFCALCU supérieur à la capacité de la salle;Salle TD I-104 (ISA-01) · XXX-Tables Rondes;1;Effectif supérieur à la capacité de la salle dans EXP_SALLE : donnée à vérifier (capacité obsolète ou effectif cumulé). La séance est conservée telle quelle.
effectif EFFCALCU supérieur à la capacité de la salle;Salle TD I-203 (ISA-02) · R 7-7 Organisation 9;1;Effectif supérieur à la capacité de la salle dans EXP_SALLE : donnée à vérifier (capacité obsolète ou effectif cumulé). La séance est conservée telle quelle.
effectif EFFCALCU supérieur à la capacité de la salle;Salle TD I-203 (ISA-02) · R 8-5 Espagnol S8;4;Effectif supérieur à la capacité de la salle dans EXP_SALLE : donnée à vérifier (capacité obsolète ou effectif cumulé). La séance est conservée telle quelle.
effectif EFFCALCU supérieur à la capacité de la salle;Salle TD I-203 (ISA-02) · Rattrapages ISA BTP;1;Effectif supérieur à la capacité de la salle dans EXP_SALLE : donnée à vérifier (capacité obsolète ou effectif cumulé). La séance est conservée telle quelle.
effectif EFFCALCU supérieur à la capacité de la salle;Salle TD I-203 (ISA-02) · Soutenances stage ISA 1;1;Effectif supérieur à la capacité de la salle dans EXP_SALLE : donnée à vérifier (capacité obsolète ou effectif cumulé). La séance est conservée telle quelle.
effectif EFFCALCU supérieur à la capacité de la salle;Salle TD I-203 (ISA-02) · Soutenances stage ISA 3-1;1;Effectif supérieur à la capacité de la salle dans EXP_SALLE : donnée à vérifier (capacité obsolète ou effectif cumulé). La séance est conservée telle quelle.
effectif EFFCALCU supérieur à la capacité de la salle;Salle TD I-203 (ISA-02) · Soutenances stage ISA 4-1;1;Effectif supérieur à la capacité de la salle dans EXP_SALLE : donnée à vérifier (capacité obsolète ou effectif cumulé). La séance est conservée telle quelle.
effectif EFFCALCU supérieur à la capacité de la salle;Salle TD I-204 (ISA-02) · Préparation TOEIC ISA;1;Effectif supérieur à la capacité de la salle dans EXP_SALLE : donnée à vérifier (capacité obsolète ou effectif cumulé). La séance est conservée telle quelle.
effectif EFFCALCU supérieur à la capacité de la salle;Salle TD I-204 (ISA-02) · Préparation TOEIC ISA5;2;Effectif supérieur à la capacité de la salle dans EXP_SALLE : donnée à vérifier (capacité obsolète ou effectif cumulé). La séance est conservée telle quelle.
effectif EFFCALCU supérieur à la capacité de la salle;Salle TD I-204 (ISA-02) · R 7-7 Organisation 9;1;Effectif supérieur à la capacité de la salle dans EXP_SALLE : donnée à vérifier (capacité obsolète ou effectif cumulé). La séance est conservée telle quelle.
effectif EFFCALCU supérieur à la capacité de la salle;Salle TD I-204 (ISA-02) · R 8-5 Espagnol S8;6;Effectif supérieur à la capacité de la salle dans EXP_SALLE : donnée à vérifier (capacité obsolète ou effectif cumulé). La séance est conservée telle quelle.
effectif EFFCALCU supérieur à la capacité de la salle;Salle TD I-204 (ISA-02) · Rattrapages ISA BTP;1;Effectif supérieur à la capacité de la salle dans EXP_SALLE : donnée à vérifier (capacité obsolète ou effectif cumulé). La séance est conservée telle quelle.
effectif EFFCALCU supérieur à la capacité de la salle;Salle TD I-204 (ISA-02) · Soutenances stage ISA 1;1;Effectif supérieur à la capacité de la salle dans EXP_SALLE : donnée à vérifier (capacité obsolète ou effectif cumulé). La séance est conservée telle quelle.
effectif EFFCALCU supérieur à la capacité de la salle;Salle TD I-204 (ISA-02) · Soutenances stage ISA 3-1;1;Effectif supérieur à la capacité de la salle dans EXP_SALLE : donnée à vérifier (capacité obsolète ou effectif cumulé). La séance est conservée telle quelle.
effectif EFFCALCU supérieur à la capacité de la salle;Salle TD I-205 (ISA-02) · R 8-5 Espagnol S8;2;Effectif supérieur à la capacité de la salle dans EXP_SALLE : donnée à vérifier (capacité obsolète ou effectif cumulé). La séance est conservée telle quelle.
effectif EFFCALCU supérieur à la capacité de la salle;Salle TD I-205 (ISA-02) · Soutenances stage ISA 3-1;1;Effectif supérieur à la capacité de la salle dans EXP_SALLE : donnée à vérifier (capacité obsolète ou effectif cumulé). La séance est conservée telle quelle.
effectif EFFCALCU supérieur à la capacité de la salle;Salle TP  Biol Végét 40 (DUB-02) · Biologie animale 1;12;Effectif supérieur à la capacité de la salle dans EXP_SALLE : donnée à vérifier (capacité obsolète ou effectif cumulé). La séance est conservée telle quelle.
effectif EFFCALCU supérieur à la capacité de la salle;Salle TP  Biol Végét 40 (DUB-02) · Biologie végétale 1;12;Effectif supérieur à la capacité de la salle dans EXP_SALLE : donnée à vérifier (capacité obsolète ou effectif cumulé). La séance est conservée telle quelle.
effectif EFFCALCU supérieur à la capacité de la salle;Salle TP  Biol Végét 40 (DUB-02) · Biologie végétale 2;1;Effectif supérieur à la capacité de la salle dans EXP_SALLE : donnée à vérifier (capacité obsolète ou effectif cumulé). La séance est conservée telle quelle.
effectif EFFCALCU supérieur à la capacité de la salle;Salle TP  Biol Végét 40 (DUB-02) · Physiologie animale 2;2;Effectif supérieur à la capacité de la salle dans EXP_SALLE : donnée à vérifier (capacité obsolète ou effectif cumulé). La séance est conservée telle quelle.
effectif EFFCALCU supérieur à la capacité de la salle;Salle TP  Biol Végét 40 (DUB-02) · UE prépa enseignement 2;1;Effectif supérieur à la capacité de la salle dans EXP_SALLE : donnée à vérifier (capacité obsolète ou effectif cumulé). La séance est conservée telle quelle.
effectif EFFCALCU supérieur à la capacité de la salle;Salle TP 011 (BA1-00) · Animation Scientifique;2;Effectif supérieur à la capacité de la salle dans EXP_SALLE : donnée à vérifier (capacité obsolète ou effectif cumulé). La séance est conservée telle quelle.
effectif EFFCALCU supérieur à la capacité de la salle;Salle TP 011 (BA1-00) · Electronique analogique;4;Effectif supérieur à la capacité de la salle dans EXP_SALLE : donnée à vérifier (capacité obsolète ou effectif cumulé). La séance est conservée telle quelle.
effectif EFFCALCU supérieur à la capacité de la salle;Salle TP Bioch 43 (DUB-02) · Biochimie expérimentale;16;Effectif supérieur à la capacité de la salle dans EXP_SALLE : donnée à vérifier (capacité obsolète ou effectif cumulé). La séance est conservée telle quelle.
effectif EFFCALCU supérieur à la capacité de la salle;Salle TP Bioch 43 (DUB-02) · Physiologie végétale 1;3;Effectif supérieur à la capacité de la salle dans EXP_SALLE : donnée à vérifier (capacité obsolète ou effectif cumulé). La séance est conservée telle quelle.
effectif EFFCALCU supérieur à la capacité de la salle;Salle TP Bioch 43 (DUB-02) · Physiologie végétale 2;2;Effectif supérieur à la capacité de la salle dans EXP_SALLE : donnée à vérifier (capacité obsolète ou effectif cumulé). La séance est conservée telle quelle.
effectif EFFCALCU supérieur à la capacité de la salle;Salle TP Electronique 39 (DUB-01) · Electricité-Electroniq s3;4;Effectif supérieur à la capacité de la salle dans EXP_SALLE : donnée à vérifier (capacité obsolète ou effectif cumulé). La séance est conservée telle quelle.
effectif EFFCALCU supérieur à la capacité de la salle;Salle TP Informatique indus 37 (DUB-01) · 3D printing;1;Effectif supérieur à la capacité de la salle dans EXP_SALLE : donnée à vérifier (capacité obsolète ou effectif cumulé). La séance est conservée telle quelle.
effectif EFFCALCU supérieur à la capacité de la salle;Salle TP Informatique indus 37 (DUB-01) · 6 Exp Entreprise alt stag;1;Effectif supérieur à la capacité de la salle dans EXP_SALLE : donnée à vérifier (capacité obsolète ou effectif cumulé). La séance est conservée telle quelle.
effectif EFFCALCU supérieur à la capacité de la salle;Salle TP Informatique indus 37 (DUB-01) · GEII: Infor industrielle;22;Effectif supérieur à la capacité de la salle dans EXP_SALLE : donnée à vérifier (capacité obsolète ou effectif cumulé). La séance est conservée telle quelle.
effectif EFFCALCU supérieur à la capacité de la salle;Salle TP Informatique indus 37 (DUB-01) · Outils de concep elec;4;Effectif supérieur à la capacité de la salle dans EXP_SALLE : donnée à vérifier (capacité obsolète ou effectif cumulé). La séance est conservée telle quelle.
effectif EFFCALCU supérieur à la capacité de la salle;Salle TP Informatique indus 37 (DUB-01) · PID LP GPI;6;Effectif supérieur à la capacité de la salle dans EXP_SALLE : donnée à vérifier (capacité obsolète ou effectif cumulé). La séance est conservée telle quelle.
effectif EFFCALCU supérieur à la capacité de la salle;Salle TP Informatique indus 37 (DUB-01) · Projet-Travail en autonomie;3;Effectif supérieur à la capacité de la salle dans EXP_SALLE : donnée à vérifier (capacité obsolète ou effectif cumulé). La séance est conservée telle quelle.
effectif EFFCALCU supérieur à la capacité de la salle;Salle TP Informatique indus 37 (DUB-01) · TP élec numérique;4;Effectif supérieur à la capacité de la salle dans EXP_SALLE : donnée à vérifier (capacité obsolète ou effectif cumulé). La séance est conservée telle quelle.
effectif EFFCALCU supérieur à la capacité de la salle;Salle TP Informatique indus 37 (DUB-01) · UE Parorama matériaux;6;Effectif supérieur à la capacité de la salle dans EXP_SALLE : donnée à vérifier (capacité obsolète ou effectif cumulé). La séance est conservée telle quelle.
effectif EFFCALCU supérieur à la capacité de la salle;Salle TP Informatique indus 37 (DUB-01) · xxxMicrocontrôleurs & interfaç;4;Effectif supérieur à la capacité de la salle dans EXP_SALLE : donnée à vérifier (capacité obsolète ou effectif cumulé). La séance est conservée telle quelle.
effectif EFFCALCU supérieur à la capacité de la salle;Salle TP Informatique indus 38 (DUB-01) · 6 Exp Entreprise alt stag;4;Effectif supérieur à la capacité de la salle dans EXP_SALLE : donnée à vérifier (capacité obsolète ou effectif cumulé). La séance est conservée telle quelle.
effectif EFFCALCU supérieur à la capacité de la salle;Salle TP Informatique indus 38 (DUB-01) · Métrologie;7;Effectif supérieur à la capacité de la salle dans EXP_SALLE : donnée à vérifier (capacité obsolète ou effectif cumulé). La séance est conservée telle quelle.
effectif EFFCALCU supérieur à la capacité de la salle;Salle TP Informatique indus 38 (DUB-01) · Projet-Travail en autonomie;1;Effectif supérieur à la capacité de la salle dans EXP_SALLE : donnée à vérifier (capacité obsolète ou effectif cumulé). La séance est conservée telle quelle.
effectif EFFCALCU supérieur à la capacité de la salle;Salle TP Microbio 42 (DUB-02) · Biologie moléculaire prat;8;Effectif supérieur à la capacité de la salle dans EXP_SALLE : donnée à vérifier (capacité obsolète ou effectif cumulé). La séance est conservée telle quelle.
effectif EFFCALCU supérieur à la capacité de la salle;Salle TP Microbio 42 (DUB-02) · Microbiologie 2;1;Effectif supérieur à la capacité de la salle dans EXP_SALLE : donnée à vérifier (capacité obsolète ou effectif cumulé). La séance est conservée telle quelle.
effectif EFFCALCU supérieur à la capacité de la salle;Salle TP Microbio 42 (DUB-02) · Microbiologie pratique;4;Effectif supérieur à la capacité de la salle dans EXP_SALLE : donnée à vérifier (capacité obsolète ou effectif cumulé). La séance est conservée telle quelle.
effectif EFFCALCU supérieur à la capacité de la salle;Salle TP Microbio 42 (DUB-02) · UE prépa enseignement 2;1;Effectif supérieur à la capacité de la salle dans EXP_SALLE : donnée à vérifier (capacité obsolète ou effectif cumulé). La séance est conservée telle quelle.
effectif EFFCALCU supérieur à la capacité de la salle;Salle TP Physio animale 41 (DUB-02) · Biologie végétale 2;1;Effectif supérieur à la capacité de la salle dans EXP_SALLE : donnée à vérifier (capacité obsolète ou effectif cumulé). La séance est conservée telle quelle.
effectif EFFCALCU supérieur à la capacité de la salle;Salle TP Physio animale 41 (DUB-02) · Méthodologie travail univ;9;Effectif supérieur à la capacité de la salle dans EXP_SALLE : donnée à vérifier (capacité obsolète ou effectif cumulé). La séance est conservée telle quelle.
effectif EFFCALCU supérieur à la capacité de la salle;Salle TP Physio animale 41 (DUB-02) · Physiologie animale 1;3;Effectif supérieur à la capacité de la salle dans EXP_SALLE : donnée à vérifier (capacité obsolète ou effectif cumulé). La séance est conservée telle quelle.
effectif EFFCALCU supérieur à la capacité de la salle;Salle TP Physio animale 41 (DUB-02) · Physiologie végétale 2;1;Effectif supérieur à la capacité de la salle dans EXP_SALLE : donnée à vérifier (capacité obsolète ou effectif cumulé). La séance est conservée telle quelle.
effectif EFFCALCU supérieur à la capacité de la salle;Salle TP Physique B116 (SCI_R-01) · Physique expérimentale S6;6;Effectif supérieur à la capacité de la salle dans EXP_SALLE : donnée à vérifier (capacité obsolète ou effectif cumulé). La séance est conservée telle quelle.
effectif EFFCALCU supérieur à la capacité de la salle;Salle TP Physique B118 (SCI_R-01) · Physique expérimentale S5;6;Effectif supérieur à la capacité de la salle dans EXP_SALLE : donnée à vérifier (capacité obsolète ou effectif cumulé). La séance est conservée telle quelle.
effectif EFFCALCU supérieur à la capacité de la salle;Salle TP Physique B127 (SCI_R-01) · Méthodo des sciences exp;3;Effectif supérieur à la capacité de la salle dans EXP_SALLE : donnée à vérifier (capacité obsolète ou effectif cumulé). La séance est conservée telle quelle.
effectif EFFCALCU supérieur à la capacité de la salle;Salle TP Physique B127 (SCI_R-01) · TP Physique 1;18;Effectif supérieur à la capacité de la salle dans EXP_SALLE : donnée à vérifier (capacité obsolète ou effectif cumulé). La séance est conservée telle quelle.
effectif EFFCALCU supérieur à la capacité de la salle;Salle TP Physique I-051 (ISA-00) · XXX TP Electrochimie et conduc;5;Effectif supérieur à la capacité de la salle dans EXP_SALLE : donnée à vérifier (capacité obsolète ou effectif cumulé). La séance est conservée telle quelle.
effectif EFFCALCU supérieur à la capacité de la salle;Salle TP géochimie B330 (SCI_R-03) · Env mineralogical tech;2;Effectif supérieur à la capacité de la salle dans EXP_SALLE : donnée à vérifier (capacité obsolète ou effectif cumulé). La séance est conservée telle quelle.
effectif EFFCALCU supérieur à la capacité de la salle;Salle TP géochimie B330 (SCI_R-03) · Minéralogie - cristallo;4;Effectif supérieur à la capacité de la salle dans EXP_SALLE : donnée à vérifier (capacité obsolète ou effectif cumulé). La séance est conservée telle quelle.
effectif EFFCALCU supérieur à la capacité de la salle;Salle TP sciences de l'eau 014 (BA1-00) · Fct et vulnérabilité EC;1;Effectif supérieur à la capacité de la salle dans EXP_SALLE : donnée à vérifier (capacité obsolète ou effectif cumulé). La séance est conservée telle quelle.
effectif EFFCALCU supérieur à la capacité de la salle;Salle TP sur roches B326 (SCI_R-03) · Environnement Eaux & sols;2;Effectif supérieur à la capacité de la salle dans EXP_SALLE : donnée à vérifier (capacité obsolète ou effectif cumulé). La séance est conservée telle quelle.
effectif EFFCALCU supérieur à la capacité de la salle;Salle cartographie B336 (SCI_R-03) · Cartographie 1;19;Effectif supérieur à la capacité de la salle dans EXP_SALLE : donnée à vérifier (capacité obsolète ou effectif cumulé). La séance est conservée telle quelle.
effectif EFFCALCU supérieur à la capacité de la salle;Salle cartographie B336 (SCI_R-03) · Cas d'étude géologique 1;1;Effectif supérieur à la capacité de la salle dans EXP_SALLE : donnée à vérifier (capacité obsolète ou effectif cumulé). La séance est conservée telle quelle.
effectif EFFCALCU supérieur à la capacité de la salle;Salle cartographie B336 (SCI_R-03) · Environnement : Hydrochim;8;Effectif supérieur à la capacité de la salle dans EXP_SALLE : donnée à vérifier (capacité obsolète ou effectif cumulé). La séance est conservée telle quelle.
effectif EFFCALCU supérieur à la capacité de la salle;Salle cartographie B336 (SCI_R-03) · Environnement Eaux & sols;3;Effectif supérieur à la capacité de la salle dans EXP_SALLE : donnée à vérifier (capacité obsolète ou effectif cumulé). La séance est conservée telle quelle.
effectif EFFCALCU supérieur à la capacité de la salle;Salle cartographie B336 (SCI_R-03) · Géochimie 1;1;Effectif supérieur à la capacité de la salle dans EXP_SALLE : donnée à vérifier (capacité obsolète ou effectif cumulé). La séance est conservée telle quelle.
effectif EFFCALCU supérieur à la capacité de la salle;Salle cartographie B336 (SCI_R-03) · Marges & Chaînes de mont;20;Effectif supérieur à la capacité de la salle dans EXP_SALLE : donnée à vérifier (capacité obsolète ou effectif cumulé). La séance est conservée telle quelle.
effectif EFFCALCU supérieur à la capacité de la salle;Salle cartographie B336 (SCI_R-03) · Milieux sédimentaires 1;20;Effectif supérieur à la capacité de la salle dans EXP_SALLE : donnée à vérifier (capacité obsolète ou effectif cumulé). La séance est conservée telle quelle.
effectif EFFCALCU supérieur à la capacité de la salle;Salle cartographie B336 (SCI_R-03) · Milieux sédimentaires 2;3;Effectif supérieur à la capacité de la salle dans EXP_SALLE : donnée à vérifier (capacité obsolète ou effectif cumulé). La séance est conservée telle quelle.
effectif EFFCALCU supérieur à la capacité de la salle;Salle cartographie B336 (SCI_R-03) · Minéralogie - cristallo;5;Effectif supérieur à la capacité de la salle dans EXP_SALLE : donnée à vérifier (capacité obsolète ou effectif cumulé). La séance est conservée telle quelle.
effectif EFFCALCU supérieur à la capacité de la salle;Salle cartographie B336 (SCI_R-03) · Roches Chronologie avancé;4;Effectif supérieur à la capacité de la salle dans EXP_SALLE : donnée à vérifier (capacité obsolète ou effectif cumulé). La séance est conservée telle quelle.
effectif EFFCALCU supérieur à la capacité de la salle;Salle cartographie B336 (SCI_R-03) · Roches endogènes 1;1;Effectif supérieur à la capacité de la salle dans EXP_SALLE : donnée à vérifier (capacité obsolète ou effectif cumulé). La séance est conservée telle quelle.
effectif EFFCALCU supérieur à la capacité de la salle;Salle cartographie B336 (SCI_R-03) · Roches et Chronologie;40;Effectif supérieur à la capacité de la salle dans EXP_SALLE : donnée à vérifier (capacité obsolète ou effectif cumulé). La séance est conservée telle quelle.
effectif EFFCALCU supérieur à la capacité de la salle;Salle cartographie B336 (SCI_R-03) · Terrain de cartographie;1;Effectif supérieur à la capacité de la salle dans EXP_SALLE : donnée à vérifier (capacité obsolète ou effectif cumulé). La séance est conservée telle quelle.
effectif EFFCALCU supérieur à la capacité de la salle;Salle de Cours 003 (BA1-00) · Animation Scientifique;2;Effectif supérieur à la capacité de la salle dans EXP_SALLE : donnée à vérifier (capacité obsolète ou effectif cumulé). La séance est conservée telle quelle.
effectif EFFCALCU supérieur à la capacité de la salle;Salle de Cours 003 (BA1-00) · Ecologie Appliquée;1;Effectif supérieur à la capacité de la salle dans EXP_SALLE : donnée à vérifier (capacité obsolète ou effectif cumulé). La séance est conservée telle quelle.
effectif EFFCALCU supérieur à la capacité de la salle;Salle de Cours 003 (BA1-00) · Tutorat;1;Effectif supérieur à la capacité de la salle dans EXP_SALLE : donnée à vérifier (capacité obsolète ou effectif cumulé). La séance est conservée telle quelle.
effectif EFFCALCU supérieur à la capacité de la salle;Salle de Cours 140 (EC3-01) · 11 Intro. droit civil;11;Effectif supérieur à la capacité de la salle dans EXP_SALLE : donnée à vérifier (capacité obsolète ou effectif cumulé). La séance est conservée telle quelle.
effectif EFFCALCU supérieur à la capacité de la salle;Salle de Cours 140 (EC3-01) · 12 Intro. droit constit.;22;Effectif supérieur à la capacité de la salle dans EXP_SALLE : donnée à vérifier (capacité obsolète ou effectif cumulé). La séance est conservée telle quelle.
effectif EFFCALCU supérieur à la capacité de la salle;Salle de Cours 140 (EC3-01) · 22 Droit constit.;16;Effectif supérieur à la capacité de la salle dans EXP_SALLE : donnée à vérifier (capacité obsolète ou effectif cumulé). La séance est conservée telle quelle.
effectif EFFCALCU supérieur à la capacité de la salle;Salle de Cours 140 (EC3-01) · 31 Droit des oblig.;4;Effectif supérieur à la capacité de la salle dans EXP_SALLE : donnée à vérifier (capacité obsolète ou effectif cumulé). La séance est conservée telle quelle.
effectif EFFCALCU supérieur à la capacité de la salle;Salle de Cours 140 (EC3-01) · 32 Droit administ.;2;Effectif supérieur à la capacité de la salle dans EXP_SALLE : donnée à vérifier (capacité obsolète ou effectif cumulé). La séance est conservée telle quelle.
effectif EFFCALCU supérieur à la capacité de la salle;Salle de Cours 140 (EC3-01) · 42 Droit administratif;14;Effectif supérieur à la capacité de la salle dans EXP_SALLE : donnée à vérifier (capacité obsolète ou effectif cumulé). La séance est conservée telle quelle.
effectif EFFCALCU supérieur à la capacité de la salle;Salle de Cours 140 (EC3-01) · Anglais (DT2 EEI);2;Effectif supérieur à la capacité de la salle dans EXP_SALLE : donnée à vérifier (capacité obsolète ou effectif cumulé). La séance est conservée telle quelle.
effectif EFFCALCU supérieur à la capacité de la salle;Salle de Cours 140 (EC3-01) · Contentieux administratif;1;Effectif supérieur à la capacité de la salle dans EXP_SALLE : donnée à vérifier (capacité obsolète ou effectif cumulé). La séance est conservée telle quelle.
effectif EFFCALCU supérieur à la capacité de la salle;Salle de Cours 140 (EC3-01) · Droit admin. des biens;1;Effectif supérieur à la capacité de la salle dans EXP_SALLE : donnée à vérifier (capacité obsolète ou effectif cumulé). La séance est conservée telle quelle.
effectif EFFCALCU supérieur à la capacité de la salle;Salle de Cours 140 (EC3-01) · Droit des affaires (S3);6;Effectif supérieur à la capacité de la salle dans EXP_SALLE : donnée à vérifier (capacité obsolète ou effectif cumulé). La séance est conservée telle quelle.
effectif EFFCALCU supérieur à la capacité de la salle;Salle de Cours 140 (EC3-01) · Droit des contrats spé.;1;Effectif supérieur à la capacité de la salle dans EXP_SALLE : donnée à vérifier (capacité obsolète ou effectif cumulé). La séance est conservée telle quelle.
effectif EFFCALCU supérieur à la capacité de la salle;Salle de Cours 140 (EC3-01) · Droit des obligations;19;Effectif supérieur à la capacité de la salle dans EXP_SALLE : donnée à vérifier (capacité obsolète ou effectif cumulé). La séance est conservée telle quelle.
effectif EFFCALCU supérieur à la capacité de la salle;Salle de Cours 140 (EC3-01) · Droit du travail CM S5;2;Effectif supérieur à la capacité de la salle dans EXP_SALLE : donnée à vérifier (capacité obsolète ou effectif cumulé). La séance est conservée telle quelle.
effectif EFFCALCU supérieur à la capacité de la salle;Salle de Cours 140 (EC3-01) · Droit internat. public CM;1;Effectif supérieur à la capacité de la salle dans EXP_SALLE : donnée à vérifier (capacité obsolète ou effectif cumulé). La séance est conservée telle quelle.
effectif EFFCALCU supérieur à la capacité de la salle;Salle de Cours 140 (EC3-01) · Droit internat. public TD;2;Effectif supérieur à la capacité de la salle dans EXP_SALLE : donnée à vérifier (capacité obsolète ou effectif cumulé). La séance est conservée telle quelle.
effectif EFFCALCU supérieur à la capacité de la salle;Salle de Cours 140 (EC3-01) · Droit judiciaire privé CM;6;Effectif supérieur à la capacité de la salle dans EXP_SALLE : donnée à vérifier (capacité obsolète ou effectif cumulé). La séance est conservée telle quelle.
effectif EFFCALCU supérieur à la capacité de la salle;Salle de Cours 140 (EC3-01) · Droit pénal (maj);13;Effectif supérieur à la capacité de la salle dans EXP_SALLE : donnée à vérifier (capacité obsolète ou effectif cumulé). La séance est conservée telle quelle.
effectif EFFCALCU supérieur à la capacité de la salle;Salle de Cours 140 (EC3-01) · Economie contemporaine;2;Effectif supérieur à la capacité de la salle dans EXP_SALLE : donnée à vérifier (capacité obsolète ou effectif cumulé). La séance est conservée telle quelle.
effectif EFFCALCU supérieur à la capacité de la salle;Salle de Cours 140 (EC3-01) · Espagnol;1;Effectif supérieur à la capacité de la salle dans EXP_SALLE : donnée à vérifier (capacité obsolète ou effectif cumulé). La séance est conservée telle quelle.
effectif EFFCALCU supérieur à la capacité de la salle;Salle de Cours 140 (EC3-01) · LV espagnol (DEGI2 - EEI);1;Effectif supérieur à la capacité de la salle dans EXP_SALLE : donnée à vérifier (capacité obsolète ou effectif cumulé). La séance est conservée telle quelle.
effectif EFFCALCU supérieur à la capacité de la salle;Salle de Cours 140 (EC3-01) · MàN en méthodologie;2;Effectif supérieur à la capacité de la salle dans EXP_SALLE : donnée à vérifier (capacité obsolète ou effectif cumulé). La séance est conservée telle quelle.
effectif EFFCALCU supérieur à la capacité de la salle;Salle de Cours 140 (EC3-01) · Organizational Theory;1;Effectif supérieur à la capacité de la salle dans EXP_SALLE : donnée à vérifier (capacité obsolète ou effectif cumulé). La séance est conservée telle quelle.
effectif EFFCALCU supérieur à la capacité de la salle;Salle de Cours 140 (EC3-01) · Procédure pénale;9;Effectif supérieur à la capacité de la salle dans EXP_SALLE : donnée à vérifier (capacité obsolète ou effectif cumulé). La séance est conservée telle quelle.
effectif EFFCALCU supérieur à la capacité de la salle;Salle de Cours 140 (EC3-01) · Sciences politiques 3;2;Effectif supérieur à la capacité de la salle dans EXP_SALLE : donnée à vérifier (capacité obsolète ou effectif cumulé). La séance est conservée telle quelle.
effectif EFFCALCU supérieur à la capacité de la salle;Salle de Cours 140 (EC3-01) · Statistiques 1;2;Effectif supérieur à la capacité de la salle dans EXP_SALLE : donnée à vérifier (capacité obsolète ou effectif cumulé). La séance est conservée telle quelle.
effectif EFFCALCU supérieur à la capacité de la salle;Salle de Cours 140 (EC3-01) · UE1 Stratégie orga;2;Effectif supérieur à la capacité de la salle dans EXP_SALLE : donnée à vérifier (capacité obsolète ou effectif cumulé). La séance est conservée telle quelle.
effectif EFFCALCU supérieur à la capacité de la salle;Salle de Cours 140 (EC3-01) · UE2 Contrôle de gestion;3;Effectif supérieur à la capacité de la salle dans EXP_SALLE : donnée à vérifier (capacité obsolète ou effectif cumulé). La séance est conservée telle quelle.
effectif EFFCALCU supérieur à la capacité de la salle;Salle de Cours 140 (EC3-01) · UE3 Finance;6;Effectif supérieur à la capacité de la salle dans EXP_SALLE : donnée à vérifier (capacité obsolète ou effectif cumulé). La séance est conservée telle quelle.
effectif EFFCALCU supérieur à la capacité de la salle;Salle de Cours 140 (EC3-01) · UE4 Gestion de projet;4;Effectif supérieur à la capacité de la salle dans EXP_SALLE : donnée à vérifier (capacité obsolète ou effectif cumulé). La séance est conservée telle quelle.
effectif EFFCALCU supérieur à la capacité de la salle;Salle de Cours 140 (EC3-01) · UE5 Gestion de projet RSE;1;Effectif supérieur à la capacité de la salle dans EXP_SALLE : donnée à vérifier (capacité obsolète ou effectif cumulé). La séance est conservée telle quelle.
effectif EFFCALCU supérieur à la capacité de la salle;Salle de Cours 140 (EC3-01) · UE5 Marketing;4;Effectif supérieur à la capacité de la salle dans EXP_SALLE : donnée à vérifier (capacité obsolète ou effectif cumulé). La séance est conservée telle quelle.
effectif EFFCALCU supérieur à la capacité de la salle;Salle de Cours 140 (EC3-01) · UE7 Langue des affaires 4;1;Effectif supérieur à la capacité de la salle dans EXP_SALLE : donnée à vérifier (capacité obsolète ou effectif cumulé). La séance est conservée telle quelle.
effectif EFFCALCU supérieur à la capacité de la salle;Salle de Cours 140 (EC3-01) · XXX-ISN-SPEED MEETING;1;Effectif supérieur à la capacité de la salle dans EXP_SALLE : donnée à vérifier (capacité obsolète ou effectif cumulé). La séance est conservée telle quelle.
effectif EFFCALCU supérieur à la capacité de la salle;Salle de Cours 140 (EC3-01) · xxx anglais DEGI1;2;Effectif supérieur à la capacité de la salle dans EXP_SALLE : donnée à vérifier (capacité obsolète ou effectif cumulé). La séance est conservée telle quelle.
effectif EFFCALCU supérieur à la capacité de la salle;Salle de Cours 140 (EC3-01) · xxxMaths Heures SPACE;2;Effectif supérieur à la capacité de la salle dans EXP_SALLE : donnée à vérifier (capacité obsolète ou effectif cumulé). La séance est conservée telle quelle.
effectif EFFCALCU supérieur à la capacité de la salle;Salle de cours 004 (BA1-00) · Animation Scientifique;2;Effectif supérieur à la capacité de la salle dans EXP_SALLE : donnée à vérifier (capacité obsolète ou effectif cumulé). La séance est conservée telle quelle.
effectif EFFCALCU supérieur à la capacité de la salle;Salle de cours 004 (BA1-00) · Physiologie Animale;2;Effectif supérieur à la capacité de la salle dans EXP_SALLE : donnée à vérifier (capacité obsolète ou effectif cumulé). La séance est conservée telle quelle.
effectif EFFCALCU supérieur à la capacité de la salle;Salle de cours 004 (BA1-00) · Tutorat;1;Effectif supérieur à la capacité de la salle dans EXP_SALLE : donnée à vérifier (capacité obsolète ou effectif cumulé). La séance est conservée telle quelle.
effectif EFFCALCU supérieur à la capacité de la salle;Salle de cours 005 (BA1-00) · Animation Scientifique;2;Effectif supérieur à la capacité de la salle dans EXP_SALLE : donnée à vérifier (capacité obsolète ou effectif cumulé). La séance est conservée telle quelle.
effectif EFFCALCU supérieur à la capacité de la salle;Salle de cours 007 (BA1-00) · 5 Gestion écologique;1;Effectif supérieur à la capacité de la salle dans EXP_SALLE : donnée à vérifier (capacité obsolète ou effectif cumulé). La séance est conservée telle quelle.
effectif EFFCALCU supérieur à la capacité de la salle;Salle de cours 007 (BA1-00) · Anglais S5;1;Effectif supérieur à la capacité de la salle dans EXP_SALLE : donnée à vérifier (capacité obsolète ou effectif cumulé). La séance est conservée telle quelle.
effectif EFFCALCU supérieur à la capacité de la salle;Salle de cours 007 (BA1-00) · Animation Scientifique;1;Effectif supérieur à la capacité de la salle dans EXP_SALLE : donnée à vérifier (capacité obsolète ou effectif cumulé). La séance est conservée telle quelle.
effectif EFFCALCU supérieur à la capacité de la salle;Salle de cours 007 (BA1-00) · DRE et NTIC;2;Effectif supérieur à la capacité de la salle dans EXP_SALLE : donnée à vérifier (capacité obsolète ou effectif cumulé). La séance est conservée telle quelle.
effectif EFFCALCU supérieur à la capacité de la salle;Salle de cours 007 (BA1-00) · R 2-6 Communication;1;Effectif supérieur à la capacité de la salle dans EXP_SALLE : donnée à vérifier (capacité obsolète ou effectif cumulé). La séance est conservée telle quelle.
effectif EFFCALCU supérieur à la capacité de la salle;Salle de cours 007 (BA1-00) · R2.5 Espagnol;4;Effectif supérieur à la capacité de la salle dans EXP_SALLE : donnée à vérifier (capacité obsolète ou effectif cumulé). La séance est conservée telle quelle.
effectif EFFCALCU supérieur à la capacité de la salle;Salle de cours 007 (BA1-00) · Traitements Stat;2;Effectif supérieur à la capacité de la salle dans EXP_SALLE : donnée à vérifier (capacité obsolète ou effectif cumulé). La séance est conservée telle quelle.
effectif EFFCALCU supérieur à la capacité de la salle;Salle de cours 007 (BA1-00) · Tutorat;10;Effectif supérieur à la capacité de la salle dans EXP_SALLE : donnée à vérifier (capacité obsolète ou effectif cumulé). La séance est conservée telle quelle.
effectif EFFCALCU supérieur à la capacité de la salle;Salle de cours 007 (BA1-00) · XXX- Révisions partagées;6;Effectif supérieur à la capacité de la salle dans EXP_SALLE : donnée à vérifier (capacité obsolète ou effectif cumulé). La séance est conservée telle quelle.
effectif EFFCALCU supérieur à la capacité de la salle;Salle de cours 008 (BA1-00) · Traitements Stat;2;Effectif supérieur à la capacité de la salle dans EXP_SALLE : donnée à vérifier (capacité obsolète ou effectif cumulé). La séance est conservée telle quelle.
effectif EFFCALCU supérieur à la capacité de la salle;Salle de cours 008 (BA1-00) · Tutorat;7;Effectif supérieur à la capacité de la salle dans EXP_SALLE : donnée à vérifier (capacité obsolète ou effectif cumulé). La séance est conservée telle quelle.
effectif EFFCALCU supérieur à la capacité de la salle;Salle de cours 008 (BA1-00) · XXX - Anglais L2;1;Effectif supérieur à la capacité de la salle dans EXP_SALLE : donnée à vérifier (capacité obsolète ou effectif cumulé). La séance est conservée telle quelle.
effectif EFFCALCU supérieur à la capacité de la salle;Salle de cours 008 (BA1-00) · XXX- Révisions partagées;4;Effectif supérieur à la capacité de la salle dans EXP_SALLE : donnée à vérifier (capacité obsolète ou effectif cumulé). La séance est conservée telle quelle.
effectif EFFCALCU supérieur à la capacité de la salle;Salle de cours 009 (BA1-00) · 3 Jeux basques adaptés;1;Effectif supérieur à la capacité de la salle dans EXP_SALLE : donnée à vérifier (capacité obsolète ou effectif cumulé). La séance est conservée telle quelle.
effectif EFFCALCU supérieur à la capacité de la salle;Salle de cours 009 (BA1-00) · Physique-Chimie pour Bio;1;Effectif supérieur à la capacité de la salle dans EXP_SALLE : donnée à vérifier (capacité obsolète ou effectif cumulé). La séance est conservée telle quelle.
effectif EFFCALCU supérieur à la capacité de la salle;Salle de cours 009 (BA1-00) · Tutorat;4;Effectif supérieur à la capacité de la salle dans EXP_SALLE : donnée à vérifier (capacité obsolète ou effectif cumulé). La séance est conservée telle quelle.
effectif EFFCALCU supérieur à la capacité de la salle;Salle de cours 009 (BA1-00) · XXX- Révisions partagées;4;Effectif supérieur à la capacité de la salle dans EXP_SALLE : donnée à vérifier (capacité obsolète ou effectif cumulé). La séance est conservée telle quelle.
effectif EFFCALCU supérieur à la capacité de la salle;Salle de cours 009 (BA1-00) · XXX-Tutorat Space;2;Effectif supérieur à la capacité de la salle dans EXP_SALLE : donnée à vérifier (capacité obsolète ou effectif cumulé). La séance est conservée telle quelle.
effectif EFFCALCU supérieur à la capacité de la salle;Salle de cours 01 (STAP-00) · 1 Athlétisme;1;Effectif supérieur à la capacité de la salle dans EXP_SALLE : donnée à vérifier (capacité obsolète ou effectif cumulé). La séance est conservée telle quelle.
effectif EFFCALCU supérieur à la capacité de la salle;Salle de cours 01 (STAP-00) · Anglais L2 STAPS;2;Effectif supérieur à la capacité de la salle dans EXP_SALLE : donnée à vérifier (capacité obsolète ou effectif cumulé). La séance est conservée telle quelle.
effectif EFFCALCU supérieur à la capacité de la salle;Salle de cours 01 (STAP-00) · Anglais L3 STAPS;2;Effectif supérieur à la capacité de la salle dans EXP_SALLE : donnée à vérifier (capacité obsolète ou effectif cumulé). La séance est conservée telle quelle.
effectif EFFCALCU supérieur à la capacité de la salle;Salle de cours 01 (STAP-00) · Anglais MEEF S8 EPS;2;Effectif supérieur à la capacité de la salle dans EXP_SALLE : donnée à vérifier (capacité obsolète ou effectif cumulé). La séance est conservée telle quelle.
effectif EFFCALCU supérieur à la capacité de la salle;Salle de cours 01 (STAP-00) · Restitution visite Cap Ecol;1;Effectif supérieur à la capacité de la salle dans EXP_SALLE : donnée à vérifier (capacité obsolète ou effectif cumulé). La séance est conservée telle quelle.
effectif EFFCALCU supérieur à la capacité de la salle;Salle de cours 01 (STAP-00) · Séminaire Elyse Ritchey;1;Effectif supérieur à la capacité de la salle dans EXP_SALLE : donnée à vérifier (capacité obsolète ou effectif cumulé). La séance est conservée telle quelle.
effectif EFFCALCU supérieur à la capacité de la salle;Salle de cours 01 (STAP-00) · XXX-Anglais L1 STAPS;2;Effectif supérieur à la capacité de la salle dans EXP_SALLE : donnée à vérifier (capacité obsolète ou effectif cumulé). La séance est conservée telle quelle.
effectif EFFCALCU supérieur à la capacité de la salle;Salle de cours 02 (STAP-00) · Anglais L2 STAPS;2;Effectif supérieur à la capacité de la salle dans EXP_SALLE : donnée à vérifier (capacité obsolète ou effectif cumulé). La séance est conservée telle quelle.
effectif EFFCALCU supérieur à la capacité de la salle;Salle de cours 02 (STAP-00) · Anglais MEEF S7 EPS;1;Effectif supérieur à la capacité de la salle dans EXP_SALLE : donnée à vérifier (capacité obsolète ou effectif cumulé). La séance est conservée telle quelle.
effectif EFFCALCU supérieur à la capacité de la salle;Salle de cours 02 (STAP-00) · Espagnol MEEF S8 EPS;5;Effectif supérieur à la capacité de la salle dans EXP_SALLE : donnée à vérifier (capacité obsolète ou effectif cumulé). La séance est conservée telle quelle.
effectif EFFCALCU supérieur à la capacité de la salle;Salle de cours 02 (STAP-00) · Format à et par la recher;1;Effectif supérieur à la capacité de la salle dans EXP_SALLE : donnée à vérifier (capacité obsolète ou effectif cumulé). La séance est conservée telle quelle.
effectif EFFCALCU supérieur à la capacité de la salle;Salle de cours 02 (STAP-00) · XXX-Anglais L1 STAPS;1;Effectif supérieur à la capacité de la salle dans EXP_SALLE : donnée à vérifier (capacité obsolète ou effectif cumulé). La séance est conservée telle quelle.
effectif EFFCALCU supérieur à la capacité de la salle;Salle de cours 03 (STAP-00) · 1 Histoire;2;Effectif supérieur à la capacité de la salle dans EXP_SALLE : donnée à vérifier (capacité obsolète ou effectif cumulé). La séance est conservée telle quelle.
effectif EFFCALCU supérieur à la capacité de la salle;Salle de cours 03 (STAP-00) · 1 Labo d'analyse APSA;2;Effectif supérieur à la capacité de la salle dans EXP_SALLE : donnée à vérifier (capacité obsolète ou effectif cumulé). La séance est conservée telle quelle.
effectif EFFCALCU supérieur à la capacité de la salle;Salle de cours 03 (STAP-00) · 1 Nutrition;2;Effectif supérieur à la capacité de la salle dans EXP_SALLE : donnée à vérifier (capacité obsolète ou effectif cumulé). La séance est conservée telle quelle.
effectif EFFCALCU supérieur à la capacité de la salle;Salle de cours 03 (STAP-00) · 1 Sciences intervention;3;Effectif supérieur à la capacité de la salle dans EXP_SALLE : donnée à vérifier (capacité obsolète ou effectif cumulé). La séance est conservée telle quelle.
effectif EFFCALCU supérieur à la capacité de la salle;Salle de cours 03 (STAP-00) · 1 Stage;3;Effectif supérieur à la capacité de la salle dans EXP_SALLE : donnée à vérifier (capacité obsolète ou effectif cumulé). La séance est conservée telle quelle.
effectif EFFCALCU supérieur à la capacité de la salle;Salle de cours 03 (STAP-00) · 2 Didactique des APSA 2;2;Effectif supérieur à la capacité de la salle dans EXP_SALLE : donnée à vérifier (capacité obsolète ou effectif cumulé). La séance est conservée telle quelle.
effectif EFFCALCU supérieur à la capacité de la salle;Salle de cours 03 (STAP-00) · Anglais L2 STAPS;1;Effectif supérieur à la capacité de la salle dans EXP_SALLE : donnée à vérifier (capacité obsolète ou effectif cumulé). La séance est conservée telle quelle.
effectif EFFCALCU supérieur à la capacité de la salle;Salle de cours 03 (STAP-00) · Anglais MEEF S7 EPS;1;Effectif supérieur à la capacité de la salle dans EXP_SALLE : donnée à vérifier (capacité obsolète ou effectif cumulé). La séance est conservée telle quelle.
effectif EFFCALCU supérieur à la capacité de la salle;Salle de cours 03 (STAP-00) · Conférence;1;Effectif supérieur à la capacité de la salle dans EXP_SALLE : donnée à vérifier (capacité obsolète ou effectif cumulé). La séance est conservée telle quelle.
effectif EFFCALCU supérieur à la capacité de la salle;Salle de cours 03 (STAP-00) · Didactique des APSA;1;Effectif supérieur à la capacité de la salle dans EXP_SALLE : donnée à vérifier (capacité obsolète ou effectif cumulé). La séance est conservée telle quelle.
effectif EFFCALCU supérieur à la capacité de la salle;Salle de cours 03 (STAP-00) · Format à et par la recher;2;Effectif supérieur à la capacité de la salle dans EXP_SALLE : donnée à vérifier (capacité obsolète ou effectif cumulé). La séance est conservée telle quelle.
effectif EFFCALCU supérieur à la capacité de la salle;Salle de cours 03 (STAP-00) · Séminaire Elyse Ritchey;1;Effectif supérieur à la capacité de la salle dans EXP_SALLE : donnée à vérifier (capacité obsolète ou effectif cumulé). La séance est conservée telle quelle.
effectif EFFCALCU supérieur à la capacité de la salle;Salle de cours 03 (STAP-00) · XXX-Anglais L1 STAPS;2;Effectif supérieur à la capacité de la salle dans EXP_SALLE : donnée à vérifier (capacité obsolète ou effectif cumulé). La séance est conservée telle quelle.
effectif EFFCALCU supérieur à la capacité de la salle;Salle de cours 04 (STAP-00) · 1 Histoire;2;Effectif supérieur à la capacité de la salle dans EXP_SALLE : donnée à vérifier (capacité obsolète ou effectif cumulé). La séance est conservée telle quelle.
effectif EFFCALCU supérieur à la capacité de la salle;Salle de cours 04 (STAP-00) · 1 Labo d'analyse APSA;2;Effectif supérieur à la capacité de la salle dans EXP_SALLE : donnée à vérifier (capacité obsolète ou effectif cumulé). La séance est conservée telle quelle.
effectif EFFCALCU supérieur à la capacité de la salle;Salle de cours 04 (STAP-00) · 1 Nutrition;2;Effectif supérieur à la capacité de la salle dans EXP_SALLE : donnée à vérifier (capacité obsolète ou effectif cumulé). La séance est conservée telle quelle.
effectif EFFCALCU supérieur à la capacité de la salle;Salle de cours 04 (STAP-00) · 1 Sciences intervention;3;Effectif supérieur à la capacité de la salle dans EXP_SALLE : donnée à vérifier (capacité obsolète ou effectif cumulé). La séance est conservée telle quelle.
effectif EFFCALCU supérieur à la capacité de la salle;Salle de cours 04 (STAP-00) · 1 Stage;3;Effectif supérieur à la capacité de la salle dans EXP_SALLE : donnée à vérifier (capacité obsolète ou effectif cumulé). La séance est conservée telle quelle.
effectif EFFCALCU supérieur à la capacité de la salle;Salle de cours 04 (STAP-00) · 2 Didactique des APSA 2;2;Effectif supérieur à la capacité de la salle dans EXP_SALLE : donnée à vérifier (capacité obsolète ou effectif cumulé). La séance est conservée telle quelle.
effectif EFFCALCU supérieur à la capacité de la salle;Salle de cours 04 (STAP-00) · Anglais L2 STAPS;1;Effectif supérieur à la capacité de la salle dans EXP_SALLE : donnée à vérifier (capacité obsolète ou effectif cumulé). La séance est conservée telle quelle.
effectif EFFCALCU supérieur à la capacité de la salle;Salle de cours 04 (STAP-00) · Conférence;1;Effectif supérieur à la capacité de la salle dans EXP_SALLE : donnée à vérifier (capacité obsolète ou effectif cumulé). La séance est conservée telle quelle.
effectif EFFCALCU supérieur à la capacité de la salle;Salle de cours 04 (STAP-00) · Didactique des APSA;1;Effectif supérieur à la capacité de la salle dans EXP_SALLE : donnée à vérifier (capacité obsolète ou effectif cumulé). La séance est conservée telle quelle.
effectif EFFCALCU supérieur à la capacité de la salle;Salle de cours 04 (STAP-00) · Séminaire Elyse Ritchey;1;Effectif supérieur à la capacité de la salle dans EXP_SALLE : donnée à vérifier (capacité obsolète ou effectif cumulé). La séance est conservée telle quelle.
effectif EFFCALCU supérieur à la capacité de la salle;Salle de cours 04 (STAP-00) · XXX-Anglais L1 STAPS;2;Effectif supérieur à la capacité de la salle dans EXP_SALLE : donnée à vérifier (capacité obsolète ou effectif cumulé). La séance est conservée telle quelle.
effectif EFFCALCU supérieur à la capacité de la salle;Salle de cours 05 (STAP-00) · Anglais MEEF S7 EPS;4;Effectif supérieur à la capacité de la salle dans EXP_SALLE : donnée à vérifier (capacité obsolète ou effectif cumulé). La séance est conservée telle quelle.
effectif EFFCALCU supérieur à la capacité de la salle;Salle de cours 05 (STAP-00) · Espagnol MEEF S7 EPS;6;Effectif supérieur à la capacité de la salle dans EXP_SALLE : donnée à vérifier (capacité obsolète ou effectif cumulé). La séance est conservée telle quelle.
effectif EFFCALCU supérieur à la capacité de la salle;Salle de cours 05 (STAP-00) · Espagnol MEEF S8 EPS;1;Effectif supérieur à la capacité de la salle dans EXP_SALLE : donnée à vérifier (capacité obsolète ou effectif cumulé). La séance est conservée telle quelle.
effectif EFFCALCU supérieur à la capacité de la salle;Salle de cours 05 (STAP-00) · Format à et par la recher;1;Effectif supérieur à la capacité de la salle dans EXP_SALLE : donnée à vérifier (capacité obsolète ou effectif cumulé). La séance est conservée telle quelle.
effectif EFFCALCU supérieur à la capacité de la salle;Salle de cours 05 (STAP-00) · Séminaire Elyse Ritchey;1;Effectif supérieur à la capacité de la salle dans EXP_SALLE : donnée à vérifier (capacité obsolète ou effectif cumulé). La séance est conservée telle quelle.
effectif EFFCALCU supérieur à la capacité de la salle;Salle de cours 05 (STAP-00) · XXX-ANGLAIS MASTER 2 EPPM;1;Effectif supérieur à la capacité de la salle dans EXP_SALLE : donnée à vérifier (capacité obsolète ou effectif cumulé). La séance est conservée telle quelle.
effectif EFFCALCU supérieur à la capacité de la salle;Salle de cours 05 (STAP-00) · XXX-Anglais L1 STAPS;1;Effectif supérieur à la capacité de la salle dans EXP_SALLE : donnée à vérifier (capacité obsolète ou effectif cumulé). La séance est conservée telle quelle.
effectif EFFCALCU supérieur à la capacité de la salle;Salle de cours 06 (STAP-00) · Format à et par la recher;1;Effectif supérieur à la capacité de la salle dans EXP_SALLE : donnée à vérifier (capacité obsolète ou effectif cumulé). La séance est conservée telle quelle.
effectif EFFCALCU supérieur à la capacité de la salle;Salle de cours 06 (STAP-00) · XXX-Anglais L1 STAPS;1;Effectif supérieur à la capacité de la salle dans EXP_SALLE : donnée à vérifier (capacité obsolète ou effectif cumulé). La séance est conservée telle quelle.
effectif EFFCALCU supérieur à la capacité de la salle;Salle de cours 10 (LET-00) · 1 Littérature française 1;1;Effectif supérieur à la capacité de la salle dans EXP_SALLE : donnée à vérifier (capacité obsolète ou effectif cumulé). La séance est conservée telle quelle.
effectif EFFCALCU supérieur à la capacité de la salle;Salle de cours 10 (LET-00) · 9 - Hist lit cult art 6;1;Effectif supérieur à la capacité de la salle dans EXP_SALLE : donnée à vérifier (capacité obsolète ou effectif cumulé). La séance est conservée telle quelle.
effectif EFFCALCU supérieur à la capacité de la salle;Salle de cours 10 (LET-00) · Anglais L1 DEG S2;7;Effectif supérieur à la capacité de la salle dans EXP_SALLE : donnée à vérifier (capacité obsolète ou effectif cumulé). La séance est conservée telle quelle.
effectif EFFCALCU supérieur à la capacité de la salle;Salle de cours 10 (LET-00) · Art en Europe au XVe s;1;Effectif supérieur à la capacité de la salle dans EXP_SALLE : donnée à vérifier (capacité obsolète ou effectif cumulé). La séance est conservée telle quelle.
effectif EFFCALCU supérieur à la capacité de la salle;Salle de cours 10 (LET-00) · Contôle Continu;1;Effectif supérieur à la capacité de la salle dans EXP_SALLE : donnée à vérifier (capacité obsolète ou effectif cumulé). La séance est conservée telle quelle.
effectif EFFCALCU supérieur à la capacité de la salle;Salle de cours 10 (LET-00) · Objets et théories socio;1;Effectif supérieur à la capacité de la salle dans EXP_SALLE : donnée à vérifier (capacité obsolète ou effectif cumulé). La séance est conservée telle quelle.
effectif EFFCALCU supérieur à la capacité de la salle;Salle de cours 10 (LET-00) · XXX- TUTORAT HIST. ART;2;Effectif supérieur à la capacité de la salle dans EXP_SALLE : donnée à vérifier (capacité obsolète ou effectif cumulé). La séance est conservée telle quelle.
effectif EFFCALCU supérieur à la capacité de la salle;Salle de cours 10 (LET-00) · XXX-DS Ancienne L1 TD2;1;Effectif supérieur à la capacité de la salle dans EXP_SALLE : donnée à vérifier (capacité obsolète ou effectif cumulé). La séance est conservée telle quelle.
effectif EFFCALCU supérieur à la capacité de la salle;Salle de cours 101 (LET-00) · 1 Litté française et fr 4;2;Effectif supérieur à la capacité de la salle dans EXP_SALLE : donnée à vérifier (capacité obsolète ou effectif cumulé). La séance est conservée telle quelle.
effectif EFFCALCU supérieur à la capacité de la salle;Salle de cours 101 (LET-00) · 18 - Ges proj cult 2;1;Effectif supérieur à la capacité de la salle dans EXP_SALLE : donnée à vérifier (capacité obsolète ou effectif cumulé). La séance est conservée telle quelle.
effectif EFFCALCU supérieur à la capacité de la salle;Salle de cours 101 (LET-00) · 2 Repères chrono 2;1;Effectif supérieur à la capacité de la salle dans EXP_SALLE : donnée à vérifier (capacité obsolète ou effectif cumulé). La séance est conservée telle quelle.
effectif EFFCALCU supérieur à la capacité de la salle;Salle de cours 101 (LET-00) · Anglais L1 LLSH S1;24;Effectif supérieur à la capacité de la salle dans EXP_SALLE : donnée à vérifier (capacité obsolète ou effectif cumulé). La séance est conservée telle quelle.
effectif EFFCALCU supérieur à la capacité de la salle;Salle de cours 101 (LET-00) · Anglais L1 LLSH S2;17;Effectif supérieur à la capacité de la salle dans EXP_SALLE : donnée à vérifier (capacité obsolète ou effectif cumulé). La séance est conservée telle quelle.
effectif EFFCALCU supérieur à la capacité de la salle;Salle de cours 101 (LET-00) · Anglais L2 LLSH S4;3;Effectif supérieur à la capacité de la salle dans EXP_SALLE : donnée à vérifier (capacité obsolète ou effectif cumulé). La séance est conservée telle quelle.
effectif EFFCALCU supérieur à la capacité de la salle;Salle de cours 101 (LET-00) · Géographie & aménagement;1;Effectif supérieur à la capacité de la salle dans EXP_SALLE : donnée à vérifier (capacité obsolète ou effectif cumulé). La séance est conservée telle quelle.
effectif EFFCALCU supérieur à la capacité de la salle;Salle de cours 101 (LET-00) · Restitution copies examens;1;Effectif supérieur à la capacité de la salle dans EXP_SALLE : donnée à vérifier (capacité obsolète ou effectif cumulé). La séance est conservée telle quelle.
effectif EFFCALCU supérieur à la capacité de la salle;Salle de cours 101 (LET-00) · UE13EC1 Edit & trans manuscrit;3;Effectif supérieur à la capacité de la salle dans EXP_SALLE : donnée à vérifier (capacité obsolète ou effectif cumulé). La séance est conservée telle quelle.
effectif EFFCALCU supérieur à la capacité de la salle;Salle de cours 101 (LET-00) · UE7 EC2 Littté et musique;2;Effectif supérieur à la capacité de la salle dans EXP_SALLE : donnée à vérifier (capacité obsolète ou effectif cumulé). La séance est conservée telle quelle.
effectif EFFCALCU supérieur à la capacité de la salle;Salle de cours 101 (LET-00) · Vers esp S4;1;Effectif supérieur à la capacité de la salle dans EXP_SALLE : donnée à vérifier (capacité obsolète ou effectif cumulé). La séance est conservée telle quelle.
effectif EFFCALCU supérieur à la capacité de la salle;Salle de cours 101 (LET-00) · XXX- Tutorat;3;Effectif supérieur à la capacité de la salle dans EXP_SALLE : donnée à vérifier (capacité obsolète ou effectif cumulé). La séance est conservée telle quelle.
effectif EFFCALCU supérieur à la capacité de la salle;Salle de cours 105 (LET-00) · 1 Littérature française 2;1;Effectif supérieur à la capacité de la salle dans EXP_SALLE : donnée à vérifier (capacité obsolète ou effectif cumulé). La séance est conservée telle quelle.
effectif EFFCALCU supérieur à la capacité de la salle;Salle de cours 107 (LET-00) · Contôle Continu;1;Effectif supérieur à la capacité de la salle dans EXP_SALLE : donnée à vérifier (capacité obsolète ou effectif cumulé). La séance est conservée telle quelle.
effectif EFFCALCU supérieur à la capacité de la salle;Salle de cours 107 (LET-00) · Histoire sociologie;1;Effectif supérieur à la capacité de la salle dans EXP_SALLE : donnée à vérifier (capacité obsolète ou effectif cumulé). La séance est conservée telle quelle.
effectif EFFCALCU supérieur à la capacité de la salle;Salle de cours 107 (LET-00) · Intro géo TD;5;Effectif supérieur à la capacité de la salle dans EXP_SALLE : donnée à vérifier (capacité obsolète ou effectif cumulé). La séance est conservée telle quelle.
effectif EFFCALCU supérieur à la capacité de la salle;Salle de cours 107 (LET-00) · Réunion Rentrée Master Lilac;1;Effectif supérieur à la capacité de la salle dans EXP_SALLE : donnée à vérifier (capacité obsolète ou effectif cumulé). La séance est conservée telle quelle.
effectif EFFCALCU supérieur à la capacité de la salle;Salle de cours 107 (LET-00) · XXX- Tutorat;1;Effectif supérieur à la capacité de la salle dans EXP_SALLE : donnée à vérifier (capacité obsolète ou effectif cumulé). La séance est conservée telle quelle.
effectif EFFCALCU supérieur à la capacité de la salle;Salle de cours 107 (LET-00) · réunions LEA;2;Effectif supérieur à la capacité de la salle dans EXP_SALLE : donnée à vérifier (capacité obsolète ou effectif cumulé). La séance est conservée telle quelle.
effectif EFFCALCU supérieur à la capacité de la salle;Salle de cours 108 (LET-00) · 1 Litté française et fr 4;2;Effectif supérieur à la capacité de la salle dans EXP_SALLE : donnée à vérifier (capacité obsolète ou effectif cumulé). La séance est conservée telle quelle.
effectif EFFCALCU supérieur à la capacité de la salle;Salle de cours 108 (LET-00) · 1 Littérature française 2;1;Effectif supérieur à la capacité de la salle dans EXP_SALLE : donnée à vérifier (capacité obsolète ou effectif cumulé). La séance est conservée telle quelle.
effectif EFFCALCU supérieur à la capacité de la salle;Salle de cours 108 (LET-00) · 1 Recherches numériques;7;Effectif supérieur à la capacité de la salle dans EXP_SALLE : donnée à vérifier (capacité obsolète ou effectif cumulé). La séance est conservée telle quelle.
effectif EFFCALCU supérieur à la capacité de la salle;Salle de cours 108 (LET-00) · 2 Arts;1;Effectif supérieur à la capacité de la salle dans EXP_SALLE : donnée à vérifier (capacité obsolète ou effectif cumulé). La séance est conservée telle quelle.
effectif EFFCALCU supérieur à la capacité de la salle;Salle de cours 108 (LET-00) · APP;1;Effectif supérieur à la capacité de la salle dans EXP_SALLE : donnée à vérifier (capacité obsolète ou effectif cumulé). La séance est conservée telle quelle.
effectif EFFCALCU supérieur à la capacité de la salle;Salle de cours 108 (LET-00) · Anglais L1 DEG S2;5;Effectif supérieur à la capacité de la salle dans EXP_SALLE : donnée à vérifier (capacité obsolète ou effectif cumulé). La séance est conservée telle quelle.
effectif EFFCALCU supérieur à la capacité de la salle;Salle de cours 108 (LET-00) · Conférence Rebillard;1;Effectif supérieur à la capacité de la salle dans EXP_SALLE : donnée à vérifier (capacité obsolète ou effectif cumulé). La séance est conservée telle quelle.
effectif EFFCALCU supérieur à la capacité de la salle;Salle de cours 108 (LET-00) · Espagnol L1 LLSH S2;10;Effectif supérieur à la capacité de la salle dans EXP_SALLE : donnée à vérifier (capacité obsolète ou effectif cumulé). La séance est conservée telle quelle.
effectif EFFCALCU supérieur à la capacité de la salle;Salle de cours 108 (LET-00) · Géographie & aménagement;1;Effectif supérieur à la capacité de la salle dans EXP_SALLE : donnée à vérifier (capacité obsolète ou effectif cumulé). La séance est conservée telle quelle.
effectif EFFCALCU supérieur à la capacité de la salle;Salle de cours 108 (LET-00) · Histoire contemporaine;1;Effectif supérieur à la capacité de la salle dans EXP_SALLE : donnée à vérifier (capacité obsolète ou effectif cumulé). La séance est conservée telle quelle.
effectif EFFCALCU supérieur à la capacité de la salle;Salle de cours 108 (LET-00) · Histoire sociologie;1;Effectif supérieur à la capacité de la salle dans EXP_SALLE : donnée à vérifier (capacité obsolète ou effectif cumulé). La séance est conservée telle quelle.
effectif EFFCALCU supérieur à la capacité de la salle;Salle de cours 108 (LET-00) · Linguistique S2;1;Effectif supérieur à la capacité de la salle dans EXP_SALLE : donnée à vérifier (capacité obsolète ou effectif cumulé). La séance est conservée telle quelle.
effectif EFFCALCU supérieur à la capacité de la salle;Salle de cours 108 (LET-00) · PEP'S 1;2;Effectif supérieur à la capacité de la salle dans EXP_SALLE : donnée à vérifier (capacité obsolète ou effectif cumulé). La séance est conservée telle quelle.
effectif EFFCALCU supérieur à la capacité de la salle;Salle de cours 108 (LET-00) · Sources iconographiques;1;Effectif supérieur à la capacité de la salle dans EXP_SALLE : donnée à vérifier (capacité obsolète ou effectif cumulé). La séance est conservée telle quelle.
effectif EFFCALCU supérieur à la capacité de la salle;Salle de cours 109 (BA1-01) · Analyse de données ST;21;Effectif supérieur à la capacité de la salle dans EXP_SALLE : donnée à vérifier (capacité obsolète ou effectif cumulé). La séance est conservée telle quelle.
effectif EFFCALCU supérieur à la capacité de la salle;Salle de cours 109 (BA1-01) · Bioindication des MC;16;Effectif supérieur à la capacité de la salle dans EXP_SALLE : donnée à vérifier (capacité obsolète ou effectif cumulé). La séance est conservée telle quelle.
effectif EFFCALCU supérieur à la capacité de la salle;Salle de cours 109 (BA1-01) · Bioindication m. côtiers;4;Effectif supérieur à la capacité de la salle dans EXP_SALLE : donnée à vérifier (capacité obsolète ou effectif cumulé). La séance est conservée telle quelle.
effectif EFFCALCU supérieur à la capacité de la salle;Salle de cours 109 (BA1-01) · Ecologie évolutive;14;Effectif supérieur à la capacité de la salle dans EXP_SALLE : donnée à vérifier (capacité obsolète ou effectif cumulé). La séance est conservée telle quelle.
effectif EFFCALCU supérieur à la capacité de la salle;Salle de cours 109 (BA1-01) · Gestion de projet;1;Effectif supérieur à la capacité de la salle dans EXP_SALLE : donnée à vérifier (capacité obsolète ou effectif cumulé). La séance est conservée telle quelle.
effectif EFFCALCU supérieur à la capacité de la salle;Salle de cours 109 (BA1-01) · Gouvernance de l'eau;1;Effectif supérieur à la capacité de la salle dans EXP_SALLE : donnée à vérifier (capacité obsolète ou effectif cumulé). La séance est conservée telle quelle.
effectif EFFCALCU supérieur à la capacité de la salle;Salle de cours 109 (BA1-01) · Matière à préciser;1;Effectif supérieur à la capacité de la salle dans EXP_SALLE : donnée à vérifier (capacité obsolète ou effectif cumulé). La séance est conservée telle quelle.
effectif EFFCALCU supérieur à la capacité de la salle;Salle de cours 109 (BA1-01) · Outils réglementaires;5;Effectif supérieur à la capacité de la salle dans EXP_SALLE : donnée à vérifier (capacité obsolète ou effectif cumulé). La séance est conservée telle quelle.
effectif EFFCALCU supérieur à la capacité de la salle;Salle de cours 109 (BA1-01) · Réunion de rentrée;1;Effectif supérieur à la capacité de la salle dans EXP_SALLE : donnée à vérifier (capacité obsolète ou effectif cumulé). La séance est conservée telle quelle.
effectif EFFCALCU supérieur à la capacité de la salle;Salle de cours 109 (BA1-01) · Stratégie Echantillonnage;29;Effectif supérieur à la capacité de la salle dans EXP_SALLE : donnée à vérifier (capacité obsolète ou effectif cumulé). La séance est conservée telle quelle.
effectif EFFCALCU supérieur à la capacité de la salle;Salle de cours 109 (BA1-01) · Tutorat;9;Effectif supérieur à la capacité de la salle dans EXP_SALLE : donnée à vérifier (capacité obsolète ou effectif cumulé). La séance est conservée telle quelle.
effectif EFFCALCU supérieur à la capacité de la salle;Salle de cours 109 (BA1-01) · XXX - Révisions;2;Effectif supérieur à la capacité de la salle dans EXP_SALLE : donnée à vérifier (capacité obsolète ou effectif cumulé). La séance est conservée telle quelle.
effectif EFFCALCU supérieur à la capacité de la salle;Salle de cours 109 (BA1-01) · XXX réunion;1;Effectif supérieur à la capacité de la salle dans EXP_SALLE : donnée à vérifier (capacité obsolète ou effectif cumulé). La séance est conservée telle quelle.
effectif EFFCALCU supérieur à la capacité de la salle;Salle de cours 109 (BA1-01) · XXX-Réunion bilan M2;1;Effectif supérieur à la capacité de la salle dans EXP_SALLE : donnée à vérifier (capacité obsolète ou effectif cumulé). La séance est conservée telle quelle.
effectif EFFCALCU supérieur à la capacité de la salle;Salle de cours 109 (LET-00) · Anglais L1 DEG S2;1;Effectif supérieur à la capacité de la salle dans EXP_SALLE : donnée à vérifier (capacité obsolète ou effectif cumulé). La séance est conservée telle quelle.
effectif EFFCALCU supérieur à la capacité de la salle;Salle de cours 109 (LET-00) · Anglais L2 LLSH S3;39;Effectif supérieur à la capacité de la salle dans EXP_SALLE : donnée à vérifier (capacité obsolète ou effectif cumulé). La séance est conservée telle quelle.
effectif EFFCALCU supérieur à la capacité de la salle;Salle de cours 109 (LET-00) · Art en Europe au XVe s;1;Effectif supérieur à la capacité de la salle dans EXP_SALLE : donnée à vérifier (capacité obsolète ou effectif cumulé). La séance est conservée telle quelle.
effectif EFFCALCU supérieur à la capacité de la salle;Salle de cours 109 (LET-00) · Espagnol L1 DEG S1;1;Effectif supérieur à la capacité de la salle dans EXP_SALLE : donnée à vérifier (capacité obsolète ou effectif cumulé). La séance est conservée telle quelle.
effectif EFFCALCU supérieur à la capacité de la salle;Salle de cours 109 (LET-00) · Histoire sociologie;1;Effectif supérieur à la capacité de la salle dans EXP_SALLE : donnée à vérifier (capacité obsolète ou effectif cumulé). La séance est conservée telle quelle.
effectif EFFCALCU supérieur à la capacité de la salle;Salle de cours 109 (LET-00) · Intro Sociologie S1;1;Effectif supérieur à la capacité de la salle dans EXP_SALLE : donnée à vérifier (capacité obsolète ou effectif cumulé). La séance est conservée telle quelle.
effectif EFFCALCU supérieur à la capacité de la salle;Salle de cours 109 (LET-00) · Mondes modernes;2;Effectif supérieur à la capacité de la salle dans EXP_SALLE : donnée à vérifier (capacité obsolète ou effectif cumulé). La séance est conservée telle quelle.
effectif EFFCALCU supérieur à la capacité de la salle;Salle de cours 109 (LET-00) · Objets & théories socio;7;Effectif supérieur à la capacité de la salle dans EXP_SALLE : donnée à vérifier (capacité obsolète ou effectif cumulé). La séance est conservée telle quelle.
effectif EFFCALCU supérieur à la capacité de la salle;Salle de cours 109 (LET-00) · Socio mouvements sociaux;1;Effectif supérieur à la capacité de la salle dans EXP_SALLE : donnée à vérifier (capacité obsolète ou effectif cumulé). La séance est conservée telle quelle.
effectif EFFCALCU supérieur à la capacité de la salle;Salle de cours 109 (LET-00) · XXX- Tutorat;1;Effectif supérieur à la capacité de la salle dans EXP_SALLE : donnée à vérifier (capacité obsolète ou effectif cumulé). La séance est conservée telle quelle.
effectif EFFCALCU supérieur à la capacité de la salle;Salle de cours 11 (LET-00) · Analyse de textes socio;27;Effectif supérieur à la capacité de la salle dans EXP_SALLE : donnée à vérifier (capacité obsolète ou effectif cumulé). La séance est conservée telle quelle.
effectif EFFCALCU supérieur à la capacité de la salle;Salle de cours 11 (LET-00) · Capacités rédactionnelles;3;Effectif supérieur à la capacité de la salle dans EXP_SALLE : donnée à vérifier (capacité obsolète ou effectif cumulé). La séance est conservée telle quelle.
effectif EFFCALCU supérieur à la capacité de la salle;Salle de cours 11 (LET-00) · Devoir Civilisation US;1;Effectif supérieur à la capacité de la salle dans EXP_SALLE : donnée à vérifier (capacité obsolète ou effectif cumulé). La séance est conservée telle quelle.
effectif EFFCALCU supérieur à la capacité de la salle;Salle de cours 11 (LET-00) · Histoire de l'art S1;1;Effectif supérieur à la capacité de la salle dans EXP_SALLE : donnée à vérifier (capacité obsolète ou effectif cumulé). La séance est conservée telle quelle.
effectif EFFCALCU supérieur à la capacité de la salle;Salle de cours 11 (LET-00) · Informations et médias;17;Effectif supérieur à la capacité de la salle dans EXP_SALLE : donnée à vérifier (capacité obsolète ou effectif cumulé). La séance est conservée telle quelle.
effectif EFFCALCU supérieur à la capacité de la salle;Salle de cours 11 (LET-00) · Intro Sociologie S1;9;Effectif supérieur à la capacité de la salle dans EXP_SALLE : donnée à vérifier (capacité obsolète ou effectif cumulé). La séance est conservée telle quelle.
effectif EFFCALCU supérieur à la capacité de la salle;Salle de cours 110 (LET-00) · 1 Litté française et fr 4;4;Effectif supérieur à la capacité de la salle dans EXP_SALLE : donnée à vérifier (capacité obsolète ou effectif cumulé). La séance est conservée telle quelle.
effectif EFFCALCU supérieur à la capacité de la salle;Salle de cours 110 (LET-00) · Capacités rédactionnelles;1;Effectif supérieur à la capacité de la salle dans EXP_SALLE : donnée à vérifier (capacité obsolète ou effectif cumulé). La séance est conservée telle quelle.
effectif EFFCALCU supérieur à la capacité de la salle;Salle de cours 110 (LET-00) · Histoire médiévale;2;Effectif supérieur à la capacité de la salle dans EXP_SALLE : donnée à vérifier (capacité obsolète ou effectif cumulé). La séance est conservée telle quelle.
effectif EFFCALCU supérieur à la capacité de la salle;Salle de cours 110 (LET-00) · Réservation de salles;2;Effectif supérieur à la capacité de la salle dans EXP_SALLE : donnée à vérifier (capacité obsolète ou effectif cumulé). La séance est conservée telle quelle.
effectif EFFCALCU supérieur à la capacité de la salle;Salle de cours 110 (LET-00) · XXX- TUTORAT HIST. ART;1;Effectif supérieur à la capacité de la salle dans EXP_SALLE : donnée à vérifier (capacité obsolète ou effectif cumulé). La séance est conservée telle quelle.
effectif EFFCALCU supérieur à la capacité de la salle;Salle de cours 113 (LET-00) · Anglais L1 DEG S2;2;Effectif supérieur à la capacité de la salle dans EXP_SALLE : donnée à vérifier (capacité obsolète ou effectif cumulé). La séance est conservée telle quelle.
effectif EFFCALCU supérieur à la capacité de la salle;Salle de cours 113 (LET-00) · Anglais L1 LLSH S1;3;Effectif supérieur à la capacité de la salle dans EXP_SALLE : donnée à vérifier (capacité obsolète ou effectif cumulé). La séance est conservée telle quelle.
effectif EFFCALCU supérieur à la capacité de la salle;Salle de cours 113 (LET-00) · Anglais L1 LLSH S2;20;Effectif supérieur à la capacité de la salle dans EXP_SALLE : donnée à vérifier (capacité obsolète ou effectif cumulé). La séance est conservée telle quelle.
effectif EFFCALCU supérieur à la capacité de la salle;Salle de cours 113 (LET-00) · Histoire contemporaine;1;Effectif supérieur à la capacité de la salle dans EXP_SALLE : donnée à vérifier (capacité obsolète ou effectif cumulé). La séance est conservée telle quelle.
effectif EFFCALCU supérieur à la capacité de la salle;Salle de cours 113 (LET-00) · Histoire sociologie;2;Effectif supérieur à la capacité de la salle dans EXP_SALLE : donnée à vérifier (capacité obsolète ou effectif cumulé). La séance est conservée telle quelle.
effectif EFFCALCU supérieur à la capacité de la salle;Salle de cours 113 (LET-00) · Intro Sociologie S1;1;Effectif supérieur à la capacité de la salle dans EXP_SALLE : donnée à vérifier (capacité obsolète ou effectif cumulé). La séance est conservée telle quelle.
effectif EFFCALCU supérieur à la capacité de la salle;Salle de cours 113 (LET-00) · Vers esp S4;1;Effectif supérieur à la capacité de la salle dans EXP_SALLE : donnée à vérifier (capacité obsolète ou effectif cumulé). La séance est conservée telle quelle.
effectif EFFCALCU supérieur à la capacité de la salle;Salle de cours 113 (LET-00) · XXX-DS Ancienne L1 TD2;1;Effectif supérieur à la capacité de la salle dans EXP_SALLE : donnée à vérifier (capacité obsolète ou effectif cumulé). La séance est conservée telle quelle.
effectif EFFCALCU supérieur à la capacité de la salle;Salle de cours 114 (LET-00) · 1 Litté française et fr 4;4;Effectif supérieur à la capacité de la salle dans EXP_SALLE : donnée à vérifier (capacité obsolète ou effectif cumulé). La séance est conservée telle quelle.
effectif EFFCALCU supérieur à la capacité de la salle;Salle de cours 114 (LET-00) · Anglais L1 DEG S2;2;Effectif supérieur à la capacité de la salle dans EXP_SALLE : donnée à vérifier (capacité obsolète ou effectif cumulé). La séance est conservée telle quelle.
effectif EFFCALCU supérieur à la capacité de la salle;Salle de cours 114 (LET-00) · Anglais L3 DEG S6;11;Effectif supérieur à la capacité de la salle dans EXP_SALLE : donnée à vérifier (capacité obsolète ou effectif cumulé). La séance est conservée telle quelle.
effectif EFFCALCU supérieur à la capacité de la salle;Salle de cours 114 (LET-00) · Histoire contemporaine;2;Effectif supérieur à la capacité de la salle dans EXP_SALLE : donnée à vérifier (capacité obsolète ou effectif cumulé). La séance est conservée telle quelle.
effectif EFFCALCU supérieur à la capacité de la salle;Salle de cours 114 (LET-00) · Intro géo TD;4;Effectif supérieur à la capacité de la salle dans EXP_SALLE : donnée à vérifier (capacité obsolète ou effectif cumulé). La séance est conservée telle quelle.
effectif EFFCALCU supérieur à la capacité de la salle;Salle de cours 114 (LET-00) · Réunion L3 PPPE;1;Effectif supérieur à la capacité de la salle dans EXP_SALLE : donnée à vérifier (capacité obsolète ou effectif cumulé). La séance est conservée telle quelle.
effectif EFFCALCU supérieur à la capacité de la salle;Salle de cours 12 (LET-00) · Histoire ancienne;10;Effectif supérieur à la capacité de la salle dans EXP_SALLE : donnée à vérifier (capacité obsolète ou effectif cumulé). La séance est conservée telle quelle.
effectif EFFCALCU supérieur à la capacité de la salle;Salle de cours 12 (LET-00) · Histoire médiévale;11;Effectif supérieur à la capacité de la salle dans EXP_SALLE : donnée à vérifier (capacité obsolète ou effectif cumulé). La séance est conservée telle quelle.
effectif EFFCALCU supérieur à la capacité de la salle;Salle de cours 12 (LET-00) · Histoire sociologie;2;Effectif supérieur à la capacité de la salle dans EXP_SALLE : donnée à vérifier (capacité obsolète ou effectif cumulé). La séance est conservée telle quelle.
effectif EFFCALCU supérieur à la capacité de la salle;Salle de cours 12 (LET-00) · Intiat arch antiq médiéva;10;Effectif supérieur à la capacité de la salle dans EXP_SALLE : donnée à vérifier (capacité obsolète ou effectif cumulé). La séance est conservée telle quelle.
effectif EFFCALCU supérieur à la capacité de la salle;Salle de cours 12 (LET-00) · PEP'S 1;22;Effectif supérieur à la capacité de la salle dans EXP_SALLE : donnée à vérifier (capacité obsolète ou effectif cumulé). La séance est conservée telle quelle.
effectif EFFCALCU supérieur à la capacité de la salle;Salle de cours 12 (LET-00) · Sociologie de l'éducation;3;Effectif supérieur à la capacité de la salle dans EXP_SALLE : donnée à vérifier (capacité obsolète ou effectif cumulé). La séance est conservée telle quelle.
effectif EFFCALCU supérieur à la capacité de la salle;Salle de cours 120 (LET-00) · Anglais L1 DEG S2;1;Effectif supérieur à la capacité de la salle dans EXP_SALLE : donnée à vérifier (capacité obsolète ou effectif cumulé). La séance est conservée telle quelle.
effectif EFFCALCU supérieur à la capacité de la salle;Salle de cours 120 (LET-00) · Art en Europe au XVe s;9;Effectif supérieur à la capacité de la salle dans EXP_SALLE : donnée à vérifier (capacité obsolète ou effectif cumulé). La séance est conservée telle quelle.
effectif EFFCALCU supérieur à la capacité de la salle;Salle de cours 120 (LET-00) · Art gr antiq et péléochré;14;Effectif supérieur à la capacité de la salle dans EXP_SALLE : donnée à vérifier (capacité obsolète ou effectif cumulé). La séance est conservée telle quelle.
effectif EFFCALCU supérieur à la capacité de la salle;Salle de cours 120 (LET-00) · Arts et techniques;9;Effectif supérieur à la capacité de la salle dans EXP_SALLE : donnée à vérifier (capacité obsolète ou effectif cumulé). La séance est conservée telle quelle.
effectif EFFCALCU supérieur à la capacité de la salle;Salle de cours 120 (LET-00) · Culture historique;24;Effectif supérieur à la capacité de la salle dans EXP_SALLE : donnée à vérifier (capacité obsolète ou effectif cumulé). La séance est conservée telle quelle.
effectif EFFCALCU supérieur à la capacité de la salle;Salle de cours 120 (LET-00) · Espagnol L1 LLSH S1;1;Effectif supérieur à la capacité de la salle dans EXP_SALLE : donnée à vérifier (capacité obsolète ou effectif cumulé). La séance est conservée telle quelle.
effectif EFFCALCU supérieur à la capacité de la salle;Salle de cours 120 (LET-00) · Expression écrite et oral;22;Effectif supérieur à la capacité de la salle dans EXP_SALLE : donnée à vérifier (capacité obsolète ou effectif cumulé). La séance est conservée telle quelle.
effectif EFFCALCU supérieur à la capacité de la salle;Salle de cours 120 (LET-00) · Histoire de l'art S1;15;Effectif supérieur à la capacité de la salle dans EXP_SALLE : donnée à vérifier (capacité obsolète ou effectif cumulé). La séance est conservée telle quelle.
effectif EFFCALCU supérieur à la capacité de la salle;Salle de cours 120 (LET-00) · Initiation à l'art actuel;10;Effectif supérieur à la capacité de la salle dans EXP_SALLE : donnée à vérifier (capacité obsolète ou effectif cumulé). La séance est conservée telle quelle.
effectif EFFCALCU supérieur à la capacité de la salle;Salle de cours 120 (LET-00) · Intiat arch antiq médiéva;8;Effectif supérieur à la capacité de la salle dans EXP_SALLE : donnée à vérifier (capacité obsolète ou effectif cumulé). La séance est conservée telle quelle.
effectif EFFCALCU supérieur à la capacité de la salle;Salle de cours 120 (LET-00) · MTU;17;Effectif supérieur à la capacité de la salle dans EXP_SALLE : donnée à vérifier (capacité obsolète ou effectif cumulé). La séance est conservée telle quelle.
effectif EFFCALCU supérieur à la capacité de la salle;Salle de cours 123 (B2-01) · Anglais;1;Effectif supérieur à la capacité de la salle dans EXP_SALLE : donnée à vérifier (capacité obsolète ou effectif cumulé). La séance est conservée telle quelle.
effectif EFFCALCU supérieur à la capacité de la salle;Salle de cours 123 (B2-01) · BASQUE (EEI);15;Effectif supérieur à la capacité de la salle dans EXP_SALLE : donnée à vérifier (capacité obsolète ou effectif cumulé). La séance est conservée telle quelle.
effectif EFFCALCU supérieur à la capacité de la salle;Salle de cours 123 (B2-01) · Droit des sociétés CM S6;2;Effectif supérieur à la capacité de la salle dans EXP_SALLE : donnée à vérifier (capacité obsolète ou effectif cumulé). La séance est conservée telle quelle.
effectif EFFCALCU supérieur à la capacité de la salle;Salle de cours 123 (B2-01) · Remédiation Maths;12;Effectif supérieur à la capacité de la salle dans EXP_SALLE : donnée à vérifier (capacité obsolète ou effectif cumulé). La séance est conservée telle quelle.
effectif EFFCALCU supérieur à la capacité de la salle;Salle de cours 123 (B2-01) · Réunion Projet collectif - M2;1;Effectif supérieur à la capacité de la salle dans EXP_SALLE : donnée à vérifier (capacité obsolète ou effectif cumulé). La séance est conservée telle quelle.
effectif EFFCALCU supérieur à la capacité de la salle;Salle de cours 123 (B2-01) · Tutorat éco gestion (EEI);1;Effectif supérieur à la capacité de la salle dans EXP_SALLE : donnée à vérifier (capacité obsolète ou effectif cumulé). La séance est conservée telle quelle.
effectif EFFCALCU supérieur à la capacité de la salle;Salle de cours 123 (B2-01) · XXX Travaux personnels;10;Effectif supérieur à la capacité de la salle dans EXP_SALLE : donnée à vérifier (capacité obsolète ou effectif cumulé). La séance est conservée telle quelle.
effectif EFFCALCU supérieur à la capacité de la salle;Salle de cours 123 (B2-01) · XXX-ISN-SPEED MEETING;1;Effectif supérieur à la capacité de la salle dans EXP_SALLE : donnée à vérifier (capacité obsolète ou effectif cumulé). La séance est conservée telle quelle.
effectif EFFCALCU supérieur à la capacité de la salle;Salle de cours 123 (B2-01) · xxx MICRO ECONOMIE;18;Effectif supérieur à la capacité de la salle dans EXP_SALLE : donnée à vérifier (capacité obsolète ou effectif cumulé). La séance est conservée telle quelle.
effectif EFFCALCU supérieur à la capacité de la salle;Salle de cours 124 (B2-01) · BASQUE (EEI);1;Effectif supérieur à la capacité de la salle dans EXP_SALLE : donnée à vérifier (capacité obsolète ou effectif cumulé). La séance est conservée telle quelle.
effectif EFFCALCU supérieur à la capacité de la salle;Salle de cours 124 (B2-01) · Comptabilité analytique;1;Effectif supérieur à la capacité de la salle dans EXP_SALLE : donnée à vérifier (capacité obsolète ou effectif cumulé). La séance est conservée telle quelle.
effectif EFFCALCU supérieur à la capacité de la salle;Salle de cours 124 (B2-01) · Compétences fondamentales;1;Effectif supérieur à la capacité de la salle dans EXP_SALLE : donnée à vérifier (capacité obsolète ou effectif cumulé). La séance est conservée telle quelle.
effectif EFFCALCU supérieur à la capacité de la salle;Salle de cours 124 (B2-01) · Data Analytics;1;Effectif supérieur à la capacité de la salle dans EXP_SALLE : donnée à vérifier (capacité obsolète ou effectif cumulé). La séance est conservée telle quelle.
effectif EFFCALCU supérieur à la capacité de la salle;Salle de cours 124 (B2-01) · Derecho espanol;1;Effectif supérieur à la capacité de la salle dans EXP_SALLE : donnée à vérifier (capacité obsolète ou effectif cumulé). La séance est conservée telle quelle.
effectif EFFCALCU supérieur à la capacité de la salle;Salle de cours 124 (B2-01) · Droit du travail TD S6;4;Effectif supérieur à la capacité de la salle dans EXP_SALLE : donnée à vérifier (capacité obsolète ou effectif cumulé). La séance est conservée telle quelle.
effectif EFFCALCU supérieur à la capacité de la salle;Salle de cours 124 (B2-01) · ICR 2;1;Effectif supérieur à la capacité de la salle dans EXP_SALLE : donnée à vérifier (capacité obsolète ou effectif cumulé). La séance est conservée telle quelle.
effectif EFFCALCU supérieur à la capacité de la salle;Salle de cours 124 (B2-01) · Informatique;1;Effectif supérieur à la capacité de la salle dans EXP_SALLE : donnée à vérifier (capacité obsolète ou effectif cumulé). La séance est conservée telle quelle.
effectif EFFCALCU supérieur à la capacité de la salle;Salle de cours 124 (B2-01) · International project;4;Effectif supérieur à la capacité de la salle dans EXP_SALLE : donnée à vérifier (capacité obsolète ou effectif cumulé). La séance est conservée telle quelle.
effectif EFFCALCU supérieur à la capacité de la salle;Salle de cours 124 (B2-01) · Italien Débutant;1;Effectif supérieur à la capacité de la salle dans EXP_SALLE : donnée à vérifier (capacité obsolète ou effectif cumulé). La séance est conservée telle quelle.
effectif EFFCALCU supérieur à la capacité de la salle;Salle de cours 124 (B2-01) · LV espagnol (DEGI2 - EEI);4;Effectif supérieur à la capacité de la salle dans EXP_SALLE : donnée à vérifier (capacité obsolète ou effectif cumulé). La séance est conservée telle quelle.
effectif EFFCALCU supérieur à la capacité de la salle;Salle de cours 124 (B2-01) · Legal Systems;1;Effectif supérieur à la capacité de la salle dans EXP_SALLE : donnée à vérifier (capacité obsolète ou effectif cumulé). La séance est conservée telle quelle.
effectif EFFCALCU supérieur à la capacité de la salle;Salle de cours 124 (B2-01) · Mathématiques 1;1;Effectif supérieur à la capacité de la salle dans EXP_SALLE : donnée à vérifier (capacité obsolète ou effectif cumulé). La séance est conservée telle quelle.
effectif EFFCALCU supérieur à la capacité de la salle;Salle de cours 124 (B2-01) · Relations internationales;1;Effectif supérieur à la capacité de la salle dans EXP_SALLE : donnée à vérifier (capacité obsolète ou effectif cumulé). La séance est conservée telle quelle.
effectif EFFCALCU supérieur à la capacité de la salle;Salle de cours 124 (B2-01) · Research Metodology 2;1;Effectif supérieur à la capacité de la salle dans EXP_SALLE : donnée à vérifier (capacité obsolète ou effectif cumulé). La séance est conservée telle quelle.
effectif EFFCALCU supérieur à la capacité de la salle;Salle de cours 124 (B2-01) · Réunion Projet collectif - M2;2;Effectif supérieur à la capacité de la salle dans EXP_SALLE : donnée à vérifier (capacité obsolète ou effectif cumulé). La séance est conservée telle quelle.
effectif EFFCALCU supérieur à la capacité de la salle;Salle de cours 124 (B2-01) · Révisions M2 DPEI;1;Effectif supérieur à la capacité de la salle dans EXP_SALLE : donnée à vérifier (capacité obsolète ou effectif cumulé). La séance est conservée telle quelle.
effectif EFFCALCU supérieur à la capacité de la salle;Salle de cours 124 (B2-01) · Statistiques 1;1;Effectif supérieur à la capacité de la salle dans EXP_SALLE : donnée à vérifier (capacité obsolète ou effectif cumulé). La séance est conservée telle quelle.
effectif EFFCALCU supérieur à la capacité de la salle;Salle de cours 124 (B2-01) · Vente tél/Multicanal;1;Effectif supérieur à la capacité de la salle dans EXP_SALLE : donnée à vérifier (capacité obsolète ou effectif cumulé). La séance est conservée telle quelle.
effectif EFFCALCU supérieur à la capacité de la salle;Salle de cours 124 (B2-01) · XXX Travaux personnels;26;Effectif supérieur à la capacité de la salle dans EXP_SALLE : donnée à vérifier (capacité obsolète ou effectif cumulé). La séance est conservée telle quelle.
effectif EFFCALCU supérieur à la capacité de la salle;Salle de cours 124 (LET-00) · 1 Litté française et fr 4;1;Effectif supérieur à la capacité de la salle dans EXP_SALLE : donnée à vérifier (capacité obsolète ou effectif cumulé). La séance est conservée telle quelle.
effectif EFFCALCU supérieur à la capacité de la salle;Salle de cours 124 (LET-00) · 2 Stylistique 2;2;Effectif supérieur à la capacité de la salle dans EXP_SALLE : donnée à vérifier (capacité obsolète ou effectif cumulé). La séance est conservée telle quelle.
effectif EFFCALCU supérieur à la capacité de la salle;Salle de cours 124 (LET-00) · 3 Initiation à la ling;1;Effectif supérieur à la capacité de la salle dans EXP_SALLE : donnée à vérifier (capacité obsolète ou effectif cumulé). La séance est conservée telle quelle.
effectif EFFCALCU supérieur à la capacité de la salle;Salle de cours 124 (LET-00) · Intro Sociologie S1;9;Effectif supérieur à la capacité de la salle dans EXP_SALLE : donnée à vérifier (capacité obsolète ou effectif cumulé). La séance est conservée telle quelle.
effectif EFFCALCU supérieur à la capacité de la salle;Salle de cours 124 (LET-00) · Intro géo TD;2;Effectif supérieur à la capacité de la salle dans EXP_SALLE : donnée à vérifier (capacité obsolète ou effectif cumulé). La séance est conservée telle quelle.
effectif EFFCALCU supérieur à la capacité de la salle;Salle de cours 124 (LET-00) · Tutorat Lettres;1;Effectif supérieur à la capacité de la salle dans EXP_SALLE : donnée à vérifier (capacité obsolète ou effectif cumulé). La séance est conservée telle quelle.
effectif EFFCALCU supérieur à la capacité de la salle;Salle de cours 125 (B2-01) · 12 Intro. droit constit.;3;Effectif supérieur à la capacité de la salle dans EXP_SALLE : donnée à vérifier (capacité obsolète ou effectif cumulé). La séance est conservée telle quelle.
effectif EFFCALCU supérieur à la capacité de la salle;Salle de cours 125 (B2-01) · Anglais;3;Effectif supérieur à la capacité de la salle dans EXP_SALLE : donnée à vérifier (capacité obsolète ou effectif cumulé). La séance est conservée telle quelle.
effectif EFFCALCU supérieur à la capacité de la salle;Salle de cours 125 (B2-01) · Anglais appliqué affaires;4;Effectif supérieur à la capacité de la salle dans EXP_SALLE : donnée à vérifier (capacité obsolète ou effectif cumulé). La séance est conservée telle quelle.
effectif EFFCALCU supérieur à la capacité de la salle;Salle de cours 125 (B2-01) · Atelier d'écriture;6;Effectif supérieur à la capacité de la salle dans EXP_SALLE : donnée à vérifier (capacité obsolète ou effectif cumulé). La séance est conservée telle quelle.
effectif EFFCALCU supérieur à la capacité de la salle;Salle de cours 125 (B2-01) · BASQUE (EEI);1;Effectif supérieur à la capacité de la salle dans EXP_SALLE : donnée à vérifier (capacité obsolète ou effectif cumulé). La séance est conservée telle quelle.
effectif EFFCALCU supérieur à la capacité de la salle;Salle de cours 125 (B2-01) · Collectivités territ. CM;6;Effectif supérieur à la capacité de la salle dans EXP_SALLE : donnée à vérifier (capacité obsolète ou effectif cumulé). La séance est conservée telle quelle.
effectif EFFCALCU supérieur à la capacité de la salle;Salle de cours 125 (B2-01) · Derecho espanol;3;Effectif supérieur à la capacité de la salle dans EXP_SALLE : donnée à vérifier (capacité obsolète ou effectif cumulé). La séance est conservée telle quelle.
effectif EFFCALCU supérieur à la capacité de la salle;Salle de cours 125 (B2-01) · Droit des affaires (maj);8;Effectif supérieur à la capacité de la salle dans EXP_SALLE : donnée à vérifier (capacité obsolète ou effectif cumulé). La séance est conservée telle quelle.
effectif EFFCALCU supérieur à la capacité de la salle;Salle de cours 125 (B2-01) · Droit des obligations;2;Effectif supérieur à la capacité de la salle dans EXP_SALLE : donnée à vérifier (capacité obsolète ou effectif cumulé). La séance est conservée telle quelle.
effectif EFFCALCU supérieur à la capacité de la salle;Salle de cours 125 (B2-01) · Droit des sociétés;1;Effectif supérieur à la capacité de la salle dans EXP_SALLE : donnée à vérifier (capacité obsolète ou effectif cumulé). La séance est conservée telle quelle.
effectif EFFCALCU supérieur à la capacité de la salle;Salle de cours 125 (B2-01) · Espagnol;1;Effectif supérieur à la capacité de la salle dans EXP_SALLE : donnée à vérifier (capacité obsolète ou effectif cumulé). La séance est conservée telle quelle.
effectif EFFCALCU supérieur à la capacité de la salle;Salle de cours 125 (B2-01) · Initiation comptabilité;1;Effectif supérieur à la capacité de la salle dans EXP_SALLE : donnée à vérifier (capacité obsolète ou effectif cumulé). La séance est conservée telle quelle.
effectif EFFCALCU supérieur à la capacité de la salle;Salle de cours 125 (B2-01) · International project;1;Effectif supérieur à la capacité de la salle dans EXP_SALLE : donnée à vérifier (capacité obsolète ou effectif cumulé). La séance est conservée telle quelle.
effectif EFFCALCU supérieur à la capacité de la salle;Salle de cours 125 (B2-01) · LANGUE;7;Effectif supérieur à la capacité de la salle dans EXP_SALLE : donnée à vérifier (capacité obsolète ou effectif cumulé). La séance est conservée telle quelle.
effectif EFFCALCU supérieur à la capacité de la salle;Salle de cours 125 (B2-01) · Prépro.2 Métiers livre;9;Effectif supérieur à la capacité de la salle dans EXP_SALLE : donnée à vérifier (capacité obsolète ou effectif cumulé). La séance est conservée telle quelle.
effectif EFFCALCU supérieur à la capacité de la salle;Salle de cours 125 (B2-01) · Réunion Projet collectif - M2;1;Effectif supérieur à la capacité de la salle dans EXP_SALLE : donnée à vérifier (capacité obsolète ou effectif cumulé). La séance est conservée telle quelle.
effectif EFFCALCU supérieur à la capacité de la salle;Salle de cours 125 (B2-01) · Séminaire Elyse Ritchey;1;Effectif supérieur à la capacité de la salle dans EXP_SALLE : donnée à vérifier (capacité obsolète ou effectif cumulé). La séance est conservée telle quelle.
effectif EFFCALCU supérieur à la capacité de la salle;Salle de cours 125 (B2-01) · TUTORAT L1 Droit EEI;1;Effectif supérieur à la capacité de la salle dans EXP_SALLE : donnée à vérifier (capacité obsolète ou effectif cumulé). La séance est conservée telle quelle.
effectif EFFCALCU supérieur à la capacité de la salle;Salle de cours 125 (B2-01) · Vente tél/Multicanal;2;Effectif supérieur à la capacité de la salle dans EXP_SALLE : donnée à vérifier (capacité obsolète ou effectif cumulé). La séance est conservée telle quelle.
effectif EFFCALCU supérieur à la capacité de la salle;Salle de cours 125 (B2-01) · XXX Travaux personnels;2;Effectif supérieur à la capacité de la salle dans EXP_SALLE : donnée à vérifier (capacité obsolète ou effectif cumulé). La séance est conservée telle quelle.
effectif EFFCALCU supérieur à la capacité de la salle;Salle de cours 125 (B2-01) · xxxANGLAIS DEGI2;10;Effectif supérieur à la capacité de la salle dans EXP_SALLE : donnée à vérifier (capacité obsolète ou effectif cumulé). La séance est conservée telle quelle.
effectif EFFCALCU supérieur à la capacité de la salle;Salle de cours 127 (B2-01) · 1-1 Economie 1;2;Effectif supérieur à la capacité de la salle dans EXP_SALLE : donnée à vérifier (capacité obsolète ou effectif cumulé). La séance est conservée telle quelle.
effectif EFFCALCU supérieur à la capacité de la salle;Salle de cours 127 (B2-01) · 11 Intro. droit civil;12;Effectif supérieur à la capacité de la salle dans EXP_SALLE : donnée à vérifier (capacité obsolète ou effectif cumulé). La séance est conservée telle quelle.
effectif EFFCALCU supérieur à la capacité de la salle;Salle de cours 127 (B2-01) · 12 Intro. droit constit.;2;Effectif supérieur à la capacité de la salle dans EXP_SALLE : donnée à vérifier (capacité obsolète ou effectif cumulé). La séance est conservée telle quelle.
effectif EFFCALCU supérieur à la capacité de la salle;Salle de cours 127 (B2-01) · 21 Droit de la famille;1;Effectif supérieur à la capacité de la salle dans EXP_SALLE : donnée à vérifier (capacité obsolète ou effectif cumulé). La séance est conservée telle quelle.
effectif EFFCALCU supérieur à la capacité de la salle;Salle de cours 127 (B2-01) · 3-6 Méthodo. gest° projet;3;Effectif supérieur à la capacité de la salle dans EXP_SALLE : donnée à vérifier (capacité obsolète ou effectif cumulé). La séance est conservée telle quelle.
effectif EFFCALCU supérieur à la capacité de la salle;Salle de cours 127 (B2-01) · 42 Droit administratif;16;Effectif supérieur à la capacité de la salle dans EXP_SALLE : donnée à vérifier (capacité obsolète ou effectif cumulé). La séance est conservée telle quelle.
effectif EFFCALCU supérieur à la capacité de la salle;Salle de cours 127 (B2-01) · ALLEMAND (Collège EEI);14;Effectif supérieur à la capacité de la salle dans EXP_SALLE : donnée à vérifier (capacité obsolète ou effectif cumulé). La séance est conservée telle quelle.
effectif EFFCALCU supérieur à la capacité de la salle;Salle de cours 127 (B2-01) · Anglais (DT1 EEI);15;Effectif supérieur à la capacité de la salle dans EXP_SALLE : donnée à vérifier (capacité obsolète ou effectif cumulé). La séance est conservée telle quelle.
effectif EFFCALCU supérieur à la capacité de la salle;Salle de cours 127 (B2-01) · Comptabilité analytique;6;Effectif supérieur à la capacité de la salle dans EXP_SALLE : donnée à vérifier (capacité obsolète ou effectif cumulé). La séance est conservée telle quelle.
effectif EFFCALCU supérieur à la capacité de la salle;Salle de cours 127 (B2-01) · Derecho espanol;1;Effectif supérieur à la capacité de la salle dans EXP_SALLE : donnée à vérifier (capacité obsolète ou effectif cumulé). La séance est conservée telle quelle.
effectif EFFCALCU supérieur à la capacité de la salle;Salle de cours 127 (B2-01) · Droit des obligations;2;Effectif supérieur à la capacité de la salle dans EXP_SALLE : donnée à vérifier (capacité obsolète ou effectif cumulé). La séance est conservée telle quelle.
effectif EFFCALCU supérieur à la capacité de la salle;Salle de cours 127 (B2-01) · Droit pénal (maj);2;Effectif supérieur à la capacité de la salle dans EXP_SALLE : donnée à vérifier (capacité obsolète ou effectif cumulé). La séance est conservée telle quelle.
effectif EFFCALCU supérieur à la capacité de la salle;Salle de cours 127 (B2-01) · Gestion d'entreprise;6;Effectif supérieur à la capacité de la salle dans EXP_SALLE : donnée à vérifier (capacité obsolète ou effectif cumulé). La séance est conservée telle quelle.
effectif EFFCALCU supérieur à la capacité de la salle;Salle de cours 127 (B2-01) · Hist. art et culture visuelle;1;Effectif supérieur à la capacité de la salle dans EXP_SALLE : donnée à vérifier (capacité obsolète ou effectif cumulé). La séance est conservée telle quelle.
effectif EFFCALCU supérieur à la capacité de la salle;Salle de cours 127 (B2-01) · Langue franç. & exp. S2;1;Effectif supérieur à la capacité de la salle dans EXP_SALLE : donnée à vérifier (capacité obsolète ou effectif cumulé). La séance est conservée telle quelle.
effectif EFFCALCU supérieur à la capacité de la salle;Salle de cours 127 (B2-01) · Macro-économie 1;1;Effectif supérieur à la capacité de la salle dans EXP_SALLE : donnée à vérifier (capacité obsolète ou effectif cumulé). La séance est conservée telle quelle.
effectif EFFCALCU supérieur à la capacité de la salle;Salle de cours 127 (B2-01) · Macro-économie 2;2;Effectif supérieur à la capacité de la salle dans EXP_SALLE : donnée à vérifier (capacité obsolète ou effectif cumulé). La séance est conservée telle quelle.
effectif EFFCALCU supérieur à la capacité de la salle;Salle de cours 127 (B2-01) · Macro-économie 3 (TD);2;Effectif supérieur à la capacité de la salle dans EXP_SALLE : donnée à vérifier (capacité obsolète ou effectif cumulé). La séance est conservée telle quelle.
effectif EFFCALCU supérieur à la capacité de la salle;Salle de cours 127 (B2-01) · Micro-économie 1;4;Effectif supérieur à la capacité de la salle dans EXP_SALLE : donnée à vérifier (capacité obsolète ou effectif cumulé). La séance est conservée telle quelle.
effectif EFFCALCU supérieur à la capacité de la salle;Salle de cours 127 (B2-01) · MàN math. stat. info.;1;Effectif supérieur à la capacité de la salle dans EXP_SALLE : donnée à vérifier (capacité obsolète ou effectif cumulé). La séance est conservée telle quelle.
effectif EFFCALCU supérieur à la capacité de la salle;Salle de cours 127 (B2-01) · Méthodologie;5;Effectif supérieur à la capacité de la salle dans EXP_SALLE : donnée à vérifier (capacité obsolète ou effectif cumulé). La séance est conservée telle quelle.
effectif EFFCALCU supérieur à la capacité de la salle;Salle de cours 127 (B2-01) · Organisation entreprises;3;Effectif supérieur à la capacité de la salle dans EXP_SALLE : donnée à vérifier (capacité obsolète ou effectif cumulé). La séance est conservée telle quelle.
effectif EFFCALCU supérieur à la capacité de la salle;Salle de cours 127 (B2-01) · Probabilités;22;Effectif supérieur à la capacité de la salle dans EXP_SALLE : donnée à vérifier (capacité obsolète ou effectif cumulé). La séance est conservée telle quelle.
effectif EFFCALCU supérieur à la capacité de la salle;Salle de cours 127 (B2-01) · Soutien éco. et gestion;3;Effectif supérieur à la capacité de la salle dans EXP_SALLE : donnée à vérifier (capacité obsolète ou effectif cumulé). La séance est conservée telle quelle.
effectif EFFCALCU supérieur à la capacité de la salle;Salle de cours 127 (B2-01) · Statistiques 1;1;Effectif supérieur à la capacité de la salle dans EXP_SALLE : donnée à vérifier (capacité obsolète ou effectif cumulé). La séance est conservée telle quelle.
effectif EFFCALCU supérieur à la capacité de la salle;Salle de cours 127 (B2-01) · Tutorat éco gestion (EEI);2;Effectif supérieur à la capacité de la salle dans EXP_SALLE : donnée à vérifier (capacité obsolète ou effectif cumulé). La séance est conservée telle quelle.
effectif EFFCALCU supérieur à la capacité de la salle;Salle de cours 127 (B2-01) · xxx-EVENEMENTS EEI;1;Effectif supérieur à la capacité de la salle dans EXP_SALLE : donnée à vérifier (capacité obsolète ou effectif cumulé). La séance est conservée telle quelle.
effectif EFFCALCU supérieur à la capacité de la salle;Salle de cours 129 (B2-01) · 1-1 Economie 1;10;Effectif supérieur à la capacité de la salle dans EXP_SALLE : donnée à vérifier (capacité obsolète ou effectif cumulé). La séance est conservée telle quelle.
effectif EFFCALCU supérieur à la capacité de la salle;Salle de cours 129 (B2-01) · 11 Intro. droit civil;11;Effectif supérieur à la capacité de la salle dans EXP_SALLE : donnée à vérifier (capacité obsolète ou effectif cumulé). La séance est conservée telle quelle.
effectif EFFCALCU supérieur à la capacité de la salle;Salle de cours 129 (B2-01) · 12 Intro. droit constit.;2;Effectif supérieur à la capacité de la salle dans EXP_SALLE : donnée à vérifier (capacité obsolète ou effectif cumulé). La séance est conservée telle quelle.
effectif EFFCALCU supérieur à la capacité de la salle;Salle de cours 129 (B2-01) · 3-6 Méthodo. gest° projet;1;Effectif supérieur à la capacité de la salle dans EXP_SALLE : donnée à vérifier (capacité obsolète ou effectif cumulé). La séance est conservée telle quelle.
effectif EFFCALCU supérieur à la capacité de la salle;Salle de cours 129 (B2-01) · 32 Droit administ.;2;Effectif supérieur à la capacité de la salle dans EXP_SALLE : donnée à vérifier (capacité obsolète ou effectif cumulé). La séance est conservée telle quelle.
effectif EFFCALCU supérieur à la capacité de la salle;Salle de cours 129 (B2-01) · 42 Droit administratif;1;Effectif supérieur à la capacité de la salle dans EXP_SALLE : donnée à vérifier (capacité obsolète ou effectif cumulé). La séance est conservée telle quelle.
effectif EFFCALCU supérieur à la capacité de la salle;Salle de cours 129 (B2-01) · Actualité économique;2;Effectif supérieur à la capacité de la salle dans EXP_SALLE : donnée à vérifier (capacité obsolète ou effectif cumulé). La séance est conservée telle quelle.
effectif EFFCALCU supérieur à la capacité de la salle;Salle de cours 129 (B2-01) · Comptabilité;3;Effectif supérieur à la capacité de la salle dans EXP_SALLE : donnée à vérifier (capacité obsolète ou effectif cumulé). La séance est conservée telle quelle.
effectif EFFCALCU supérieur à la capacité de la salle;Salle de cours 129 (B2-01) · Comptabilité sociétés;2;Effectif supérieur à la capacité de la salle dans EXP_SALLE : donnée à vérifier (capacité obsolète ou effectif cumulé). La séance est conservée telle quelle.
effectif EFFCALCU supérieur à la capacité de la salle;Salle de cours 129 (B2-01) · Droit des obligations;2;Effectif supérieur à la capacité de la salle dans EXP_SALLE : donnée à vérifier (capacité obsolète ou effectif cumulé). La séance est conservée telle quelle.
effectif EFFCALCU supérieur à la capacité de la salle;Salle de cours 129 (B2-01) · Economie monétaire;1;Effectif supérieur à la capacité de la salle dans EXP_SALLE : donnée à vérifier (capacité obsolète ou effectif cumulé). La séance est conservée telle quelle.
effectif EFFCALCU supérieur à la capacité de la salle;Salle de cours 129 (B2-01) · Entrepreneuriat - niv. 1;6;Effectif supérieur à la capacité de la salle dans EXP_SALLE : donnée à vérifier (capacité obsolète ou effectif cumulé). La séance est conservée telle quelle.
effectif EFFCALCU supérieur à la capacité de la salle;Salle de cours 129 (B2-01) · Gestion d'entreprise;4;Effectif supérieur à la capacité de la salle dans EXP_SALLE : donnée à vérifier (capacité obsolète ou effectif cumulé). La séance est conservée telle quelle.
effectif EFFCALCU supérieur à la capacité de la salle;Salle de cours 129 (B2-01) · Gestion de projet;1;Effectif supérieur à la capacité de la salle dans EXP_SALLE : donnée à vérifier (capacité obsolète ou effectif cumulé). La séance est conservée telle quelle.
effectif EFFCALCU supérieur à la capacité de la salle;Salle de cours 129 (B2-01) · Hist. art et culture visuelle;1;Effectif supérieur à la capacité de la salle dans EXP_SALLE : donnée à vérifier (capacité obsolète ou effectif cumulé). La séance est conservée telle quelle.
effectif EFFCALCU supérieur à la capacité de la salle;Salle de cours 129 (B2-01) · Macro-économie 1;2;Effectif supérieur à la capacité de la salle dans EXP_SALLE : donnée à vérifier (capacité obsolète ou effectif cumulé). La séance est conservée telle quelle.
effectif EFFCALCU supérieur à la capacité de la salle;Salle de cours 129 (B2-01) · Macro-économie 2;2;Effectif supérieur à la capacité de la salle dans EXP_SALLE : donnée à vérifier (capacité obsolète ou effectif cumulé). La séance est conservée telle quelle.
effectif EFFCALCU supérieur à la capacité de la salle;Salle de cours 129 (B2-01) · Math. stat. info. approf.;2;Effectif supérieur à la capacité de la salle dans EXP_SALLE : donnée à vérifier (capacité obsolète ou effectif cumulé). La séance est conservée telle quelle.
effectif EFFCALCU supérieur à la capacité de la salle;Salle de cours 129 (B2-01) · Mathématiques 1;1;Effectif supérieur à la capacité de la salle dans EXP_SALLE : donnée à vérifier (capacité obsolète ou effectif cumulé). La séance est conservée telle quelle.
effectif EFFCALCU supérieur à la capacité de la salle;Salle de cours 129 (B2-01) · Mathématiques 4;1;Effectif supérieur à la capacité de la salle dans EXP_SALLE : donnée à vérifier (capacité obsolète ou effectif cumulé). La séance est conservée telle quelle.
effectif EFFCALCU supérieur à la capacité de la salle;Salle de cours 129 (B2-01) · Micro-économie 1;1;Effectif supérieur à la capacité de la salle dans EXP_SALLE : donnée à vérifier (capacité obsolète ou effectif cumulé). La séance est conservée telle quelle.
effectif EFFCALCU supérieur à la capacité de la salle;Salle de cours 129 (B2-01) · MàN en méthodologie;4;Effectif supérieur à la capacité de la salle dans EXP_SALLE : donnée à vérifier (capacité obsolète ou effectif cumulé). La séance est conservée telle quelle.
effectif EFFCALCU supérieur à la capacité de la salle;Salle de cours 129 (B2-01) · Méthodologie;10;Effectif supérieur à la capacité de la salle dans EXP_SALLE : donnée à vérifier (capacité obsolète ou effectif cumulé). La séance est conservée telle quelle.
effectif EFFCALCU supérieur à la capacité de la salle;Salle de cours 129 (B2-01) · Organisation entreprises;3;Effectif supérieur à la capacité de la salle dans EXP_SALLE : donnée à vérifier (capacité obsolète ou effectif cumulé). La séance est conservée telle quelle.
effectif EFFCALCU supérieur à la capacité de la salle;Salle de cours 129 (B2-01) · Remédiation Maths;5;Effectif supérieur à la capacité de la salle dans EXP_SALLE : donnée à vérifier (capacité obsolète ou effectif cumulé). La séance est conservée telle quelle.
effectif EFFCALCU supérieur à la capacité de la salle;Salle de cours 129 (B2-01) · Soutien math. stat. info.;1;Effectif supérieur à la capacité de la salle dans EXP_SALLE : donnée à vérifier (capacité obsolète ou effectif cumulé). La séance est conservée telle quelle.
effectif EFFCALCU supérieur à la capacité de la salle;Salle de cours 129 (B2-01) · Soutien éco. et gestion;3;Effectif supérieur à la capacité de la salle dans EXP_SALLE : donnée à vérifier (capacité obsolète ou effectif cumulé). La séance est conservée telle quelle.
effectif EFFCALCU supérieur à la capacité de la salle;Salle de cours 129 (B2-01) · Statistiques 1;1;Effectif supérieur à la capacité de la salle dans EXP_SALLE : donnée à vérifier (capacité obsolète ou effectif cumulé). La séance est conservée telle quelle.
effectif EFFCALCU supérieur à la capacité de la salle;Salle de cours 129 (B2-01) · Statistiques 2;1;Effectif supérieur à la capacité de la salle dans EXP_SALLE : donnée à vérifier (capacité obsolète ou effectif cumulé). La séance est conservée telle quelle.
effectif EFFCALCU supérieur à la capacité de la salle;Salle de cours 129 (B2-01) · xxx-EVENEMENTS EEI;1;Effectif supérieur à la capacité de la salle dans EXP_SALLE : donnée à vérifier (capacité obsolète ou effectif cumulé). La séance est conservée telle quelle.
effectif EFFCALCU supérieur à la capacité de la salle;Salle de cours 13 (LET-00) · Linguistique S2;1;Effectif supérieur à la capacité de la salle dans EXP_SALLE : donnée à vérifier (capacité obsolète ou effectif cumulé). La séance est conservée telle quelle.
effectif EFFCALCU supérieur à la capacité de la salle;Salle de cours 131 (B2-01) · 11 Intro. droit civil;7;Effectif supérieur à la capacité de la salle dans EXP_SALLE : donnée à vérifier (capacité obsolète ou effectif cumulé). La séance est conservée telle quelle.
effectif EFFCALCU supérieur à la capacité de la salle;Salle de cours 131 (B2-01) · 12 Intro. droit constit.;2;Effectif supérieur à la capacité de la salle dans EXP_SALLE : donnée à vérifier (capacité obsolète ou effectif cumulé). La séance est conservée telle quelle.
effectif EFFCALCU supérieur à la capacité de la salle;Salle de cours 131 (B2-01) · 13 Intro. histor. droit;1;Effectif supérieur à la capacité de la salle dans EXP_SALLE : donnée à vérifier (capacité obsolète ou effectif cumulé). La séance est conservée telle quelle.
effectif EFFCALCU supérieur à la capacité de la salle;Salle de cours 131 (B2-01) · 22 Droit constit.;2;Effectif supérieur à la capacité de la salle dans EXP_SALLE : donnée à vérifier (capacité obsolète ou effectif cumulé). La séance est conservée telle quelle.
effectif EFFCALCU supérieur à la capacité de la salle;Salle de cours 131 (B2-01) · 32 Droit administ.;5;Effectif supérieur à la capacité de la salle dans EXP_SALLE : donnée à vérifier (capacité obsolète ou effectif cumulé). La séance est conservée telle quelle.
effectif EFFCALCU supérieur à la capacité de la salle;Salle de cours 131 (B2-01) · 42 Droit administratif;1;Effectif supérieur à la capacité de la salle dans EXP_SALLE : donnée à vérifier (capacité obsolète ou effectif cumulé). La séance est conservée telle quelle.
effectif EFFCALCU supérieur à la capacité de la salle;Salle de cours 131 (B2-01) · Anglais (DT1 EEI);15;Effectif supérieur à la capacité de la salle dans EXP_SALLE : donnée à vérifier (capacité obsolète ou effectif cumulé). La séance est conservée telle quelle.
effectif EFFCALCU supérieur à la capacité de la salle;Salle de cours 131 (B2-01) · Anglais (DT2 EEI);2;Effectif supérieur à la capacité de la salle dans EXP_SALLE : donnée à vérifier (capacité obsolète ou effectif cumulé). La séance est conservée telle quelle.
effectif EFFCALCU supérieur à la capacité de la salle;Salle de cours 131 (B2-01) · Contentieux européens;2;Effectif supérieur à la capacité de la salle dans EXP_SALLE : donnée à vérifier (capacité obsolète ou effectif cumulé). La séance est conservée telle quelle.
effectif EFFCALCU supérieur à la capacité de la salle;Salle de cours 131 (B2-01) · Droit des obligations;4;Effectif supérieur à la capacité de la salle dans EXP_SALLE : donnée à vérifier (capacité obsolète ou effectif cumulé). La séance est conservée telle quelle.
effectif EFFCALCU supérieur à la capacité de la salle;Salle de cours 131 (B2-01) · Droit fiscal;1;Effectif supérieur à la capacité de la salle dans EXP_SALLE : donnée à vérifier (capacité obsolète ou effectif cumulé). La séance est conservée telle quelle.
effectif EFFCALCU supérieur à la capacité de la salle;Salle de cours 131 (B2-01) · Droit pénal (maj);5;Effectif supérieur à la capacité de la salle dans EXP_SALLE : donnée à vérifier (capacité obsolète ou effectif cumulé). La séance est conservée telle quelle.
effectif EFFCALCU supérieur à la capacité de la salle;Salle de cours 131 (B2-01) · Economie monétaire;3;Effectif supérieur à la capacité de la salle dans EXP_SALLE : donnée à vérifier (capacité obsolète ou effectif cumulé). La séance est conservée telle quelle.
effectif EFFCALCU supérieur à la capacité de la salle;Salle de cours 131 (B2-01) · Economie publique;7;Effectif supérieur à la capacité de la salle dans EXP_SALLE : donnée à vérifier (capacité obsolète ou effectif cumulé). La séance est conservée telle quelle.
effectif EFFCALCU supérieur à la capacité de la salle;Salle de cours 131 (B2-01) · Gestion d'entreprise;3;Effectif supérieur à la capacité de la salle dans EXP_SALLE : donnée à vérifier (capacité obsolète ou effectif cumulé). La séance est conservée telle quelle.
effectif EFFCALCU supérieur à la capacité de la salle;Salle de cours 131 (B2-01) · Macro-économie 2;4;Effectif supérieur à la capacité de la salle dans EXP_SALLE : donnée à vérifier (capacité obsolète ou effectif cumulé). La séance est conservée telle quelle.
effectif EFFCALCU supérieur à la capacité de la salle;Salle de cours 131 (B2-01) · Mathématiques 1;4;Effectif supérieur à la capacité de la salle dans EXP_SALLE : donnée à vérifier (capacité obsolète ou effectif cumulé). La séance est conservée telle quelle.
effectif EFFCALCU supérieur à la capacité de la salle;Salle de cours 131 (B2-01) · Mathématiques 3;2;Effectif supérieur à la capacité de la salle dans EXP_SALLE : donnée à vérifier (capacité obsolète ou effectif cumulé). La séance est conservée telle quelle.
effectif EFFCALCU supérieur à la capacité de la salle;Salle de cours 131 (B2-01) · Méthode insert° pro.;1;Effectif supérieur à la capacité de la salle dans EXP_SALLE : donnée à vérifier (capacité obsolète ou effectif cumulé). La séance est conservée telle quelle.
effectif EFFCALCU supérieur à la capacité de la salle;Salle de cours 131 (B2-01) · Méthodologie;2;Effectif supérieur à la capacité de la salle dans EXP_SALLE : donnée à vérifier (capacité obsolète ou effectif cumulé). La séance est conservée telle quelle.
effectif EFFCALCU supérieur à la capacité de la salle;Salle de cours 131 (B2-01) · Probabilités;3;Effectif supérieur à la capacité de la salle dans EXP_SALLE : donnée à vérifier (capacité obsolète ou effectif cumulé). La séance est conservée telle quelle.
effectif EFFCALCU supérieur à la capacité de la salle;Salle de cours 131 (B2-01) · Remédiation Maths;1;Effectif supérieur à la capacité de la salle dans EXP_SALLE : donnée à vérifier (capacité obsolète ou effectif cumulé). La séance est conservée telle quelle.
effectif EFFCALCU supérieur à la capacité de la salle;Salle de cours 131 (B2-01) · STID;2;Effectif supérieur à la capacité de la salle dans EXP_SALLE : donnée à vérifier (capacité obsolète ou effectif cumulé). La séance est conservée telle quelle.
effectif EFFCALCU supérieur à la capacité de la salle;Salle de cours 131 (B2-01) · Soutien éco. et gestion;1;Effectif supérieur à la capacité de la salle dans EXP_SALLE : donnée à vérifier (capacité obsolète ou effectif cumulé). La séance est conservée telle quelle.
effectif EFFCALCU supérieur à la capacité de la salle;Salle de cours 131 (B2-01) · Stratégie des entreprises;1;Effectif supérieur à la capacité de la salle dans EXP_SALLE : donnée à vérifier (capacité obsolète ou effectif cumulé). La séance est conservée telle quelle.
effectif EFFCALCU supérieur à la capacité de la salle;Salle de cours 133 (B2-01) · 1-1 Economie 1;10;Effectif supérieur à la capacité de la salle dans EXP_SALLE : donnée à vérifier (capacité obsolète ou effectif cumulé). La séance est conservée telle quelle.
effectif EFFCALCU supérieur à la capacité de la salle;Salle de cours 133 (B2-01) · 12 Intro. droit constit.;2;Effectif supérieur à la capacité de la salle dans EXP_SALLE : donnée à vérifier (capacité obsolète ou effectif cumulé). La séance est conservée telle quelle.
effectif EFFCALCU supérieur à la capacité de la salle;Salle de cours 133 (B2-01) · 2-1 Comptabilité;1;Effectif supérieur à la capacité de la salle dans EXP_SALLE : donnée à vérifier (capacité obsolète ou effectif cumulé). La séance est conservée telle quelle.
effectif EFFCALCU supérieur à la capacité de la salle;Salle de cours 133 (B2-01) · 21 Droit de la famille;2;Effectif supérieur à la capacité de la salle dans EXP_SALLE : donnée à vérifier (capacité obsolète ou effectif cumulé). La séance est conservée telle quelle.
effectif EFFCALCU supérieur à la capacité de la salle;Salle de cours 133 (B2-01) · 22 Droit constit.;2;Effectif supérieur à la capacité de la salle dans EXP_SALLE : donnée à vérifier (capacité obsolète ou effectif cumulé). La séance est conservée telle quelle.
effectif EFFCALCU supérieur à la capacité de la salle;Salle de cours 133 (B2-01) · 42 Droit administratif;1;Effectif supérieur à la capacité de la salle dans EXP_SALLE : donnée à vérifier (capacité obsolète ou effectif cumulé). La séance est conservée telle quelle.
effectif EFFCALCU supérieur à la capacité de la salle;Salle de cours 133 (B2-01) · Actualité économique;13;Effectif supérieur à la capacité de la salle dans EXP_SALLE : donnée à vérifier (capacité obsolète ou effectif cumulé). La séance est conservée telle quelle.
effectif EFFCALCU supérieur à la capacité de la salle;Salle de cours 133 (B2-01) · Anglais (DT1 EEI);1;Effectif supérieur à la capacité de la salle dans EXP_SALLE : donnée à vérifier (capacité obsolète ou effectif cumulé). La séance est conservée telle quelle.
effectif EFFCALCU supérieur à la capacité de la salle;Salle de cours 133 (B2-01) · Anglais (DT2 EEI);2;Effectif supérieur à la capacité de la salle dans EXP_SALLE : donnée à vérifier (capacité obsolète ou effectif cumulé). La séance est conservée telle quelle.
effectif EFFCALCU supérieur à la capacité de la salle;Salle de cours 133 (B2-01) · Anglais (DT3 EEI);1;Effectif supérieur à la capacité de la salle dans EXP_SALLE : donnée à vérifier (capacité obsolète ou effectif cumulé). La séance est conservée telle quelle.
effectif EFFCALCU supérieur à la capacité de la salle;Salle de cours 133 (B2-01) · Anglais des affaires;2;Effectif supérieur à la capacité de la salle dans EXP_SALLE : donnée à vérifier (capacité obsolète ou effectif cumulé). La séance est conservée telle quelle.
effectif EFFCALCU supérieur à la capacité de la salle;Salle de cours 133 (B2-01) · Comptabilité;2;Effectif supérieur à la capacité de la salle dans EXP_SALLE : donnée à vérifier (capacité obsolète ou effectif cumulé). La séance est conservée telle quelle.
effectif EFFCALCU supérieur à la capacité de la salle;Salle de cours 133 (B2-01) · Comptabilité analytique;4;Effectif supérieur à la capacité de la salle dans EXP_SALLE : donnée à vérifier (capacité obsolète ou effectif cumulé). La séance est conservée telle quelle.
effectif EFFCALCU supérieur à la capacité de la salle;Salle de cours 133 (B2-01) · Comptabilité sociétés;3;Effectif supérieur à la capacité de la salle dans EXP_SALLE : donnée à vérifier (capacité obsolète ou effectif cumulé). La séance est conservée telle quelle.
effectif EFFCALCU supérieur à la capacité de la salle;Salle de cours 133 (B2-01) · Droit des affaires (S3);1;Effectif supérieur à la capacité de la salle dans EXP_SALLE : donnée à vérifier (capacité obsolète ou effectif cumulé). La séance est conservée telle quelle.
effectif EFFCALCU supérieur à la capacité de la salle;Salle de cours 133 (B2-01) · Droit des obligations;15;Effectif supérieur à la capacité de la salle dans EXP_SALLE : donnée à vérifier (capacité obsolète ou effectif cumulé). La séance est conservée telle quelle.
effectif EFFCALCU supérieur à la capacité de la salle;Salle de cours 133 (B2-01) · Droit du travail CM S5;2;Effectif supérieur à la capacité de la salle dans EXP_SALLE : donnée à vérifier (capacité obsolète ou effectif cumulé). La séance est conservée telle quelle.
effectif EFFCALCU supérieur à la capacité de la salle;Salle de cours 133 (B2-01) · Droit judiciaire privé CM;1;Effectif supérieur à la capacité de la salle dans EXP_SALLE : donnée à vérifier (capacité obsolète ou effectif cumulé). La séance est conservée telle quelle.
effectif EFFCALCU supérieur à la capacité de la salle;Salle de cours 133 (B2-01) · Droit pénal (maj);2;Effectif supérieur à la capacité de la salle dans EXP_SALLE : donnée à vérifier (capacité obsolète ou effectif cumulé). La séance est conservée telle quelle.
effectif EFFCALCU supérieur à la capacité de la salle;Salle de cours 133 (B2-01) · Droit pénal spécial;2;Effectif supérieur à la capacité de la salle dans EXP_SALLE : donnée à vérifier (capacité obsolète ou effectif cumulé). La séance est conservée telle quelle.
effectif EFFCALCU supérieur à la capacité de la salle;Salle de cours 133 (B2-01) · Espagnol (DT2 EEI);8;Effectif supérieur à la capacité de la salle dans EXP_SALLE : donnée à vérifier (capacité obsolète ou effectif cumulé). La séance est conservée telle quelle.
effectif EFFCALCU supérieur à la capacité de la salle;Salle de cours 133 (B2-01) · Gestion d'entreprise;2;Effectif supérieur à la capacité de la salle dans EXP_SALLE : donnée à vérifier (capacité obsolète ou effectif cumulé). La séance est conservée telle quelle.
effectif EFFCALCU supérieur à la capacité de la salle;Salle de cours 133 (B2-01) · Gestion de projet;2;Effectif supérieur à la capacité de la salle dans EXP_SALLE : donnée à vérifier (capacité obsolète ou effectif cumulé). La séance est conservée telle quelle.
effectif EFFCALCU supérieur à la capacité de la salle;Salle de cours 133 (B2-01) · Langue franç. & exp. S2;1;Effectif supérieur à la capacité de la salle dans EXP_SALLE : donnée à vérifier (capacité obsolète ou effectif cumulé). La séance est conservée telle quelle.
effectif EFFCALCU supérieur à la capacité de la salle;Salle de cours 133 (B2-01) · Macro-économie 1;3;Effectif supérieur à la capacité de la salle dans EXP_SALLE : donnée à vérifier (capacité obsolète ou effectif cumulé). La séance est conservée telle quelle.
effectif EFFCALCU supérieur à la capacité de la salle;Salle de cours 133 (B2-01) · Macro-économie 2;4;Effectif supérieur à la capacité de la salle dans EXP_SALLE : donnée à vérifier (capacité obsolète ou effectif cumulé). La séance est conservée telle quelle.
effectif EFFCALCU supérieur à la capacité de la salle;Salle de cours 133 (B2-01) · Marketing 1;6;Effectif supérieur à la capacité de la salle dans EXP_SALLE : donnée à vérifier (capacité obsolète ou effectif cumulé). La séance est conservée telle quelle.
effectif EFFCALCU supérieur à la capacité de la salle;Salle de cours 133 (B2-01) · Marketing 2;1;Effectif supérieur à la capacité de la salle dans EXP_SALLE : donnée à vérifier (capacité obsolète ou effectif cumulé). La séance est conservée telle quelle.
effectif EFFCALCU supérieur à la capacité de la salle;Salle de cours 133 (B2-01) · Mathématiques 1;7;Effectif supérieur à la capacité de la salle dans EXP_SALLE : donnée à vérifier (capacité obsolète ou effectif cumulé). La séance est conservée telle quelle.
effectif EFFCALCU supérieur à la capacité de la salle;Salle de cours 133 (B2-01) · Mathématiques 4;5;Effectif supérieur à la capacité de la salle dans EXP_SALLE : donnée à vérifier (capacité obsolète ou effectif cumulé). La séance est conservée telle quelle.
effectif EFFCALCU supérieur à la capacité de la salle;Salle de cours 133 (B2-01) · Micro-économie 1;3;Effectif supérieur à la capacité de la salle dans EXP_SALLE : donnée à vérifier (capacité obsolète ou effectif cumulé). La séance est conservée telle quelle.
effectif EFFCALCU supérieur à la capacité de la salle;Salle de cours 133 (B2-01) · Micro-économie 2;18;Effectif supérieur à la capacité de la salle dans EXP_SALLE : donnée à vérifier (capacité obsolète ou effectif cumulé). La séance est conservée telle quelle.
effectif EFFCALCU supérieur à la capacité de la salle;Salle de cours 133 (B2-01) · MàN en méthodologie;4;Effectif supérieur à la capacité de la salle dans EXP_SALLE : donnée à vérifier (capacité obsolète ou effectif cumulé). La séance est conservée telle quelle.
effectif EFFCALCU supérieur à la capacité de la salle;Salle de cours 133 (B2-01) · MàN math. stat. info.;2;Effectif supérieur à la capacité de la salle dans EXP_SALLE : donnée à vérifier (capacité obsolète ou effectif cumulé). La séance est conservée telle quelle.
effectif EFFCALCU supérieur à la capacité de la salle;Salle de cours 133 (B2-01) · Méthodologie;4;Effectif supérieur à la capacité de la salle dans EXP_SALLE : donnée à vérifier (capacité obsolète ou effectif cumulé). La séance est conservée telle quelle.
effectif EFFCALCU supérieur à la capacité de la salle;Salle de cours 133 (B2-01) · Organisation entreprises;6;Effectif supérieur à la capacité de la salle dans EXP_SALLE : donnée à vérifier (capacité obsolète ou effectif cumulé). La séance est conservée telle quelle.
effectif EFFCALCU supérieur à la capacité de la salle;Salle de cours 133 (B2-01) · Présentation;1;Effectif supérieur à la capacité de la salle dans EXP_SALLE : donnée à vérifier (capacité obsolète ou effectif cumulé). La séance est conservée telle quelle.
effectif EFFCALCU supérieur à la capacité de la salle;Salle de cours 133 (B2-01) · Sociologie des orga.;1;Effectif supérieur à la capacité de la salle dans EXP_SALLE : donnée à vérifier (capacité obsolète ou effectif cumulé). La séance est conservée telle quelle.
effectif EFFCALCU supérieur à la capacité de la salle;Salle de cours 133 (B2-01) · Soutien éco. et gestion;2;Effectif supérieur à la capacité de la salle dans EXP_SALLE : donnée à vérifier (capacité obsolète ou effectif cumulé). La séance est conservée telle quelle.
effectif EFFCALCU supérieur à la capacité de la salle;Salle de cours 133 (B2-01) · Statistiques 1;3;Effectif supérieur à la capacité de la salle dans EXP_SALLE : donnée à vérifier (capacité obsolète ou effectif cumulé). La séance est conservée telle quelle.
effectif EFFCALCU supérieur à la capacité de la salle;Salle de cours 133 (B2-01) · Stratégie des entreprises;6;Effectif supérieur à la capacité de la salle dans EXP_SALLE : donnée à vérifier (capacité obsolète ou effectif cumulé). La séance est conservée telle quelle.
effectif EFFCALCU supérieur à la capacité de la salle;Salle de cours 133 (B2-01) · TUTORAT L1 Droit EEI;7;Effectif supérieur à la capacité de la salle dans EXP_SALLE : donnée à vérifier (capacité obsolète ou effectif cumulé). La séance est conservée telle quelle.
effectif EFFCALCU supérieur à la capacité de la salle;Salle de cours 133 (B2-01) · xxx MICRO ECONOMIE;2;Effectif supérieur à la capacité de la salle dans EXP_SALLE : donnée à vérifier (capacité obsolète ou effectif cumulé). La séance est conservée telle quelle.
effectif EFFCALCU supérieur à la capacité de la salle;Salle de cours 133 (LET-00) · 1 Litté française et fr 4;3;Effectif supérieur à la capacité de la salle dans EXP_SALLE : donnée à vérifier (capacité obsolète ou effectif cumulé). La séance est conservée telle quelle.
effectif EFFCALCU supérieur à la capacité de la salle;Salle de cours 133 (LET-00) · 1 Littérature française 2;9;Effectif supérieur à la capacité de la salle dans EXP_SALLE : donnée à vérifier (capacité obsolète ou effectif cumulé). La séance est conservée telle quelle.
effectif EFFCALCU supérieur à la capacité de la salle;Salle de cours 133 (LET-00) · 2 Culture générale 2;1;Effectif supérieur à la capacité de la salle dans EXP_SALLE : donnée à vérifier (capacité obsolète ou effectif cumulé). La séance est conservée telle quelle.
effectif EFFCALCU supérieur à la capacité de la salle;Salle de cours 133 (LET-00) · Anglais L1 DEG S2;4;Effectif supérieur à la capacité de la salle dans EXP_SALLE : donnée à vérifier (capacité obsolète ou effectif cumulé). La séance est conservée telle quelle.
effectif EFFCALCU supérieur à la capacité de la salle;Salle de cours 133 (LET-00) · Espagnol L1 LLSH S1;1;Effectif supérieur à la capacité de la salle dans EXP_SALLE : donnée à vérifier (capacité obsolète ou effectif cumulé). La séance est conservée telle quelle.
effectif EFFCALCU supérieur à la capacité de la salle;Salle de cours 133 (LET-00) · Intro géo TD;2;Effectif supérieur à la capacité de la salle dans EXP_SALLE : donnée à vérifier (capacité obsolète ou effectif cumulé). La séance est conservée telle quelle.
effectif EFFCALCU supérieur à la capacité de la salle;Salle de cours 133 (LET-00) · Langue litté et civ lat 1;4;Effectif supérieur à la capacité de la salle dans EXP_SALLE : donnée à vérifier (capacité obsolète ou effectif cumulé). La séance est conservée telle quelle.
effectif EFFCALCU supérieur à la capacité de la salle;Salle de cours 134 (LET-00) · Enquête de terrain 2;1;Effectif supérieur à la capacité de la salle dans EXP_SALLE : donnée à vérifier (capacité obsolète ou effectif cumulé). La séance est conservée telle quelle.
effectif EFFCALCU supérieur à la capacité de la salle;Salle de cours 134 (LET-00) · Histoire sociologie;5;Effectif supérieur à la capacité de la salle dans EXP_SALLE : donnée à vérifier (capacité obsolète ou effectif cumulé). La séance est conservée telle quelle.
effectif EFFCALCU supérieur à la capacité de la salle;Salle de cours 134 (LET-00) · Intro géo TD;1;Effectif supérieur à la capacité de la salle dans EXP_SALLE : donnée à vérifier (capacité obsolète ou effectif cumulé). La séance est conservée telle quelle.
effectif EFFCALCU supérieur à la capacité de la salle;Salle de cours 134 (LET-00) · Tutorat L1;1;Effectif supérieur à la capacité de la salle dans EXP_SALLE : donnée à vérifier (capacité obsolète ou effectif cumulé). La séance est conservée telle quelle.
effectif EFFCALCU supérieur à la capacité de la salle;Salle de cours 135 (B2-01) · Comptabilité analytique;1;Effectif supérieur à la capacité de la salle dans EXP_SALLE : donnée à vérifier (capacité obsolète ou effectif cumulé). La séance est conservée telle quelle.
effectif EFFCALCU supérieur à la capacité de la salle;Salle de cours 135 (B2-01) · Compétences fondamentales;4;Effectif supérieur à la capacité de la salle dans EXP_SALLE : donnée à vérifier (capacité obsolète ou effectif cumulé). La séance est conservée telle quelle.
effectif EFFCALCU supérieur à la capacité de la salle;Salle de cours 135 (B2-01) · Derecho espanol;1;Effectif supérieur à la capacité de la salle dans EXP_SALLE : donnée à vérifier (capacité obsolète ou effectif cumulé). La séance est conservée telle quelle.
effectif EFFCALCU supérieur à la capacité de la salle;Salle de cours 135 (B2-01) · Droit des sociétés CM S6;8;Effectif supérieur à la capacité de la salle dans EXP_SALLE : donnée à vérifier (capacité obsolète ou effectif cumulé). La séance est conservée telle quelle.
effectif EFFCALCU supérieur à la capacité de la salle;Salle de cours 135 (B2-01) · International project;3;Effectif supérieur à la capacité de la salle dans EXP_SALLE : donnée à vérifier (capacité obsolète ou effectif cumulé). La séance est conservée telle quelle.
effectif EFFCALCU supérieur à la capacité de la salle;Salle de cours 135 (B2-01) · Révisions M2 DPEI;2;Effectif supérieur à la capacité de la salle dans EXP_SALLE : donnée à vérifier (capacité obsolète ou effectif cumulé). La séance est conservée telle quelle.
effectif EFFCALCU supérieur à la capacité de la salle;Salle de cours 135 (B2-01) · TUTORAT L1 Droit EEI;6;Effectif supérieur à la capacité de la salle dans EXP_SALLE : donnée à vérifier (capacité obsolète ou effectif cumulé). La séance est conservée telle quelle.
effectif EFFCALCU supérieur à la capacité de la salle;Salle de cours 135 (B2-01) · Usages et gouv;1;Effectif supérieur à la capacité de la salle dans EXP_SALLE : donnée à vérifier (capacité obsolète ou effectif cumulé). La séance est conservée telle quelle.
effectif EFFCALCU supérieur à la capacité de la salle;Salle de cours 135 (B2-01) · Vente tél/Multicanal;1;Effectif supérieur à la capacité de la salle dans EXP_SALLE : donnée à vérifier (capacité obsolète ou effectif cumulé). La séance est conservée telle quelle.
effectif EFFCALCU supérieur à la capacité de la salle;Salle de cours 135 (B2-01) · XXX Travaux personnels;2;Effectif supérieur à la capacité de la salle dans EXP_SALLE : donnée à vérifier (capacité obsolète ou effectif cumulé). La séance est conservée telle quelle.
effectif EFFCALCU supérieur à la capacité de la salle;Salle de cours 135 (B2-01) · XXXESPAGNOL DEGI2;6;Effectif supérieur à la capacité de la salle dans EXP_SALLE : donnée à vérifier (capacité obsolète ou effectif cumulé). La séance est conservée telle quelle.
effectif EFFCALCU supérieur à la capacité de la salle;Salle de cours 135 (B2-01) · xxxMaths Heures SPACE;1;Effectif supérieur à la capacité de la salle dans EXP_SALLE : donnée à vérifier (capacité obsolète ou effectif cumulé). La séance est conservée telle quelle.
effectif EFFCALCU supérieur à la capacité de la salle;Salle de cours 135 (LET-00) · Histoire sociologie;4;Effectif supérieur à la capacité de la salle dans EXP_SALLE : donnée à vérifier (capacité obsolète ou effectif cumulé). La séance est conservée telle quelle.
effectif EFFCALCU supérieur à la capacité de la salle;Salle de cours 135 (LET-00) · Intro Sociologie S1;3;Effectif supérieur à la capacité de la salle dans EXP_SALLE : donnée à vérifier (capacité obsolète ou effectif cumulé). La séance est conservée telle quelle.
effectif EFFCALCU supérieur à la capacité de la salle;Salle de cours 135 (LET-00) · Sociologie de l'éducation;1;Effectif supérieur à la capacité de la salle dans EXP_SALLE : donnée à vérifier (capacité obsolète ou effectif cumulé). La séance est conservée telle quelle.
effectif EFFCALCU supérieur à la capacité de la salle;Salle de cours 137 (B2-01) · 1-1 Economie 1;1;Effectif supérieur à la capacité de la salle dans EXP_SALLE : donnée à vérifier (capacité obsolète ou effectif cumulé). La séance est conservée telle quelle.
effectif EFFCALCU supérieur à la capacité de la salle;Salle de cours 137 (B2-01) · 11 Intro. droit civil;1;Effectif supérieur à la capacité de la salle dans EXP_SALLE : donnée à vérifier (capacité obsolète ou effectif cumulé). La séance est conservée telle quelle.
effectif EFFCALCU supérieur à la capacité de la salle;Salle de cours 137 (B2-01) · 12 Intro. droit constit.;4;Effectif supérieur à la capacité de la salle dans EXP_SALLE : donnée à vérifier (capacité obsolète ou effectif cumulé). La séance est conservée telle quelle.
effectif EFFCALCU supérieur à la capacité de la salle;Salle de cours 137 (B2-01) · 21 Droit de la famille;18;Effectif supérieur à la capacité de la salle dans EXP_SALLE : donnée à vérifier (capacité obsolète ou effectif cumulé). La séance est conservée telle quelle.
effectif EFFCALCU supérieur à la capacité de la salle;Salle de cours 137 (B2-01) · 32 Droit administ.;2;Effectif supérieur à la capacité de la salle dans EXP_SALLE : donnée à vérifier (capacité obsolète ou effectif cumulé). La séance est conservée telle quelle.
effectif EFFCALCU supérieur à la capacité de la salle;Salle de cours 137 (B2-01) · 42 Droit administratif;1;Effectif supérieur à la capacité de la salle dans EXP_SALLE : donnée à vérifier (capacité obsolète ou effectif cumulé). La séance est conservée telle quelle.
effectif EFFCALCU supérieur à la capacité de la salle;Salle de cours 137 (B2-01) · Anglais;1;Effectif supérieur à la capacité de la salle dans EXP_SALLE : donnée à vérifier (capacité obsolète ou effectif cumulé). La séance est conservée telle quelle.
effectif EFFCALCU supérieur à la capacité de la salle;Salle de cours 137 (B2-01) · Anglais (DT1 EEI);28;Effectif supérieur à la capacité de la salle dans EXP_SALLE : donnée à vérifier (capacité obsolète ou effectif cumulé). La séance est conservée telle quelle.
effectif EFFCALCU supérieur à la capacité de la salle;Salle de cours 137 (B2-01) · Comptabilité;4;Effectif supérieur à la capacité de la salle dans EXP_SALLE : donnée à vérifier (capacité obsolète ou effectif cumulé). La séance est conservée telle quelle.
effectif EFFCALCU supérieur à la capacité de la salle;Salle de cours 137 (B2-01) · Comptabilité analytique;1;Effectif supérieur à la capacité de la salle dans EXP_SALLE : donnée à vérifier (capacité obsolète ou effectif cumulé). La séance est conservée telle quelle.
effectif EFFCALCU supérieur à la capacité de la salle;Salle de cours 137 (B2-01) · Comptabilité sociétés;1;Effectif supérieur à la capacité de la salle dans EXP_SALLE : donnée à vérifier (capacité obsolète ou effectif cumulé). La séance est conservée telle quelle.
effectif EFFCALCU supérieur à la capacité de la salle;Salle de cours 137 (B2-01) · Droit des affaires (S3);2;Effectif supérieur à la capacité de la salle dans EXP_SALLE : donnée à vérifier (capacité obsolète ou effectif cumulé). La séance est conservée telle quelle.
effectif EFFCALCU supérieur à la capacité de la salle;Salle de cours 137 (B2-01) · Droit des obligations;9;Effectif supérieur à la capacité de la salle dans EXP_SALLE : donnée à vérifier (capacité obsolète ou effectif cumulé). La séance est conservée telle quelle.
effectif EFFCALCU supérieur à la capacité de la salle;Salle de cours 137 (B2-01) · Droit des sociétés;1;Effectif supérieur à la capacité de la salle dans EXP_SALLE : donnée à vérifier (capacité obsolète ou effectif cumulé). La séance est conservée telle quelle.
effectif EFFCALCU supérieur à la capacité de la salle;Salle de cours 137 (B2-01) · Droit pénal spécial;1;Effectif supérieur à la capacité de la salle dans EXP_SALLE : donnée à vérifier (capacité obsolète ou effectif cumulé). La séance est conservée telle quelle.
effectif EFFCALCU supérieur à la capacité de la salle;Salle de cours 137 (B2-01) · Droit, conten. aides Etat;2;Effectif supérieur à la capacité de la salle dans EXP_SALLE : donnée à vérifier (capacité obsolète ou effectif cumulé). La séance est conservée telle quelle.
effectif EFFCALCU supérieur à la capacité de la salle;Salle de cours 137 (B2-01) · Economie monétaire;2;Effectif supérieur à la capacité de la salle dans EXP_SALLE : donnée à vérifier (capacité obsolète ou effectif cumulé). La séance est conservée telle quelle.
effectif EFFCALCU supérieur à la capacité de la salle;Salle de cours 137 (B2-01) · Economie publique;1;Effectif supérieur à la capacité de la salle dans EXP_SALLE : donnée à vérifier (capacité obsolète ou effectif cumulé). La séance est conservée telle quelle.
effectif EFFCALCU supérieur à la capacité de la salle;Salle de cours 137 (B2-01) · Espagnol;3;Effectif supérieur à la capacité de la salle dans EXP_SALLE : donnée à vérifier (capacité obsolète ou effectif cumulé). La séance est conservée telle quelle.
effectif EFFCALCU supérieur à la capacité de la salle;Salle de cours 137 (B2-01) · Espagnol (DT1 EEI);9;Effectif supérieur à la capacité de la salle dans EXP_SALLE : donnée à vérifier (capacité obsolète ou effectif cumulé). La séance est conservée telle quelle.
effectif EFFCALCU supérieur à la capacité de la salle;Salle de cours 137 (B2-01) · Gestion RH 2;1;Effectif supérieur à la capacité de la salle dans EXP_SALLE : donnée à vérifier (capacité obsolète ou effectif cumulé). La séance est conservée telle quelle.
effectif EFFCALCU supérieur à la capacité de la salle;Salle de cours 137 (B2-01) · Intro méthodo jur;1;Effectif supérieur à la capacité de la salle dans EXP_SALLE : donnée à vérifier (capacité obsolète ou effectif cumulé). La séance est conservée telle quelle.
effectif EFFCALCU supérieur à la capacité de la salle;Salle de cours 137 (B2-01) · Libertés fonda. CM S6;1;Effectif supérieur à la capacité de la salle dans EXP_SALLE : donnée à vérifier (capacité obsolète ou effectif cumulé). La séance est conservée telle quelle.
effectif EFFCALCU supérieur à la capacité de la salle;Salle de cours 137 (B2-01) · Marketing 1;6;Effectif supérieur à la capacité de la salle dans EXP_SALLE : donnée à vérifier (capacité obsolète ou effectif cumulé). La séance est conservée telle quelle.
effectif EFFCALCU supérieur à la capacité de la salle;Salle de cours 137 (B2-01) · Math. stat. info. approf.;2;Effectif supérieur à la capacité de la salle dans EXP_SALLE : donnée à vérifier (capacité obsolète ou effectif cumulé). La séance est conservée telle quelle.
effectif EFFCALCU supérieur à la capacité de la salle;Salle de cours 137 (B2-01) · Mathématiques 1;6;Effectif supérieur à la capacité de la salle dans EXP_SALLE : donnée à vérifier (capacité obsolète ou effectif cumulé). La séance est conservée telle quelle.
effectif EFFCALCU supérieur à la capacité de la salle;Salle de cours 137 (B2-01) · Micro-économie 1;8;Effectif supérieur à la capacité de la salle dans EXP_SALLE : donnée à vérifier (capacité obsolète ou effectif cumulé). La séance est conservée telle quelle.
effectif EFFCALCU supérieur à la capacité de la salle;Salle de cours 137 (B2-01) · MàN en méthodologie;14;Effectif supérieur à la capacité de la salle dans EXP_SALLE : donnée à vérifier (capacité obsolète ou effectif cumulé). La séance est conservée telle quelle.
effectif EFFCALCU supérieur à la capacité de la salle;Salle de cours 137 (B2-01) · MàN math. stat. info.;1;Effectif supérieur à la capacité de la salle dans EXP_SALLE : donnée à vérifier (capacité obsolète ou effectif cumulé). La séance est conservée telle quelle.
effectif EFFCALCU supérieur à la capacité de la salle;Salle de cours 137 (B2-01) · Méthodologie;1;Effectif supérieur à la capacité de la salle dans EXP_SALLE : donnée à vérifier (capacité obsolète ou effectif cumulé). La séance est conservée telle quelle.
effectif EFFCALCU supérieur à la capacité de la salle;Salle de cours 137 (B2-01) · Pratique de la langue ang;1;Effectif supérieur à la capacité de la salle dans EXP_SALLE : donnée à vérifier (capacité obsolète ou effectif cumulé). La séance est conservée telle quelle.
effectif EFFCALCU supérieur à la capacité de la salle;Salle de cours 137 (B2-01) · Rôle des douanes;1;Effectif supérieur à la capacité de la salle dans EXP_SALLE : donnée à vérifier (capacité obsolète ou effectif cumulé). La séance est conservée telle quelle.
effectif EFFCALCU supérieur à la capacité de la salle;Salle de cours 137 (B2-01) · Soutien éco. et gestion;6;Effectif supérieur à la capacité de la salle dans EXP_SALLE : donnée à vérifier (capacité obsolète ou effectif cumulé). La séance est conservée telle quelle.
effectif EFFCALCU supérieur à la capacité de la salle;Salle de cours 137 (B2-01) · Statistiques 1;1;Effectif supérieur à la capacité de la salle dans EXP_SALLE : donnée à vérifier (capacité obsolète ou effectif cumulé). La séance est conservée telle quelle.
effectif EFFCALCU supérieur à la capacité de la salle;Salle de cours 137 (B2-01) · TUTORAT L1 Droit EEI;4;Effectif supérieur à la capacité de la salle dans EXP_SALLE : donnée à vérifier (capacité obsolète ou effectif cumulé). La séance est conservée telle quelle.
effectif EFFCALCU supérieur à la capacité de la salle;Salle de cours 137 (B2-01) · xxxMacro-economie 3;2;Effectif supérieur à la capacité de la salle dans EXP_SALLE : donnée à vérifier (capacité obsolète ou effectif cumulé). La séance est conservée telle quelle.
effectif EFFCALCU supérieur à la capacité de la salle;Salle de cours 14 (LET-00) · Civi pays anglo S1;1;Effectif supérieur à la capacité de la salle dans EXP_SALLE : donnée à vérifier (capacité obsolète ou effectif cumulé). La séance est conservée telle quelle.
effectif EFFCALCU supérieur à la capacité de la salle;Salle de cours 14 (LET-00) · Consultation copies phonologie;1;Effectif supérieur à la capacité de la salle dans EXP_SALLE : donnée à vérifier (capacité obsolète ou effectif cumulé). La séance est conservée telle quelle.
effectif EFFCALCU supérieur à la capacité de la salle;Salle de cours 14 (LET-00) · Espagnol L1 LLSH S1;1;Effectif supérieur à la capacité de la salle dans EXP_SALLE : donnée à vérifier (capacité obsolète ou effectif cumulé). La séance est conservée telle quelle.
effectif EFFCALCU supérieur à la capacité de la salle;Salle de cours 142 (EC3-01) · 11 Intro. droit civil;3;Effectif supérieur à la capacité de la salle dans EXP_SALLE : donnée à vérifier (capacité obsolète ou effectif cumulé). La séance est conservée telle quelle.
effectif EFFCALCU supérieur à la capacité de la salle;Salle de cours 142 (EC3-01) · 12 Intro. droit constit.;7;Effectif supérieur à la capacité de la salle dans EXP_SALLE : donnée à vérifier (capacité obsolète ou effectif cumulé). La séance est conservée telle quelle.
effectif EFFCALCU supérieur à la capacité de la salle;Salle de cours 142 (EC3-01) · 2-1 Comptabilité;1;Effectif supérieur à la capacité de la salle dans EXP_SALLE : donnée à vérifier (capacité obsolète ou effectif cumulé). La séance est conservée telle quelle.
effectif EFFCALCU supérieur à la capacité de la salle;Salle de cours 142 (EC3-01) · 21 Droit de la famille;21;Effectif supérieur à la capacité de la salle dans EXP_SALLE : donnée à vérifier (capacité obsolète ou effectif cumulé). La séance est conservée telle quelle.
effectif EFFCALCU supérieur à la capacité de la salle;Salle de cours 142 (EC3-01) · 22 Droit constit.;2;Effectif supérieur à la capacité de la salle dans EXP_SALLE : donnée à vérifier (capacité obsolète ou effectif cumulé). La séance est conservée telle quelle.
effectif EFFCALCU supérieur à la capacité de la salle;Salle de cours 142 (EC3-01) · 31 Droit des oblig.;2;Effectif supérieur à la capacité de la salle dans EXP_SALLE : donnée à vérifier (capacité obsolète ou effectif cumulé). La séance est conservée telle quelle.
effectif EFFCALCU supérieur à la capacité de la salle;Salle de cours 142 (EC3-01) · Career development;1;Effectif supérieur à la capacité de la salle dans EXP_SALLE : donnée à vérifier (capacité obsolète ou effectif cumulé). La séance est conservée telle quelle.
effectif EFFCALCU supérieur à la capacité de la salle;Salle de cours 142 (EC3-01) · Comptabilité;8;Effectif supérieur à la capacité de la salle dans EXP_SALLE : donnée à vérifier (capacité obsolète ou effectif cumulé). La séance est conservée telle quelle.
effectif EFFCALCU supérieur à la capacité de la salle;Salle de cours 142 (EC3-01) · Comptabilité analytique;2;Effectif supérieur à la capacité de la salle dans EXP_SALLE : donnée à vérifier (capacité obsolète ou effectif cumulé). La séance est conservée telle quelle.
effectif EFFCALCU supérieur à la capacité de la salle;Salle de cours 142 (EC3-01) · Droit admin. des biens;2;Effectif supérieur à la capacité de la salle dans EXP_SALLE : donnée à vérifier (capacité obsolète ou effectif cumulé). La séance est conservée telle quelle.
effectif EFFCALCU supérieur à la capacité de la salle;Salle de cours 142 (EC3-01) · Droit des Sûretés;2;Effectif supérieur à la capacité de la salle dans EXP_SALLE : donnée à vérifier (capacité obsolète ou effectif cumulé). La séance est conservée telle quelle.
effectif EFFCALCU supérieur à la capacité de la salle;Salle de cours 142 (EC3-01) · Droit des obligations;2;Effectif supérieur à la capacité de la salle dans EXP_SALLE : donnée à vérifier (capacité obsolète ou effectif cumulé). La séance est conservée telle quelle.
effectif EFFCALCU supérieur à la capacité de la salle;Salle de cours 142 (EC3-01) · Droit intern. pub. CM S6;1;Effectif supérieur à la capacité de la salle dans EXP_SALLE : donnée à vérifier (capacité obsolète ou effectif cumulé). La séance est conservée telle quelle.
effectif EFFCALCU supérieur à la capacité de la salle;Salle de cours 142 (EC3-01) · Droit judiciaire privé CM;3;Effectif supérieur à la capacité de la salle dans EXP_SALLE : donnée à vérifier (capacité obsolète ou effectif cumulé). La séance est conservée telle quelle.
effectif EFFCALCU supérieur à la capacité de la salle;Salle de cours 142 (EC3-01) · Droit pénal (maj);3;Effectif supérieur à la capacité de la salle dans EXP_SALLE : donnée à vérifier (capacité obsolète ou effectif cumulé). La séance est conservée telle quelle.
effectif EFFCALCU supérieur à la capacité de la salle;Salle de cours 142 (EC3-01) · Espagnol (DT1 EEI);1;Effectif supérieur à la capacité de la salle dans EXP_SALLE : donnée à vérifier (capacité obsolète ou effectif cumulé). La séance est conservée telle quelle.
effectif EFFCALCU supérieur à la capacité de la salle;Salle de cours 142 (EC3-01) · LV espagnol (DEGI2 - EEI);1;Effectif supérieur à la capacité de la salle dans EXP_SALLE : donnée à vérifier (capacité obsolète ou effectif cumulé). La séance est conservée telle quelle.
effectif EFFCALCU supérieur à la capacité de la salle;Salle de cours 142 (EC3-01) · Lutte euro-crimes;1;Effectif supérieur à la capacité de la salle dans EXP_SALLE : donnée à vérifier (capacité obsolète ou effectif cumulé). La séance est conservée telle quelle.
effectif EFFCALCU supérieur à la capacité de la salle;Salle de cours 142 (EC3-01) · Macro-économie 2;1;Effectif supérieur à la capacité de la salle dans EXP_SALLE : donnée à vérifier (capacité obsolète ou effectif cumulé). La séance est conservée telle quelle.
effectif EFFCALCU supérieur à la capacité de la salle;Salle de cours 142 (EC3-01) · Mathématiques 1;2;Effectif supérieur à la capacité de la salle dans EXP_SALLE : donnée à vérifier (capacité obsolète ou effectif cumulé). La séance est conservée telle quelle.
effectif EFFCALCU supérieur à la capacité de la salle;Salle de cours 142 (EC3-01) · Organizational Theory;1;Effectif supérieur à la capacité de la salle dans EXP_SALLE : donnée à vérifier (capacité obsolète ou effectif cumulé). La séance est conservée telle quelle.
effectif EFFCALCU supérieur à la capacité de la salle;Salle de cours 142 (EC3-01) · Project Engineering;1;Effectif supérieur à la capacité de la salle dans EXP_SALLE : donnée à vérifier (capacité obsolète ou effectif cumulé). La séance est conservée telle quelle.
effectif EFFCALCU supérieur à la capacité de la salle;Salle de cours 142 (EC3-01) · Projets pédagogiques;1;Effectif supérieur à la capacité de la salle dans EXP_SALLE : donnée à vérifier (capacité obsolète ou effectif cumulé). La séance est conservée telle quelle.
effectif EFFCALCU supérieur à la capacité de la salle;Salle de cours 142 (EC3-01) · Sciences politiques 3;2;Effectif supérieur à la capacité de la salle dans EXP_SALLE : donnée à vérifier (capacité obsolète ou effectif cumulé). La séance est conservée telle quelle.
effectif EFFCALCU supérieur à la capacité de la salle;Salle de cours 142 (EC3-01) · Statistiques 1;2;Effectif supérieur à la capacité de la salle dans EXP_SALLE : donnée à vérifier (capacité obsolète ou effectif cumulé). La séance est conservée telle quelle.
effectif EFFCALCU supérieur à la capacité de la salle;Salle de cours 142 (EC3-01) · UE4 Gestion de projet;4;Effectif supérieur à la capacité de la salle dans EXP_SALLE : donnée à vérifier (capacité obsolète ou effectif cumulé). La séance est conservée telle quelle.
effectif EFFCALCU supérieur à la capacité de la salle;Salle de cours 142 (EC3-01) · UE5 Gestion de projet RSE;1;Effectif supérieur à la capacité de la salle dans EXP_SALLE : donnée à vérifier (capacité obsolète ou effectif cumulé). La séance est conservée telle quelle.
effectif EFFCALCU supérieur à la capacité de la salle;Salle de cours 142 (EC3-01) · UE5 Marketing;2;Effectif supérieur à la capacité de la salle dans EXP_SALLE : donnée à vérifier (capacité obsolète ou effectif cumulé). La séance est conservée telle quelle.
effectif EFFCALCU supérieur à la capacité de la salle;Salle de cours 142 (EC3-01) · XXX-ISN-SPEED MEETING;1;Effectif supérieur à la capacité de la salle dans EXP_SALLE : donnée à vérifier (capacité obsolète ou effectif cumulé). La séance est conservée telle quelle.
effectif EFFCALCU supérieur à la capacité de la salle;Salle de cours 142 (EC3-01) · XXX-OPE- EVENEMENT BDE;1;Effectif supérieur à la capacité de la salle dans EXP_SALLE : donnée à vérifier (capacité obsolète ou effectif cumulé). La séance est conservée telle quelle.
effectif EFFCALCU supérieur à la capacité de la salle;Salle de cours 142 (EC3-01) · XXXCOMPTA DES SOCIETES;8;Effectif supérieur à la capacité de la salle dans EXP_SALLE : donnée à vérifier (capacité obsolète ou effectif cumulé). La séance est conservée telle quelle.
effectif EFFCALCU supérieur à la capacité de la salle;Salle de cours 142 (EC3-01) · xxx anglais DEGI1;10;Effectif supérieur à la capacité de la salle dans EXP_SALLE : donnée à vérifier (capacité obsolète ou effectif cumulé). La séance est conservée telle quelle.
effectif EFFCALCU supérieur à la capacité de la salle;Salle de cours 142 (EC3-01) · xxxEspagnol DEGI 1;5;Effectif supérieur à la capacité de la salle dans EXP_SALLE : donnée à vérifier (capacité obsolète ou effectif cumulé). La séance est conservée telle quelle.
effectif EFFCALCU supérieur à la capacité de la salle;Salle de cours 142 (EC3-01) · xxxMacro-economie 3;8;Effectif supérieur à la capacité de la salle dans EXP_SALLE : donnée à vérifier (capacité obsolète ou effectif cumulé). La séance est conservée telle quelle.
effectif EFFCALCU supérieur à la capacité de la salle;Salle de cours 142 (EC3-01) · xxxMaths Heures SPACE;2;Effectif supérieur à la capacité de la salle dans EXP_SALLE : donnée à vérifier (capacité obsolète ou effectif cumulé). La séance est conservée telle quelle.
effectif EFFCALCU supérieur à la capacité de la salle;Salle de cours 144 (EC3-01) · 11 Intro. droit civil;1;Effectif supérieur à la capacité de la salle dans EXP_SALLE : donnée à vérifier (capacité obsolète ou effectif cumulé). La séance est conservée telle quelle.
effectif EFFCALCU supérieur à la capacité de la salle;Salle de cours 144 (EC3-01) · Comptabilité analytique;1;Effectif supérieur à la capacité de la salle dans EXP_SALLE : donnée à vérifier (capacité obsolète ou effectif cumulé). La séance est conservée telle quelle.
effectif EFFCALCU supérieur à la capacité de la salle;Salle de cours 144 (EC3-01) · Droit des obligations;1;Effectif supérieur à la capacité de la salle dans EXP_SALLE : donnée à vérifier (capacité obsolète ou effectif cumulé). La séance est conservée telle quelle.
effectif EFFCALCU supérieur à la capacité de la salle;Salle de cours 144 (EC3-01) · Droit des sociétés CM S6;4;Effectif supérieur à la capacité de la salle dans EXP_SALLE : donnée à vérifier (capacité obsolète ou effectif cumulé). La séance est conservée telle quelle.
effectif EFFCALCU supérieur à la capacité de la salle;Salle de cours 144 (EC3-01) · Droit du travail TD S6;4;Effectif supérieur à la capacité de la salle dans EXP_SALLE : donnée à vérifier (capacité obsolète ou effectif cumulé). La séance est conservée telle quelle.
effectif EFFCALCU supérieur à la capacité de la salle;Salle de cours 144 (EC3-01) · Legal Systems;1;Effectif supérieur à la capacité de la salle dans EXP_SALLE : donnée à vérifier (capacité obsolète ou effectif cumulé). La séance est conservée telle quelle.
effectif EFFCALCU supérieur à la capacité de la salle;Salle de cours 144 (EC3-01) · Macro-économie 2;4;Effectif supérieur à la capacité de la salle dans EXP_SALLE : donnée à vérifier (capacité obsolète ou effectif cumulé). La séance est conservée telle quelle.
effectif EFFCALCU supérieur à la capacité de la salle;Salle de cours 144 (EC3-01) · Project Engineering;1;Effectif supérieur à la capacité de la salle dans EXP_SALLE : donnée à vérifier (capacité obsolète ou effectif cumulé). La séance est conservée telle quelle.
effectif EFFCALCU supérieur à la capacité de la salle;Salle de cours 144 (EC3-01) · UE5 Gestion de projet RSE;2;Effectif supérieur à la capacité de la salle dans EXP_SALLE : donnée à vérifier (capacité obsolète ou effectif cumulé). La séance est conservée telle quelle.
effectif EFFCALCU supérieur à la capacité de la salle;Salle de cours 144 (EC3-01) · XXX-OPE- EVENEMENT BDE;1;Effectif supérieur à la capacité de la salle dans EXP_SALLE : donnée à vérifier (capacité obsolète ou effectif cumulé). La séance est conservée telle quelle.
effectif EFFCALCU supérieur à la capacité de la salle;Salle de cours 144 (EC3-01) · XXXCOMPTA DES SOCIETES;4;Effectif supérieur à la capacité de la salle dans EXP_SALLE : donnée à vérifier (capacité obsolète ou effectif cumulé). La séance est conservée telle quelle.
effectif EFFCALCU supérieur à la capacité de la salle;Salle de cours 144 (EC3-01) · xxx Droit Pénal Européen Inter;1;Effectif supérieur à la capacité de la salle dans EXP_SALLE : donnée à vérifier (capacité obsolète ou effectif cumulé). La séance est conservée telle quelle.
effectif EFFCALCU supérieur à la capacité de la salle;Salle de cours 144 (EC3-01) · xxx anglais DEGI1;2;Effectif supérieur à la capacité de la salle dans EXP_SALLE : donnée à vérifier (capacité obsolète ou effectif cumulé). La séance est conservée telle quelle.
effectif EFFCALCU supérieur à la capacité de la salle;Salle de cours 144 (EC3-01) · xxxMacro-economie 3;10;Effectif supérieur à la capacité de la salle dans EXP_SALLE : donnée à vérifier (capacité obsolète ou effectif cumulé). La séance est conservée telle quelle.
effectif EFFCALCU supérieur à la capacité de la salle;Salle de cours 162 (B3-01) · 1-1 Economie 1;5;Effectif supérieur à la capacité de la salle dans EXP_SALLE : donnée à vérifier (capacité obsolète ou effectif cumulé). La séance est conservée telle quelle.
effectif EFFCALCU supérieur à la capacité de la salle;Salle de cours 162 (B3-01) · 11 Intro. droit civil;5;Effectif supérieur à la capacité de la salle dans EXP_SALLE : donnée à vérifier (capacité obsolète ou effectif cumulé). La séance est conservée telle quelle.
effectif EFFCALCU supérieur à la capacité de la salle;Salle de cours 162 (B3-01) · 12 Intro. droit constit.;4;Effectif supérieur à la capacité de la salle dans EXP_SALLE : donnée à vérifier (capacité obsolète ou effectif cumulé). La séance est conservée telle quelle.
effectif EFFCALCU supérieur à la capacité de la salle;Salle de cours 162 (B3-01) · 31 Droit des oblig.;4;Effectif supérieur à la capacité de la salle dans EXP_SALLE : donnée à vérifier (capacité obsolète ou effectif cumulé). La séance est conservée telle quelle.
effectif EFFCALCU supérieur à la capacité de la salle;Salle de cours 162 (B3-01) · Actualité économique;11;Effectif supérieur à la capacité de la salle dans EXP_SALLE : donnée à vérifier (capacité obsolète ou effectif cumulé). La séance est conservée telle quelle.
effectif EFFCALCU supérieur à la capacité de la salle;Salle de cours 162 (B3-01) · Anglais;3;Effectif supérieur à la capacité de la salle dans EXP_SALLE : donnée à vérifier (capacité obsolète ou effectif cumulé). La séance est conservée telle quelle.
effectif EFFCALCU supérieur à la capacité de la salle;Salle de cours 162 (B3-01) · Comptabilité;7;Effectif supérieur à la capacité de la salle dans EXP_SALLE : donnée à vérifier (capacité obsolète ou effectif cumulé). La séance est conservée telle quelle.
effectif EFFCALCU supérieur à la capacité de la salle;Salle de cours 162 (B3-01) · Comptabilité sociétés;3;Effectif supérieur à la capacité de la salle dans EXP_SALLE : donnée à vérifier (capacité obsolète ou effectif cumulé). La séance est conservée telle quelle.
effectif EFFCALCU supérieur à la capacité de la salle;Salle de cours 162 (B3-01) · Cooperation Ext Collect Territ;1;Effectif supérieur à la capacité de la salle dans EXP_SALLE : donnée à vérifier (capacité obsolète ou effectif cumulé). La séance est conservée telle quelle.
effectif EFFCALCU supérieur à la capacité de la salle;Salle de cours 162 (B3-01) · Droit de l'environnement;3;Effectif supérieur à la capacité de la salle dans EXP_SALLE : donnée à vérifier (capacité obsolète ou effectif cumulé). La séance est conservée telle quelle.
effectif EFFCALCU supérieur à la capacité de la salle;Salle de cours 162 (B3-01) · Droit des affaires (S3);2;Effectif supérieur à la capacité de la salle dans EXP_SALLE : donnée à vérifier (capacité obsolète ou effectif cumulé). La séance est conservée telle quelle.
effectif EFFCALCU supérieur à la capacité de la salle;Salle de cours 162 (B3-01) · Droit des contrats spé.;6;Effectif supérieur à la capacité de la salle dans EXP_SALLE : donnée à vérifier (capacité obsolète ou effectif cumulé). La séance est conservée telle quelle.
effectif EFFCALCU supérieur à la capacité de la salle;Salle de cours 162 (B3-01) · Droit pénal spécial;1;Effectif supérieur à la capacité de la salle dans EXP_SALLE : donnée à vérifier (capacité obsolète ou effectif cumulé). La séance est conservée telle quelle.
effectif EFFCALCU supérieur à la capacité de la salle;Salle de cours 162 (B3-01) · Eco inégalités&transition;4;Effectif supérieur à la capacité de la salle dans EXP_SALLE : donnée à vérifier (capacité obsolète ou effectif cumulé). La séance est conservée telle quelle.
effectif EFFCALCU supérieur à la capacité de la salle;Salle de cours 162 (B3-01) · Economie contemporaine;1;Effectif supérieur à la capacité de la salle dans EXP_SALLE : donnée à vérifier (capacité obsolète ou effectif cumulé). La séance est conservée telle quelle.
effectif EFFCALCU supérieur à la capacité de la salle;Salle de cours 162 (B3-01) · Espagnol;2;Effectif supérieur à la capacité de la salle dans EXP_SALLE : donnée à vérifier (capacité obsolète ou effectif cumulé). La séance est conservée telle quelle.
effectif EFFCALCU supérieur à la capacité de la salle;Salle de cours 162 (B3-01) · FabLab;2;Effectif supérieur à la capacité de la salle dans EXP_SALLE : donnée à vérifier (capacité obsolète ou effectif cumulé). La séance est conservée telle quelle.
effectif EFFCALCU supérieur à la capacité de la salle;Salle de cours 162 (B3-01) · Fondamentaux de droit;1;Effectif supérieur à la capacité de la salle dans EXP_SALLE : donnée à vérifier (capacité obsolète ou effectif cumulé). La séance est conservée telle quelle.
effectif EFFCALCU supérieur à la capacité de la salle;Salle de cours 162 (B3-01) · Gestion de projet;1;Effectif supérieur à la capacité de la salle dans EXP_SALLE : donnée à vérifier (capacité obsolète ou effectif cumulé). La séance est conservée telle quelle.
effectif EFFCALCU supérieur à la capacité de la salle;Salle de cours 162 (B3-01) · Libertés fonda.;1;Effectif supérieur à la capacité de la salle dans EXP_SALLE : donnée à vérifier (capacité obsolète ou effectif cumulé). La séance est conservée telle quelle.
effectif EFFCALCU supérieur à la capacité de la salle;Salle de cours 162 (B3-01) · Macro-économie 1;1;Effectif supérieur à la capacité de la salle dans EXP_SALLE : donnée à vérifier (capacité obsolète ou effectif cumulé). La séance est conservée telle quelle.
effectif EFFCALCU supérieur à la capacité de la salle;Salle de cours 162 (B3-01) · Macro-économie 2;3;Effectif supérieur à la capacité de la salle dans EXP_SALLE : donnée à vérifier (capacité obsolète ou effectif cumulé). La séance est conservée telle quelle.
effectif EFFCALCU supérieur à la capacité de la salle;Salle de cours 162 (B3-01) · Macro-économie 3 (TD);4;Effectif supérieur à la capacité de la salle dans EXP_SALLE : donnée à vérifier (capacité obsolète ou effectif cumulé). La séance est conservée telle quelle.
effectif EFFCALCU supérieur à la capacité de la salle;Salle de cours 162 (B3-01) · Mathématiques 3;2;Effectif supérieur à la capacité de la salle dans EXP_SALLE : donnée à vérifier (capacité obsolète ou effectif cumulé). La séance est conservée telle quelle.
effectif EFFCALCU supérieur à la capacité de la salle;Salle de cours 162 (B3-01) · Micro-économie 1;1;Effectif supérieur à la capacité de la salle dans EXP_SALLE : donnée à vérifier (capacité obsolète ou effectif cumulé). La séance est conservée telle quelle.
effectif EFFCALCU supérieur à la capacité de la salle;Salle de cours 162 (B3-01) · Micro-économie 2;2;Effectif supérieur à la capacité de la salle dans EXP_SALLE : donnée à vérifier (capacité obsolète ou effectif cumulé). La séance est conservée telle quelle.
effectif EFFCALCU supérieur à la capacité de la salle;Salle de cours 162 (B3-01) · MàN math. stat. info.;2;Effectif supérieur à la capacité de la salle dans EXP_SALLE : donnée à vérifier (capacité obsolète ou effectif cumulé). La séance est conservée telle quelle.
effectif EFFCALCU supérieur à la capacité de la salle;Salle de cours 162 (B3-01) · Procédure pénale;2;Effectif supérieur à la capacité de la salle dans EXP_SALLE : donnée à vérifier (capacité obsolète ou effectif cumulé). La séance est conservée telle quelle.
effectif EFFCALCU supérieur à la capacité de la salle;Salle de cours 162 (B3-01) · Sciences politiques 3;2;Effectif supérieur à la capacité de la salle dans EXP_SALLE : donnée à vérifier (capacité obsolète ou effectif cumulé). La séance est conservée telle quelle.
effectif EFFCALCU supérieur à la capacité de la salle;Salle de cours 162 (B3-01) · Sociologie des orga.;3;Effectif supérieur à la capacité de la salle dans EXP_SALLE : donnée à vérifier (capacité obsolète ou effectif cumulé). La séance est conservée telle quelle.
effectif EFFCALCU supérieur à la capacité de la salle;Salle de cours 162 (B3-01) · Stratégie des entreprises;6;Effectif supérieur à la capacité de la salle dans EXP_SALLE : donnée à vérifier (capacité obsolète ou effectif cumulé). La séance est conservée telle quelle.
effectif EFFCALCU supérieur à la capacité de la salle;Salle de cours 162 (B3-01) · UE4 Gestion de projet RSE;1;Effectif supérieur à la capacité de la salle dans EXP_SALLE : donnée à vérifier (capacité obsolète ou effectif cumulé). La séance est conservée telle quelle.
effectif EFFCALCU supérieur à la capacité de la salle;Salle de cours 162 (B3-01) · xxx-EVENEMENTS EEI;1;Effectif supérieur à la capacité de la salle dans EXP_SALLE : donnée à vérifier (capacité obsolète ou effectif cumulé). La séance est conservée telle quelle.
effectif EFFCALCU supérieur à la capacité de la salle;Salle de cours 163 (B3-01) · 1-1 Economie 1;1;Effectif supérieur à la capacité de la salle dans EXP_SALLE : donnée à vérifier (capacité obsolète ou effectif cumulé). La séance est conservée telle quelle.
effectif EFFCALCU supérieur à la capacité de la salle;Salle de cours 163 (B3-01) · 11 Intro. droit civil;19;Effectif supérieur à la capacité de la salle dans EXP_SALLE : donnée à vérifier (capacité obsolète ou effectif cumulé). La séance est conservée telle quelle.
effectif EFFCALCU supérieur à la capacité de la salle;Salle de cours 163 (B3-01) · 12 Intro. droit constit.;4;Effectif supérieur à la capacité de la salle dans EXP_SALLE : donnée à vérifier (capacité obsolète ou effectif cumulé). La séance est conservée telle quelle.
effectif EFFCALCU supérieur à la capacité de la salle;Salle de cours 163 (B3-01) · 3-6 Méthodo. gest° projet;1;Effectif supérieur à la capacité de la salle dans EXP_SALLE : donnée à vérifier (capacité obsolète ou effectif cumulé). La séance est conservée telle quelle.
effectif EFFCALCU supérieur à la capacité de la salle;Salle de cours 163 (B3-01) · 31 Droit des oblig.;2;Effectif supérieur à la capacité de la salle dans EXP_SALLE : donnée à vérifier (capacité obsolète ou effectif cumulé). La séance est conservée telle quelle.
effectif EFFCALCU supérieur à la capacité de la salle;Salle de cours 163 (B3-01) · 32 Droit administ.;4;Effectif supérieur à la capacité de la salle dans EXP_SALLE : donnée à vérifier (capacité obsolète ou effectif cumulé). La séance est conservée telle quelle.
effectif EFFCALCU supérieur à la capacité de la salle;Salle de cours 163 (B3-01) · Anglais (DT1 EEI);1;Effectif supérieur à la capacité de la salle dans EXP_SALLE : donnée à vérifier (capacité obsolète ou effectif cumulé). La séance est conservée telle quelle.
effectif EFFCALCU supérieur à la capacité de la salle;Salle de cours 163 (B3-01) · Anglais (DT2 EEI);2;Effectif supérieur à la capacité de la salle dans EXP_SALLE : donnée à vérifier (capacité obsolète ou effectif cumulé). La séance est conservée telle quelle.
effectif EFFCALCU supérieur à la capacité de la salle;Salle de cours 163 (B3-01) · Communication et soft;1;Effectif supérieur à la capacité de la salle dans EXP_SALLE : donnée à vérifier (capacité obsolète ou effectif cumulé). La séance est conservée telle quelle.
effectif EFFCALCU supérieur à la capacité de la salle;Salle de cours 163 (B3-01) · Comptabilité;16;Effectif supérieur à la capacité de la salle dans EXP_SALLE : donnée à vérifier (capacité obsolète ou effectif cumulé). La séance est conservée telle quelle.
effectif EFFCALCU supérieur à la capacité de la salle;Salle de cours 163 (B3-01) · Droit des obligations;2;Effectif supérieur à la capacité de la salle dans EXP_SALLE : donnée à vérifier (capacité obsolète ou effectif cumulé). La séance est conservée telle quelle.
effectif EFFCALCU supérieur à la capacité de la salle;Salle de cours 163 (B3-01) · Droit des sûretés CM;4;Effectif supérieur à la capacité de la salle dans EXP_SALLE : donnée à vérifier (capacité obsolète ou effectif cumulé). La séance est conservée telle quelle.
effectif EFFCALCU supérieur à la capacité de la salle;Salle de cours 163 (B3-01) · Droit pénal spécial;2;Effectif supérieur à la capacité de la salle dans EXP_SALLE : donnée à vérifier (capacité obsolète ou effectif cumulé). La séance est conservée telle quelle.
effectif EFFCALCU supérieur à la capacité de la salle;Salle de cours 163 (B3-01) · Gestion de projet;2;Effectif supérieur à la capacité de la salle dans EXP_SALLE : donnée à vérifier (capacité obsolète ou effectif cumulé). La séance est conservée telle quelle.
effectif EFFCALCU supérieur à la capacité de la salle;Salle de cours 163 (B3-01) · Macro-économie 1;1;Effectif supérieur à la capacité de la salle dans EXP_SALLE : donnée à vérifier (capacité obsolète ou effectif cumulé). La séance est conservée telle quelle.
effectif EFFCALCU supérieur à la capacité de la salle;Salle de cours 163 (B3-01) · Mathématiques 1;3;Effectif supérieur à la capacité de la salle dans EXP_SALLE : donnée à vérifier (capacité obsolète ou effectif cumulé). La séance est conservée telle quelle.
effectif EFFCALCU supérieur à la capacité de la salle;Salle de cours 163 (B3-01) · Mathématiques 2;2;Effectif supérieur à la capacité de la salle dans EXP_SALLE : donnée à vérifier (capacité obsolète ou effectif cumulé). La séance est conservée telle quelle.
effectif EFFCALCU supérieur à la capacité de la salle;Salle de cours 163 (B3-01) · MàN en méthodologie;3;Effectif supérieur à la capacité de la salle dans EXP_SALLE : donnée à vérifier (capacité obsolète ou effectif cumulé). La séance est conservée telle quelle.
effectif EFFCALCU supérieur à la capacité de la salle;Salle de cours 163 (B3-01) · MàN math. stat. info.;3;Effectif supérieur à la capacité de la salle dans EXP_SALLE : donnée à vérifier (capacité obsolète ou effectif cumulé). La séance est conservée telle quelle.
effectif EFFCALCU supérieur à la capacité de la salle;Salle de cours 163 (B3-01) · Méthodologie;1;Effectif supérieur à la capacité de la salle dans EXP_SALLE : donnée à vérifier (capacité obsolète ou effectif cumulé). La séance est conservée telle quelle.
effectif EFFCALCU supérieur à la capacité de la salle;Salle de cours 163 (B3-01) · Project Ingineering;1;Effectif supérieur à la capacité de la salle dans EXP_SALLE : donnée à vérifier (capacité obsolète ou effectif cumulé). La séance est conservée telle quelle.
effectif EFFCALCU supérieur à la capacité de la salle;Salle de cours 163 (B3-01) · Project management;1;Effectif supérieur à la capacité de la salle dans EXP_SALLE : donnée à vérifier (capacité obsolète ou effectif cumulé). La séance est conservée telle quelle.
effectif EFFCALCU supérieur à la capacité de la salle;Salle de cours 163 (B3-01) · Statistiques 1;5;Effectif supérieur à la capacité de la salle dans EXP_SALLE : donnée à vérifier (capacité obsolète ou effectif cumulé). La séance est conservée telle quelle.
effectif EFFCALCU supérieur à la capacité de la salle;Salle de cours 163 (B3-01) · Système information et gestion;1;Effectif supérieur à la capacité de la salle dans EXP_SALLE : donnée à vérifier (capacité obsolète ou effectif cumulé). La séance est conservée telle quelle.
effectif EFFCALCU supérieur à la capacité de la salle;Salle de cours 163 (B3-01) · TUTORAT L1 Droit EEI;1;Effectif supérieur à la capacité de la salle dans EXP_SALLE : donnée à vérifier (capacité obsolète ou effectif cumulé). La séance est conservée telle quelle.
effectif EFFCALCU supérieur à la capacité de la salle;Salle de cours 163 (B3-01) · xxx Droit des affaires de l'UE;8;Effectif supérieur à la capacité de la salle dans EXP_SALLE : donnée à vérifier (capacité obsolète ou effectif cumulé). La séance est conservée telle quelle.
effectif EFFCALCU supérieur à la capacité de la salle;Salle de cours 164 (B3-01) · 1-1 Economie 1;1;Effectif supérieur à la capacité de la salle dans EXP_SALLE : donnée à vérifier (capacité obsolète ou effectif cumulé). La séance est conservée telle quelle.
effectif EFFCALCU supérieur à la capacité de la salle;Salle de cours 164 (B3-01) · 12 Intro. droit constit.;2;Effectif supérieur à la capacité de la salle dans EXP_SALLE : donnée à vérifier (capacité obsolète ou effectif cumulé). La séance est conservée telle quelle.
effectif EFFCALCU supérieur à la capacité de la salle;Salle de cours 164 (B3-01) · 21 Droit de la famille;3;Effectif supérieur à la capacité de la salle dans EXP_SALLE : donnée à vérifier (capacité obsolète ou effectif cumulé). La séance est conservée telle quelle.
effectif EFFCALCU supérieur à la capacité de la salle;Salle de cours 164 (B3-01) · 22 Droit constit.;2;Effectif supérieur à la capacité de la salle dans EXP_SALLE : donnée à vérifier (capacité obsolète ou effectif cumulé). La séance est conservée telle quelle.
effectif EFFCALCU supérieur à la capacité de la salle;Salle de cours 164 (B3-01) · 31 Droit des oblig.;2;Effectif supérieur à la capacité de la salle dans EXP_SALLE : donnée à vérifier (capacité obsolète ou effectif cumulé). La séance est conservée telle quelle.
effectif EFFCALCU supérieur à la capacité de la salle;Salle de cours 164 (B3-01) · 32 Droit administ.;6;Effectif supérieur à la capacité de la salle dans EXP_SALLE : donnée à vérifier (capacité obsolète ou effectif cumulé). La séance est conservée telle quelle.
effectif EFFCALCU supérieur à la capacité de la salle;Salle de cours 164 (B3-01) · Anglais;1;Effectif supérieur à la capacité de la salle dans EXP_SALLE : donnée à vérifier (capacité obsolète ou effectif cumulé). La séance est conservée telle quelle.
effectif EFFCALCU supérieur à la capacité de la salle;Salle de cours 164 (B3-01) · Anglais (DT1 EEI);1;Effectif supérieur à la capacité de la salle dans EXP_SALLE : donnée à vérifier (capacité obsolète ou effectif cumulé). La séance est conservée telle quelle.
effectif EFFCALCU supérieur à la capacité de la salle;Salle de cours 164 (B3-01) · Anglais (DT2 EEI);2;Effectif supérieur à la capacité de la salle dans EXP_SALLE : donnée à vérifier (capacité obsolète ou effectif cumulé). La séance est conservée telle quelle.
effectif EFFCALCU supérieur à la capacité de la salle;Salle de cours 164 (B3-01) · Anglais (DT3 EEI);4;Effectif supérieur à la capacité de la salle dans EXP_SALLE : donnée à vérifier (capacité obsolète ou effectif cumulé). La séance est conservée telle quelle.
effectif EFFCALCU supérieur à la capacité de la salle;Salle de cours 164 (B3-01) · Anglais des affaires;2;Effectif supérieur à la capacité de la salle dans EXP_SALLE : donnée à vérifier (capacité obsolète ou effectif cumulé). La séance est conservée telle quelle.
effectif EFFCALCU supérieur à la capacité de la salle;Salle de cours 164 (B3-01) · Comptabilité;8;Effectif supérieur à la capacité de la salle dans EXP_SALLE : donnée à vérifier (capacité obsolète ou effectif cumulé). La séance est conservée telle quelle.
effectif EFFCALCU supérieur à la capacité de la salle;Salle de cours 164 (B3-01) · Comptabilité sociétés;6;Effectif supérieur à la capacité de la salle dans EXP_SALLE : donnée à vérifier (capacité obsolète ou effectif cumulé). La séance est conservée telle quelle.
effectif EFFCALCU supérieur à la capacité de la salle;Salle de cours 164 (B3-01) · Droit admin. des biens;1;Effectif supérieur à la capacité de la salle dans EXP_SALLE : donnée à vérifier (capacité obsolète ou effectif cumulé). La séance est conservée telle quelle.
effectif EFFCALCU supérieur à la capacité de la salle;Salle de cours 164 (B3-01) · Droit de la commande publique;2;Effectif supérieur à la capacité de la salle dans EXP_SALLE : donnée à vérifier (capacité obsolète ou effectif cumulé). La séance est conservée telle quelle.
effectif EFFCALCU supérieur à la capacité de la salle;Salle de cours 164 (B3-01) · Droit des affaires (S3);1;Effectif supérieur à la capacité de la salle dans EXP_SALLE : donnée à vérifier (capacité obsolète ou effectif cumulé). La séance est conservée telle quelle.
effectif EFFCALCU supérieur à la capacité de la salle;Salle de cours 164 (B3-01) · Droit des affaires (S4);10;Effectif supérieur à la capacité de la salle dans EXP_SALLE : donnée à vérifier (capacité obsolète ou effectif cumulé). La séance est conservée telle quelle.
effectif EFFCALCU supérieur à la capacité de la salle;Salle de cours 164 (B3-01) · Droit des contrats spé.;1;Effectif supérieur à la capacité de la salle dans EXP_SALLE : donnée à vérifier (capacité obsolète ou effectif cumulé). La séance est conservée telle quelle.
effectif EFFCALCU supérieur à la capacité de la salle;Salle de cours 164 (B3-01) · Droit des obligations;4;Effectif supérieur à la capacité de la salle dans EXP_SALLE : donnée à vérifier (capacité obsolète ou effectif cumulé). La séance est conservée telle quelle.
effectif EFFCALCU supérieur à la capacité de la salle;Salle de cours 164 (B3-01) · Droit du travail CM S5;2;Effectif supérieur à la capacité de la salle dans EXP_SALLE : donnée à vérifier (capacité obsolète ou effectif cumulé). La séance est conservée telle quelle.
effectif EFFCALCU supérieur à la capacité de la salle;Salle de cours 164 (B3-01) · Droit intern. pub. CM S6;2;Effectif supérieur à la capacité de la salle dans EXP_SALLE : donnée à vérifier (capacité obsolète ou effectif cumulé). La séance est conservée telle quelle.
effectif EFFCALCU supérieur à la capacité de la salle;Salle de cours 164 (B3-01) · Droit pénal (maj);3;Effectif supérieur à la capacité de la salle dans EXP_SALLE : donnée à vérifier (capacité obsolète ou effectif cumulé). La séance est conservée telle quelle.
effectif EFFCALCU supérieur à la capacité de la salle;Salle de cours 164 (B3-01) · Droit pénal spécial;1;Effectif supérieur à la capacité de la salle dans EXP_SALLE : donnée à vérifier (capacité obsolète ou effectif cumulé). La séance est conservée telle quelle.
effectif EFFCALCU supérieur à la capacité de la salle;Salle de cours 164 (B3-01) · Eco inégalités&transition;3;Effectif supérieur à la capacité de la salle dans EXP_SALLE : donnée à vérifier (capacité obsolète ou effectif cumulé). La séance est conservée telle quelle.
effectif EFFCALCU supérieur à la capacité de la salle;Salle de cours 164 (B3-01) · Economie contemporaine;1;Effectif supérieur à la capacité de la salle dans EXP_SALLE : donnée à vérifier (capacité obsolète ou effectif cumulé). La séance est conservée telle quelle.
effectif EFFCALCU supérieur à la capacité de la salle;Salle de cours 164 (B3-01) · Entrepreneuriat - niv. 1;1;Effectif supérieur à la capacité de la salle dans EXP_SALLE : donnée à vérifier (capacité obsolète ou effectif cumulé). La séance est conservée telle quelle.
effectif EFFCALCU supérieur à la capacité de la salle;Salle de cours 164 (B3-01) · Espagnol (DT1 EEI);1;Effectif supérieur à la capacité de la salle dans EXP_SALLE : donnée à vérifier (capacité obsolète ou effectif cumulé). La séance est conservée telle quelle.
effectif EFFCALCU supérieur à la capacité de la salle;Salle de cours 164 (B3-01) · European Law;2;Effectif supérieur à la capacité de la salle dans EXP_SALLE : donnée à vérifier (capacité obsolète ou effectif cumulé). La séance est conservée telle quelle.
effectif EFFCALCU supérieur à la capacité de la salle;Salle de cours 164 (B3-01) · Fondamentaux de droit;1;Effectif supérieur à la capacité de la salle dans EXP_SALLE : donnée à vérifier (capacité obsolète ou effectif cumulé). La séance est conservée telle quelle.
effectif EFFCALCU supérieur à la capacité de la salle;Salle de cours 164 (B3-01) · Gestion d'entreprise;3;Effectif supérieur à la capacité de la salle dans EXP_SALLE : donnée à vérifier (capacité obsolète ou effectif cumulé). La séance est conservée telle quelle.
effectif EFFCALCU supérieur à la capacité de la salle;Salle de cours 164 (B3-01) · Human Resource Man;1;Effectif supérieur à la capacité de la salle dans EXP_SALLE : donnée à vérifier (capacité obsolète ou effectif cumulé). La séance est conservée telle quelle.
effectif EFFCALCU supérieur à la capacité de la salle;Salle de cours 164 (B3-01) · LV Anglais (DEGI2 - EEI);3;Effectif supérieur à la capacité de la salle dans EXP_SALLE : donnée à vérifier (capacité obsolète ou effectif cumulé). La séance est conservée telle quelle.
effectif EFFCALCU supérieur à la capacité de la salle;Salle de cours 164 (B3-01) · Libertés fonda. CM S6;1;Effectif supérieur à la capacité de la salle dans EXP_SALLE : donnée à vérifier (capacité obsolète ou effectif cumulé). La séance est conservée telle quelle.
effectif EFFCALCU supérieur à la capacité de la salle;Salle de cours 164 (B3-01) · Macro-économie 1;6;Effectif supérieur à la capacité de la salle dans EXP_SALLE : donnée à vérifier (capacité obsolète ou effectif cumulé). La séance est conservée telle quelle.
effectif EFFCALCU supérieur à la capacité de la salle;Salle de cours 164 (B3-01) · Macro-économie 2;1;Effectif supérieur à la capacité de la salle dans EXP_SALLE : donnée à vérifier (capacité obsolète ou effectif cumulé). La séance est conservée telle quelle.
effectif EFFCALCU supérieur à la capacité de la salle;Salle de cours 164 (B3-01) · Macro-économie 3 (TD);10;Effectif supérieur à la capacité de la salle dans EXP_SALLE : donnée à vérifier (capacité obsolète ou effectif cumulé). La séance est conservée telle quelle.
effectif EFFCALCU supérieur à la capacité de la salle;Salle de cours 164 (B3-01) · Math. stat. info. approf.;6;Effectif supérieur à la capacité de la salle dans EXP_SALLE : donnée à vérifier (capacité obsolète ou effectif cumulé). La séance est conservée telle quelle.
effectif EFFCALCU supérieur à la capacité de la salle;Salle de cours 164 (B3-01) · Mathématiques 1;15;Effectif supérieur à la capacité de la salle dans EXP_SALLE : donnée à vérifier (capacité obsolète ou effectif cumulé). La séance est conservée telle quelle.
effectif EFFCALCU supérieur à la capacité de la salle;Salle de cours 164 (B3-01) · Mathématiques 3;10;Effectif supérieur à la capacité de la salle dans EXP_SALLE : donnée à vérifier (capacité obsolète ou effectif cumulé). La séance est conservée telle quelle.
effectif EFFCALCU supérieur à la capacité de la salle;Salle de cours 164 (B3-01) · Matière à préciser;1;Effectif supérieur à la capacité de la salle dans EXP_SALLE : donnée à vérifier (capacité obsolète ou effectif cumulé). La séance est conservée telle quelle.
effectif EFFCALCU supérieur à la capacité de la salle;Salle de cours 164 (B3-01) · Micro-économie 1;2;Effectif supérieur à la capacité de la salle dans EXP_SALLE : donnée à vérifier (capacité obsolète ou effectif cumulé). La séance est conservée telle quelle.
effectif EFFCALCU supérieur à la capacité de la salle;Salle de cours 164 (B3-01) · MàN math. stat. info.;11;Effectif supérieur à la capacité de la salle dans EXP_SALLE : donnée à vérifier (capacité obsolète ou effectif cumulé). La séance est conservée telle quelle.
effectif EFFCALCU supérieur à la capacité de la salle;Salle de cours 164 (B3-01) · Méthodologie;12;Effectif supérieur à la capacité de la salle dans EXP_SALLE : donnée à vérifier (capacité obsolète ou effectif cumulé). La séance est conservée telle quelle.
effectif EFFCALCU supérieur à la capacité de la salle;Salle de cours 164 (B3-01) · Prépa. note de synthèse;1;Effectif supérieur à la capacité de la salle dans EXP_SALLE : donnée à vérifier (capacité obsolète ou effectif cumulé). La séance est conservée telle quelle.
effectif EFFCALCU supérieur à la capacité de la salle;Salle de cours 164 (B3-01) · Prépro. 2 Enseignement;1;Effectif supérieur à la capacité de la salle dans EXP_SALLE : donnée à vérifier (capacité obsolète ou effectif cumulé). La séance est conservée telle quelle.
effectif EFFCALCU supérieur à la capacité de la salle;Salle de cours 164 (B3-01) · Sciences politiques 3;3;Effectif supérieur à la capacité de la salle dans EXP_SALLE : donnée à vérifier (capacité obsolète ou effectif cumulé). La séance est conservée telle quelle.
effectif EFFCALCU supérieur à la capacité de la salle;Salle de cours 164 (B3-01) · Sociologie des orga.;1;Effectif supérieur à la capacité de la salle dans EXP_SALLE : donnée à vérifier (capacité obsolète ou effectif cumulé). La séance est conservée telle quelle.
effectif EFFCALCU supérieur à la capacité de la salle;Salle de cours 164 (B3-01) · Soutien éco. et gestion;2;Effectif supérieur à la capacité de la salle dans EXP_SALLE : donnée à vérifier (capacité obsolète ou effectif cumulé). La séance est conservée telle quelle.
effectif EFFCALCU supérieur à la capacité de la salle;Salle de cours 164 (B3-01) · Statistiques 1;14;Effectif supérieur à la capacité de la salle dans EXP_SALLE : donnée à vérifier (capacité obsolète ou effectif cumulé). La séance est conservée telle quelle.
effectif EFFCALCU supérieur à la capacité de la salle;Salle de cours 164 (B3-01) · Système information et gestion;1;Effectif supérieur à la capacité de la salle dans EXP_SALLE : donnée à vérifier (capacité obsolète ou effectif cumulé). La séance est conservée telle quelle.
effectif EFFCALCU supérieur à la capacité de la salle;Salle de cours 164 (B3-01) · UE1 Stratégie orga;2;Effectif supérieur à la capacité de la salle dans EXP_SALLE : donnée à vérifier (capacité obsolète ou effectif cumulé). La séance est conservée telle quelle.
effectif EFFCALCU supérieur à la capacité de la salle;Salle de cours 164 (B3-01) · UE3 Finance;1;Effectif supérieur à la capacité de la salle dans EXP_SALLE : donnée à vérifier (capacité obsolète ou effectif cumulé). La séance est conservée telle quelle.
effectif EFFCALCU supérieur à la capacité de la salle;Salle de cours 164 (B3-01) · UE6 Statistiques;4;Effectif supérieur à la capacité de la salle dans EXP_SALLE : donnée à vérifier (capacité obsolète ou effectif cumulé). La séance est conservée telle quelle.
effectif EFFCALCU supérieur à la capacité de la salle;Salle de cours 164 (B3-01) · xxxMaths Heures SPACE;1;Effectif supérieur à la capacité de la salle dans EXP_SALLE : donnée à vérifier (capacité obsolète ou effectif cumulé). La séance est conservée telle quelle.
effectif EFFCALCU supérieur à la capacité de la salle;Salle de cours 165 (B3-01) · 1-1 Economie 1;2;Effectif supérieur à la capacité de la salle dans EXP_SALLE : donnée à vérifier (capacité obsolète ou effectif cumulé). La séance est conservée telle quelle.
effectif EFFCALCU supérieur à la capacité de la salle;Salle de cours 165 (B3-01) · 11 Intro. droit civil;6;Effectif supérieur à la capacité de la salle dans EXP_SALLE : donnée à vérifier (capacité obsolète ou effectif cumulé). La séance est conservée telle quelle.
effectif EFFCALCU supérieur à la capacité de la salle;Salle de cours 165 (B3-01) · 12 Intro. droit constit.;1;Effectif supérieur à la capacité de la salle dans EXP_SALLE : donnée à vérifier (capacité obsolète ou effectif cumulé). La séance est conservée telle quelle.
effectif EFFCALCU supérieur à la capacité de la salle;Salle de cours 165 (B3-01) · 21 Droit de la famille;2;Effectif supérieur à la capacité de la salle dans EXP_SALLE : donnée à vérifier (capacité obsolète ou effectif cumulé). La séance est conservée telle quelle.
effectif EFFCALCU supérieur à la capacité de la salle;Salle de cours 165 (B3-01) · 3-6 Méthodo. gest° projet;1;Effectif supérieur à la capacité de la salle dans EXP_SALLE : donnée à vérifier (capacité obsolète ou effectif cumulé). La séance est conservée telle quelle.
effectif EFFCALCU supérieur à la capacité de la salle;Salle de cours 165 (B3-01) · 32 Droit administ.;6;Effectif supérieur à la capacité de la salle dans EXP_SALLE : donnée à vérifier (capacité obsolète ou effectif cumulé). La séance est conservée telle quelle.
effectif EFFCALCU supérieur à la capacité de la salle;Salle de cours 165 (B3-01) · Anglais (DT2 EEI);2;Effectif supérieur à la capacité de la salle dans EXP_SALLE : donnée à vérifier (capacité obsolète ou effectif cumulé). La séance est conservée telle quelle.
effectif EFFCALCU supérieur à la capacité de la salle;Salle de cours 165 (B3-01) · Comptabilité;21;Effectif supérieur à la capacité de la salle dans EXP_SALLE : donnée à vérifier (capacité obsolète ou effectif cumulé). La séance est conservée telle quelle.
effectif EFFCALCU supérieur à la capacité de la salle;Salle de cours 165 (B3-01) · Derecho espanol;2;Effectif supérieur à la capacité de la salle dans EXP_SALLE : donnée à vérifier (capacité obsolète ou effectif cumulé). La séance est conservée telle quelle.
effectif EFFCALCU supérieur à la capacité de la salle;Salle de cours 165 (B3-01) · Droit des obligations;2;Effectif supérieur à la capacité de la salle dans EXP_SALLE : donnée à vérifier (capacité obsolète ou effectif cumulé). La séance est conservée telle quelle.
effectif EFFCALCU supérieur à la capacité de la salle;Salle de cours 165 (B3-01) · Eco inégalités&transition;1;Effectif supérieur à la capacité de la salle dans EXP_SALLE : donnée à vérifier (capacité obsolète ou effectif cumulé). La séance est conservée telle quelle.
effectif EFFCALCU supérieur à la capacité de la salle;Salle de cours 165 (B3-01) · Entrepreneuriat niveau 2;7;Effectif supérieur à la capacité de la salle dans EXP_SALLE : donnée à vérifier (capacité obsolète ou effectif cumulé). La séance est conservée telle quelle.
effectif EFFCALCU supérieur à la capacité de la salle;Salle de cours 165 (B3-01) · Macro-économie 1;5;Effectif supérieur à la capacité de la salle dans EXP_SALLE : donnée à vérifier (capacité obsolète ou effectif cumulé). La séance est conservée telle quelle.
effectif EFFCALCU supérieur à la capacité de la salle;Salle de cours 165 (B3-01) · Macro-économie 2;2;Effectif supérieur à la capacité de la salle dans EXP_SALLE : donnée à vérifier (capacité obsolète ou effectif cumulé). La séance est conservée telle quelle.
effectif EFFCALCU supérieur à la capacité de la salle;Salle de cours 165 (B3-01) · Macro-économie 3 (TD);4;Effectif supérieur à la capacité de la salle dans EXP_SALLE : donnée à vérifier (capacité obsolète ou effectif cumulé). La séance est conservée telle quelle.
effectif EFFCALCU supérieur à la capacité de la salle;Salle de cours 165 (B3-01) · Marketing 1;2;Effectif supérieur à la capacité de la salle dans EXP_SALLE : donnée à vérifier (capacité obsolète ou effectif cumulé). La séance est conservée telle quelle.
effectif EFFCALCU supérieur à la capacité de la salle;Salle de cours 165 (B3-01) · Math. stat. info. approf.;1;Effectif supérieur à la capacité de la salle dans EXP_SALLE : donnée à vérifier (capacité obsolète ou effectif cumulé). La séance est conservée telle quelle.
effectif EFFCALCU supérieur à la capacité de la salle;Salle de cours 165 (B3-01) · MàN en méthodologie;4;Effectif supérieur à la capacité de la salle dans EXP_SALLE : donnée à vérifier (capacité obsolète ou effectif cumulé). La séance est conservée telle quelle.
effectif EFFCALCU supérieur à la capacité de la salle;Salle de cours 165 (B3-01) · MàN math. stat. info.;2;Effectif supérieur à la capacité de la salle dans EXP_SALLE : donnée à vérifier (capacité obsolète ou effectif cumulé). La séance est conservée telle quelle.
effectif EFFCALCU supérieur à la capacité de la salle;Salle de cours 165 (B3-01) · Organisation entreprises;3;Effectif supérieur à la capacité de la salle dans EXP_SALLE : donnée à vérifier (capacité obsolète ou effectif cumulé). La séance est conservée telle quelle.
effectif EFFCALCU supérieur à la capacité de la salle;Salle de cours 165 (B3-01) · xxx Droit des affaires de l'UE;1;Effectif supérieur à la capacité de la salle dans EXP_SALLE : donnée à vérifier (capacité obsolète ou effectif cumulé). La séance est conservée telle quelle.
effectif EFFCALCU supérieur à la capacité de la salle;Salle de cours 166 (B3-01) · 1-1 Economie 1;3;Effectif supérieur à la capacité de la salle dans EXP_SALLE : donnée à vérifier (capacité obsolète ou effectif cumulé). La séance est conservée telle quelle.
effectif EFFCALCU supérieur à la capacité de la salle;Salle de cours 166 (B3-01) · 11 Intro. droit civil;1;Effectif supérieur à la capacité de la salle dans EXP_SALLE : donnée à vérifier (capacité obsolète ou effectif cumulé). La séance est conservée telle quelle.
effectif EFFCALCU supérieur à la capacité de la salle;Salle de cours 166 (B3-01) · 2-1 Comptabilité;1;Effectif supérieur à la capacité de la salle dans EXP_SALLE : donnée à vérifier (capacité obsolète ou effectif cumulé). La séance est conservée telle quelle.
effectif EFFCALCU supérieur à la capacité de la salle;Salle de cours 166 (B3-01) · 22 Droit constit.;2;Effectif supérieur à la capacité de la salle dans EXP_SALLE : donnée à vérifier (capacité obsolète ou effectif cumulé). La séance est conservée telle quelle.
effectif EFFCALCU supérieur à la capacité de la salle;Salle de cours 166 (B3-01) · Anglais (DT1 EEI);8;Effectif supérieur à la capacité de la salle dans EXP_SALLE : donnée à vérifier (capacité obsolète ou effectif cumulé). La séance est conservée telle quelle.
effectif EFFCALCU supérieur à la capacité de la salle;Salle de cours 166 (B3-01) · Comptabilité;16;Effectif supérieur à la capacité de la salle dans EXP_SALLE : donnée à vérifier (capacité obsolète ou effectif cumulé). La séance est conservée telle quelle.
effectif EFFCALCU supérieur à la capacité de la salle;Salle de cours 166 (B3-01) · Comptabilité analytique;1;Effectif supérieur à la capacité de la salle dans EXP_SALLE : donnée à vérifier (capacité obsolète ou effectif cumulé). La séance est conservée telle quelle.
effectif EFFCALCU supérieur à la capacité de la salle;Salle de cours 166 (B3-01) · Droit admin. des biens;1;Effectif supérieur à la capacité de la salle dans EXP_SALLE : donnée à vérifier (capacité obsolète ou effectif cumulé). La séance est conservée telle quelle.
effectif EFFCALCU supérieur à la capacité de la salle;Salle de cours 166 (B3-01) · Droit de la concurrence;1;Effectif supérieur à la capacité de la salle dans EXP_SALLE : donnée à vérifier (capacité obsolète ou effectif cumulé). La séance est conservée telle quelle.
effectif EFFCALCU supérieur à la capacité de la salle;Salle de cours 166 (B3-01) · Droit de la régulation;3;Effectif supérieur à la capacité de la salle dans EXP_SALLE : donnée à vérifier (capacité obsolète ou effectif cumulé). La séance est conservée telle quelle.
effectif EFFCALCU supérieur à la capacité de la salle;Salle de cours 166 (B3-01) · Droit des obligations;1;Effectif supérieur à la capacité de la salle dans EXP_SALLE : donnée à vérifier (capacité obsolète ou effectif cumulé). La séance est conservée telle quelle.
effectif EFFCALCU supérieur à la capacité de la salle;Salle de cours 166 (B3-01) · Droit pénal spécial;1;Effectif supérieur à la capacité de la salle dans EXP_SALLE : donnée à vérifier (capacité obsolète ou effectif cumulé). La séance est conservée telle quelle.
effectif EFFCALCU supérieur à la capacité de la salle;Salle de cours 166 (B3-01) · Espagnol;2;Effectif supérieur à la capacité de la salle dans EXP_SALLE : donnée à vérifier (capacité obsolète ou effectif cumulé). La séance est conservée telle quelle.
effectif EFFCALCU supérieur à la capacité de la salle;Salle de cours 166 (B3-01) · Espagnol (DT1 EEI);2;Effectif supérieur à la capacité de la salle dans EXP_SALLE : donnée à vérifier (capacité obsolète ou effectif cumulé). La séance est conservée telle quelle.
effectif EFFCALCU supérieur à la capacité de la salle;Salle de cours 166 (B3-01) · FabLab;1;Effectif supérieur à la capacité de la salle dans EXP_SALLE : donnée à vérifier (capacité obsolète ou effectif cumulé). La séance est conservée telle quelle.
effectif EFFCALCU supérieur à la capacité de la salle;Salle de cours 166 (B3-01) · Gestion d'entreprise;8;Effectif supérieur à la capacité de la salle dans EXP_SALLE : donnée à vérifier (capacité obsolète ou effectif cumulé). La séance est conservée telle quelle.
effectif EFFCALCU supérieur à la capacité de la salle;Salle de cours 166 (B3-01) · Intégration fiscale europ;3;Effectif supérieur à la capacité de la salle dans EXP_SALLE : donnée à vérifier (capacité obsolète ou effectif cumulé). La séance est conservée telle quelle.
effectif EFFCALCU supérieur à la capacité de la salle;Salle de cours 166 (B3-01) · Macro-économie 1;6;Effectif supérieur à la capacité de la salle dans EXP_SALLE : donnée à vérifier (capacité obsolète ou effectif cumulé). La séance est conservée telle quelle.
effectif EFFCALCU supérieur à la capacité de la salle;Salle de cours 166 (B3-01) · Math. stat. info. approf.;2;Effectif supérieur à la capacité de la salle dans EXP_SALLE : donnée à vérifier (capacité obsolète ou effectif cumulé). La séance est conservée telle quelle.
effectif EFFCALCU supérieur à la capacité de la salle;Salle de cours 166 (B3-01) · Mathématiques 1;2;Effectif supérieur à la capacité de la salle dans EXP_SALLE : donnée à vérifier (capacité obsolète ou effectif cumulé). La séance est conservée telle quelle.
effectif EFFCALCU supérieur à la capacité de la salle;Salle de cours 166 (B3-01) · Mathématiques 2;6;Effectif supérieur à la capacité de la salle dans EXP_SALLE : donnée à vérifier (capacité obsolète ou effectif cumulé). La séance est conservée telle quelle.
effectif EFFCALCU supérieur à la capacité de la salle;Salle de cours 166 (B3-01) · Micro-économie 1;10;Effectif supérieur à la capacité de la salle dans EXP_SALLE : donnée à vérifier (capacité obsolète ou effectif cumulé). La séance est conservée telle quelle.
effectif EFFCALCU supérieur à la capacité de la salle;Salle de cours 166 (B3-01) · MàN en méthodologie;1;Effectif supérieur à la capacité de la salle dans EXP_SALLE : donnée à vérifier (capacité obsolète ou effectif cumulé). La séance est conservée telle quelle.
effectif EFFCALCU supérieur à la capacité de la salle;Salle de cours 166 (B3-01) · MàN math. stat. info.;1;Effectif supérieur à la capacité de la salle dans EXP_SALLE : donnée à vérifier (capacité obsolète ou effectif cumulé). La séance est conservée telle quelle.
effectif EFFCALCU supérieur à la capacité de la salle;Salle de cours 166 (B3-01) · Méthodologie;2;Effectif supérieur à la capacité de la salle dans EXP_SALLE : donnée à vérifier (capacité obsolète ou effectif cumulé). La séance est conservée telle quelle.
effectif EFFCALCU supérieur à la capacité de la salle;Salle de cours 166 (B3-01) · Pratique de la langue ang;1;Effectif supérieur à la capacité de la salle dans EXP_SALLE : donnée à vérifier (capacité obsolète ou effectif cumulé). La séance est conservée telle quelle.
effectif EFFCALCU supérieur à la capacité de la salle;Salle de cours 166 (B3-01) · Prépro.2 Métiers livre;1;Effectif supérieur à la capacité de la salle dans EXP_SALLE : donnée à vérifier (capacité obsolète ou effectif cumulé). La séance est conservée telle quelle.
effectif EFFCALCU supérieur à la capacité de la salle;Salle de cours 166 (B3-01) · Statistiques 1;1;Effectif supérieur à la capacité de la salle dans EXP_SALLE : donnée à vérifier (capacité obsolète ou effectif cumulé). La séance est conservée telle quelle.
effectif EFFCALCU supérieur à la capacité de la salle;Salle de cours 166 (B3-01) · Statistiques 2;2;Effectif supérieur à la capacité de la salle dans EXP_SALLE : donnée à vérifier (capacité obsolète ou effectif cumulé). La séance est conservée telle quelle.
effectif EFFCALCU supérieur à la capacité de la salle;Salle de cours 166 (B3-01) · TUTORAT L1 Droit EEI;5;Effectif supérieur à la capacité de la salle dans EXP_SALLE : donnée à vérifier (capacité obsolète ou effectif cumulé). La séance est conservée telle quelle.
effectif EFFCALCU supérieur à la capacité de la salle;Salle de cours 166 (B3-01) · XXXCOMPTA DES SOCIETES;2;Effectif supérieur à la capacité de la salle dans EXP_SALLE : donnée à vérifier (capacité obsolète ou effectif cumulé). La séance est conservée telle quelle.
effectif EFFCALCU supérieur à la capacité de la salle;Salle de cours 167 (B3-01) · Anglais;1;Effectif supérieur à la capacité de la salle dans EXP_SALLE : donnée à vérifier (capacité obsolète ou effectif cumulé). La séance est conservée telle quelle.
effectif EFFCALCU supérieur à la capacité de la salle;Salle de cours 167 (B3-01) · Comptabilité;1;Effectif supérieur à la capacité de la salle dans EXP_SALLE : donnée à vérifier (capacité obsolète ou effectif cumulé). La séance est conservée telle quelle.
effectif EFFCALCU supérieur à la capacité de la salle;Salle de cours 167 (B3-01) · Compétences fondamentales;6;Effectif supérieur à la capacité de la salle dans EXP_SALLE : donnée à vérifier (capacité obsolète ou effectif cumulé). La séance est conservée telle quelle.
effectif EFFCALCU supérieur à la capacité de la salle;Salle de cours 167 (B3-01) · Espagnol;3;Effectif supérieur à la capacité de la salle dans EXP_SALLE : donnée à vérifier (capacité obsolète ou effectif cumulé). La séance est conservée telle quelle.
effectif EFFCALCU supérieur à la capacité de la salle;Salle de cours 167 (B3-01) · FabLab;6;Effectif supérieur à la capacité de la salle dans EXP_SALLE : donnée à vérifier (capacité obsolète ou effectif cumulé). La séance est conservée telle quelle.
effectif EFFCALCU supérieur à la capacité de la salle;Salle de cours 167 (B3-01) · Gestion d'entreprise;2;Effectif supérieur à la capacité de la salle dans EXP_SALLE : donnée à vérifier (capacité obsolète ou effectif cumulé). La séance est conservée telle quelle.
effectif EFFCALCU supérieur à la capacité de la salle;Salle de cours 167 (B3-01) · Grand oral;5;Effectif supérieur à la capacité de la salle dans EXP_SALLE : donnée à vérifier (capacité obsolète ou effectif cumulé). La séance est conservée telle quelle.
effectif EFFCALCU supérieur à la capacité de la salle;Salle de cours 167 (B3-01) · LV Anglais (DEGI2 - EEI);1;Effectif supérieur à la capacité de la salle dans EXP_SALLE : donnée à vérifier (capacité obsolète ou effectif cumulé). La séance est conservée telle quelle.
effectif EFFCALCU supérieur à la capacité de la salle;Salle de cours 167 (B3-01) · LV espagnol (DEGI2 - EEI);1;Effectif supérieur à la capacité de la salle dans EXP_SALLE : donnée à vérifier (capacité obsolète ou effectif cumulé). La séance est conservée telle quelle.
effectif EFFCALCU supérieur à la capacité de la salle;Salle de cours 167 (B3-01) · Remédiation Maths;3;Effectif supérieur à la capacité de la salle dans EXP_SALLE : donnée à vérifier (capacité obsolète ou effectif cumulé). La séance est conservée telle quelle.
effectif EFFCALCU supérieur à la capacité de la salle;Salle de cours 167 (B3-01) · Réunion M2 DIEM;1;Effectif supérieur à la capacité de la salle dans EXP_SALLE : donnée à vérifier (capacité obsolète ou effectif cumulé). La séance est conservée telle quelle.
effectif EFFCALCU supérieur à la capacité de la salle;Salle de cours 167 (B3-01) · Réunion M2 DPEI;1;Effectif supérieur à la capacité de la salle dans EXP_SALLE : donnée à vérifier (capacité obsolète ou effectif cumulé). La séance est conservée telle quelle.
effectif EFFCALCU supérieur à la capacité de la salle;Salle de cours 167 (B3-01) · Statistiques 1;1;Effectif supérieur à la capacité de la salle dans EXP_SALLE : donnée à vérifier (capacité obsolète ou effectif cumulé). La séance est conservée telle quelle.
effectif EFFCALCU supérieur à la capacité de la salle;Salle de cours 167 (B3-01) · Statistiques avancées;1;Effectif supérieur à la capacité de la salle dans EXP_SALLE : donnée à vérifier (capacité obsolète ou effectif cumulé). La séance est conservée telle quelle.
effectif EFFCALCU supérieur à la capacité de la salle;Salle de cours 167 (B3-01) · Tutorat éco gestion (EEI);1;Effectif supérieur à la capacité de la salle dans EXP_SALLE : donnée à vérifier (capacité obsolète ou effectif cumulé). La séance est conservée telle quelle.
effectif EFFCALCU supérieur à la capacité de la salle;Salle de cours 167 (B3-01) · UE5 Gestion de projet RSE;1;Effectif supérieur à la capacité de la salle dans EXP_SALLE : donnée à vérifier (capacité obsolète ou effectif cumulé). La séance est conservée telle quelle.
effectif EFFCALCU supérieur à la capacité de la salle;Salle de cours 167 (B3-01) · UE8 Langue des affaires 3;2;Effectif supérieur à la capacité de la salle dans EXP_SALLE : donnée à vérifier (capacité obsolète ou effectif cumulé). La séance est conservée telle quelle.
effectif EFFCALCU supérieur à la capacité de la salle;Salle de cours 167 (B3-01) · XXXCOMPTA DES SOCIETES;8;Effectif supérieur à la capacité de la salle dans EXP_SALLE : donnée à vérifier (capacité obsolète ou effectif cumulé). La séance est conservée telle quelle.
effectif EFFCALCU supérieur à la capacité de la salle;Salle de cours 168 (B3-01) · 12 Intro. droit constit.;2;Effectif supérieur à la capacité de la salle dans EXP_SALLE : donnée à vérifier (capacité obsolète ou effectif cumulé). La séance est conservée telle quelle.
effectif EFFCALCU supérieur à la capacité de la salle;Salle de cours 168 (B3-01) · 2-1 Comptabilité;1;Effectif supérieur à la capacité de la salle dans EXP_SALLE : donnée à vérifier (capacité obsolète ou effectif cumulé). La séance est conservée telle quelle.
effectif EFFCALCU supérieur à la capacité de la salle;Salle de cours 168 (B3-01) · Anglais;1;Effectif supérieur à la capacité de la salle dans EXP_SALLE : donnée à vérifier (capacité obsolète ou effectif cumulé). La séance est conservée telle quelle.
effectif EFFCALCU supérieur à la capacité de la salle;Salle de cours 168 (B3-01) · Comptabilité;2;Effectif supérieur à la capacité de la salle dans EXP_SALLE : donnée à vérifier (capacité obsolète ou effectif cumulé). La séance est conservée telle quelle.
effectif EFFCALCU supérieur à la capacité de la salle;Salle de cours 168 (B3-01) · Compétences fondamentales;1;Effectif supérieur à la capacité de la salle dans EXP_SALLE : donnée à vérifier (capacité obsolète ou effectif cumulé). La séance est conservée telle quelle.
effectif EFFCALCU supérieur à la capacité de la salle;Salle de cours 168 (B3-01) · Droit des affaires (S3);2;Effectif supérieur à la capacité de la salle dans EXP_SALLE : donnée à vérifier (capacité obsolète ou effectif cumulé). La séance est conservée telle quelle.
effectif EFFCALCU supérieur à la capacité de la salle;Salle de cours 168 (B3-01) · Droit des obligations;7;Effectif supérieur à la capacité de la salle dans EXP_SALLE : donnée à vérifier (capacité obsolète ou effectif cumulé). La séance est conservée telle quelle.
effectif EFFCALCU supérieur à la capacité de la salle;Salle de cours 168 (B3-01) · LV Anglais (DEGI2 - EEI);9;Effectif supérieur à la capacité de la salle dans EXP_SALLE : donnée à vérifier (capacité obsolète ou effectif cumulé). La séance est conservée telle quelle.
effectif EFFCALCU supérieur à la capacité de la salle;Salle de cours 168 (B3-01) · LV espagnol (DEGI2 - EEI);6;Effectif supérieur à la capacité de la salle dans EXP_SALLE : donnée à vérifier (capacité obsolète ou effectif cumulé). La séance est conservée telle quelle.
effectif EFFCALCU supérieur à la capacité de la salle;Salle de cours 168 (B3-01) · Mathématiques 1;6;Effectif supérieur à la capacité de la salle dans EXP_SALLE : donnée à vérifier (capacité obsolète ou effectif cumulé). La séance est conservée telle quelle.
effectif EFFCALCU supérieur à la capacité de la salle;Salle de cours 168 (B3-01) · Révisions M2 DPEI;2;Effectif supérieur à la capacité de la salle dans EXP_SALLE : donnée à vérifier (capacité obsolète ou effectif cumulé). La séance est conservée telle quelle.
effectif EFFCALCU supérieur à la capacité de la salle;Salle de cours 168 (B3-01) · Statistiques 1;2;Effectif supérieur à la capacité de la salle dans EXP_SALLE : donnée à vérifier (capacité obsolète ou effectif cumulé). La séance est conservée telle quelle.
effectif EFFCALCU supérieur à la capacité de la salle;Salle de cours 168 (B3-01) · TUTORAT L1 Droit EEI;6;Effectif supérieur à la capacité de la salle dans EXP_SALLE : donnée à vérifier (capacité obsolète ou effectif cumulé). La séance est conservée telle quelle.
effectif EFFCALCU supérieur à la capacité de la salle;Salle de cours 168 (B3-01) · UE1 Stratégie orga;2;Effectif supérieur à la capacité de la salle dans EXP_SALLE : donnée à vérifier (capacité obsolète ou effectif cumulé). La séance est conservée telle quelle.
effectif EFFCALCU supérieur à la capacité de la salle;Salle de cours 168 (B3-01) · UE2 GRH et QVT 1;4;Effectif supérieur à la capacité de la salle dans EXP_SALLE : donnée à vérifier (capacité obsolète ou effectif cumulé). La séance est conservée telle quelle.
effectif EFFCALCU supérieur à la capacité de la salle;Salle de cours 168 (B3-01) · UE3 Gestion;1;Effectif supérieur à la capacité de la salle dans EXP_SALLE : donnée à vérifier (capacité obsolète ou effectif cumulé). La séance est conservée telle quelle.
effectif EFFCALCU supérieur à la capacité de la salle;Salle de cours 168 (B3-01) · UE7 Statistiques;2;Effectif supérieur à la capacité de la salle dans EXP_SALLE : donnée à vérifier (capacité obsolète ou effectif cumulé). La séance est conservée telle quelle.
effectif EFFCALCU supérieur à la capacité de la salle;Salle de cours 168 (B3-01) · UE8 Langue des affaires 3;1;Effectif supérieur à la capacité de la salle dans EXP_SALLE : donnée à vérifier (capacité obsolète ou effectif cumulé). La séance est conservée telle quelle.
effectif EFFCALCU supérieur à la capacité de la salle;Salle de cours 168 (B3-01) · XXX Travaux personnels;1;Effectif supérieur à la capacité de la salle dans EXP_SALLE : donnée à vérifier (capacité obsolète ou effectif cumulé). La séance est conservée telle quelle.
effectif EFFCALCU supérieur à la capacité de la salle;Salle de cours 168 (B3-01) · xxxMaths Heures SPACE;2;Effectif supérieur à la capacité de la salle dans EXP_SALLE : donnée à vérifier (capacité obsolète ou effectif cumulé). La séance est conservée telle quelle.
effectif EFFCALCU supérieur à la capacité de la salle;Salle de cours 20 (LET-01) · Accueil M2 FLE;1;Effectif supérieur à la capacité de la salle dans EXP_SALLE : donnée à vérifier (capacité obsolète ou effectif cumulé). La séance est conservée telle quelle.
effectif EFFCALCU supérieur à la capacité de la salle;Salle de cours 20 (LET-01) · Civi pays angl S6;1;Effectif supérieur à la capacité de la salle dans EXP_SALLE : donnée à vérifier (capacité obsolète ou effectif cumulé). La séance est conservée telle quelle.
effectif EFFCALCU supérieur à la capacité de la salle;Salle de cours 20 (LET-01) · Engagements étudiants;1;Effectif supérieur à la capacité de la salle dans EXP_SALLE : donnée à vérifier (capacité obsolète ou effectif cumulé). La séance est conservée telle quelle.
effectif EFFCALCU supérieur à la capacité de la salle;Salle de cours 20 (LET-01) · Enquête de terrain 2;1;Effectif supérieur à la capacité de la salle dans EXP_SALLE : donnée à vérifier (capacité obsolète ou effectif cumulé). La séance est conservée telle quelle.
effectif EFFCALCU supérieur à la capacité de la salle;Salle de cours 20 (LET-01) · Histoire sociologie;2;Effectif supérieur à la capacité de la salle dans EXP_SALLE : donnée à vérifier (capacité obsolète ou effectif cumulé). La séance est conservée telle quelle.
effectif EFFCALCU supérieur à la capacité de la salle;Salle de cours 20 (LET-01) · Informations et médias;1;Effectif supérieur à la capacité de la salle dans EXP_SALLE : donnée à vérifier (capacité obsolète ou effectif cumulé). La séance est conservée telle quelle.
effectif EFFCALCU supérieur à la capacité de la salle;Salle de cours 20 (LET-01) · Mathématiques S5;1;Effectif supérieur à la capacité de la salle dans EXP_SALLE : donnée à vérifier (capacité obsolète ou effectif cumulé). La séance est conservée telle quelle.
effectif EFFCALCU supérieur à la capacité de la salle;Salle de cours 20 (LET-01) · Méthodo universitaire;1;Effectif supérieur à la capacité de la salle dans EXP_SALLE : donnée à vérifier (capacité obsolète ou effectif cumulé). La séance est conservée telle quelle.
effectif EFFCALCU supérieur à la capacité de la salle;Salle de cours 20 (LET-01) · Sociologie du corps;1;Effectif supérieur à la capacité de la salle dans EXP_SALLE : donnée à vérifier (capacité obsolète ou effectif cumulé). La séance est conservée telle quelle.
effectif EFFCALCU supérieur à la capacité de la salle;Salle de cours 203 (LET-01) · 1 Ateliers de recherche;1;Effectif supérieur à la capacité de la salle dans EXP_SALLE : donnée à vérifier (capacité obsolète ou effectif cumulé). La séance est conservée telle quelle.
effectif EFFCALCU supérieur à la capacité de la salle;Salle de cours 203 (LET-01) · 1 Diagnostic territoire;1;Effectif supérieur à la capacité de la salle dans EXP_SALLE : donnée à vérifier (capacité obsolète ou effectif cumulé). La séance est conservée telle quelle.
effectif EFFCALCU supérieur à la capacité de la salle;Salle de cours 203 (LET-01) · 1 Hist relation soc/natur;3;Effectif supérieur à la capacité de la salle dans EXP_SALLE : donnée à vérifier (capacité obsolète ou effectif cumulé). La séance est conservée telle quelle.
effectif EFFCALCU supérieur à la capacité de la salle;Salle de cours 203 (LET-01) · 1 Préparation au stage;1;Effectif supérieur à la capacité de la salle dans EXP_SALLE : donnée à vérifier (capacité obsolète ou effectif cumulé). La séance est conservée telle quelle.
effectif EFFCALCU supérieur à la capacité de la salle;Salle de cours 203 (LET-01) · 1 Risque, envir, amenagem;1;Effectif supérieur à la capacité de la salle dans EXP_SALLE : donnée à vérifier (capacité obsolète ou effectif cumulé). La séance est conservée telle quelle.
effectif EFFCALCU supérieur à la capacité de la salle;Salle de cours 203 (LET-01) · 2 Collectivités territori;1;Effectif supérieur à la capacité de la salle dans EXP_SALLE : donnée à vérifier (capacité obsolète ou effectif cumulé). La séance est conservée telle quelle.
effectif EFFCALCU supérieur à la capacité de la salle;Salle de cours 203 (LET-01) · 2 Ecrits et propos;4;Effectif supérieur à la capacité de la salle dans EXP_SALLE : donnée à vérifier (capacité obsolète ou effectif cumulé). La séance est conservée telle quelle.
effectif EFFCALCU supérieur à la capacité de la salle;Salle de cours 203 (LET-01) · 2 Montage Projet vidéo;3;Effectif supérieur à la capacité de la salle dans EXP_SALLE : donnée à vérifier (capacité obsolète ou effectif cumulé). La séance est conservée telle quelle.
effectif EFFCALCU supérieur à la capacité de la salle;Salle de cours 203 (LET-01) · 2 Nouvelles attentes;1;Effectif supérieur à la capacité de la salle dans EXP_SALLE : donnée à vérifier (capacité obsolète ou effectif cumulé). La séance est conservée telle quelle.
effectif EFFCALCU supérieur à la capacité de la salle;Salle de cours 203 (LET-01) · 2 Pré-Mémoire;1;Effectif supérieur à la capacité de la salle dans EXP_SALLE : donnée à vérifier (capacité obsolète ou effectif cumulé). La séance est conservée telle quelle.
effectif EFFCALCU supérieur à la capacité de la salle;Salle de cours 203 (LET-01) · 3 Conception & gestion;1;Effectif supérieur à la capacité de la salle dans EXP_SALLE : donnée à vérifier (capacité obsolète ou effectif cumulé). La séance est conservée telle quelle.
effectif EFFCALCU supérieur à la capacité de la salle;Salle de cours 203 (LET-01) · Construction savoirs;1;Effectif supérieur à la capacité de la salle dans EXP_SALLE : donnée à vérifier (capacité obsolète ou effectif cumulé). La séance est conservée telle quelle.
effectif EFFCALCU supérieur à la capacité de la salle;Salle de cours 203 (LET-01) · Tutorat L1;2;Effectif supérieur à la capacité de la salle dans EXP_SALLE : donnée à vérifier (capacité obsolète ou effectif cumulé). La séance est conservée telle quelle.
effectif EFFCALCU supérieur à la capacité de la salle;Salle de cours 204 (LET-01) · 1 Archéologie;2;Effectif supérieur à la capacité de la salle dans EXP_SALLE : donnée à vérifier (capacité obsolète ou effectif cumulé). La séance est conservée telle quelle.
effectif EFFCALCU supérieur à la capacité de la salle;Salle de cours 204 (LET-01) · 1 Initiation à la langue;4;Effectif supérieur à la capacité de la salle dans EXP_SALLE : donnée à vérifier (capacité obsolète ou effectif cumulé). La séance est conservée telle quelle.
effectif EFFCALCU supérieur à la capacité de la salle;Salle de cours 204 (LET-01) · 2 Collecte analyse donnée;1;Effectif supérieur à la capacité de la salle dans EXP_SALLE : donnée à vérifier (capacité obsolète ou effectif cumulé). La séance est conservée telle quelle.
effectif EFFCALCU supérieur à la capacité de la salle;Salle de cours 204 (LET-01) · 2 Collectivités territori;1;Effectif supérieur à la capacité de la salle dans EXP_SALLE : donnée à vérifier (capacité obsolète ou effectif cumulé). La séance est conservée telle quelle.
effectif EFFCALCU supérieur à la capacité de la salle;Salle de cours 204 (LET-01) · 2 Initiation langue lat;9;Effectif supérieur à la capacité de la salle dans EXP_SALLE : donnée à vérifier (capacité obsolète ou effectif cumulé). La séance est conservée telle quelle.
effectif EFFCALCU supérieur à la capacité de la salle;Salle de cours 204 (LET-01) · Espagnol L1 LLSH S1;1;Effectif supérieur à la capacité de la salle dans EXP_SALLE : donnée à vérifier (capacité obsolète ou effectif cumulé). La séance est conservée telle quelle.
effectif EFFCALCU supérieur à la capacité de la salle;Salle de cours 204 (LET-01) · Géographie & aménagement;1;Effectif supérieur à la capacité de la salle dans EXP_SALLE : donnée à vérifier (capacité obsolète ou effectif cumulé). La séance est conservée telle quelle.
effectif EFFCALCU supérieur à la capacité de la salle;Salle de cours 204 (LET-01) · Langue litté et civ lat 1;7;Effectif supérieur à la capacité de la salle dans EXP_SALLE : donnée à vérifier (capacité obsolète ou effectif cumulé). La séance est conservée telle quelle.
effectif EFFCALCU supérieur à la capacité de la salle;Salle de cours 204 (LET-01) · Sources iconographiques;1;Effectif supérieur à la capacité de la salle dans EXP_SALLE : donnée à vérifier (capacité obsolète ou effectif cumulé). La séance est conservée telle quelle.
effectif EFFCALCU supérieur à la capacité de la salle;Salle de cours 204 (LET-01) · UE2EC2 Picasso au miroir litt;1;Effectif supérieur à la capacité de la salle dans EXP_SALLE : donnée à vérifier (capacité obsolète ou effectif cumulé). La séance est conservée telle quelle.
effectif EFFCALCU supérieur à la capacité de la salle;Salle de cours 204 (LET-01) · UE2EC4 Forme mémoire en BD;12;Effectif supérieur à la capacité de la salle dans EXP_SALLE : donnée à vérifier (capacité obsolète ou effectif cumulé). La séance est conservée telle quelle.
effectif EFFCALCU supérieur à la capacité de la salle;Salle de cours 204 (LET-01) · XXX-Tutorat_L1 Socio;1;Effectif supérieur à la capacité de la salle dans EXP_SALLE : donnée à vérifier (capacité obsolète ou effectif cumulé). La séance est conservée telle quelle.
effectif EFFCALCU supérieur à la capacité de la salle;Salle de cours 21 (B2-00) · 1-1 Economie 1;1;Effectif supérieur à la capacité de la salle dans EXP_SALLE : donnée à vérifier (capacité obsolète ou effectif cumulé). La séance est conservée telle quelle.
effectif EFFCALCU supérieur à la capacité de la salle;Salle de cours 21 (B2-00) · 12 Intro. droit constit.;8;Effectif supérieur à la capacité de la salle dans EXP_SALLE : donnée à vérifier (capacité obsolète ou effectif cumulé). La séance est conservée telle quelle.
effectif EFFCALCU supérieur à la capacité de la salle;Salle de cours 21 (B2-00) · 21 Droit de la famille;17;Effectif supérieur à la capacité de la salle dans EXP_SALLE : donnée à vérifier (capacité obsolète ou effectif cumulé). La séance est conservée telle quelle.
effectif EFFCALCU supérieur à la capacité de la salle;Salle de cours 21 (B2-00) · 22 Droit constit.;24;Effectif supérieur à la capacité de la salle dans EXP_SALLE : donnée à vérifier (capacité obsolète ou effectif cumulé). La séance est conservée telle quelle.
effectif EFFCALCU supérieur à la capacité de la salle;Salle de cours 21 (B2-00) · 32 Droit administ.;2;Effectif supérieur à la capacité de la salle dans EXP_SALLE : donnée à vérifier (capacité obsolète ou effectif cumulé). La séance est conservée telle quelle.
effectif EFFCALCU supérieur à la capacité de la salle;Salle de cours 21 (B2-00) · Anglais;5;Effectif supérieur à la capacité de la salle dans EXP_SALLE : donnée à vérifier (capacité obsolète ou effectif cumulé). La séance est conservée telle quelle.
effectif EFFCALCU supérieur à la capacité de la salle;Salle de cours 21 (B2-00) · Atelier d'écriture;1;Effectif supérieur à la capacité de la salle dans EXP_SALLE : donnée à vérifier (capacité obsolète ou effectif cumulé). La séance est conservée telle quelle.
effectif EFFCALCU supérieur à la capacité de la salle;Salle de cours 21 (B2-00) · Comptabilité;2;Effectif supérieur à la capacité de la salle dans EXP_SALLE : donnée à vérifier (capacité obsolète ou effectif cumulé). La séance est conservée telle quelle.
effectif EFFCALCU supérieur à la capacité de la salle;Salle de cours 21 (B2-00) · Comptabilité analytique;3;Effectif supérieur à la capacité de la salle dans EXP_SALLE : donnée à vérifier (capacité obsolète ou effectif cumulé). La séance est conservée telle quelle.
effectif EFFCALCU supérieur à la capacité de la salle;Salle de cours 21 (B2-00) · Droit de la concurrence;1;Effectif supérieur à la capacité de la salle dans EXP_SALLE : donnée à vérifier (capacité obsolète ou effectif cumulé). La séance est conservée telle quelle.
effectif EFFCALCU supérieur à la capacité de la salle;Salle de cours 21 (B2-00) · Droit des obligations;4;Effectif supérieur à la capacité de la salle dans EXP_SALLE : donnée à vérifier (capacité obsolète ou effectif cumulé). La séance est conservée telle quelle.
effectif EFFCALCU supérieur à la capacité de la salle;Salle de cours 21 (B2-00) · Droit pénal (maj);3;Effectif supérieur à la capacité de la salle dans EXP_SALLE : donnée à vérifier (capacité obsolète ou effectif cumulé). La séance est conservée telle quelle.
effectif EFFCALCU supérieur à la capacité de la salle;Salle de cours 21 (B2-00) · Economie monétaire;8;Effectif supérieur à la capacité de la salle dans EXP_SALLE : donnée à vérifier (capacité obsolète ou effectif cumulé). La séance est conservée telle quelle.
effectif EFFCALCU supérieur à la capacité de la salle;Salle de cours 21 (B2-00) · English law 3;1;Effectif supérieur à la capacité de la salle dans EXP_SALLE : donnée à vérifier (capacité obsolète ou effectif cumulé). La séance est conservée telle quelle.
effectif EFFCALCU supérieur à la capacité de la salle;Salle de cours 21 (B2-00) · Espagnol;3;Effectif supérieur à la capacité de la salle dans EXP_SALLE : donnée à vérifier (capacité obsolète ou effectif cumulé). La séance est conservée telle quelle.
effectif EFFCALCU supérieur à la capacité de la salle;Salle de cours 21 (B2-00) · Espagnol (DT1 EEI);4;Effectif supérieur à la capacité de la salle dans EXP_SALLE : donnée à vérifier (capacité obsolète ou effectif cumulé). La séance est conservée telle quelle.
effectif EFFCALCU supérieur à la capacité de la salle;Salle de cours 21 (B2-00) · Gestion d'entreprise;2;Effectif supérieur à la capacité de la salle dans EXP_SALLE : donnée à vérifier (capacité obsolète ou effectif cumulé). La séance est conservée telle quelle.
effectif EFFCALCU supérieur à la capacité de la salle;Salle de cours 21 (B2-00) · Initiation au latin;1;Effectif supérieur à la capacité de la salle dans EXP_SALLE : donnée à vérifier (capacité obsolète ou effectif cumulé). La séance est conservée telle quelle.
effectif EFFCALCU supérieur à la capacité de la salle;Salle de cours 21 (B2-00) · Initiation comptabilité;2;Effectif supérieur à la capacité de la salle dans EXP_SALLE : donnée à vérifier (capacité obsolète ou effectif cumulé). La séance est conservée telle quelle.
effectif EFFCALCU supérieur à la capacité de la salle;Salle de cours 21 (B2-00) · Legal Systems;4;Effectif supérieur à la capacité de la salle dans EXP_SALLE : donnée à vérifier (capacité obsolète ou effectif cumulé). La séance est conservée telle quelle.
effectif EFFCALCU supérieur à la capacité de la salle;Salle de cours 21 (B2-00) · Macro-économie 1;10;Effectif supérieur à la capacité de la salle dans EXP_SALLE : donnée à vérifier (capacité obsolète ou effectif cumulé). La séance est conservée telle quelle.
effectif EFFCALCU supérieur à la capacité de la salle;Salle de cours 21 (B2-00) · Marketing 2;6;Effectif supérieur à la capacité de la salle dans EXP_SALLE : donnée à vérifier (capacité obsolète ou effectif cumulé). La séance est conservée telle quelle.
effectif EFFCALCU supérieur à la capacité de la salle;Salle de cours 21 (B2-00) · Mathématiques 1;11;Effectif supérieur à la capacité de la salle dans EXP_SALLE : donnée à vérifier (capacité obsolète ou effectif cumulé). La séance est conservée telle quelle.
effectif EFFCALCU supérieur à la capacité de la salle;Salle de cours 21 (B2-00) · Micro-économie 1;2;Effectif supérieur à la capacité de la salle dans EXP_SALLE : donnée à vérifier (capacité obsolète ou effectif cumulé). La séance est conservée telle quelle.
effectif EFFCALCU supérieur à la capacité de la salle;Salle de cours 21 (B2-00) · Oraux de Littérature française;3;Effectif supérieur à la capacité de la salle dans EXP_SALLE : donnée à vérifier (capacité obsolète ou effectif cumulé). La séance est conservée telle quelle.
effectif EFFCALCU supérieur à la capacité de la salle;Salle de cours 21 (B2-00) · Pratique de la langue ang;1;Effectif supérieur à la capacité de la salle dans EXP_SALLE : donnée à vérifier (capacité obsolète ou effectif cumulé). La séance est conservée telle quelle.
effectif EFFCALCU supérieur à la capacité de la salle;Salle de cours 21 (B2-00) · Prépro. 2 Enseignement;1;Effectif supérieur à la capacité de la salle dans EXP_SALLE : donnée à vérifier (capacité obsolète ou effectif cumulé). La séance est conservée telle quelle.
effectif EFFCALCU supérieur à la capacité de la salle;Salle de cours 21 (B2-00) · Statistiques 1;4;Effectif supérieur à la capacité de la salle dans EXP_SALLE : donnée à vérifier (capacité obsolète ou effectif cumulé). La séance est conservée telle quelle.
effectif EFFCALCU supérieur à la capacité de la salle;Salle de cours 21 (B2-00) · Statistiques 2;2;Effectif supérieur à la capacité de la salle dans EXP_SALLE : donnée à vérifier (capacité obsolète ou effectif cumulé). La séance est conservée telle quelle.
effectif EFFCALCU supérieur à la capacité de la salle;Salle de cours 21 (B2-00) · TUTORAT L1 Droit EEI;1;Effectif supérieur à la capacité de la salle dans EXP_SALLE : donnée à vérifier (capacité obsolète ou effectif cumulé). La séance est conservée telle quelle.
effectif EFFCALCU supérieur à la capacité de la salle;Salle de cours 21 (B2-00) · Tutorat Lettres;6;Effectif supérieur à la capacité de la salle dans EXP_SALLE : donnée à vérifier (capacité obsolète ou effectif cumulé). La séance est conservée telle quelle.
effectif EFFCALCU supérieur à la capacité de la salle;Salle de cours 21 (B2-00) · Tutorat éco gestion (EEI);1;Effectif supérieur à la capacité de la salle dans EXP_SALLE : donnée à vérifier (capacité obsolète ou effectif cumulé). La séance est conservée telle quelle.
effectif EFFCALCU supérieur à la capacité de la salle;Salle de cours 21 (B2-00) · XXX-OPE- EVENEMENT BDE;1;Effectif supérieur à la capacité de la salle dans EXP_SALLE : donnée à vérifier (capacité obsolète ou effectif cumulé). La séance est conservée telle quelle.
effectif EFFCALCU supérieur à la capacité de la salle;Salle de cours 21 (B2-00) · XXXCOMPTA DES SOCIETES;1;Effectif supérieur à la capacité de la salle dans EXP_SALLE : donnée à vérifier (capacité obsolète ou effectif cumulé). La séance est conservée telle quelle.
effectif EFFCALCU supérieur à la capacité de la salle;Salle de cours 21 (B2-00) · xxx anglais DEGI1;8;Effectif supérieur à la capacité de la salle dans EXP_SALLE : donnée à vérifier (capacité obsolète ou effectif cumulé). La séance est conservée telle quelle.
effectif EFFCALCU supérieur à la capacité de la salle;Salle de cours 21 (B2-00) · xxxEspagnol DEGI 1;6;Effectif supérieur à la capacité de la salle dans EXP_SALLE : donnée à vérifier (capacité obsolète ou effectif cumulé). La séance est conservée telle quelle.
effectif EFFCALCU supérieur à la capacité de la salle;Salle de cours 21 (LET-01) · 1 Atelier d'écriture;1;Effectif supérieur à la capacité de la salle dans EXP_SALLE : donnée à vérifier (capacité obsolète ou effectif cumulé). La séance est conservée telle quelle.
effectif EFFCALCU supérieur à la capacité de la salle;Salle de cours 21 (LET-01) · 1 Transition changement;5;Effectif supérieur à la capacité de la salle dans EXP_SALLE : donnée à vérifier (capacité obsolète ou effectif cumulé). La séance est conservée telle quelle.
effectif EFFCALCU supérieur à la capacité de la salle;Salle de cours 21 (LET-01) · 18 - Ges proj cult 2;1;Effectif supérieur à la capacité de la salle dans EXP_SALLE : donnée à vérifier (capacité obsolète ou effectif cumulé). La séance est conservée telle quelle.
effectif EFFCALCU supérieur à la capacité de la salle;Salle de cours 21 (LET-01) · 2 Transition et changemen;6;Effectif supérieur à la capacité de la salle dans EXP_SALLE : donnée à vérifier (capacité obsolète ou effectif cumulé). La séance est conservée telle quelle.
effectif EFFCALCU supérieur à la capacité de la salle;Salle de cours 21 (LET-01) · Histoire sociologie;2;Effectif supérieur à la capacité de la salle dans EXP_SALLE : donnée à vérifier (capacité obsolète ou effectif cumulé). La séance est conservée telle quelle.
effectif EFFCALCU supérieur à la capacité de la salle;Salle de cours 21 (LET-01) · Informations et médias;1;Effectif supérieur à la capacité de la salle dans EXP_SALLE : donnée à vérifier (capacité obsolète ou effectif cumulé). La séance est conservée telle quelle.
effectif EFFCALCU supérieur à la capacité de la salle;Salle de cours 21 (LET-01) · Intro à la géographie-TD;1;Effectif supérieur à la capacité de la salle dans EXP_SALLE : donnée à vérifier (capacité obsolète ou effectif cumulé). La séance est conservée telle quelle.
effectif EFFCALCU supérieur à la capacité de la salle;Salle de cours 21 (LET-01) · Mathématiques S5;1;Effectif supérieur à la capacité de la salle dans EXP_SALLE : donnée à vérifier (capacité obsolète ou effectif cumulé). La séance est conservée telle quelle.
effectif EFFCALCU supérieur à la capacité de la salle;Salle de cours 21 (LET-01) · Tutorat L1;1;Effectif supérieur à la capacité de la salle dans EXP_SALLE : donnée à vérifier (capacité obsolète ou effectif cumulé). La séance est conservée telle quelle.
effectif EFFCALCU supérieur à la capacité de la salle;Salle de cours 21 (LET-01) · XXX- TUTORAT HIST. ART;1;Effectif supérieur à la capacité de la salle dans EXP_SALLE : donnée à vérifier (capacité obsolète ou effectif cumulé). La séance est conservée telle quelle.
effectif EFFCALCU supérieur à la capacité de la salle;Salle de cours 21 (LET-01) · XXX-Tutorat_L1 Socio;2;Effectif supérieur à la capacité de la salle dans EXP_SALLE : donnée à vérifier (capacité obsolète ou effectif cumulé). La séance est conservée telle quelle.
effectif EFFCALCU supérieur à la capacité de la salle;Salle de cours 212 (LET-01) · Art en Europe au XVe s;19;Effectif supérieur à la capacité de la salle dans EXP_SALLE : donnée à vérifier (capacité obsolète ou effectif cumulé). La séance est conservée telle quelle.
effectif EFFCALCU supérieur à la capacité de la salle;Salle de cours 212 (LET-01) · Engagements étudiants;1;Effectif supérieur à la capacité de la salle dans EXP_SALLE : donnée à vérifier (capacité obsolète ou effectif cumulé). La séance est conservée telle quelle.
effectif EFFCALCU supérieur à la capacité de la salle;Salle de cours 212 (LET-01) · Enquête de terrain 2;1;Effectif supérieur à la capacité de la salle dans EXP_SALLE : donnée à vérifier (capacité obsolète ou effectif cumulé). La séance est conservée telle quelle.
effectif EFFCALCU supérieur à la capacité de la salle;Salle de cours 212 (LET-01) · Histoire contemporaine;1;Effectif supérieur à la capacité de la salle dans EXP_SALLE : donnée à vérifier (capacité obsolète ou effectif cumulé). La séance est conservée telle quelle.
effectif EFFCALCU supérieur à la capacité de la salle;Salle de cours 212 (LET-01) · Méthodo universitaire;8;Effectif supérieur à la capacité de la salle dans EXP_SALLE : donnée à vérifier (capacité obsolète ou effectif cumulé). La séance est conservée telle quelle.
effectif EFFCALCU supérieur à la capacité de la salle;Salle de cours 212 (LET-01) · Peinture en France XIXe;22;Effectif supérieur à la capacité de la salle dans EXP_SALLE : donnée à vérifier (capacité obsolète ou effectif cumulé). La séance est conservée telle quelle.
effectif EFFCALCU supérieur à la capacité de la salle;Salle de cours 217 (LET-01) · 1 Sémin Histoire/Anthropo;1;Effectif supérieur à la capacité de la salle dans EXP_SALLE : donnée à vérifier (capacité obsolète ou effectif cumulé). La séance est conservée telle quelle.
effectif EFFCALCU supérieur à la capacité de la salle;Salle de cours 217 (LET-01) · Anglais L1 DEG S2;2;Effectif supérieur à la capacité de la salle dans EXP_SALLE : donnée à vérifier (capacité obsolète ou effectif cumulé). La séance est conservée telle quelle.
effectif EFFCALCU supérieur à la capacité de la salle;Salle de cours 217 (LET-01) · CCCE Géographie;1;Effectif supérieur à la capacité de la salle dans EXP_SALLE : donnée à vérifier (capacité obsolète ou effectif cumulé). La séance est conservée telle quelle.
effectif EFFCALCU supérieur à la capacité de la salle;Salle de cours 217 (LET-01) · Géographie & aménagement;1;Effectif supérieur à la capacité de la salle dans EXP_SALLE : donnée à vérifier (capacité obsolète ou effectif cumulé). La séance est conservée telle quelle.
effectif EFFCALCU supérieur à la capacité de la salle;Salle de cours 217 (LET-01) · Réservation de salles;1;Effectif supérieur à la capacité de la salle dans EXP_SALLE : donnée à vérifier (capacité obsolète ou effectif cumulé). La séance est conservée telle quelle.
effectif EFFCALCU supérieur à la capacité de la salle;Salle de cours 217 (LET-01) · XXX-Entretiens_individuels;1;Effectif supérieur à la capacité de la salle dans EXP_SALLE : donnée à vérifier (capacité obsolète ou effectif cumulé). La séance est conservée telle quelle.
effectif EFFCALCU supérieur à la capacité de la salle;Salle de cours 217 (LET-01) · XXX-Tutorat_L1 Socio;7;Effectif supérieur à la capacité de la salle dans EXP_SALLE : donnée à vérifier (capacité obsolète ou effectif cumulé). La séance est conservée telle quelle.
effectif EFFCALCU supérieur à la capacité de la salle;Salle de cours 22 (B2-00) · 11 Intro. droit civil;9;Effectif supérieur à la capacité de la salle dans EXP_SALLE : donnée à vérifier (capacité obsolète ou effectif cumulé). La séance est conservée telle quelle.
effectif EFFCALCU supérieur à la capacité de la salle;Salle de cours 22 (B2-00) · 12 Intro. droit constit.;5;Effectif supérieur à la capacité de la salle dans EXP_SALLE : donnée à vérifier (capacité obsolète ou effectif cumulé). La séance est conservée telle quelle.
effectif EFFCALCU supérieur à la capacité de la salle;Salle de cours 22 (B2-00) · 2-1 Comptabilité;1;Effectif supérieur à la capacité de la salle dans EXP_SALLE : donnée à vérifier (capacité obsolète ou effectif cumulé). La séance est conservée telle quelle.
effectif EFFCALCU supérieur à la capacité de la salle;Salle de cours 22 (B2-00) · 21 Droit de la famille;1;Effectif supérieur à la capacité de la salle dans EXP_SALLE : donnée à vérifier (capacité obsolète ou effectif cumulé). La séance est conservée telle quelle.
effectif EFFCALCU supérieur à la capacité de la salle;Salle de cours 22 (B2-00) · 32 Droit administ.;6;Effectif supérieur à la capacité de la salle dans EXP_SALLE : donnée à vérifier (capacité obsolète ou effectif cumulé). La séance est conservée telle quelle.
effectif EFFCALCU supérieur à la capacité de la salle;Salle de cours 22 (B2-00) · 42 Droit administratif;16;Effectif supérieur à la capacité de la salle dans EXP_SALLE : donnée à vérifier (capacité obsolète ou effectif cumulé). La séance est conservée telle quelle.
effectif EFFCALCU supérieur à la capacité de la salle;Salle de cours 22 (B2-00) · ALLEMAND (Collège EEI);4;Effectif supérieur à la capacité de la salle dans EXP_SALLE : donnée à vérifier (capacité obsolète ou effectif cumulé). La séance est conservée telle quelle.
effectif EFFCALCU supérieur à la capacité de la salle;Salle de cours 22 (B2-00) · Anglais;16;Effectif supérieur à la capacité de la salle dans EXP_SALLE : donnée à vérifier (capacité obsolète ou effectif cumulé). La séance est conservée telle quelle.
effectif EFFCALCU supérieur à la capacité de la salle;Salle de cours 22 (B2-00) · Anglais (DT2 EEI);2;Effectif supérieur à la capacité de la salle dans EXP_SALLE : donnée à vérifier (capacité obsolète ou effectif cumulé). La séance est conservée telle quelle.
effectif EFFCALCU supérieur à la capacité de la salle;Salle de cours 22 (B2-00) · Anglais (DT3 EEI);13;Effectif supérieur à la capacité de la salle dans EXP_SALLE : donnée à vérifier (capacité obsolète ou effectif cumulé). La séance est conservée telle quelle.
effectif EFFCALCU supérieur à la capacité de la salle;Salle de cours 22 (B2-00) · Anglais des affaires;2;Effectif supérieur à la capacité de la salle dans EXP_SALLE : donnée à vérifier (capacité obsolète ou effectif cumulé). La séance est conservée telle quelle.
effectif EFFCALCU supérieur à la capacité de la salle;Salle de cours 22 (B2-00) · Approche pluridiscip.;1;Effectif supérieur à la capacité de la salle dans EXP_SALLE : donnée à vérifier (capacité obsolète ou effectif cumulé). La séance est conservée telle quelle.
effectif EFFCALCU supérieur à la capacité de la salle;Salle de cours 22 (B2-00) · Comm. écrite & orale;1;Effectif supérieur à la capacité de la salle dans EXP_SALLE : donnée à vérifier (capacité obsolète ou effectif cumulé). La séance est conservée telle quelle.
effectif EFFCALCU supérieur à la capacité de la salle;Salle de cours 22 (B2-00) · Comptabilité;2;Effectif supérieur à la capacité de la salle dans EXP_SALLE : donnée à vérifier (capacité obsolète ou effectif cumulé). La séance est conservée telle quelle.
effectif EFFCALCU supérieur à la capacité de la salle;Salle de cours 22 (B2-00) · Compétences fondamentales;7;Effectif supérieur à la capacité de la salle dans EXP_SALLE : donnée à vérifier (capacité obsolète ou effectif cumulé). La séance est conservée telle quelle.
effectif EFFCALCU supérieur à la capacité de la salle;Salle de cours 22 (B2-00) · Contentieux droit;1;Effectif supérieur à la capacité de la salle dans EXP_SALLE : donnée à vérifier (capacité obsolète ou effectif cumulé). La séance est conservée telle quelle.
effectif EFFCALCU supérieur à la capacité de la salle;Salle de cours 22 (B2-00) · Droit de l'environnement;2;Effectif supérieur à la capacité de la salle dans EXP_SALLE : donnée à vérifier (capacité obsolète ou effectif cumulé). La séance est conservée telle quelle.
effectif EFFCALCU supérieur à la capacité de la salle;Salle de cours 22 (B2-00) · Droit des affaires (maj);2;Effectif supérieur à la capacité de la salle dans EXP_SALLE : donnée à vérifier (capacité obsolète ou effectif cumulé). La séance est conservée telle quelle.
effectif EFFCALCU supérieur à la capacité de la salle;Salle de cours 22 (B2-00) · Droit des contrats spé.;4;Effectif supérieur à la capacité de la salle dans EXP_SALLE : donnée à vérifier (capacité obsolète ou effectif cumulé). La séance est conservée telle quelle.
effectif EFFCALCU supérieur à la capacité de la salle;Salle de cours 22 (B2-00) · Droit des obligations;6;Effectif supérieur à la capacité de la salle dans EXP_SALLE : donnée à vérifier (capacité obsolète ou effectif cumulé). La séance est conservée telle quelle.
effectif EFFCALCU supérieur à la capacité de la salle;Salle de cours 22 (B2-00) · Droit du travail CM S5;2;Effectif supérieur à la capacité de la salle dans EXP_SALLE : donnée à vérifier (capacité obsolète ou effectif cumulé). La séance est conservée telle quelle.
effectif EFFCALCU supérieur à la capacité de la salle;Salle de cours 22 (B2-00) · Droit du travail TD S6;2;Effectif supérieur à la capacité de la salle dans EXP_SALLE : donnée à vérifier (capacité obsolète ou effectif cumulé). La séance est conservée telle quelle.
effectif EFFCALCU supérieur à la capacité de la salle;Salle de cours 22 (B2-00) · Droit intern. pub. CM S6;1;Effectif supérieur à la capacité de la salle dans EXP_SALLE : donnée à vérifier (capacité obsolète ou effectif cumulé). La séance est conservée telle quelle.
effectif EFFCALCU supérieur à la capacité de la salle;Salle de cours 22 (B2-00) · Droit judiciaire privé CM;2;Effectif supérieur à la capacité de la salle dans EXP_SALLE : donnée à vérifier (capacité obsolète ou effectif cumulé). La séance est conservée telle quelle.
effectif EFFCALCU supérieur à la capacité de la salle;Salle de cours 22 (B2-00) · Droit pénal (maj);11;Effectif supérieur à la capacité de la salle dans EXP_SALLE : donnée à vérifier (capacité obsolète ou effectif cumulé). La séance est conservée telle quelle.
effectif EFFCALCU supérieur à la capacité de la salle;Salle de cours 22 (B2-00) · Drt pénal UE;1;Effectif supérieur à la capacité de la salle dans EXP_SALLE : donnée à vérifier (capacité obsolète ou effectif cumulé). La séance est conservée telle quelle.
effectif EFFCALCU supérieur à la capacité de la salle;Salle de cours 22 (B2-00) · Eco monétaire CM;1;Effectif supérieur à la capacité de la salle dans EXP_SALLE : donnée à vérifier (capacité obsolète ou effectif cumulé). La séance est conservée telle quelle.
effectif EFFCALCU supérieur à la capacité de la salle;Salle de cours 22 (B2-00) · Economie monétaire;2;Effectif supérieur à la capacité de la salle dans EXP_SALLE : donnée à vérifier (capacité obsolète ou effectif cumulé). La séance est conservée telle quelle.
effectif EFFCALCU supérieur à la capacité de la salle;Salle de cours 22 (B2-00) · Espagnol;15;Effectif supérieur à la capacité de la salle dans EXP_SALLE : donnée à vérifier (capacité obsolète ou effectif cumulé). La séance est conservée telle quelle.
effectif EFFCALCU supérieur à la capacité de la salle;Salle de cours 22 (B2-00) · Espagnol (DT1 EEI);10;Effectif supérieur à la capacité de la salle dans EXP_SALLE : donnée à vérifier (capacité obsolète ou effectif cumulé). La séance est conservée telle quelle.
effectif EFFCALCU supérieur à la capacité de la salle;Salle de cours 22 (B2-00) · Espagnol (DT2 EEI);10;Effectif supérieur à la capacité de la salle dans EXP_SALLE : donnée à vérifier (capacité obsolète ou effectif cumulé). La séance est conservée telle quelle.
effectif EFFCALCU supérieur à la capacité de la salle;Salle de cours 22 (B2-00) · Espagnol (DT3 EEI);9;Effectif supérieur à la capacité de la salle dans EXP_SALLE : donnée à vérifier (capacité obsolète ou effectif cumulé). La séance est conservée telle quelle.
effectif EFFCALCU supérieur à la capacité de la salle;Salle de cours 22 (B2-00) · Fondamentaux de droit;1;Effectif supérieur à la capacité de la salle dans EXP_SALLE : donnée à vérifier (capacité obsolète ou effectif cumulé). La séance est conservée telle quelle.
effectif EFFCALCU supérieur à la capacité de la salle;Salle de cours 22 (B2-00) · Macro-économie 1;4;Effectif supérieur à la capacité de la salle dans EXP_SALLE : donnée à vérifier (capacité obsolète ou effectif cumulé). La séance est conservée telle quelle.
effectif EFFCALCU supérieur à la capacité de la salle;Salle de cours 22 (B2-00) · Macro-économie 2;6;Effectif supérieur à la capacité de la salle dans EXP_SALLE : donnée à vérifier (capacité obsolète ou effectif cumulé). La séance est conservée telle quelle.
effectif EFFCALCU supérieur à la capacité de la salle;Salle de cours 22 (B2-00) · Marketing 1;1;Effectif supérieur à la capacité de la salle dans EXP_SALLE : donnée à vérifier (capacité obsolète ou effectif cumulé). La séance est conservée telle quelle.
effectif EFFCALCU supérieur à la capacité de la salle;Salle de cours 22 (B2-00) · Marketing 2;1;Effectif supérieur à la capacité de la salle dans EXP_SALLE : donnée à vérifier (capacité obsolète ou effectif cumulé). La séance est conservée telle quelle.
effectif EFFCALCU supérieur à la capacité de la salle;Salle de cours 22 (B2-00) · Mathématiques 1;4;Effectif supérieur à la capacité de la salle dans EXP_SALLE : donnée à vérifier (capacité obsolète ou effectif cumulé). La séance est conservée telle quelle.
effectif EFFCALCU supérieur à la capacité de la salle;Salle de cours 22 (B2-00) · Mathématiques 2;7;Effectif supérieur à la capacité de la salle dans EXP_SALLE : donnée à vérifier (capacité obsolète ou effectif cumulé). La séance est conservée telle quelle.
effectif EFFCALCU supérieur à la capacité de la salle;Salle de cours 22 (B2-00) · Mathématiques 3;6;Effectif supérieur à la capacité de la salle dans EXP_SALLE : donnée à vérifier (capacité obsolète ou effectif cumulé). La séance est conservée telle quelle.
effectif EFFCALCU supérieur à la capacité de la salle;Salle de cours 22 (B2-00) · Micro-économie 1;3;Effectif supérieur à la capacité de la salle dans EXP_SALLE : donnée à vérifier (capacité obsolète ou effectif cumulé). La séance est conservée telle quelle.
effectif EFFCALCU supérieur à la capacité de la salle;Salle de cours 22 (B2-00) · Micro-économie 2;4;Effectif supérieur à la capacité de la salle dans EXP_SALLE : donnée à vérifier (capacité obsolète ou effectif cumulé). La séance est conservée telle quelle.
effectif EFFCALCU supérieur à la capacité de la salle;Salle de cours 22 (B2-00) · MàN math. stat. info.;2;Effectif supérieur à la capacité de la salle dans EXP_SALLE : donnée à vérifier (capacité obsolète ou effectif cumulé). La séance est conservée telle quelle.
effectif EFFCALCU supérieur à la capacité de la salle;Salle de cours 22 (B2-00) · Oraux de Littérature française;3;Effectif supérieur à la capacité de la salle dans EXP_SALLE : donnée à vérifier (capacité obsolète ou effectif cumulé). La séance est conservée telle quelle.
effectif EFFCALCU supérieur à la capacité de la salle;Salle de cours 22 (B2-00) · Probabilités;3;Effectif supérieur à la capacité de la salle dans EXP_SALLE : donnée à vérifier (capacité obsolète ou effectif cumulé). La séance est conservée telle quelle.
effectif EFFCALCU supérieur à la capacité de la salle;Salle de cours 22 (B2-00) · Procédure pénale;2;Effectif supérieur à la capacité de la salle dans EXP_SALLE : donnée à vérifier (capacité obsolète ou effectif cumulé). La séance est conservée telle quelle.
effectif EFFCALCU supérieur à la capacité de la salle;Salle de cours 22 (B2-00) · Prépro. 2 Enseignement;1;Effectif supérieur à la capacité de la salle dans EXP_SALLE : donnée à vérifier (capacité obsolète ou effectif cumulé). La séance est conservée telle quelle.
effectif EFFCALCU supérieur à la capacité de la salle;Salle de cours 22 (B2-00) · Réunion M2 DPEI;1;Effectif supérieur à la capacité de la salle dans EXP_SALLE : donnée à vérifier (capacité obsolète ou effectif cumulé). La séance est conservée telle quelle.
effectif EFFCALCU supérieur à la capacité de la salle;Salle de cours 22 (B2-00) · Sociologie des orga.;1;Effectif supérieur à la capacité de la salle dans EXP_SALLE : donnée à vérifier (capacité obsolète ou effectif cumulé). La séance est conservée telle quelle.
effectif EFFCALCU supérieur à la capacité de la salle;Salle de cours 22 (B2-00) · Soutien math. stat. info.;3;Effectif supérieur à la capacité de la salle dans EXP_SALLE : donnée à vérifier (capacité obsolète ou effectif cumulé). La séance est conservée telle quelle.
effectif EFFCALCU supérieur à la capacité de la salle;Salle de cours 22 (B2-00) · Statistiques 1;2;Effectif supérieur à la capacité de la salle dans EXP_SALLE : donnée à vérifier (capacité obsolète ou effectif cumulé). La séance est conservée telle quelle.
effectif EFFCALCU supérieur à la capacité de la salle;Salle de cours 22 (B2-00) · Statistiques 2;18;Effectif supérieur à la capacité de la salle dans EXP_SALLE : donnée à vérifier (capacité obsolète ou effectif cumulé). La séance est conservée telle quelle.
effectif EFFCALCU supérieur à la capacité de la salle;Salle de cours 22 (B2-00) · TUTORAT L1 Droit EEI;5;Effectif supérieur à la capacité de la salle dans EXP_SALLE : donnée à vérifier (capacité obsolète ou effectif cumulé). La séance est conservée telle quelle.
effectif EFFCALCU supérieur à la capacité de la salle;Salle de cours 22 (B2-00) · Tutorat Lettres;6;Effectif supérieur à la capacité de la salle dans EXP_SALLE : donnée à vérifier (capacité obsolète ou effectif cumulé). La séance est conservée telle quelle.
effectif EFFCALCU supérieur à la capacité de la salle;Salle de cours 22 (B2-00) · XXX-OPE- EVENEMENT BDE;1;Effectif supérieur à la capacité de la salle dans EXP_SALLE : donnée à vérifier (capacité obsolète ou effectif cumulé). La séance est conservée telle quelle.
effectif EFFCALCU supérieur à la capacité de la salle;Salle de cours 22 (LET-01) · 1 Orientations strat;6;Effectif supérieur à la capacité de la salle dans EXP_SALLE : donnée à vérifier (capacité obsolète ou effectif cumulé). La séance est conservée telle quelle.
effectif EFFCALCU supérieur à la capacité de la salle;Salle de cours 22 (LET-01) · Anglais L1 LLSH S1;26;Effectif supérieur à la capacité de la salle dans EXP_SALLE : donnée à vérifier (capacité obsolète ou effectif cumulé). La séance est conservée telle quelle.
effectif EFFCALCU supérieur à la capacité de la salle;Salle de cours 22 (LET-01) · Anglais L2 LLSH S3;26;Effectif supérieur à la capacité de la salle dans EXP_SALLE : donnée à vérifier (capacité obsolète ou effectif cumulé). La séance est conservée telle quelle.
effectif EFFCALCU supérieur à la capacité de la salle;Salle de cours 22 (LET-01) · Enquête de terrain 1;1;Effectif supérieur à la capacité de la salle dans EXP_SALLE : donnée à vérifier (capacité obsolète ou effectif cumulé). La séance est conservée telle quelle.
effectif EFFCALCU supérieur à la capacité de la salle;Salle de cours 22 (LET-01) · Enquête de terrain 2;2;Effectif supérieur à la capacité de la salle dans EXP_SALLE : donnée à vérifier (capacité obsolète ou effectif cumulé). La séance est conservée telle quelle.
effectif EFFCALCU supérieur à la capacité de la salle;Salle de cours 22 (LET-01) · Espagnol L1 LLSH S2;10;Effectif supérieur à la capacité de la salle dans EXP_SALLE : donnée à vérifier (capacité obsolète ou effectif cumulé). La séance est conservée telle quelle.
effectif EFFCALCU supérieur à la capacité de la salle;Salle de cours 22 (LET-01) · Géographie & aménagement;1;Effectif supérieur à la capacité de la salle dans EXP_SALLE : donnée à vérifier (capacité obsolète ou effectif cumulé). La séance est conservée telle quelle.
effectif EFFCALCU supérieur à la capacité de la salle;Salle de cours 22 (LET-01) · Intro Sociologie S1;1;Effectif supérieur à la capacité de la salle dans EXP_SALLE : donnée à vérifier (capacité obsolète ou effectif cumulé). La séance est conservée telle quelle.
effectif EFFCALCU supérieur à la capacité de la salle;Salle de cours 22 (LET-01) · Intro géo TD;1;Effectif supérieur à la capacité de la salle dans EXP_SALLE : donnée à vérifier (capacité obsolète ou effectif cumulé). La séance est conservée telle quelle.
effectif EFFCALCU supérieur à la capacité de la salle;Salle de cours 22 (LET-01) · PEP'S 1;4;Effectif supérieur à la capacité de la salle dans EXP_SALLE : donnée à vérifier (capacité obsolète ou effectif cumulé). La séance est conservée telle quelle.
effectif EFFCALCU supérieur à la capacité de la salle;Salle de cours 22 (LET-01) · Sociologie de l'éducation;1;Effectif supérieur à la capacité de la salle dans EXP_SALLE : donnée à vérifier (capacité obsolète ou effectif cumulé). La séance est conservée telle quelle.
effectif EFFCALCU supérieur à la capacité de la salle;Salle de cours 22 (LET-01) · Sociologie du corps;1;Effectif supérieur à la capacité de la salle dans EXP_SALLE : donnée à vérifier (capacité obsolète ou effectif cumulé). La séance est conservée telle quelle.
effectif EFFCALCU supérieur à la capacité de la salle;Salle de cours 220 (LET-01) · Anglais L1 DEG S1;1;Effectif supérieur à la capacité de la salle dans EXP_SALLE : donnée à vérifier (capacité obsolète ou effectif cumulé). La séance est conservée telle quelle.
effectif EFFCALCU supérieur à la capacité de la salle;Salle de cours 220 (LET-01) · Anglais L1 DEG S2;1;Effectif supérieur à la capacité de la salle dans EXP_SALLE : donnée à vérifier (capacité obsolète ou effectif cumulé). La séance est conservée telle quelle.
effectif EFFCALCU supérieur à la capacité de la salle;Salle de cours 220 (LET-01) · Anglais L2 LLSH S4;31;Effectif supérieur à la capacité de la salle dans EXP_SALLE : donnée à vérifier (capacité obsolète ou effectif cumulé). La séance est conservée telle quelle.
effectif EFFCALCU supérieur à la capacité de la salle;Salle de cours 220 (LET-01) · Capacités rédactionnelles;1;Effectif supérieur à la capacité de la salle dans EXP_SALLE : donnée à vérifier (capacité obsolète ou effectif cumulé). La séance est conservée telle quelle.
effectif EFFCALCU supérieur à la capacité de la salle;Salle de cours 220 (LET-01) · Comp rédactionnelles;27;Effectif supérieur à la capacité de la salle dans EXP_SALLE : donnée à vérifier (capacité obsolète ou effectif cumulé). La séance est conservée telle quelle.
effectif EFFCALCU supérieur à la capacité de la salle;Salle de cours 220 (LET-01) · Espagnol L1 DEG S1;1;Effectif supérieur à la capacité de la salle dans EXP_SALLE : donnée à vérifier (capacité obsolète ou effectif cumulé). La séance est conservée telle quelle.
effectif EFFCALCU supérieur à la capacité de la salle;Salle de cours 220 (LET-01) · Histoire ancienne;11;Effectif supérieur à la capacité de la salle dans EXP_SALLE : donnée à vérifier (capacité obsolète ou effectif cumulé). La séance est conservée telle quelle.
effectif EFFCALCU supérieur à la capacité de la salle;Salle de cours 220 (LET-01) · Histoire de l'art S1;1;Effectif supérieur à la capacité de la salle dans EXP_SALLE : donnée à vérifier (capacité obsolète ou effectif cumulé). La séance est conservée telle quelle.
effectif EFFCALCU supérieur à la capacité de la salle;Salle de cours 220 (LET-01) · Histoire médiévale;9;Effectif supérieur à la capacité de la salle dans EXP_SALLE : donnée à vérifier (capacité obsolète ou effectif cumulé). La séance est conservée telle quelle.
effectif EFFCALCU supérieur à la capacité de la salle;Salle de cours 220 (LET-01) · PEP'S 1;11;Effectif supérieur à la capacité de la salle dans EXP_SALLE : donnée à vérifier (capacité obsolète ou effectif cumulé). La séance est conservée telle quelle.
effectif EFFCALCU supérieur à la capacité de la salle;Salle de cours 220 (LET-01) · XXX-Devoir Langue orale S4;1;Effectif supérieur à la capacité de la salle dans EXP_SALLE : donnée à vérifier (capacité obsolète ou effectif cumulé). La séance est conservée telle quelle.
effectif EFFCALCU supérieur à la capacité de la salle;Salle de cours 223 (LET-01) · Anglais L3 DEG S6;1;Effectif supérieur à la capacité de la salle dans EXP_SALLE : donnée à vérifier (capacité obsolète ou effectif cumulé). La séance est conservée telle quelle.
effectif EFFCALCU supérieur à la capacité de la salle;Salle de cours 223 (LET-01) · Civilisation S6;2;Effectif supérieur à la capacité de la salle dans EXP_SALLE : donnée à vérifier (capacité obsolète ou effectif cumulé). La séance est conservée telle quelle.
effectif EFFCALCU supérieur à la capacité de la salle;Salle de cours 223 (LET-01) · Enquête de terrain 2;5;Effectif supérieur à la capacité de la salle dans EXP_SALLE : donnée à vérifier (capacité obsolète ou effectif cumulé). La séance est conservée telle quelle.
effectif EFFCALCU supérieur à la capacité de la salle;Salle de cours 223 (LET-01) · Histoire sociologie;5;Effectif supérieur à la capacité de la salle dans EXP_SALLE : donnée à vérifier (capacité obsolète ou effectif cumulé). La séance est conservée telle quelle.
effectif EFFCALCU supérieur à la capacité de la salle;Salle de cours 223 (LET-01) · Informations et médias;1;Effectif supérieur à la capacité de la salle dans EXP_SALLE : donnée à vérifier (capacité obsolète ou effectif cumulé). La séance est conservée telle quelle.
effectif EFFCALCU supérieur à la capacité de la salle;Salle de cours 223 (LET-01) · Lecture commentée;10;Effectif supérieur à la capacité de la salle dans EXP_SALLE : donnée à vérifier (capacité obsolète ou effectif cumulé). La séance est conservée telle quelle.
effectif EFFCALCU supérieur à la capacité de la salle;Salle de cours 223 (LET-01) · Méthodo universitaire;1;Effectif supérieur à la capacité de la salle dans EXP_SALLE : donnée à vérifier (capacité obsolète ou effectif cumulé). La séance est conservée telle quelle.
effectif EFFCALCU supérieur à la capacité de la salle;Salle de cours 223 (LET-01) · Sociologie de l'éducation;2;Effectif supérieur à la capacité de la salle dans EXP_SALLE : donnée à vérifier (capacité obsolète ou effectif cumulé). La séance est conservée telle quelle.
effectif EFFCALCU supérieur à la capacité de la salle;Salle de cours 223 (LET-01) · Sociologie de la jeunesse;1;Effectif supérieur à la capacité de la salle dans EXP_SALLE : donnée à vérifier (capacité obsolète ou effectif cumulé). La séance est conservée telle quelle.
effectif EFFCALCU supérieur à la capacité de la salle;Salle de cours 223 (LET-01) · UE7 EC2 Littté et musique;1;Effectif supérieur à la capacité de la salle dans EXP_SALLE : donnée à vérifier (capacité obsolète ou effectif cumulé). La séance est conservée telle quelle.
effectif EFFCALCU supérieur à la capacité de la salle;Salle de cours 229 (LET-01) · APP;2;Effectif supérieur à la capacité de la salle dans EXP_SALLE : donnée à vérifier (capacité obsolète ou effectif cumulé). La séance est conservée telle quelle.
effectif EFFCALCU supérieur à la capacité de la salle;Salle de cours 229 (LET-01) · Anglais L1 DEG S2;1;Effectif supérieur à la capacité de la salle dans EXP_SALLE : donnée à vérifier (capacité obsolète ou effectif cumulé). La séance est conservée telle quelle.
effectif EFFCALCU supérieur à la capacité de la salle;"Salle de cours 229 (LET-01) · Atelier ""Espaces vécus""";20;Effectif supérieur à la capacité de la salle dans EXP_SALLE : donnée à vérifier (capacité obsolète ou effectif cumulé). La séance est conservée telle quelle.
effectif EFFCALCU supérieur à la capacité de la salle;Salle de cours 229 (LET-01) · Engagements étudiants;1;Effectif supérieur à la capacité de la salle dans EXP_SALLE : donnée à vérifier (capacité obsolète ou effectif cumulé). La séance est conservée telle quelle.
effectif EFFCALCU supérieur à la capacité de la salle;Salle de cours 229 (LET-01) · Enquête de terrain 1;9;Effectif supérieur à la capacité de la salle dans EXP_SALLE : donnée à vérifier (capacité obsolète ou effectif cumulé). La séance est conservée telle quelle.
effectif EFFCALCU supérieur à la capacité de la salle;Salle de cours 229 (LET-01) · Enquête de terrain 2;3;Effectif supérieur à la capacité de la salle dans EXP_SALLE : donnée à vérifier (capacité obsolète ou effectif cumulé). La séance est conservée telle quelle.
effectif EFFCALCU supérieur à la capacité de la salle;Salle de cours 229 (LET-01) · Objets & théories socio;1;Effectif supérieur à la capacité de la salle dans EXP_SALLE : donnée à vérifier (capacité obsolète ou effectif cumulé). La séance est conservée telle quelle.
effectif EFFCALCU supérieur à la capacité de la salle;Salle de cours 23 (LET-01) · Anglais L3 DEG S6;32;Effectif supérieur à la capacité de la salle dans EXP_SALLE : donnée à vérifier (capacité obsolète ou effectif cumulé). La séance est conservée telle quelle.
effectif EFFCALCU supérieur à la capacité de la salle;Salle de cours 23 (LET-01) · Histoire ancienne;11;Effectif supérieur à la capacité de la salle dans EXP_SALLE : donnée à vérifier (capacité obsolète ou effectif cumulé). La séance est conservée telle quelle.
effectif EFFCALCU supérieur à la capacité de la salle;Salle de cours 23 (LET-01) · Histoire médiévale;11;Effectif supérieur à la capacité de la salle dans EXP_SALLE : donnée à vérifier (capacité obsolète ou effectif cumulé). La séance est conservée telle quelle.
effectif EFFCALCU supérieur à la capacité de la salle;Salle de cours 23 (LET-01) · Monde moderne;9;Effectif supérieur à la capacité de la salle dans EXP_SALLE : donnée à vérifier (capacité obsolète ou effectif cumulé). La séance est conservée telle quelle.
effectif EFFCALCU supérieur à la capacité de la salle;Salle de cours 234 (LET-01) · Anglais L1 DEG S1;11;Effectif supérieur à la capacité de la salle dans EXP_SALLE : donnée à vérifier (capacité obsolète ou effectif cumulé). La séance est conservée telle quelle.
effectif EFFCALCU supérieur à la capacité de la salle;Salle de cours 234 (LET-01) · Anglais L2 LLSH S3;26;Effectif supérieur à la capacité de la salle dans EXP_SALLE : donnée à vérifier (capacité obsolète ou effectif cumulé). La séance est conservée telle quelle.
effectif EFFCALCU supérieur à la capacité de la salle;Salle de cours 234 (LET-01) · Capacités rédactionnelles;10;Effectif supérieur à la capacité de la salle dans EXP_SALLE : donnée à vérifier (capacité obsolète ou effectif cumulé). La séance est conservée telle quelle.
effectif EFFCALCU supérieur à la capacité de la salle;Salle de cours 234 (LET-01) · Engagements étudiants;6;Effectif supérieur à la capacité de la salle dans EXP_SALLE : donnée à vérifier (capacité obsolète ou effectif cumulé). La séance est conservée telle quelle.
effectif EFFCALCU supérieur à la capacité de la salle;Salle de cours 234 (LET-01) · Enquête de terrain 1;28;Effectif supérieur à la capacité de la salle dans EXP_SALLE : donnée à vérifier (capacité obsolète ou effectif cumulé). La séance est conservée telle quelle.
effectif EFFCALCU supérieur à la capacité de la salle;Salle de cours 234 (LET-01) · Enquête de terrain 2;29;Effectif supérieur à la capacité de la salle dans EXP_SALLE : donnée à vérifier (capacité obsolète ou effectif cumulé). La séance est conservée telle quelle.
effectif EFFCALCU supérieur à la capacité de la salle;Salle de cours 234 (LET-01) · Epistémologie & Hist Sciences;1;Effectif supérieur à la capacité de la salle dans EXP_SALLE : donnée à vérifier (capacité obsolète ou effectif cumulé). La séance est conservée telle quelle.
effectif EFFCALCU supérieur à la capacité de la salle;Salle de cours 234 (LET-01) · Histoire sociologie;2;Effectif supérieur à la capacité de la salle dans EXP_SALLE : donnée à vérifier (capacité obsolète ou effectif cumulé). La séance est conservée telle quelle.
effectif EFFCALCU supérieur à la capacité de la salle;Salle de cours 234 (LET-01) · Intro Sociologie S1;2;Effectif supérieur à la capacité de la salle dans EXP_SALLE : donnée à vérifier (capacité obsolète ou effectif cumulé). La séance est conservée telle quelle.
effectif EFFCALCU supérieur à la capacité de la salle;Salle de cours 234 (LET-01) · Intro géo TD;4;Effectif supérieur à la capacité de la salle dans EXP_SALLE : donnée à vérifier (capacité obsolète ou effectif cumulé). La séance est conservée telle quelle.
effectif EFFCALCU supérieur à la capacité de la salle;Salle de cours 234 (LET-01) · Lecture commentée;2;Effectif supérieur à la capacité de la salle dans EXP_SALLE : donnée à vérifier (capacité obsolète ou effectif cumulé). La séance est conservée telle quelle.
effectif EFFCALCU supérieur à la capacité de la salle;Salle de cours 234 (LET-01) · Méthodo universitaire;19;Effectif supérieur à la capacité de la salle dans EXP_SALLE : donnée à vérifier (capacité obsolète ou effectif cumulé). La séance est conservée telle quelle.
effectif EFFCALCU supérieur à la capacité de la salle;Salle de cours 234 (LET-01) · Objets & théories socio;12;Effectif supérieur à la capacité de la salle dans EXP_SALLE : donnée à vérifier (capacité obsolète ou effectif cumulé). La séance est conservée telle quelle.
effectif EFFCALCU supérieur à la capacité de la salle;Salle de cours 234 (LET-01) · Objets et théories socio;18;Effectif supérieur à la capacité de la salle dans EXP_SALLE : donnée à vérifier (capacité obsolète ou effectif cumulé). La séance est conservée telle quelle.
effectif EFFCALCU supérieur à la capacité de la salle;Salle de cours 234 (LET-01) · Socio mouvements sociaux;15;Effectif supérieur à la capacité de la salle dans EXP_SALLE : donnée à vérifier (capacité obsolète ou effectif cumulé). La séance est conservée telle quelle.
effectif EFFCALCU supérieur à la capacité de la salle;Salle de cours 234 (LET-01) · Sociologie de la jeunesse;3;Effectif supérieur à la capacité de la salle dans EXP_SALLE : donnée à vérifier (capacité obsolète ou effectif cumulé). La séance est conservée telle quelle.
effectif EFFCALCU supérieur à la capacité de la salle;Salle de cours 234 (LET-01) · Sociologie du corps;2;Effectif supérieur à la capacité de la salle dans EXP_SALLE : donnée à vérifier (capacité obsolète ou effectif cumulé). La séance est conservée telle quelle.
effectif EFFCALCU supérieur à la capacité de la salle;Salle de cours 234 (LET-01) · Sociologie du quotidien;16;Effectif supérieur à la capacité de la salle dans EXP_SALLE : donnée à vérifier (capacité obsolète ou effectif cumulé). La séance est conservée telle quelle.
effectif EFFCALCU supérieur à la capacité de la salle;Salle de cours 234 (LET-01) · Sociologie territoires;14;Effectif supérieur à la capacité de la salle dans EXP_SALLE : donnée à vérifier (capacité obsolète ou effectif cumulé). La séance est conservée telle quelle.
effectif EFFCALCU supérieur à la capacité de la salle;Salle de cours 234 (LET-01) · XXX-Consultation_Copies_L2;1;Effectif supérieur à la capacité de la salle dans EXP_SALLE : donnée à vérifier (capacité obsolète ou effectif cumulé). La séance est conservée telle quelle.
effectif EFFCALCU supérieur à la capacité de la salle;Salle de cours 234 (LET-01) · XXX-Consultation_copies_Socio;2;Effectif supérieur à la capacité de la salle dans EXP_SALLE : donnée à vérifier (capacité obsolète ou effectif cumulé). La séance est conservée telle quelle.
effectif EFFCALCU supérieur à la capacité de la salle;Salle de cours 234 (LET-01) · XXX-Tutorat_L1 Socio;2;Effectif supérieur à la capacité de la salle dans EXP_SALLE : donnée à vérifier (capacité obsolète ou effectif cumulé). La séance est conservée telle quelle.
effectif EFFCALCU supérieur à la capacité de la salle;Salle de cours 234bis (LET-01) · 1 Ateliers de recherche;4;Effectif supérieur à la capacité de la salle dans EXP_SALLE : donnée à vérifier (capacité obsolète ou effectif cumulé). La séance est conservée telle quelle.
effectif EFFCALCU supérieur à la capacité de la salle;Salle de cours 234bis (LET-01) · 1 Démarches spé;1;Effectif supérieur à la capacité de la salle dans EXP_SALLE : donnée à vérifier (capacité obsolète ou effectif cumulé). La séance est conservée telle quelle.
effectif EFFCALCU supérieur à la capacité de la salle;Salle de cours 234bis (LET-01) · 1 Gestion d'un cours;2;Effectif supérieur à la capacité de la salle dans EXP_SALLE : donnée à vérifier (capacité obsolète ou effectif cumulé). La séance est conservée telle quelle.
effectif EFFCALCU supérieur à la capacité de la salle;Salle de cours 234bis (LET-01) · 2 Enseigner en UPE2A;2;Effectif supérieur à la capacité de la salle dans EXP_SALLE : donnée à vérifier (capacité obsolète ou effectif cumulé). La séance est conservée telle quelle.
effectif EFFCALCU supérieur à la capacité de la salle;Salle de cours 234bis (LET-01) · 2 Nouvelles attentes;1;Effectif supérieur à la capacité de la salle dans EXP_SALLE : donnée à vérifier (capacité obsolète ou effectif cumulé). La séance est conservée telle quelle.
effectif EFFCALCU supérieur à la capacité de la salle;Salle de cours 234bis (LET-01) · 2 Nx modèles d'entr touri;1;Effectif supérieur à la capacité de la salle dans EXP_SALLE : donnée à vérifier (capacité obsolète ou effectif cumulé). La séance est conservée telle quelle.
effectif EFFCALCU supérieur à la capacité de la salle;Salle de cours 234bis (LET-01) · 3 Ateliers méthodologique;2;Effectif supérieur à la capacité de la salle dans EXP_SALLE : donnée à vérifier (capacité obsolète ou effectif cumulé). La séance est conservée telle quelle.
effectif EFFCALCU supérieur à la capacité de la salle;Salle de cours 234bis (LET-01) · Compét rédactionnelles;1;Effectif supérieur à la capacité de la salle dans EXP_SALLE : donnée à vérifier (capacité obsolète ou effectif cumulé). La séance est conservée telle quelle.
effectif EFFCALCU supérieur à la capacité de la salle;Salle de cours 234bis (LET-01) · Géographie & aménagement;3;Effectif supérieur à la capacité de la salle dans EXP_SALLE : donnée à vérifier (capacité obsolète ou effectif cumulé). La séance est conservée telle quelle.
effectif EFFCALCU supérieur à la capacité de la salle;Salle de cours 234bis (LET-01) · Langue orale S6;12;Effectif supérieur à la capacité de la salle dans EXP_SALLE : donnée à vérifier (capacité obsolète ou effectif cumulé). La séance est conservée telle quelle.
effectif EFFCALCU supérieur à la capacité de la salle;Salle de cours 234bis (LET-01) · Soutenance;5;Effectif supérieur à la capacité de la salle dans EXP_SALLE : donnée à vérifier (capacité obsolète ou effectif cumulé). La séance est conservée telle quelle.
effectif EFFCALCU supérieur à la capacité de la salle;Salle de cours 234bis (LET-01) · UE13EC4 Les études de genre;7;Effectif supérieur à la capacité de la salle dans EXP_SALLE : donnée à vérifier (capacité obsolète ou effectif cumulé). La séance est conservée telle quelle.
effectif EFFCALCU supérieur à la capacité de la salle;Salle de cours 234bis (LET-01) · XXX-Tutorat_L1 Socio;1;Effectif supérieur à la capacité de la salle dans EXP_SALLE : donnée à vérifier (capacité obsolète ou effectif cumulé). La séance est conservée telle quelle.
effectif EFFCALCU supérieur à la capacité de la salle;Salle de cours 234bis (LET-01) · XXX_RDV_AOA_L1_Géo;1;Effectif supérieur à la capacité de la salle dans EXP_SALLE : donnée à vérifier (capacité obsolète ou effectif cumulé). La séance est conservée telle quelle.
effectif EFFCALCU supérieur à la capacité de la salle;Salle de cours 24 (B2-00) · 1-1 Economie 1;22;Effectif supérieur à la capacité de la salle dans EXP_SALLE : donnée à vérifier (capacité obsolète ou effectif cumulé). La séance est conservée telle quelle.
effectif EFFCALCU supérieur à la capacité de la salle;Salle de cours 24 (B2-00) · 11 Intro. droit civil;8;Effectif supérieur à la capacité de la salle dans EXP_SALLE : donnée à vérifier (capacité obsolète ou effectif cumulé). La séance est conservée telle quelle.
effectif EFFCALCU supérieur à la capacité de la salle;Salle de cours 24 (B2-00) · 12 Intro. droit constit.;4;Effectif supérieur à la capacité de la salle dans EXP_SALLE : donnée à vérifier (capacité obsolète ou effectif cumulé). La séance est conservée telle quelle.
effectif EFFCALCU supérieur à la capacité de la salle;Salle de cours 24 (B2-00) · 21 Droit de la famille;2;Effectif supérieur à la capacité de la salle dans EXP_SALLE : donnée à vérifier (capacité obsolète ou effectif cumulé). La séance est conservée telle quelle.
effectif EFFCALCU supérieur à la capacité de la salle;Salle de cours 24 (B2-00) · 22 Droit constit.;18;Effectif supérieur à la capacité de la salle dans EXP_SALLE : donnée à vérifier (capacité obsolète ou effectif cumulé). La séance est conservée telle quelle.
effectif EFFCALCU supérieur à la capacité de la salle;Salle de cours 24 (B2-00) · 31 Droit des oblig.;4;Effectif supérieur à la capacité de la salle dans EXP_SALLE : donnée à vérifier (capacité obsolète ou effectif cumulé). La séance est conservée telle quelle.
effectif EFFCALCU supérieur à la capacité de la salle;Salle de cours 24 (B2-00) · Actualité économique;7;Effectif supérieur à la capacité de la salle dans EXP_SALLE : donnée à vérifier (capacité obsolète ou effectif cumulé). La séance est conservée telle quelle.
effectif EFFCALCU supérieur à la capacité de la salle;Salle de cours 24 (B2-00) · Anglais;7;Effectif supérieur à la capacité de la salle dans EXP_SALLE : donnée à vérifier (capacité obsolète ou effectif cumulé). La séance est conservée telle quelle.
effectif EFFCALCU supérieur à la capacité de la salle;Salle de cours 24 (B2-00) · Anglais (DT3 EEI);2;Effectif supérieur à la capacité de la salle dans EXP_SALLE : donnée à vérifier (capacité obsolète ou effectif cumulé). La séance est conservée telle quelle.
effectif EFFCALCU supérieur à la capacité de la salle;Salle de cours 24 (B2-00) · Anglais des affaires;3;Effectif supérieur à la capacité de la salle dans EXP_SALLE : donnée à vérifier (capacité obsolète ou effectif cumulé). La séance est conservée telle quelle.
effectif EFFCALCU supérieur à la capacité de la salle;Salle de cours 24 (B2-00) · Approche prof.;1;Effectif supérieur à la capacité de la salle dans EXP_SALLE : donnée à vérifier (capacité obsolète ou effectif cumulé). La séance est conservée telle quelle.
effectif EFFCALCU supérieur à la capacité de la salle;Salle de cours 24 (B2-00) · Collectivités territ. CM;7;Effectif supérieur à la capacité de la salle dans EXP_SALLE : donnée à vérifier (capacité obsolète ou effectif cumulé). La séance est conservée telle quelle.
effectif EFFCALCU supérieur à la capacité de la salle;Salle de cours 24 (B2-00) · Comptabilité;7;Effectif supérieur à la capacité de la salle dans EXP_SALLE : donnée à vérifier (capacité obsolète ou effectif cumulé). La séance est conservée telle quelle.
effectif EFFCALCU supérieur à la capacité de la salle;Salle de cours 24 (B2-00) · Comptabilité analytique;9;Effectif supérieur à la capacité de la salle dans EXP_SALLE : donnée à vérifier (capacité obsolète ou effectif cumulé). La séance est conservée telle quelle.
effectif EFFCALCU supérieur à la capacité de la salle;Salle de cours 24 (B2-00) · Comptabilité sociétés;1;Effectif supérieur à la capacité de la salle dans EXP_SALLE : donnée à vérifier (capacité obsolète ou effectif cumulé). La séance est conservée telle quelle.
effectif EFFCALCU supérieur à la capacité de la salle;Salle de cours 24 (B2-00) · Contentieux administratif;8;Effectif supérieur à la capacité de la salle dans EXP_SALLE : donnée à vérifier (capacité obsolète ou effectif cumulé). La séance est conservée telle quelle.
effectif EFFCALCU supérieur à la capacité de la salle;Salle de cours 24 (B2-00) · Droit des affaires (S3);2;Effectif supérieur à la capacité de la salle dans EXP_SALLE : donnée à vérifier (capacité obsolète ou effectif cumulé). La séance est conservée telle quelle.
effectif EFFCALCU supérieur à la capacité de la salle;Salle de cours 24 (B2-00) · Droit des contrats spé.;15;Effectif supérieur à la capacité de la salle dans EXP_SALLE : donnée à vérifier (capacité obsolète ou effectif cumulé). La séance est conservée telle quelle.
effectif EFFCALCU supérieur à la capacité de la salle;Salle de cours 24 (B2-00) · Droit des obligations;5;Effectif supérieur à la capacité de la salle dans EXP_SALLE : donnée à vérifier (capacité obsolète ou effectif cumulé). La séance est conservée telle quelle.
effectif EFFCALCU supérieur à la capacité de la salle;Salle de cours 24 (B2-00) · Droit pénal (maj);4;Effectif supérieur à la capacité de la salle dans EXP_SALLE : donnée à vérifier (capacité obsolète ou effectif cumulé). La séance est conservée telle quelle.
effectif EFFCALCU supérieur à la capacité de la salle;Salle de cours 24 (B2-00) · Economie monétaire;6;Effectif supérieur à la capacité de la salle dans EXP_SALLE : donnée à vérifier (capacité obsolète ou effectif cumulé). La séance est conservée telle quelle.
effectif EFFCALCU supérieur à la capacité de la salle;Salle de cours 24 (B2-00) · Espagnol (DT3 EEI);1;Effectif supérieur à la capacité de la salle dans EXP_SALLE : donnée à vérifier (capacité obsolète ou effectif cumulé). La séance est conservée telle quelle.
effectif EFFCALCU supérieur à la capacité de la salle;Salle de cours 24 (B2-00) · Fondamentaux de droit;1;Effectif supérieur à la capacité de la salle dans EXP_SALLE : donnée à vérifier (capacité obsolète ou effectif cumulé). La séance est conservée telle quelle.
effectif EFFCALCU supérieur à la capacité de la salle;Salle de cours 24 (B2-00) · International Trade Law;1;Effectif supérieur à la capacité de la salle dans EXP_SALLE : donnée à vérifier (capacité obsolète ou effectif cumulé). La séance est conservée telle quelle.
effectif EFFCALCU supérieur à la capacité de la salle;Salle de cours 24 (B2-00) · LV Anglais (DEGI2 - EEI);3;Effectif supérieur à la capacité de la salle dans EXP_SALLE : donnée à vérifier (capacité obsolète ou effectif cumulé). La séance est conservée telle quelle.
effectif EFFCALCU supérieur à la capacité de la salle;Salle de cours 24 (B2-00) · Macro-économie 1;2;Effectif supérieur à la capacité de la salle dans EXP_SALLE : donnée à vérifier (capacité obsolète ou effectif cumulé). La séance est conservée telle quelle.
effectif EFFCALCU supérieur à la capacité de la salle;Salle de cours 24 (B2-00) · Macro-économie 2;7;Effectif supérieur à la capacité de la salle dans EXP_SALLE : donnée à vérifier (capacité obsolète ou effectif cumulé). La séance est conservée telle quelle.
effectif EFFCALCU supérieur à la capacité de la salle;Salle de cours 24 (B2-00) · Marketing 2;1;Effectif supérieur à la capacité de la salle dans EXP_SALLE : donnée à vérifier (capacité obsolète ou effectif cumulé). La séance est conservée telle quelle.
effectif EFFCALCU supérieur à la capacité de la salle;Salle de cours 24 (B2-00) · Mathématiques 2;16;Effectif supérieur à la capacité de la salle dans EXP_SALLE : donnée à vérifier (capacité obsolète ou effectif cumulé). La séance est conservée telle quelle.
effectif EFFCALCU supérieur à la capacité de la salle;Salle de cours 24 (B2-00) · Mathématiques 3;2;Effectif supérieur à la capacité de la salle dans EXP_SALLE : donnée à vérifier (capacité obsolète ou effectif cumulé). La séance est conservée telle quelle.
effectif EFFCALCU supérieur à la capacité de la salle;Salle de cours 24 (B2-00) · Mathématiques 4;19;Effectif supérieur à la capacité de la salle dans EXP_SALLE : donnée à vérifier (capacité obsolète ou effectif cumulé). La séance est conservée telle quelle.
effectif EFFCALCU supérieur à la capacité de la salle;Salle de cours 24 (B2-00) · Oraux de Littérature française;3;Effectif supérieur à la capacité de la salle dans EXP_SALLE : donnée à vérifier (capacité obsolète ou effectif cumulé). La séance est conservée telle quelle.
effectif EFFCALCU supérieur à la capacité de la salle;Salle de cours 24 (B2-00) · Pratique de la langue ang;1;Effectif supérieur à la capacité de la salle dans EXP_SALLE : donnée à vérifier (capacité obsolète ou effectif cumulé). La séance est conservée telle quelle.
effectif EFFCALCU supérieur à la capacité de la salle;Salle de cours 24 (B2-00) · Prépro. 2 Enseignement;2;Effectif supérieur à la capacité de la salle dans EXP_SALLE : donnée à vérifier (capacité obsolète ou effectif cumulé). La séance est conservée telle quelle.
effectif EFFCALCU supérieur à la capacité de la salle;Salle de cours 24 (B2-00) · Sociologie des orga.;2;Effectif supérieur à la capacité de la salle dans EXP_SALLE : donnée à vérifier (capacité obsolète ou effectif cumulé). La séance est conservée telle quelle.
effectif EFFCALCU supérieur à la capacité de la salle;Salle de cours 24 (B2-00) · Soutien math. stat. info.;7;Effectif supérieur à la capacité de la salle dans EXP_SALLE : donnée à vérifier (capacité obsolète ou effectif cumulé). La séance est conservée telle quelle.
effectif EFFCALCU supérieur à la capacité de la salle;Salle de cours 24 (B2-00) · Statistiques 1;2;Effectif supérieur à la capacité de la salle dans EXP_SALLE : donnée à vérifier (capacité obsolète ou effectif cumulé). La séance est conservée telle quelle.
effectif EFFCALCU supérieur à la capacité de la salle;Salle de cours 24 (B2-00) · Statistiques 2;8;Effectif supérieur à la capacité de la salle dans EXP_SALLE : donnée à vérifier (capacité obsolète ou effectif cumulé). La séance est conservée telle quelle.
effectif EFFCALCU supérieur à la capacité de la salle;Salle de cours 24 (B2-00) · TUTORAT L1 Droit EEI;6;Effectif supérieur à la capacité de la salle dans EXP_SALLE : donnée à vérifier (capacité obsolète ou effectif cumulé). La séance est conservée telle quelle.
effectif EFFCALCU supérieur à la capacité de la salle;Salle de cours 24 (B2-00) · Tutorat Lettres;1;Effectif supérieur à la capacité de la salle dans EXP_SALLE : donnée à vérifier (capacité obsolète ou effectif cumulé). La séance est conservée telle quelle.
effectif EFFCALCU supérieur à la capacité de la salle;Salle de cours 24 (B2-00) · XXXCOMPTA DES SOCIETES;1;Effectif supérieur à la capacité de la salle dans EXP_SALLE : donnée à vérifier (capacité obsolète ou effectif cumulé). La séance est conservée telle quelle.
effectif EFFCALCU supérieur à la capacité de la salle;Salle de cours 240 (EC3-02) · 11 Intro. droit civil;3;Effectif supérieur à la capacité de la salle dans EXP_SALLE : donnée à vérifier (capacité obsolète ou effectif cumulé). La séance est conservée telle quelle.
effectif EFFCALCU supérieur à la capacité de la salle;Salle de cours 240 (EC3-02) · 12 Intro. droit constit.;2;Effectif supérieur à la capacité de la salle dans EXP_SALLE : donnée à vérifier (capacité obsolète ou effectif cumulé). La séance est conservée telle quelle.
effectif EFFCALCU supérieur à la capacité de la salle;Salle de cours 240 (EC3-02) · Accounting;1;Effectif supérieur à la capacité de la salle dans EXP_SALLE : donnée à vérifier (capacité obsolète ou effectif cumulé). La séance est conservée telle quelle.
effectif EFFCALCU supérieur à la capacité de la salle;Salle de cours 240 (EC3-02) · Collectivités territ. CM;1;Effectif supérieur à la capacité de la salle dans EXP_SALLE : donnée à vérifier (capacité obsolète ou effectif cumulé). La séance est conservée telle quelle.
effectif EFFCALCU supérieur à la capacité de la salle;Salle de cours 240 (EC3-02) · Compétences fondamentales;2;Effectif supérieur à la capacité de la salle dans EXP_SALLE : donnée à vérifier (capacité obsolète ou effectif cumulé). La séance est conservée telle quelle.
effectif EFFCALCU supérieur à la capacité de la salle;Salle de cours 240 (EC3-02) · Derecho espanol;1;Effectif supérieur à la capacité de la salle dans EXP_SALLE : donnée à vérifier (capacité obsolète ou effectif cumulé). La séance est conservée telle quelle.
effectif EFFCALCU supérieur à la capacité de la salle;Salle de cours 240 (EC3-02) · Droit de l'environnement;3;Effectif supérieur à la capacité de la salle dans EXP_SALLE : donnée à vérifier (capacité obsolète ou effectif cumulé). La séance est conservée telle quelle.
effectif EFFCALCU supérieur à la capacité de la salle;Salle de cours 240 (EC3-02) · Droit des obligations;1;Effectif supérieur à la capacité de la salle dans EXP_SALLE : donnée à vérifier (capacité obsolète ou effectif cumulé). La séance est conservée telle quelle.
effectif EFFCALCU supérieur à la capacité de la salle;Salle de cours 240 (EC3-02) · Droit du travail CM S5;2;Effectif supérieur à la capacité de la salle dans EXP_SALLE : donnée à vérifier (capacité obsolète ou effectif cumulé). La séance est conservée telle quelle.
effectif EFFCALCU supérieur à la capacité de la salle;Salle de cours 240 (EC3-02) · Espagnol;1;Effectif supérieur à la capacité de la salle dans EXP_SALLE : donnée à vérifier (capacité obsolète ou effectif cumulé). La séance est conservée telle quelle.
effectif EFFCALCU supérieur à la capacité de la salle;Salle de cours 240 (EC3-02) · Libertés fonda.;1;Effectif supérieur à la capacité de la salle dans EXP_SALLE : donnée à vérifier (capacité obsolète ou effectif cumulé). La séance est conservée telle quelle.
effectif EFFCALCU supérieur à la capacité de la salle;Salle de cours 240 (EC3-02) · Séminaire Elyse Ritchey;1;Effectif supérieur à la capacité de la salle dans EXP_SALLE : donnée à vérifier (capacité obsolète ou effectif cumulé). La séance est conservée telle quelle.
effectif EFFCALCU supérieur à la capacité de la salle;Salle de cours 240 (EC3-02) · UE1 Stratégie orga;1;Effectif supérieur à la capacité de la salle dans EXP_SALLE : donnée à vérifier (capacité obsolète ou effectif cumulé). La séance est conservée telle quelle.
effectif EFFCALCU supérieur à la capacité de la salle;Salle de cours 240 (EC3-02) · UE3 Finance;3;Effectif supérieur à la capacité de la salle dans EXP_SALLE : donnée à vérifier (capacité obsolète ou effectif cumulé). La séance est conservée telle quelle.
effectif EFFCALCU supérieur à la capacité de la salle;Salle de cours 240 (EC3-02) · UE5 Marketing;3;Effectif supérieur à la capacité de la salle dans EXP_SALLE : donnée à vérifier (capacité obsolète ou effectif cumulé). La séance est conservée telle quelle.
effectif EFFCALCU supérieur à la capacité de la salle;Salle de cours 240 (EC3-02) · XXX - Informations alternance;1;Effectif supérieur à la capacité de la salle dans EXP_SALLE : donnée à vérifier (capacité obsolète ou effectif cumulé). La séance est conservée telle quelle.
effectif EFFCALCU supérieur à la capacité de la salle;Salle de cours 242 (EC3-02) · 12 Intro. droit constit.;4;Effectif supérieur à la capacité de la salle dans EXP_SALLE : donnée à vérifier (capacité obsolète ou effectif cumulé). La séance est conservée telle quelle.
effectif EFFCALCU supérieur à la capacité de la salle;Salle de cours 242 (EC3-02) · 21 Droit de la famille;3;Effectif supérieur à la capacité de la salle dans EXP_SALLE : donnée à vérifier (capacité obsolète ou effectif cumulé). La séance est conservée telle quelle.
effectif EFFCALCU supérieur à la capacité de la salle;Salle de cours 242 (EC3-02) · 22 Droit constit.;5;Effectif supérieur à la capacité de la salle dans EXP_SALLE : donnée à vérifier (capacité obsolète ou effectif cumulé). La séance est conservée telle quelle.
effectif EFFCALCU supérieur à la capacité de la salle;Salle de cours 242 (EC3-02) · 32 Droit administ.;4;Effectif supérieur à la capacité de la salle dans EXP_SALLE : donnée à vérifier (capacité obsolète ou effectif cumulé). La séance est conservée telle quelle.
effectif EFFCALCU supérieur à la capacité de la salle;Salle de cours 242 (EC3-02) · 42 Droit administratif;2;Effectif supérieur à la capacité de la salle dans EXP_SALLE : donnée à vérifier (capacité obsolète ou effectif cumulé). La séance est conservée telle quelle.
effectif EFFCALCU supérieur à la capacité de la salle;Salle de cours 242 (EC3-02) · Anglais (DT1 EEI);10;Effectif supérieur à la capacité de la salle dans EXP_SALLE : donnée à vérifier (capacité obsolète ou effectif cumulé). La séance est conservée telle quelle.
effectif EFFCALCU supérieur à la capacité de la salle;Salle de cours 242 (EC3-02) · Collectivités territ. CM;1;Effectif supérieur à la capacité de la salle dans EXP_SALLE : donnée à vérifier (capacité obsolète ou effectif cumulé). La séance est conservée telle quelle.
effectif EFFCALCU supérieur à la capacité de la salle;Salle de cours 242 (EC3-02) · Comptabilité;1;Effectif supérieur à la capacité de la salle dans EXP_SALLE : donnée à vérifier (capacité obsolète ou effectif cumulé). La séance est conservée telle quelle.
effectif EFFCALCU supérieur à la capacité de la salle;Salle de cours 242 (EC3-02) · Droit des obligations;5;Effectif supérieur à la capacité de la salle dans EXP_SALLE : donnée à vérifier (capacité obsolète ou effectif cumulé). La séance est conservée telle quelle.
effectif EFFCALCU supérieur à la capacité de la salle;Salle de cours 242 (EC3-02) · Droit intern. pub. CM S6;3;Effectif supérieur à la capacité de la salle dans EXP_SALLE : donnée à vérifier (capacité obsolète ou effectif cumulé). La séance est conservée telle quelle.
effectif EFFCALCU supérieur à la capacité de la salle;Salle de cours 242 (EC3-02) · Droit pénal (maj);1;Effectif supérieur à la capacité de la salle dans EXP_SALLE : donnée à vérifier (capacité obsolète ou effectif cumulé). La séance est conservée telle quelle.
effectif EFFCALCU supérieur à la capacité de la salle;Salle de cours 242 (EC3-02) · Gestion d'entreprise;2;Effectif supérieur à la capacité de la salle dans EXP_SALLE : donnée à vérifier (capacité obsolète ou effectif cumulé). La séance est conservée telle quelle.
effectif EFFCALCU supérieur à la capacité de la salle;Salle de cours 242 (EC3-02) · Macro-économie 2;6;Effectif supérieur à la capacité de la salle dans EXP_SALLE : donnée à vérifier (capacité obsolète ou effectif cumulé). La séance est conservée telle quelle.
effectif EFFCALCU supérieur à la capacité de la salle;Salle de cours 242 (EC3-02) · UE5 Gestion de projet RSE;1;Effectif supérieur à la capacité de la salle dans EXP_SALLE : donnée à vérifier (capacité obsolète ou effectif cumulé). La séance est conservée telle quelle.
effectif EFFCALCU supérieur à la capacité de la salle;Salle de cours 242 (EC3-02) · UE7 Langue des affaires 4;1;Effectif supérieur à la capacité de la salle dans EXP_SALLE : donnée à vérifier (capacité obsolète ou effectif cumulé). La séance est conservée telle quelle.
effectif EFFCALCU supérieur à la capacité de la salle;Salle de cours 242 (EC3-02) · xxx anglais DEGI1;6;Effectif supérieur à la capacité de la salle dans EXP_SALLE : donnée à vérifier (capacité obsolète ou effectif cumulé). La séance est conservée telle quelle.
effectif EFFCALCU supérieur à la capacité de la salle;Salle de cours 244 (EC3-02) · 12 Intro. droit constit.;9;Effectif supérieur à la capacité de la salle dans EXP_SALLE : donnée à vérifier (capacité obsolète ou effectif cumulé). La séance est conservée telle quelle.
effectif EFFCALCU supérieur à la capacité de la salle;Salle de cours 244 (EC3-02) · 22 Droit constit.;4;Effectif supérieur à la capacité de la salle dans EXP_SALLE : donnée à vérifier (capacité obsolète ou effectif cumulé). La séance est conservée telle quelle.
effectif EFFCALCU supérieur à la capacité de la salle;Salle de cours 244 (EC3-02) · 32 Droit administ.;6;Effectif supérieur à la capacité de la salle dans EXP_SALLE : donnée à vérifier (capacité obsolète ou effectif cumulé). La séance est conservée telle quelle.
effectif EFFCALCU supérieur à la capacité de la salle;Salle de cours 244 (EC3-02) · Collectivités territ. CM;1;Effectif supérieur à la capacité de la salle dans EXP_SALLE : donnée à vérifier (capacité obsolète ou effectif cumulé). La séance est conservée telle quelle.
effectif EFFCALCU supérieur à la capacité de la salle;Salle de cours 244 (EC3-02) · Comptabilité;4;Effectif supérieur à la capacité de la salle dans EXP_SALLE : donnée à vérifier (capacité obsolète ou effectif cumulé). La séance est conservée telle quelle.
effectif EFFCALCU supérieur à la capacité de la salle;Salle de cours 244 (EC3-02) · Comptabilité analytique;2;Effectif supérieur à la capacité de la salle dans EXP_SALLE : donnée à vérifier (capacité obsolète ou effectif cumulé). La séance est conservée telle quelle.
effectif EFFCALCU supérieur à la capacité de la salle;Salle de cours 244 (EC3-02) · Compétences fondamentales;2;Effectif supérieur à la capacité de la salle dans EXP_SALLE : donnée à vérifier (capacité obsolète ou effectif cumulé). La séance est conservée telle quelle.
effectif EFFCALCU supérieur à la capacité de la salle;Salle de cours 244 (EC3-02) · Contentieux administratif;2;Effectif supérieur à la capacité de la salle dans EXP_SALLE : donnée à vérifier (capacité obsolète ou effectif cumulé). La séance est conservée telle quelle.
effectif EFFCALCU supérieur à la capacité de la salle;Salle de cours 244 (EC3-02) · Droit des affaires (S3);4;Effectif supérieur à la capacité de la salle dans EXP_SALLE : donnée à vérifier (capacité obsolète ou effectif cumulé). La séance est conservée telle quelle.
effectif EFFCALCU supérieur à la capacité de la salle;Salle de cours 244 (EC3-02) · Droit des contrats spé.;2;Effectif supérieur à la capacité de la salle dans EXP_SALLE : donnée à vérifier (capacité obsolète ou effectif cumulé). La séance est conservée telle quelle.
effectif EFFCALCU supérieur à la capacité de la salle;Salle de cours 244 (EC3-02) · Droit des sûretés CM;1;Effectif supérieur à la capacité de la salle dans EXP_SALLE : donnée à vérifier (capacité obsolète ou effectif cumulé). La séance est conservée telle quelle.
effectif EFFCALCU supérieur à la capacité de la salle;Salle de cours 244 (EC3-02) · Droit intern. pub. CM S6;1;Effectif supérieur à la capacité de la salle dans EXP_SALLE : donnée à vérifier (capacité obsolète ou effectif cumulé). La séance est conservée telle quelle.
effectif EFFCALCU supérieur à la capacité de la salle;Salle de cours 244 (EC3-02) · Droit internat. public TD;1;Effectif supérieur à la capacité de la salle dans EXP_SALLE : donnée à vérifier (capacité obsolète ou effectif cumulé). La séance est conservée telle quelle.
effectif EFFCALCU supérieur à la capacité de la salle;Salle de cours 244 (EC3-02) · Eco Internationale CM;1;Effectif supérieur à la capacité de la salle dans EXP_SALLE : donnée à vérifier (capacité obsolète ou effectif cumulé). La séance est conservée telle quelle.
effectif EFFCALCU supérieur à la capacité de la salle;Salle de cours 244 (EC3-02) · Eco inégalités&transition;1;Effectif supérieur à la capacité de la salle dans EXP_SALLE : donnée à vérifier (capacité obsolète ou effectif cumulé). La séance est conservée telle quelle.
effectif EFFCALCU supérieur à la capacité de la salle;Salle de cours 244 (EC3-02) · Espagnol (DT1 EEI);1;Effectif supérieur à la capacité de la salle dans EXP_SALLE : donnée à vérifier (capacité obsolète ou effectif cumulé). La séance est conservée telle quelle.
effectif EFFCALCU supérieur à la capacité de la salle;Salle de cours 244 (EC3-02) · Fondamentaux de droit;1;Effectif supérieur à la capacité de la salle dans EXP_SALLE : donnée à vérifier (capacité obsolète ou effectif cumulé). La séance est conservée telle quelle.
effectif EFFCALCU supérieur à la capacité de la salle;Salle de cours 244 (EC3-02) · UE1 Stratégie orga;3;Effectif supérieur à la capacité de la salle dans EXP_SALLE : donnée à vérifier (capacité obsolète ou effectif cumulé). La séance est conservée telle quelle.
effectif EFFCALCU supérieur à la capacité de la salle;Salle de cours 244 (EC3-02) · UE2 Contrôle de gestion;5;Effectif supérieur à la capacité de la salle dans EXP_SALLE : donnée à vérifier (capacité obsolète ou effectif cumulé). La séance est conservée telle quelle.
effectif EFFCALCU supérieur à la capacité de la salle;Salle de cours 244 (EC3-02) · UE4 Gestion de projet RSE;1;Effectif supérieur à la capacité de la salle dans EXP_SALLE : donnée à vérifier (capacité obsolète ou effectif cumulé). La séance est conservée telle quelle.
effectif EFFCALCU supérieur à la capacité de la salle;Salle de cours 244 (EC3-02) · UE5 Gestion de projet RSE;1;Effectif supérieur à la capacité de la salle dans EXP_SALLE : donnée à vérifier (capacité obsolète ou effectif cumulé). La séance est conservée telle quelle.
effectif EFFCALCU supérieur à la capacité de la salle;Salle de cours 244 (EC3-02) · UE6 Statistiques;3;Effectif supérieur à la capacité de la salle dans EXP_SALLE : donnée à vérifier (capacité obsolète ou effectif cumulé). La séance est conservée telle quelle.
effectif EFFCALCU supérieur à la capacité de la salle;Salle de cours 244 (EC3-02) · UE7 Numérique&info;1;Effectif supérieur à la capacité de la salle dans EXP_SALLE : donnée à vérifier (capacité obsolète ou effectif cumulé). La séance est conservée telle quelle.
effectif EFFCALCU supérieur à la capacité de la salle;Salle de cours 244 (EC3-02) · UE8 Accompagnement;2;Effectif supérieur à la capacité de la salle dans EXP_SALLE : donnée à vérifier (capacité obsolète ou effectif cumulé). La séance est conservée telle quelle.
effectif EFFCALCU supérieur à la capacité de la salle;Salle de cours 244 (EC3-02) · XXX - Réunion Mobilités Intern;1;Effectif supérieur à la capacité de la salle dans EXP_SALLE : donnée à vérifier (capacité obsolète ou effectif cumulé). La séance est conservée telle quelle.
effectif EFFCALCU supérieur à la capacité de la salle;"Salle de cours 244 (EC3-02) · XXX-GPE PROJ ""INITIAT° AU MUS""";1;Effectif supérieur à la capacité de la salle dans EXP_SALLE : donnée à vérifier (capacité obsolète ou effectif cumulé). La séance est conservée telle quelle.
effectif EFFCALCU supérieur à la capacité de la salle;Salle de cours 244 (EC3-02) · XXX-ISN-SPEED MEETING;1;Effectif supérieur à la capacité de la salle dans EXP_SALLE : donnée à vérifier (capacité obsolète ou effectif cumulé). La séance est conservée telle quelle.
effectif EFFCALCU supérieur à la capacité de la salle;Salle de cours 244 (EC3-02) · xxxMaths Heures SPACE;2;Effectif supérieur à la capacité de la salle dans EXP_SALLE : donnée à vérifier (capacité obsolète ou effectif cumulé). La séance est conservée telle quelle.
effectif EFFCALCU supérieur à la capacité de la salle;Salle de cours 25 (B2-00) · 1-1 Economie 1;3;Effectif supérieur à la capacité de la salle dans EXP_SALLE : donnée à vérifier (capacité obsolète ou effectif cumulé). La séance est conservée telle quelle.
effectif EFFCALCU supérieur à la capacité de la salle;Salle de cours 25 (B2-00) · 12 Intro. droit constit.;4;Effectif supérieur à la capacité de la salle dans EXP_SALLE : donnée à vérifier (capacité obsolète ou effectif cumulé). La séance est conservée telle quelle.
effectif EFFCALCU supérieur à la capacité de la salle;Salle de cours 25 (B2-00) · 2-1 Comptabilité;1;Effectif supérieur à la capacité de la salle dans EXP_SALLE : donnée à vérifier (capacité obsolète ou effectif cumulé). La séance est conservée telle quelle.
effectif EFFCALCU supérieur à la capacité de la salle;Salle de cours 25 (B2-00) · 21 Droit de la famille;23;Effectif supérieur à la capacité de la salle dans EXP_SALLE : donnée à vérifier (capacité obsolète ou effectif cumulé). La séance est conservée telle quelle.
effectif EFFCALCU supérieur à la capacité de la salle;Salle de cours 25 (B2-00) · 22 Droit constit.;1;Effectif supérieur à la capacité de la salle dans EXP_SALLE : donnée à vérifier (capacité obsolète ou effectif cumulé). La séance est conservée telle quelle.
effectif EFFCALCU supérieur à la capacité de la salle;Salle de cours 25 (B2-00) · 32 Droit administ.;4;Effectif supérieur à la capacité de la salle dans EXP_SALLE : donnée à vérifier (capacité obsolète ou effectif cumulé). La séance est conservée telle quelle.
effectif EFFCALCU supérieur à la capacité de la salle;Salle de cours 25 (B2-00) · Actualité économique;2;Effectif supérieur à la capacité de la salle dans EXP_SALLE : donnée à vérifier (capacité obsolète ou effectif cumulé). La séance est conservée telle quelle.
effectif EFFCALCU supérieur à la capacité de la salle;Salle de cours 25 (B2-00) · Analyse Financière-15TD;2;Effectif supérieur à la capacité de la salle dans EXP_SALLE : donnée à vérifier (capacité obsolète ou effectif cumulé). La séance est conservée telle quelle.
effectif EFFCALCU supérieur à la capacité de la salle;Salle de cours 25 (B2-00) · Anglais;24;Effectif supérieur à la capacité de la salle dans EXP_SALLE : donnée à vérifier (capacité obsolète ou effectif cumulé). La séance est conservée telle quelle.
effectif EFFCALCU supérieur à la capacité de la salle;Salle de cours 25 (B2-00) · Anglais (DT1 EEI);11;Effectif supérieur à la capacité de la salle dans EXP_SALLE : donnée à vérifier (capacité obsolète ou effectif cumulé). La séance est conservée telle quelle.
effectif EFFCALCU supérieur à la capacité de la salle;Salle de cours 25 (B2-00) · Anglais (DT2 EEI);30;Effectif supérieur à la capacité de la salle dans EXP_SALLE : donnée à vérifier (capacité obsolète ou effectif cumulé). La séance est conservée telle quelle.
effectif EFFCALCU supérieur à la capacité de la salle;Salle de cours 25 (B2-00) · Anglais (DT3 EEI);54;Effectif supérieur à la capacité de la salle dans EXP_SALLE : donnée à vérifier (capacité obsolète ou effectif cumulé). La séance est conservée telle quelle.
effectif EFFCALCU supérieur à la capacité de la salle;Salle de cours 25 (B2-00) · Comptabilité;3;Effectif supérieur à la capacité de la salle dans EXP_SALLE : donnée à vérifier (capacité obsolète ou effectif cumulé). La séance est conservée telle quelle.
effectif EFFCALCU supérieur à la capacité de la salle;Salle de cours 25 (B2-00) · Comptabilité analytique;5;Effectif supérieur à la capacité de la salle dans EXP_SALLE : donnée à vérifier (capacité obsolète ou effectif cumulé). La séance est conservée telle quelle.
effectif EFFCALCU supérieur à la capacité de la salle;Salle de cours 25 (B2-00) · Derecho espanol;2;Effectif supérieur à la capacité de la salle dans EXP_SALLE : donnée à vérifier (capacité obsolète ou effectif cumulé). La séance est conservée telle quelle.
effectif EFFCALCU supérieur à la capacité de la salle;Salle de cours 25 (B2-00) · Droit des affaires (S3);1;Effectif supérieur à la capacité de la salle dans EXP_SALLE : donnée à vérifier (capacité obsolète ou effectif cumulé). La séance est conservée telle quelle.
effectif EFFCALCU supérieur à la capacité de la salle;Salle de cours 25 (B2-00) · Droit des obligations;13;Effectif supérieur à la capacité de la salle dans EXP_SALLE : donnée à vérifier (capacité obsolète ou effectif cumulé). La séance est conservée telle quelle.
effectif EFFCALCU supérieur à la capacité de la salle;Salle de cours 25 (B2-00) · Droit judiciaire privé CM;2;Effectif supérieur à la capacité de la salle dans EXP_SALLE : donnée à vérifier (capacité obsolète ou effectif cumulé). La séance est conservée telle quelle.
effectif EFFCALCU supérieur à la capacité de la salle;Salle de cours 25 (B2-00) · Droit pénal spécial;3;Effectif supérieur à la capacité de la salle dans EXP_SALLE : donnée à vérifier (capacité obsolète ou effectif cumulé). La séance est conservée telle quelle.
effectif EFFCALCU supérieur à la capacité de la salle;Salle de cours 25 (B2-00) · Espagnol;1;Effectif supérieur à la capacité de la salle dans EXP_SALLE : donnée à vérifier (capacité obsolète ou effectif cumulé). La séance est conservée telle quelle.
effectif EFFCALCU supérieur à la capacité de la salle;Salle de cours 25 (B2-00) · Espagnol (DT3 EEI);2;Effectif supérieur à la capacité de la salle dans EXP_SALLE : donnée à vérifier (capacité obsolète ou effectif cumulé). La séance est conservée telle quelle.
effectif EFFCALCU supérieur à la capacité de la salle;Salle de cours 25 (B2-00) · Gestion des RH 1;1;Effectif supérieur à la capacité de la salle dans EXP_SALLE : donnée à vérifier (capacité obsolète ou effectif cumulé). La séance est conservée telle quelle.
effectif EFFCALCU supérieur à la capacité de la salle;Salle de cours 25 (B2-00) · Initiation comptabilité;2;Effectif supérieur à la capacité de la salle dans EXP_SALLE : donnée à vérifier (capacité obsolète ou effectif cumulé). La séance est conservée telle quelle.
effectif EFFCALCU supérieur à la capacité de la salle;Salle de cours 25 (B2-00) · International project;1;Effectif supérieur à la capacité de la salle dans EXP_SALLE : donnée à vérifier (capacité obsolète ou effectif cumulé). La séance est conservée telle quelle.
effectif EFFCALCU supérieur à la capacité de la salle;Salle de cours 25 (B2-00) · Macro-économie 1;2;Effectif supérieur à la capacité de la salle dans EXP_SALLE : donnée à vérifier (capacité obsolète ou effectif cumulé). La séance est conservée telle quelle.
effectif EFFCALCU supérieur à la capacité de la salle;Salle de cours 25 (B2-00) · Macro-économie 2;1;Effectif supérieur à la capacité de la salle dans EXP_SALLE : donnée à vérifier (capacité obsolète ou effectif cumulé). La séance est conservée telle quelle.
effectif EFFCALCU supérieur à la capacité de la salle;Salle de cours 25 (B2-00) · Marketing international;1;Effectif supérieur à la capacité de la salle dans EXP_SALLE : donnée à vérifier (capacité obsolète ou effectif cumulé). La séance est conservée telle quelle.
effectif EFFCALCU supérieur à la capacité de la salle;Salle de cours 25 (B2-00) · Mathématiques 2;3;Effectif supérieur à la capacité de la salle dans EXP_SALLE : donnée à vérifier (capacité obsolète ou effectif cumulé). La séance est conservée telle quelle.
effectif EFFCALCU supérieur à la capacité de la salle;Salle de cours 25 (B2-00) · Mathématiques 3;1;Effectif supérieur à la capacité de la salle dans EXP_SALLE : donnée à vérifier (capacité obsolète ou effectif cumulé). La séance est conservée telle quelle.
effectif EFFCALCU supérieur à la capacité de la salle;Salle de cours 25 (B2-00) · Micro-économie 1;8;Effectif supérieur à la capacité de la salle dans EXP_SALLE : donnée à vérifier (capacité obsolète ou effectif cumulé). La séance est conservée telle quelle.
effectif EFFCALCU supérieur à la capacité de la salle;Salle de cours 25 (B2-00) · Méthodologie;7;Effectif supérieur à la capacité de la salle dans EXP_SALLE : donnée à vérifier (capacité obsolète ou effectif cumulé). La séance est conservée telle quelle.
effectif EFFCALCU supérieur à la capacité de la salle;Salle de cours 25 (B2-00) · Oraux de Littérature française;3;Effectif supérieur à la capacité de la salle dans EXP_SALLE : donnée à vérifier (capacité obsolète ou effectif cumulé). La séance est conservée telle quelle.
effectif EFFCALCU supérieur à la capacité de la salle;Salle de cours 25 (B2-00) · Organisation entreprises;3;Effectif supérieur à la capacité de la salle dans EXP_SALLE : donnée à vérifier (capacité obsolète ou effectif cumulé). La séance est conservée telle quelle.
effectif EFFCALCU supérieur à la capacité de la salle;Salle de cours 25 (B2-00) · Pratique de la langue ang;10;Effectif supérieur à la capacité de la salle dans EXP_SALLE : donnée à vérifier (capacité obsolète ou effectif cumulé). La séance est conservée telle quelle.
effectif EFFCALCU supérieur à la capacité de la salle;Salle de cours 25 (B2-00) · Probabilités;1;Effectif supérieur à la capacité de la salle dans EXP_SALLE : donnée à vérifier (capacité obsolète ou effectif cumulé). La séance est conservée telle quelle.
effectif EFFCALCU supérieur à la capacité de la salle;Salle de cours 25 (B2-00) · Prépro. 2 Enseignement;3;Effectif supérieur à la capacité de la salle dans EXP_SALLE : donnée à vérifier (capacité obsolète ou effectif cumulé). La séance est conservée telle quelle.
effectif EFFCALCU supérieur à la capacité de la salle;Salle de cours 25 (B2-00) · Réunion Projet collectif - M2;1;Effectif supérieur à la capacité de la salle dans EXP_SALLE : donnée à vérifier (capacité obsolète ou effectif cumulé). La séance est conservée telle quelle.
effectif EFFCALCU supérieur à la capacité de la salle;Salle de cours 25 (B2-00) · STID;1;Effectif supérieur à la capacité de la salle dans EXP_SALLE : donnée à vérifier (capacité obsolète ou effectif cumulé). La séance est conservée telle quelle.
effectif EFFCALCU supérieur à la capacité de la salle;Salle de cours 25 (B2-00) · Soutien éco. et gestion;3;Effectif supérieur à la capacité de la salle dans EXP_SALLE : donnée à vérifier (capacité obsolète ou effectif cumulé). La séance est conservée telle quelle.
effectif EFFCALCU supérieur à la capacité de la salle;Salle de cours 25 (B2-00) · Statistiques 2;4;Effectif supérieur à la capacité de la salle dans EXP_SALLE : donnée à vérifier (capacité obsolète ou effectif cumulé). La séance est conservée telle quelle.
effectif EFFCALCU supérieur à la capacité de la salle;Salle de cours 25 (B2-00) · TUTORAT L1 Droit EEI;6;Effectif supérieur à la capacité de la salle dans EXP_SALLE : donnée à vérifier (capacité obsolète ou effectif cumulé). La séance est conservée telle quelle.
effectif EFFCALCU supérieur à la capacité de la salle;Salle de cours 25 (B2-00) · Tutorat Lettres;1;Effectif supérieur à la capacité de la salle dans EXP_SALLE : donnée à vérifier (capacité obsolète ou effectif cumulé). La séance est conservée telle quelle.
effectif EFFCALCU supérieur à la capacité de la salle;Salle de cours 25 (B2-00) · Tutorat éco gestion (EEI);1;Effectif supérieur à la capacité de la salle dans EXP_SALLE : donnée à vérifier (capacité obsolète ou effectif cumulé). La séance est conservée telle quelle.
effectif EFFCALCU supérieur à la capacité de la salle;Salle de cours 25 (B2-00) · XXX Travaux personnels;1;Effectif supérieur à la capacité de la salle dans EXP_SALLE : donnée à vérifier (capacité obsolète ou effectif cumulé). La séance est conservée telle quelle.
effectif EFFCALCU supérieur à la capacité de la salle;Salle de cours 25 (B2-00) · XXX-OPE- EVENEMENT BDE;1;Effectif supérieur à la capacité de la salle dans EXP_SALLE : donnée à vérifier (capacité obsolète ou effectif cumulé). La séance est conservée telle quelle.
effectif EFFCALCU supérieur à la capacité de la salle;Salle de cours 25 (B2-00) · xxx MICRO ECONOMIE;2;Effectif supérieur à la capacité de la salle dans EXP_SALLE : donnée à vérifier (capacité obsolète ou effectif cumulé). La séance est conservée telle quelle.
effectif EFFCALCU supérieur à la capacité de la salle;Salle de cours 25 (B2-00) · xxx anglais DEGI1;12;Effectif supérieur à la capacité de la salle dans EXP_SALLE : donnée à vérifier (capacité obsolète ou effectif cumulé). La séance est conservée telle quelle.
effectif EFFCALCU supérieur à la capacité de la salle;Salle de cours 25 (B2-00) · xxxMaths Heures SPACE;1;Effectif supérieur à la capacité de la salle dans EXP_SALLE : donnée à vérifier (capacité obsolète ou effectif cumulé). La séance est conservée telle quelle.
effectif EFFCALCU supérieur à la capacité de la salle;Salle de cours 27 (B2-00) · 11 Intro. droit civil;4;Effectif supérieur à la capacité de la salle dans EXP_SALLE : donnée à vérifier (capacité obsolète ou effectif cumulé). La séance est conservée telle quelle.
effectif EFFCALCU supérieur à la capacité de la salle;Salle de cours 27 (B2-00) · 12 Intro. droit constit.;12;Effectif supérieur à la capacité de la salle dans EXP_SALLE : donnée à vérifier (capacité obsolète ou effectif cumulé). La séance est conservée telle quelle.
effectif EFFCALCU supérieur à la capacité de la salle;Salle de cours 27 (B2-00) · 21 Droit de la famille;2;Effectif supérieur à la capacité de la salle dans EXP_SALLE : donnée à vérifier (capacité obsolète ou effectif cumulé). La séance est conservée telle quelle.
effectif EFFCALCU supérieur à la capacité de la salle;Salle de cours 27 (B2-00) · 22 Droit constit.;2;Effectif supérieur à la capacité de la salle dans EXP_SALLE : donnée à vérifier (capacité obsolète ou effectif cumulé). La séance est conservée telle quelle.
effectif EFFCALCU supérieur à la capacité de la salle;Salle de cours 27 (B2-00) · Actualité économique;7;Effectif supérieur à la capacité de la salle dans EXP_SALLE : donnée à vérifier (capacité obsolète ou effectif cumulé). La séance est conservée telle quelle.
effectif EFFCALCU supérieur à la capacité de la salle;Salle de cours 27 (B2-00) · Anglais;5;Effectif supérieur à la capacité de la salle dans EXP_SALLE : donnée à vérifier (capacité obsolète ou effectif cumulé). La séance est conservée telle quelle.
effectif EFFCALCU supérieur à la capacité de la salle;Salle de cours 27 (B2-00) · Anglais (DT1 EEI);64;Effectif supérieur à la capacité de la salle dans EXP_SALLE : donnée à vérifier (capacité obsolète ou effectif cumulé). La séance est conservée telle quelle.
effectif EFFCALCU supérieur à la capacité de la salle;Salle de cours 27 (B2-00) · Anglais (DT2 EEI);4;Effectif supérieur à la capacité de la salle dans EXP_SALLE : donnée à vérifier (capacité obsolète ou effectif cumulé). La séance est conservée telle quelle.
effectif EFFCALCU supérieur à la capacité de la salle;Salle de cours 27 (B2-00) · Anglais (DT3 EEI);1;Effectif supérieur à la capacité de la salle dans EXP_SALLE : donnée à vérifier (capacité obsolète ou effectif cumulé). La séance est conservée telle quelle.
effectif EFFCALCU supérieur à la capacité de la salle;Salle de cours 27 (B2-00) · Approche Pluri de la Frontière;1;Effectif supérieur à la capacité de la salle dans EXP_SALLE : donnée à vérifier (capacité obsolète ou effectif cumulé). La séance est conservée telle quelle.
effectif EFFCALCU supérieur à la capacité de la salle;Salle de cours 27 (B2-00) · Comptabilité;16;Effectif supérieur à la capacité de la salle dans EXP_SALLE : donnée à vérifier (capacité obsolète ou effectif cumulé). La séance est conservée telle quelle.
effectif EFFCALCU supérieur à la capacité de la salle;Salle de cours 27 (B2-00) · Comptabilité analytique;7;Effectif supérieur à la capacité de la salle dans EXP_SALLE : donnée à vérifier (capacité obsolète ou effectif cumulé). La séance est conservée telle quelle.
effectif EFFCALCU supérieur à la capacité de la salle;Salle de cours 27 (B2-00) · Contentieux européens;1;Effectif supérieur à la capacité de la salle dans EXP_SALLE : donnée à vérifier (capacité obsolète ou effectif cumulé). La séance est conservée telle quelle.
effectif EFFCALCU supérieur à la capacité de la salle;Salle de cours 27 (B2-00) · Droit des obligations;12;Effectif supérieur à la capacité de la salle dans EXP_SALLE : donnée à vérifier (capacité obsolète ou effectif cumulé). La séance est conservée telle quelle.
effectif EFFCALCU supérieur à la capacité de la salle;Salle de cours 27 (B2-00) · Droit des sociétés CM;16;Effectif supérieur à la capacité de la salle dans EXP_SALLE : donnée à vérifier (capacité obsolète ou effectif cumulé). La séance est conservée telle quelle.
effectif EFFCALCU supérieur à la capacité de la salle;Salle de cours 27 (B2-00) · Economie monétaire;3;Effectif supérieur à la capacité de la salle dans EXP_SALLE : donnée à vérifier (capacité obsolète ou effectif cumulé). La séance est conservée telle quelle.
effectif EFFCALCU supérieur à la capacité de la salle;Salle de cours 27 (B2-00) · Espagnol;6;Effectif supérieur à la capacité de la salle dans EXP_SALLE : donnée à vérifier (capacité obsolète ou effectif cumulé). La séance est conservée telle quelle.
effectif EFFCALCU supérieur à la capacité de la salle;Salle de cours 27 (B2-00) · Espagnol (DT1 EEI);8;Effectif supérieur à la capacité de la salle dans EXP_SALLE : donnée à vérifier (capacité obsolète ou effectif cumulé). La séance est conservée telle quelle.
effectif EFFCALCU supérieur à la capacité de la salle;Salle de cours 27 (B2-00) · Espagnol (DT3 EEI);4;Effectif supérieur à la capacité de la salle dans EXP_SALLE : donnée à vérifier (capacité obsolète ou effectif cumulé). La séance est conservée telle quelle.
effectif EFFCALCU supérieur à la capacité de la salle;Salle de cours 27 (B2-00) · Intro méthodo jur;4;Effectif supérieur à la capacité de la salle dans EXP_SALLE : donnée à vérifier (capacité obsolète ou effectif cumulé). La séance est conservée telle quelle.
effectif EFFCALCU supérieur à la capacité de la salle;Salle de cours 27 (B2-00) · LV Anglais (DEGI2 - EEI);2;Effectif supérieur à la capacité de la salle dans EXP_SALLE : donnée à vérifier (capacité obsolète ou effectif cumulé). La séance est conservée telle quelle.
effectif EFFCALCU supérieur à la capacité de la salle;Salle de cours 27 (B2-00) · Legal Systems;2;Effectif supérieur à la capacité de la salle dans EXP_SALLE : donnée à vérifier (capacité obsolète ou effectif cumulé). La séance est conservée telle quelle.
effectif EFFCALCU supérieur à la capacité de la salle;Salle de cours 27 (B2-00) · Libertés fonda.;3;Effectif supérieur à la capacité de la salle dans EXP_SALLE : donnée à vérifier (capacité obsolète ou effectif cumulé). La séance est conservée telle quelle.
effectif EFFCALCU supérieur à la capacité de la salle;Salle de cours 27 (B2-00) · Macro-économie 1;2;Effectif supérieur à la capacité de la salle dans EXP_SALLE : donnée à vérifier (capacité obsolète ou effectif cumulé). La séance est conservée telle quelle.
effectif EFFCALCU supérieur à la capacité de la salle;Salle de cours 27 (B2-00) · Macro-économie 2;1;Effectif supérieur à la capacité de la salle dans EXP_SALLE : donnée à vérifier (capacité obsolète ou effectif cumulé). La séance est conservée telle quelle.
effectif EFFCALCU supérieur à la capacité de la salle;Salle de cours 27 (B2-00) · Micro-économie 1;10;Effectif supérieur à la capacité de la salle dans EXP_SALLE : donnée à vérifier (capacité obsolète ou effectif cumulé). La séance est conservée telle quelle.
effectif EFFCALCU supérieur à la capacité de la salle;Salle de cours 27 (B2-00) · Probabilités;1;Effectif supérieur à la capacité de la salle dans EXP_SALLE : donnée à vérifier (capacité obsolète ou effectif cumulé). La séance est conservée telle quelle.
effectif EFFCALCU supérieur à la capacité de la salle;Salle de cours 27 (B2-00) · Prépro. 2 Enseignement;4;Effectif supérieur à la capacité de la salle dans EXP_SALLE : donnée à vérifier (capacité obsolète ou effectif cumulé). La séance est conservée telle quelle.
effectif EFFCALCU supérieur à la capacité de la salle;Salle de cours 27 (B2-00) · Statistiques avancées;1;Effectif supérieur à la capacité de la salle dans EXP_SALLE : donnée à vérifier (capacité obsolète ou effectif cumulé). La séance est conservée telle quelle.
effectif EFFCALCU supérieur à la capacité de la salle;Salle de cours 27 (B2-00) · XXXESPAGNOL DEGI2;6;Effectif supérieur à la capacité de la salle dans EXP_SALLE : donnée à vérifier (capacité obsolète ou effectif cumulé). La séance est conservée telle quelle.
effectif EFFCALCU supérieur à la capacité de la salle;Salle de cours 27 (B2-00) · xxxANGLAIS DEGI2;10;Effectif supérieur à la capacité de la salle dans EXP_SALLE : donnée à vérifier (capacité obsolète ou effectif cumulé). La séance est conservée telle quelle.
effectif EFFCALCU supérieur à la capacité de la salle;Salle de cours 27 (B2-00) · xxxMaths Heures SPACE;2;Effectif supérieur à la capacité de la salle dans EXP_SALLE : donnée à vérifier (capacité obsolète ou effectif cumulé). La séance est conservée telle quelle.
effectif EFFCALCU supérieur à la capacité de la salle;Salle de cours 30 (LET-02) · Anglais L2 LLSH S4;10;Effectif supérieur à la capacité de la salle dans EXP_SALLE : donnée à vérifier (capacité obsolète ou effectif cumulé). La séance est conservée telle quelle.
effectif EFFCALCU supérieur à la capacité de la salle;Salle de cours 30 (LET-02) · Sociologie de l'éducation;3;Effectif supérieur à la capacité de la salle dans EXP_SALLE : donnée à vérifier (capacité obsolète ou effectif cumulé). La séance est conservée telle quelle.
effectif EFFCALCU supérieur à la capacité de la salle;Salle de cours 30 (LET-02) · réunions LEA;1;Effectif supérieur à la capacité de la salle dans EXP_SALLE : donnée à vérifier (capacité obsolète ou effectif cumulé). La séance est conservée telle quelle.
effectif EFFCALCU supérieur à la capacité de la salle;Salle de cours 301 (LET-02) · Anglais L1 DEG S1;1;Effectif supérieur à la capacité de la salle dans EXP_SALLE : donnée à vérifier (capacité obsolète ou effectif cumulé). La séance est conservée telle quelle.
effectif EFFCALCU supérieur à la capacité de la salle;Salle de cours 301 (LET-02) · Anglais L1 DEG S2;1;Effectif supérieur à la capacité de la salle dans EXP_SALLE : donnée à vérifier (capacité obsolète ou effectif cumulé). La séance est conservée telle quelle.
effectif EFFCALCU supérieur à la capacité de la salle;Salle de cours 301 (LET-02) · Réservation de salles;1;Effectif supérieur à la capacité de la salle dans EXP_SALLE : donnée à vérifier (capacité obsolète ou effectif cumulé). La séance est conservée telle quelle.
effectif EFFCALCU supérieur à la capacité de la salle;Salle de cours 301 (LET-02) · Réunion d'information L2;1;Effectif supérieur à la capacité de la salle dans EXP_SALLE : donnée à vérifier (capacité obsolète ou effectif cumulé). La séance est conservée telle quelle.
effectif EFFCALCU supérieur à la capacité de la salle;Salle de cours 304 (BA2-00) · XXX- Infos statut Haut Niveau;1;Effectif supérieur à la capacité de la salle dans EXP_SALLE : donnée à vérifier (capacité obsolète ou effectif cumulé). La séance est conservée telle quelle.
effectif EFFCALCU supérieur à la capacité de la salle;Salle de cours 307 (LET-02) · Anglais L1 DEG S2;1;Effectif supérieur à la capacité de la salle dans EXP_SALLE : donnée à vérifier (capacité obsolète ou effectif cumulé). La séance est conservée telle quelle.
effectif EFFCALCU supérieur à la capacité de la salle;Salle de cours 307 (LET-02) · Consultation copies phonologie;2;Effectif supérieur à la capacité de la salle dans EXP_SALLE : donnée à vérifier (capacité obsolète ou effectif cumulé). La séance est conservée telle quelle.
effectif EFFCALCU supérieur à la capacité de la salle;Salle de cours 31 (LET-02) · Découv outils prof;2;Effectif supérieur à la capacité de la salle dans EXP_SALLE : donnée à vérifier (capacité obsolète ou effectif cumulé). La séance est conservée telle quelle.
effectif EFFCALCU supérieur à la capacité de la salle;Salle de cours 31 (LET-02) · Intiat arch antiq médiéva;1;Effectif supérieur à la capacité de la salle dans EXP_SALLE : donnée à vérifier (capacité obsolète ou effectif cumulé). La séance est conservée telle quelle.
effectif EFFCALCU supérieur à la capacité de la salle;Salle de cours 31 (LET-02) · MTU;1;Effectif supérieur à la capacité de la salle dans EXP_SALLE : donnée à vérifier (capacité obsolète ou effectif cumulé). La séance est conservée telle quelle.
effectif EFFCALCU supérieur à la capacité de la salle;Salle de cours 32 (LET-02) · Histoire de l'art S1;1;Effectif supérieur à la capacité de la salle dans EXP_SALLE : donnée à vérifier (capacité obsolète ou effectif cumulé). La séance est conservée telle quelle.
effectif EFFCALCU supérieur à la capacité de la salle;Salle de cours 32 (LET-02) · Informations et médias;5;Effectif supérieur à la capacité de la salle dans EXP_SALLE : donnée à vérifier (capacité obsolète ou effectif cumulé). La séance est conservée telle quelle.
effectif EFFCALCU supérieur à la capacité de la salle;Salle de cours 32 (LET-02) · Monde moderne;1;Effectif supérieur à la capacité de la salle dans EXP_SALLE : donnée à vérifier (capacité obsolète ou effectif cumulé). La séance est conservée telle quelle.
effectif EFFCALCU supérieur à la capacité de la salle;Salle de cours 401 (BA2-01) · Analyses uni & multivar;5;Effectif supérieur à la capacité de la salle dans EXP_SALLE : donnée à vérifier (capacité obsolète ou effectif cumulé). La séance est conservée telle quelle.
effectif EFFCALCU supérieur à la capacité de la salle;Salle de cours 401 (BA2-01) · Ecotoxicologie;5;Effectif supérieur à la capacité de la salle dans EXP_SALLE : donnée à vérifier (capacité obsolète ou effectif cumulé). La séance est conservée telle quelle.
effectif EFFCALCU supérieur à la capacité de la salle;Salle de cours 401 (BA2-01) · Fct et vulnérabilité EC;2;Effectif supérieur à la capacité de la salle dans EXP_SALLE : donnée à vérifier (capacité obsolète ou effectif cumulé). La séance est conservée telle quelle.
effectif EFFCALCU supérieur à la capacité de la salle;Salle de cours 401 (BA2-01) · Gestion et communication;3;Effectif supérieur à la capacité de la salle dans EXP_SALLE : donnée à vérifier (capacité obsolète ou effectif cumulé). La séance est conservée telle quelle.
effectif EFFCALCU supérieur à la capacité de la salle;Salle de cours 401 (BA2-01) · Gouvernance de l'eau;1;Effectif supérieur à la capacité de la salle dans EXP_SALLE : donnée à vérifier (capacité obsolète ou effectif cumulé). La séance est conservée telle quelle.
effectif EFFCALCU supérieur à la capacité de la salle;Salle de cours 401 (BA2-01) · Mesures et analyses PC;3;Effectif supérieur à la capacité de la salle dans EXP_SALLE : donnée à vérifier (capacité obsolète ou effectif cumulé). La séance est conservée telle quelle.
effectif EFFCALCU supérieur à la capacité de la salle;Salle de cours 401 (BA2-01) · Projet tutoré;1;Effectif supérieur à la capacité de la salle dans EXP_SALLE : donnée à vérifier (capacité obsolète ou effectif cumulé). La séance est conservée telle quelle.
effectif EFFCALCU supérieur à la capacité de la salle;Salle de cours 401 (BA2-01) · SIG/Topographie;2;Effectif supérieur à la capacité de la salle dans EXP_SALLE : donnée à vérifier (capacité obsolète ou effectif cumulé). La séance est conservée telle quelle.
effectif EFFCALCU supérieur à la capacité de la salle;Salle de cours 401 (BA2-01) · Tutorat;1;Effectif supérieur à la capacité de la salle dans EXP_SALLE : donnée à vérifier (capacité obsolète ou effectif cumulé). La séance est conservée telle quelle.
effectif EFFCALCU supérieur à la capacité de la salle;Salle de cours 401bis (BA2-01) · Traitements Stat;10;Effectif supérieur à la capacité de la salle dans EXP_SALLE : donnée à vérifier (capacité obsolète ou effectif cumulé). La séance est conservée telle quelle.
effectif EFFCALCU supérieur à la capacité de la salle;Salle de cours 402 (BA2-01) · Tutorat;5;Effectif supérieur à la capacité de la salle dans EXP_SALLE : donnée à vérifier (capacité obsolète ou effectif cumulé). La séance est conservée telle quelle.
effectif EFFCALCU supérieur à la capacité de la salle;Salle de cours 405 (BA2-01) · Tutorat;3;Effectif supérieur à la capacité de la salle dans EXP_SALLE : donnée à vérifier (capacité obsolète ou effectif cumulé). La séance est conservée telle quelle.
effectif EFFCALCU supérieur à la capacité de la salle;Salle de cours 406 (BA2-01) · Biologie Cellulaire 1;1;Effectif supérieur à la capacité de la salle dans EXP_SALLE : donnée à vérifier (capacité obsolète ou effectif cumulé). La séance est conservée telle quelle.
effectif EFFCALCU supérieur à la capacité de la salle;Salle de cours 406 (BA2-01) · Chimie des Solutions;4;Effectif supérieur à la capacité de la salle dans EXP_SALLE : donnée à vérifier (capacité obsolète ou effectif cumulé). La séance est conservée telle quelle.
effectif EFFCALCU supérieur à la capacité de la salle;Salle de cours 501 (BA2-02) · Outils réglementaires;1;Effectif supérieur à la capacité de la salle dans EXP_SALLE : donnée à vérifier (capacité obsolète ou effectif cumulé). La séance est conservée telle quelle.
effectif EFFCALCU supérieur à la capacité de la salle;Salle de cours 501 (BA2-02) · Tutorat;6;Effectif supérieur à la capacité de la salle dans EXP_SALLE : donnée à vérifier (capacité obsolète ou effectif cumulé). La séance est conservée telle quelle.
effectif EFFCALCU supérieur à la capacité de la salle;Salle de cours 504 (BA2-02) · Initiation recherche;1;Effectif supérieur à la capacité de la salle dans EXP_SALLE : donnée à vérifier (capacité obsolète ou effectif cumulé). La séance est conservée telle quelle.
effectif EFFCALCU supérieur à la capacité de la salle;Salle de cours 504 (BA2-02) · IoT I;2;Effectif supérieur à la capacité de la salle dans EXP_SALLE : donnée à vérifier (capacité obsolète ou effectif cumulé). La séance est conservée telle quelle.
effectif EFFCALCU supérieur à la capacité de la salle;Salle de cours 504 (BA2-02) · Tutorat;1;Effectif supérieur à la capacité de la salle dans EXP_SALLE : donnée à vérifier (capacité obsolète ou effectif cumulé). La séance est conservée telle quelle.
effectif EFFCALCU supérieur à la capacité de la salle;Salle de cours 504 (BA2-02) · XXX-Entrepreneuriat;2;Effectif supérieur à la capacité de la salle dans EXP_SALLE : donnée à vérifier (capacité obsolète ou effectif cumulé). La séance est conservée telle quelle.
effectif EFFCALCU supérieur à la capacité de la salle;Salle de cours 504 (BA2-02) · XXX-Entreprise/projet tutoré;7;Effectif supérieur à la capacité de la salle dans EXP_SALLE : donnée à vérifier (capacité obsolète ou effectif cumulé). La séance est conservée telle quelle.
effectif EFFCALCU supérieur à la capacité de la salle;Salle de cours 508 (BA2-02) · Base Programmation 1;1;Effectif supérieur à la capacité de la salle dans EXP_SALLE : donnée à vérifier (capacité obsolète ou effectif cumulé). La séance est conservée telle quelle.
effectif EFFCALCU supérieur à la capacité de la salle;Salle de cours 508 (BA2-02) · Biologie Moléculaire;1;Effectif supérieur à la capacité de la salle dans EXP_SALLE : donnée à vérifier (capacité obsolète ou effectif cumulé). La séance est conservée telle quelle.
effectif EFFCALCU supérieur à la capacité de la salle;Salle de cours 508 (BA2-02) · Ecotoxicologie;2;Effectif supérieur à la capacité de la salle dans EXP_SALLE : donnée à vérifier (capacité obsolète ou effectif cumulé). La séance est conservée telle quelle.
effectif EFFCALCU supérieur à la capacité de la salle;Salle de cours 508 (BA2-02) · Fct et vulnérabilité EC;2;Effectif supérieur à la capacité de la salle dans EXP_SALLE : donnée à vérifier (capacité obsolète ou effectif cumulé). La séance est conservée telle quelle.
effectif EFFCALCU supérieur à la capacité de la salle;Salle de cours 508 (BA2-02) · Gouvernance de l'eau;2;Effectif supérieur à la capacité de la salle dans EXP_SALLE : donnée à vérifier (capacité obsolète ou effectif cumulé). La séance est conservée telle quelle.
effectif EFFCALCU supérieur à la capacité de la salle;Salle de cours 508 (BA2-02) · Mathématiques SDV;1;Effectif supérieur à la capacité de la salle dans EXP_SALLE : donnée à vérifier (capacité obsolète ou effectif cumulé). La séance est conservée telle quelle.
effectif EFFCALCU supérieur à la capacité de la salle;Salle de cours 508 (BA2-02) · Matière à préciser;1;Effectif supérieur à la capacité de la salle dans EXP_SALLE : donnée à vérifier (capacité obsolète ou effectif cumulé). La séance est conservée telle quelle.
effectif EFFCALCU supérieur à la capacité de la salle;Salle de cours 508 (BA2-02) · Perception Sensorielle;2;Effectif supérieur à la capacité de la salle dans EXP_SALLE : donnée à vérifier (capacité obsolète ou effectif cumulé). La séance est conservée telle quelle.
effectif EFFCALCU supérieur à la capacité de la salle;Salle de cours 508 (BA2-02) · Présentation;1;Effectif supérieur à la capacité de la salle dans EXP_SALLE : donnée à vérifier (capacité obsolète ou effectif cumulé). La séance est conservée telle quelle.
effectif EFFCALCU supérieur à la capacité de la salle;Salle de cours 509 (BA2-02) · XXX- Révisions partagées;1;Effectif supérieur à la capacité de la salle dans EXP_SALLE : donnée à vérifier (capacité obsolète ou effectif cumulé). La séance est conservée telle quelle.
effectif EFFCALCU supérieur à la capacité de la salle;Salle de cours 510 (BA2-02) · Bioindication des MC;1;Effectif supérieur à la capacité de la salle dans EXP_SALLE : donnée à vérifier (capacité obsolète ou effectif cumulé). La séance est conservée telle quelle.
effectif EFFCALCU supérieur à la capacité de la salle;Salle de cours 510 (BA2-02) · Tutorat;8;Effectif supérieur à la capacité de la salle dans EXP_SALLE : donnée à vérifier (capacité obsolète ou effectif cumulé). La séance est conservée telle quelle.
effectif EFFCALCU supérieur à la capacité de la salle;Salle de cours 510 (BA2-02) · XXX - Anglais L1;5;Effectif supérieur à la capacité de la salle dans EXP_SALLE : donnée à vérifier (capacité obsolète ou effectif cumulé). La séance est conservée telle quelle.
effectif EFFCALCU supérieur à la capacité de la salle;Salle de cours 510 (BA2-02) · XXX- Révisions partagées;4;Effectif supérieur à la capacité de la salle dans EXP_SALLE : donnée à vérifier (capacité obsolète ou effectif cumulé). La séance est conservée telle quelle.
effectif EFFCALCU supérieur à la capacité de la salle;Salle de cours 510 (BA2-02) · XXX-Entreprise/projet tutoré;3;Effectif supérieur à la capacité de la salle dans EXP_SALLE : donnée à vérifier (capacité obsolète ou effectif cumulé). La séance est conservée telle quelle.
effectif EFFCALCU supérieur à la capacité de la salle;Salle de cours B_B1 (DEG-00) · Droit de l'UE CM;1;Effectif supérieur à la capacité de la salle dans EXP_SALLE : donnée à vérifier (capacité obsolète ou effectif cumulé). La séance est conservée telle quelle.
effectif EFFCALCU supérieur à la capacité de la salle;Salle de cours B_B1 (DEG-00) · Droit pénal spécial;2;Effectif supérieur à la capacité de la salle dans EXP_SALLE : donnée à vérifier (capacité obsolète ou effectif cumulé). La séance est conservée telle quelle.
effectif EFFCALCU supérieur à la capacité de la salle;Salle de cours B_B1 (DEG-00) · Dt internat & européen;2;Effectif supérieur à la capacité de la salle dans EXP_SALLE : donnée à vérifier (capacité obsolète ou effectif cumulé). La séance est conservée telle quelle.
effectif EFFCALCU supérieur à la capacité de la salle;Salle de cours B_B1 (DEG-00) · Epreuve 2 : Droit oblig;2;Effectif supérieur à la capacité de la salle dans EXP_SALLE : donnée à vérifier (capacité obsolète ou effectif cumulé). La séance est conservée telle quelle.
effectif EFFCALCU supérieur à la capacité de la salle;Salle de cours B_B1 (DEG-00) · Gds prob polit contemp 1;1;Effectif supérieur à la capacité de la salle dans EXP_SALLE : donnée à vérifier (capacité obsolète ou effectif cumulé). La séance est conservée telle quelle.
effectif EFFCALCU supérieur à la capacité de la salle;Salle de cours B_B1 (DEG-00) · Hist. faits éco;1;Effectif supérieur à la capacité de la salle dans EXP_SALLE : donnée à vérifier (capacité obsolète ou effectif cumulé). La séance est conservée telle quelle.
effectif EFFCALCU supérieur à la capacité de la salle;Salle de cours B_B1 (DEG-00) · Macroéconomie 3;1;Effectif supérieur à la capacité de la salle dans EXP_SALLE : donnée à vérifier (capacité obsolète ou effectif cumulé). La séance est conservée telle quelle.
effectif EFFCALCU supérieur à la capacité de la salle;Salle de cours B_B1 (DEG-00) · Maths financières/calculs;6;Effectif supérieur à la capacité de la salle dans EXP_SALLE : donnée à vérifier (capacité obsolète ou effectif cumulé). La séance est conservée telle quelle.
effectif EFFCALCU supérieur à la capacité de la salle;Salle de cours B_B1 (DEG-00) · Microéconomie 3;1;Effectif supérieur à la capacité de la salle dans EXP_SALLE : donnée à vérifier (capacité obsolète ou effectif cumulé). La séance est conservée telle quelle.
effectif EFFCALCU supérieur à la capacité de la salle;Salle de cours B_B1 (DEG-00) · Microéconomie appliquée;1;Effectif supérieur à la capacité de la salle dans EXP_SALLE : donnée à vérifier (capacité obsolète ou effectif cumulé). La séance est conservée telle quelle.
effectif EFFCALCU supérieur à la capacité de la salle;Salle de cours B_B1 (DEG-00) · Probabilités;12;Effectif supérieur à la capacité de la salle dans EXP_SALLE : donnée à vérifier (capacité obsolète ou effectif cumulé). La séance est conservée telle quelle.
effectif EFFCALCU supérieur à la capacité de la salle;Salle de cours B_B1 (DEG-00) · Réservation de salles;1;Effectif supérieur à la capacité de la salle dans EXP_SALLE : donnée à vérifier (capacité obsolète ou effectif cumulé). La séance est conservée telle quelle.
effectif EFFCALCU supérieur à la capacité de la salle;Salle de cours B_B1 (DEG-00) · Socio polit des démocrat;1;Effectif supérieur à la capacité de la salle dans EXP_SALLE : donnée à vérifier (capacité obsolète ou effectif cumulé). La séance est conservée telle quelle.
effectif EFFCALCU supérieur à la capacité de la salle;Salle de cours B_B1 (DEG-00) · Statistiques inférentiell;11;Effectif supérieur à la capacité de la salle dans EXP_SALLE : donnée à vérifier (capacité obsolète ou effectif cumulé). La séance est conservée telle quelle.
effectif EFFCALCU supérieur à la capacité de la salle;Salle de cours B_B1 (DEG-00) · XXX-Consultation Copies;3;Effectif supérieur à la capacité de la salle dans EXP_SALLE : donnée à vérifier (capacité obsolète ou effectif cumulé). La séance est conservée telle quelle.
effectif EFFCALCU supérieur à la capacité de la salle;Salle de cours B_B1 (DEG-00) · Éco. bancaire/éco. assura;1;Effectif supérieur à la capacité de la salle dans EXP_SALLE : donnée à vérifier (capacité obsolète ou effectif cumulé). La séance est conservée telle quelle.
effectif EFFCALCU supérieur à la capacité de la salle;Salle de cours B_B2 (DEG-00) · Anglais L1 DEG S2;8;Effectif supérieur à la capacité de la salle dans EXP_SALLE : donnée à vérifier (capacité obsolète ou effectif cumulé). La séance est conservée telle quelle.
effectif EFFCALCU supérieur à la capacité de la salle;Salle de cours B_B2 (DEG-00) · Conjoncture et croissance;1;Effectif supérieur à la capacité de la salle dans EXP_SALLE : donnée à vérifier (capacité obsolète ou effectif cumulé). La séance est conservée telle quelle.
effectif EFFCALCU supérieur à la capacité de la salle;Salle de cours B_B2 (DEG-00) · Consultation de copies;1;Effectif supérieur à la capacité de la salle dans EXP_SALLE : donnée à vérifier (capacité obsolète ou effectif cumulé). La séance est conservée telle quelle.
effectif EFFCALCU supérieur à la capacité de la salle;Salle de cours B_B2 (DEG-00) · Dt fondamentaux CM;2;Effectif supérieur à la capacité de la salle dans EXP_SALLE : donnée à vérifier (capacité obsolète ou effectif cumulé). La séance est conservée telle quelle.
effectif EFFCALCU supérieur à la capacité de la salle;Salle de cours B_B2 (DEG-00) · Dt internat & européen;2;Effectif supérieur à la capacité de la salle dans EXP_SALLE : donnée à vérifier (capacité obsolète ou effectif cumulé). La séance est conservée telle quelle.
effectif EFFCALCU supérieur à la capacité de la salle;Salle de cours B_B2 (DEG-00) · Dt s pub CM;2;Effectif supérieur à la capacité de la salle dans EXP_SALLE : donnée à vérifier (capacité obsolète ou effectif cumulé). La séance est conservée telle quelle.
effectif EFFCALCU supérieur à la capacité de la salle;Salle de cours B_B2 (DEG-00) · Espagnol L3 DEG S5;9;Effectif supérieur à la capacité de la salle dans EXP_SALLE : donnée à vérifier (capacité obsolète ou effectif cumulé). La séance est conservée telle quelle.
effectif EFFCALCU supérieur à la capacité de la salle;Salle de cours B_B2 (DEG-00) · Gds prob polit contemp 1;2;Effectif supérieur à la capacité de la salle dans EXP_SALLE : donnée à vérifier (capacité obsolète ou effectif cumulé). La séance est conservée telle quelle.
effectif EFFCALCU supérieur à la capacité de la salle;Salle de cours B_B2 (DEG-00) · Hist. faits éco;1;Effectif supérieur à la capacité de la salle dans EXP_SALLE : donnée à vérifier (capacité obsolète ou effectif cumulé). La séance est conservée telle quelle.
effectif EFFCALCU supérieur à la capacité de la salle;Salle de cours B_B2 (DEG-00) · Histoire inst contemp;10;Effectif supérieur à la capacité de la salle dans EXP_SALLE : donnée à vérifier (capacité obsolète ou effectif cumulé). La séance est conservée telle quelle.
effectif EFFCALCU supérieur à la capacité de la salle;Salle de cours B_B2 (DEG-00) · Matière à préciser;1;Effectif supérieur à la capacité de la salle dans EXP_SALLE : donnée à vérifier (capacité obsolète ou effectif cumulé). La séance est conservée telle quelle.
effectif EFFCALCU supérieur à la capacité de la salle;Salle de cours B_B2 (DEG-00) · Procédure civile;2;Effectif supérieur à la capacité de la salle dans EXP_SALLE : donnée à vérifier (capacité obsolète ou effectif cumulé). La séance est conservée telle quelle.
effectif EFFCALCU supérieur à la capacité de la salle;Salle de cours B_B2 (DEG-00) · Séminaire Elyse Ritchey;1;Effectif supérieur à la capacité de la salle dans EXP_SALLE : donnée à vérifier (capacité obsolète ou effectif cumulé). La séance est conservée telle quelle.
effectif EFFCALCU supérieur à la capacité de la salle;Salle de cours B_B2 (DEG-00) · UET Simulation parlementaire;2;Effectif supérieur à la capacité de la salle dans EXP_SALLE : donnée à vérifier (capacité obsolète ou effectif cumulé). La séance est conservée telle quelle.
effectif EFFCALCU supérieur à la capacité de la salle;Salle de cours B_B2 (DEG-00) · XXX- Tutorat;1;Effectif supérieur à la capacité de la salle dans EXP_SALLE : donnée à vérifier (capacité obsolète ou effectif cumulé). La séance est conservée telle quelle.
effectif EFFCALCU supérieur à la capacité de la salle;Salle de cours B_B2 (DEG-00) · Éco. bancaire/éco. assura;1;Effectif supérieur à la capacité de la salle dans EXP_SALLE : donnée à vérifier (capacité obsolète ou effectif cumulé). La séance est conservée telle quelle.
effectif EFFCALCU supérieur à la capacité de la salle;Salle de cours B_B206 (DEG-02) · Brief Responsables Com. des GP;1;Effectif supérieur à la capacité de la salle dans EXP_SALLE : donnée à vérifier (capacité obsolète ou effectif cumulé). La séance est conservée telle quelle.
effectif EFFCALCU supérieur à la capacité de la salle;Salle de cours B_B206 (DEG-02) · Ingénierie de projet;12;Effectif supérieur à la capacité de la salle dans EXP_SALLE : donnée à vérifier (capacité obsolète ou effectif cumulé). La séance est conservée telle quelle.
effectif EFFCALCU supérieur à la capacité de la salle;Salle de cours B_B206 (DEG-02) · Point BDE Visio;1;Effectif supérieur à la capacité de la salle dans EXP_SALLE : donnée à vérifier (capacité obsolète ou effectif cumulé). La séance est conservée telle quelle.
effectif EFFCALCU supérieur à la capacité de la salle;Salle de cours B_B206 (DEG-02) · Réservation de salles;1;Effectif supérieur à la capacité de la salle dans EXP_SALLE : donnée à vérifier (capacité obsolète ou effectif cumulé). La séance est conservée telle quelle.
effectif EFFCALCU supérieur à la capacité de la salle;Salle de cours B_B207 (DEG-02) · Conseil de Perfectionnement;2;Effectif supérieur à la capacité de la salle dans EXP_SALLE : donnée à vérifier (capacité obsolète ou effectif cumulé). La séance est conservée telle quelle.
effectif EFFCALCU supérieur à la capacité de la salle;Salle de cours B_B207 (DEG-02) · Eval socio économique;1;Effectif supérieur à la capacité de la salle dans EXP_SALLE : donnée à vérifier (capacité obsolète ou effectif cumulé). La séance est conservée telle quelle.
effectif EFFCALCU supérieur à la capacité de la salle;Salle de cours B_B207 (DEG-02) · Ingénierie de projet;11;Effectif supérieur à la capacité de la salle dans EXP_SALLE : donnée à vérifier (capacité obsolète ou effectif cumulé). La séance est conservée telle quelle.
effectif EFFCALCU supérieur à la capacité de la salle;Salle de cours B_B207 (DEG-02) · Initiation recherche 1;1;Effectif supérieur à la capacité de la salle dans EXP_SALLE : donnée à vérifier (capacité obsolète ou effectif cumulé). La séance est conservée telle quelle.
effectif EFFCALCU supérieur à la capacité de la salle;Salle de cours B_B207 (DEG-02) · XXX EXAMEN Blanc;1;Effectif supérieur à la capacité de la salle dans EXP_SALLE : donnée à vérifier (capacité obsolète ou effectif cumulé). La séance est conservée telle quelle.
effectif EFFCALCU supérieur à la capacité de la salle;Salle de cours B_B208 (DEG-02) · Ingénierie de projet;14;Effectif supérieur à la capacité de la salle dans EXP_SALLE : donnée à vérifier (capacité obsolète ou effectif cumulé). La séance est conservée telle quelle.
effectif EFFCALCU supérieur à la capacité de la salle;Salle de cours B_B211 (DEG-02) · API MOTI 1;18;Effectif supérieur à la capacité de la salle dans EXP_SALLE : donnée à vérifier (capacité obsolète ou effectif cumulé). La séance est conservée telle quelle.
effectif EFFCALCU supérieur à la capacité de la salle;Salle de cours B_B211 (DEG-02) · Algorithmique;11;Effectif supérieur à la capacité de la salle dans EXP_SALLE : donnée à vérifier (capacité obsolète ou effectif cumulé). La séance est conservée telle quelle.
effectif EFFCALCU supérieur à la capacité de la salle;Salle de cours B_B211 (DEG-02) · Analyse financière;1;Effectif supérieur à la capacité de la salle dans EXP_SALLE : donnée à vérifier (capacité obsolète ou effectif cumulé). La séance est conservée telle quelle.
effectif EFFCALCU supérieur à la capacité de la salle;Salle de cours B_B211 (DEG-02) · Anglais S1 MCL1;10;Effectif supérieur à la capacité de la salle dans EXP_SALLE : donnée à vérifier (capacité obsolète ou effectif cumulé). La séance est conservée telle quelle.
effectif EFFCALCU supérieur à la capacité de la salle;Salle de cours B_B211 (DEG-02) · Contrôle de gestion;8;Effectif supérieur à la capacité de la salle dans EXP_SALLE : donnée à vérifier (capacité obsolète ou effectif cumulé). La séance est conservée telle quelle.
effectif EFFCALCU supérieur à la capacité de la salle;Salle de cours B_B211 (DEG-02) · Dvpt d'applications;14;Effectif supérieur à la capacité de la salle dans EXP_SALLE : donnée à vérifier (capacité obsolète ou effectif cumulé). La séance est conservée telle quelle.
effectif EFFCALCU supérieur à la capacité de la salle;Salle de cours B_B211 (DEG-02) · Développement Web;13;Effectif supérieur à la capacité de la salle dans EXP_SALLE : donnée à vérifier (capacité obsolète ou effectif cumulé). La séance est conservée telle quelle.
effectif EFFCALCU supérieur à la capacité de la salle;Salle de cours B_B211 (DEG-02) · Eco & politique environ;1;Effectif supérieur à la capacité de la salle dans EXP_SALLE : donnée à vérifier (capacité obsolète ou effectif cumulé). La séance est conservée telle quelle.
effectif EFFCALCU supérieur à la capacité de la salle;Salle de cours B_B211 (DEG-02) · Enquête Happy at School;2;Effectif supérieur à la capacité de la salle dans EXP_SALLE : donnée à vérifier (capacité obsolète ou effectif cumulé). La séance est conservée telle quelle.
effectif EFFCALCU supérieur à la capacité de la salle;Salle de cours B_B211 (DEG-02) · Finance d'Entreprise;12;Effectif supérieur à la capacité de la salle dans EXP_SALLE : donnée à vérifier (capacité obsolète ou effectif cumulé). La séance est conservée telle quelle.
effectif EFFCALCU supérieur à la capacité de la salle;Salle de cours B_B211 (DEG-02) · GRH;12;Effectif supérieur à la capacité de la salle dans EXP_SALLE : donnée à vérifier (capacité obsolète ou effectif cumulé). La séance est conservée telle quelle.
effectif EFFCALCU supérieur à la capacité de la salle;Salle de cours B_B211 (DEG-02) · Ingénierie de projet;18;Effectif supérieur à la capacité de la salle dans EXP_SALLE : donnée à vérifier (capacité obsolète ou effectif cumulé). La séance est conservée telle quelle.
effectif EFFCALCU supérieur à la capacité de la salle;Salle de cours B_B211 (DEG-02) · Initiation recherche 1;4;Effectif supérieur à la capacité de la salle dans EXP_SALLE : donnée à vérifier (capacité obsolète ou effectif cumulé). La séance est conservée telle quelle.
effectif EFFCALCU supérieur à la capacité de la salle;Salle de cours B_B211 (DEG-02) · Initiation recherche 2;5;Effectif supérieur à la capacité de la salle dans EXP_SALLE : donnée à vérifier (capacité obsolète ou effectif cumulé). La séance est conservée telle quelle.
effectif EFFCALCU supérieur à la capacité de la salle;Salle de cours B_B211 (DEG-02) · Langue étrangère anglais;10;Effectif supérieur à la capacité de la salle dans EXP_SALLE : donnée à vérifier (capacité obsolète ou effectif cumulé). La séance est conservée telle quelle.
effectif EFFCALCU supérieur à la capacité de la salle;Salle de cours B_B211 (DEG-02) · Marrainage CAPGEMINI;1;Effectif supérieur à la capacité de la salle dans EXP_SALLE : donnée à vérifier (capacité obsolète ou effectif cumulé). La séance est conservée telle quelle.
effectif EFFCALCU supérieur à la capacité de la salle;Salle de cours B_B211 (DEG-02) · Modélisation;12;Effectif supérieur à la capacité de la salle dans EXP_SALLE : donnée à vérifier (capacité obsolète ou effectif cumulé). La séance est conservée telle quelle.
effectif EFFCALCU supérieur à la capacité de la salle;Salle de cours B_B211 (DEG-02) · ONAD;2;Effectif supérieur à la capacité de la salle dans EXP_SALLE : donnée à vérifier (capacité obsolète ou effectif cumulé). La séance est conservée telle quelle.
effectif EFFCALCU supérieur à la capacité de la salle;Salle de cours B_B211 (DEG-02) · Pbl contemp. dt pénal;1;Effectif supérieur à la capacité de la salle dans EXP_SALLE : donnée à vérifier (capacité obsolète ou effectif cumulé). La séance est conservée telle quelle.
effectif EFFCALCU supérieur à la capacité de la salle;Salle de cours B_B211 (DEG-02) · Préparation TOEIC;3;Effectif supérieur à la capacité de la salle dans EXP_SALLE : donnée à vérifier (capacité obsolète ou effectif cumulé). La séance est conservée telle quelle.
effectif EFFCALCU supérieur à la capacité de la salle;Salle de cours B_B211 (DEG-02) · Séminaires;12;Effectif supérieur à la capacité de la salle dans EXP_SALLE : donnée à vérifier (capacité obsolète ou effectif cumulé). La séance est conservée telle quelle.
effectif EFFCALCU supérieur à la capacité de la salle;Salle de cours B_B211 (DEG-02) · Travail Personnel ONAD;1;Effectif supérieur à la capacité de la salle dans EXP_SALLE : donnée à vérifier (capacité obsolète ou effectif cumulé). La séance est conservée telle quelle.
effectif EFFCALCU supérieur à la capacité de la salle;Salle de cours B_B211 (DEG-02) · Travail Personnel Recherche;1;Effectif supérieur à la capacité de la salle dans EXP_SALLE : donnée à vérifier (capacité obsolète ou effectif cumulé). La séance est conservée telle quelle.
effectif EFFCALCU supérieur à la capacité de la salle;Salle de cours B_B211 (DEG-02) · XXX- Tutorat;1;Effectif supérieur à la capacité de la salle dans EXP_SALLE : donnée à vérifier (capacité obsolète ou effectif cumulé). La séance est conservée telle quelle.
effectif EFFCALCU supérieur à la capacité de la salle;Salle de cours B_B213 (DEG-02) · Droit des obligations;2;Effectif supérieur à la capacité de la salle dans EXP_SALLE : donnée à vérifier (capacité obsolète ou effectif cumulé). La séance est conservée telle quelle.
effectif EFFCALCU supérieur à la capacité de la salle;Salle de cours B_B213 (DEG-02) · Ingénierie de projet;1;Effectif supérieur à la capacité de la salle dans EXP_SALLE : donnée à vérifier (capacité obsolète ou effectif cumulé). La séance est conservée telle quelle.
effectif EFFCALCU supérieur à la capacité de la salle;Salle de cours B_B213 (DEG-02) · Rencontre M1 & M2 MOTI;1;Effectif supérieur à la capacité de la salle dans EXP_SALLE : donnée à vérifier (capacité obsolète ou effectif cumulé). La séance est conservée telle quelle.
effectif EFFCALCU supérieur à la capacité de la salle;Salle de cours B_B3 (DEG-00) · Anglais L1 DEG S2;11;Effectif supérieur à la capacité de la salle dans EXP_SALLE : donnée à vérifier (capacité obsolète ou effectif cumulé). La séance est conservée telle quelle.
effectif EFFCALCU supérieur à la capacité de la salle;Salle de cours B_B3 (DEG-00) · Espagnol L1 DEG S2;12;Effectif supérieur à la capacité de la salle dans EXP_SALLE : donnée à vérifier (capacité obsolète ou effectif cumulé). La séance est conservée telle quelle.
effectif EFFCALCU supérieur à la capacité de la salle;Salle de cours B_B3 (DEG-00) · Espagnol L3 DEG S5;1;Effectif supérieur à la capacité de la salle dans EXP_SALLE : donnée à vérifier (capacité obsolète ou effectif cumulé). La séance est conservée telle quelle.
effectif EFFCALCU supérieur à la capacité de la salle;Salle de cours B_B3 (DEG-00) · Espagnol L3 DEG S6;13;Effectif supérieur à la capacité de la salle dans EXP_SALLE : donnée à vérifier (capacité obsolète ou effectif cumulé). La séance est conservée telle quelle.
effectif EFFCALCU supérieur à la capacité de la salle;Salle de cours B_B3 (DEG-00) · Fiscalité appli aux ets 2;1;Effectif supérieur à la capacité de la salle dans EXP_SALLE : donnée à vérifier (capacité obsolète ou effectif cumulé). La séance est conservée telle quelle.
effectif EFFCALCU supérieur à la capacité de la salle;Salle de cours B_B3 (DEG-00) · Informations et médias;1;Effectif supérieur à la capacité de la salle dans EXP_SALLE : donnée à vérifier (capacité obsolète ou effectif cumulé). La séance est conservée telle quelle.
effectif EFFCALCU supérieur à la capacité de la salle;Salle de cours B_B3 (DEG-00) · Macroéconomie 3;1;Effectif supérieur à la capacité de la salle dans EXP_SALLE : donnée à vérifier (capacité obsolète ou effectif cumulé). La séance est conservée telle quelle.
effectif EFFCALCU supérieur à la capacité de la salle;Salle de cours B_B3 (DEG-00) · Stratégie entreprises;1;Effectif supérieur à la capacité de la salle dans EXP_SALLE : donnée à vérifier (capacité obsolète ou effectif cumulé). La séance est conservée telle quelle.
effectif EFFCALCU supérieur à la capacité de la salle;Salle de cours B_B3 (DEG-00) · Séminaire Elyse Ritchey;1;Effectif supérieur à la capacité de la salle dans EXP_SALLE : donnée à vérifier (capacité obsolète ou effectif cumulé). La séance est conservée telle quelle.
effectif EFFCALCU supérieur à la capacité de la salle;Salle de cours B_B3 (DEG-00) · TD Comptabilité 2;1;Effectif supérieur à la capacité de la salle dans EXP_SALLE : donnée à vérifier (capacité obsolète ou effectif cumulé). La séance est conservée telle quelle.
effectif EFFCALCU supérieur à la capacité de la salle;Salle de cours B_B3 (DEG-00) · TD Microéconomie 3;1;Effectif supérieur à la capacité de la salle dans EXP_SALLE : donnée à vérifier (capacité obsolète ou effectif cumulé). La séance est conservée telle quelle.
effectif EFFCALCU supérieur à la capacité de la salle;Salle de cours B_B3 (DEG-00) · Tutorat L1;1;Effectif supérieur à la capacité de la salle dans EXP_SALLE : donnée à vérifier (capacité obsolète ou effectif cumulé). La séance est conservée telle quelle.
effectif EFFCALCU supérieur à la capacité de la salle;Salle de cours B_B3 (DEG-00) · UET Simulation parlementaire;1;Effectif supérieur à la capacité de la salle dans EXP_SALLE : donnée à vérifier (capacité obsolète ou effectif cumulé). La séance est conservée telle quelle.
effectif EFFCALCU supérieur à la capacité de la salle;Salle de cours B_B3 (DEG-00) · XXX consultation copies DEG;1;Effectif supérieur à la capacité de la salle dans EXP_SALLE : donnée à vérifier (capacité obsolète ou effectif cumulé). La séance est conservée telle quelle.
effectif EFFCALCU supérieur à la capacité de la salle;Salle de cours B_B3 (DEG-00) · XXX- Tutorat;3;Effectif supérieur à la capacité de la salle dans EXP_SALLE : donnée à vérifier (capacité obsolète ou effectif cumulé). La séance est conservée telle quelle.
effectif EFFCALCU supérieur à la capacité de la salle;Salle de cours B_B4 (DEG-00) · Anglais L1 DEG S1;26;Effectif supérieur à la capacité de la salle dans EXP_SALLE : donnée à vérifier (capacité obsolète ou effectif cumulé). La séance est conservée telle quelle.
effectif EFFCALCU supérieur à la capacité de la salle;Salle de cours B_B4 (DEG-00) · Anglais L1 DEG S2;12;Effectif supérieur à la capacité de la salle dans EXP_SALLE : donnée à vérifier (capacité obsolète ou effectif cumulé). La séance est conservée telle quelle.
effectif EFFCALCU supérieur à la capacité de la salle;Salle de cours B_B4 (DEG-00) · Droit civil S2 TD;1;Effectif supérieur à la capacité de la salle dans EXP_SALLE : donnée à vérifier (capacité obsolète ou effectif cumulé). La séance est conservée telle quelle.
effectif EFFCALCU supérieur à la capacité de la salle;Salle de cours B_B4 (DEG-00) · Droit pénal;1;Effectif supérieur à la capacité de la salle dans EXP_SALLE : donnée à vérifier (capacité obsolète ou effectif cumulé). La séance est conservée telle quelle.
effectif EFFCALCU supérieur à la capacité de la salle;Salle de cours B_B4 (DEG-00) · Entretiens individuels;1;Effectif supérieur à la capacité de la salle dans EXP_SALLE : donnée à vérifier (capacité obsolète ou effectif cumulé). La séance est conservée telle quelle.
effectif EFFCALCU supérieur à la capacité de la salle;Salle de cours B_B4 (DEG-00) · Espagnol L3 DEG S5;2;Effectif supérieur à la capacité de la salle dans EXP_SALLE : donnée à vérifier (capacité obsolète ou effectif cumulé). La séance est conservée telle quelle.
effectif EFFCALCU supérieur à la capacité de la salle;Salle de cours B_B4 (DEG-00) · Expresssion française;1;Effectif supérieur à la capacité de la salle dans EXP_SALLE : donnée à vérifier (capacité obsolète ou effectif cumulé). La séance est conservée telle quelle.
effectif EFFCALCU supérieur à la capacité de la salle;Salle de cours B_B4 (DEG-00) · Grand oral L3 Éco;1;Effectif supérieur à la capacité de la salle dans EXP_SALLE : donnée à vérifier (capacité obsolète ou effectif cumulé). La séance est conservée telle quelle.
effectif EFFCALCU supérieur à la capacité de la salle;Salle de cours B_B4 (DEG-00) · TD Comptabilité;9;Effectif supérieur à la capacité de la salle dans EXP_SALLE : donnée à vérifier (capacité obsolète ou effectif cumulé). La séance est conservée telle quelle.
effectif EFFCALCU supérieur à la capacité de la salle;Salle de cours B_B4 (DEG-00) · TD Fiscalité appli aux ets 2;2;Effectif supérieur à la capacité de la salle dans EXP_SALLE : donnée à vérifier (capacité obsolète ou effectif cumulé). La séance est conservée telle quelle.
effectif EFFCALCU supérieur à la capacité de la salle;Salle de cours B_B4 (DEG-00) · TD Microéconomie 3;6;Effectif supérieur à la capacité de la salle dans EXP_SALLE : donnée à vérifier (capacité obsolète ou effectif cumulé). La séance est conservée telle quelle.
effectif EFFCALCU supérieur à la capacité de la salle;Salle de cours B_B4 (DEG-00) · Tutorat L1;1;Effectif supérieur à la capacité de la salle dans EXP_SALLE : donnée à vérifier (capacité obsolète ou effectif cumulé). La séance est conservée telle quelle.
effectif EFFCALCU supérieur à la capacité de la salle;Salle de cours B_B4 (DEG-00) · XXX consultation copies DEG;1;Effectif supérieur à la capacité de la salle dans EXP_SALLE : donnée à vérifier (capacité obsolète ou effectif cumulé). La séance est conservée telle quelle.
effectif EFFCALCU supérieur à la capacité de la salle;Salle de cours B_B4 (DEG-00) · XXX- Tutorat;1;Effectif supérieur à la capacité de la salle dans EXP_SALLE : donnée à vérifier (capacité obsolète ou effectif cumulé). La séance est conservée telle quelle.
effectif EFFCALCU supérieur à la capacité de la salle;Salle de cours B_B4 (DEG-00) · XXX- Tutorat L1 éco;4;Effectif supérieur à la capacité de la salle dans EXP_SALLE : donnée à vérifier (capacité obsolète ou effectif cumulé). La séance est conservée telle quelle.
effectif EFFCALCU supérieur à la capacité de la salle;Salle de cours B_B5 (DEG-00) · Anglais L1 DEG S1;1;Effectif supérieur à la capacité de la salle dans EXP_SALLE : donnée à vérifier (capacité obsolète ou effectif cumulé). La séance est conservée telle quelle.
effectif EFFCALCU supérieur à la capacité de la salle;Salle de cours B_B5 (DEG-00) · Anglais L1 DEG S2;4;Effectif supérieur à la capacité de la salle dans EXP_SALLE : donnée à vérifier (capacité obsolète ou effectif cumulé). La séance est conservée telle quelle.
effectif EFFCALCU supérieur à la capacité de la salle;Salle de cours B_B5 (DEG-00) · Anglais L2 DEG S4;1;Effectif supérieur à la capacité de la salle dans EXP_SALLE : donnée à vérifier (capacité obsolète ou effectif cumulé). La séance est conservée telle quelle.
effectif EFFCALCU supérieur à la capacité de la salle;Salle de cours B_B5 (DEG-00) · Droit civil S2 TD;1;Effectif supérieur à la capacité de la salle dans EXP_SALLE : donnée à vérifier (capacité obsolète ou effectif cumulé). La séance est conservée telle quelle.
effectif EFFCALCU supérieur à la capacité de la salle;Salle de cours B_B5 (DEG-00) · Energie innovation;2;Effectif supérieur à la capacité de la salle dans EXP_SALLE : donnée à vérifier (capacité obsolète ou effectif cumulé). La séance est conservée telle quelle.
effectif EFFCALCU supérieur à la capacité de la salle;Salle de cours B_B5 (DEG-00) · Espagnol L1 DEG S1;13;Effectif supérieur à la capacité de la salle dans EXP_SALLE : donnée à vérifier (capacité obsolète ou effectif cumulé). La séance est conservée telle quelle.
effectif EFFCALCU supérieur à la capacité de la salle;Salle de cours B_B5 (DEG-00) · Espagnol L3 DEG S6;9;Effectif supérieur à la capacité de la salle dans EXP_SALLE : donnée à vérifier (capacité obsolète ou effectif cumulé). La séance est conservée telle quelle.
effectif EFFCALCU supérieur à la capacité de la salle;Salle de cours B_B5 (DEG-00) · Grand oral L3 Éco;1;Effectif supérieur à la capacité de la salle dans EXP_SALLE : donnée à vérifier (capacité obsolète ou effectif cumulé). La séance est conservée telle quelle.
effectif EFFCALCU supérieur à la capacité de la salle;Salle de cours B_B5 (DEG-00) · Intro méthod. quant;1;Effectif supérieur à la capacité de la salle dans EXP_SALLE : donnée à vérifier (capacité obsolète ou effectif cumulé). La séance est conservée telle quelle.
effectif EFFCALCU supérieur à la capacité de la salle;Salle de cours B_B5 (DEG-00) · Maths microéconomie;1;Effectif supérieur à la capacité de la salle dans EXP_SALLE : donnée à vérifier (capacité obsolète ou effectif cumulé). La séance est conservée telle quelle.
effectif EFFCALCU supérieur à la capacité de la salle;Salle de cours B_B5 (DEG-00) · Socio polit des démocrat;4;Effectif supérieur à la capacité de la salle dans EXP_SALLE : donnée à vérifier (capacité obsolète ou effectif cumulé). La séance est conservée telle quelle.
effectif EFFCALCU supérieur à la capacité de la salle;Salle de cours B_B5 (DEG-00) · TD Economie et Soutenabilité;1;Effectif supérieur à la capacité de la salle dans EXP_SALLE : donnée à vérifier (capacité obsolète ou effectif cumulé). La séance est conservée telle quelle.
effectif EFFCALCU supérieur à la capacité de la salle;Salle de cours B_B5 (DEG-00) · Théorie des organisations;1;Effectif supérieur à la capacité de la salle dans EXP_SALLE : donnée à vérifier (capacité obsolète ou effectif cumulé). La séance est conservée telle quelle.
effectif EFFCALCU supérieur à la capacité de la salle;Salle de cours B_B5 (DEG-00) · XXX consultation copies DEG;1;Effectif supérieur à la capacité de la salle dans EXP_SALLE : donnée à vérifier (capacité obsolète ou effectif cumulé). La séance est conservée telle quelle.
effectif EFFCALCU supérieur à la capacité de la salle;Salle de cours B_B5 (DEG-00) · XXX- Tutorat;3;Effectif supérieur à la capacité de la salle dans EXP_SALLE : donnée à vérifier (capacité obsolète ou effectif cumulé). La séance est conservée telle quelle.
effectif EFFCALCU supérieur à la capacité de la salle;Salle de cours B_B5 (DEG-00) · xxx - Contrôle continu;2;Effectif supérieur à la capacité de la salle dans EXP_SALLE : donnée à vérifier (capacité obsolète ou effectif cumulé). La séance est conservée telle quelle.
effectif EFFCALCU supérieur à la capacité de la salle;Salle de cours B_B5 (DEG-00) · xxx-correction compta;1;Effectif supérieur à la capacité de la salle dans EXP_SALLE : donnée à vérifier (capacité obsolète ou effectif cumulé). La séance est conservée telle quelle.
effectif EFFCALCU supérieur à la capacité de la salle;Salle de cours B_B5 (DEG-00) · Économie internationale 1;1;Effectif supérieur à la capacité de la salle dans EXP_SALLE : donnée à vérifier (capacité obsolète ou effectif cumulé). La séance est conservée telle quelle.
effectif EFFCALCU supérieur à la capacité de la salle;Salle de cours B_B6 (DEG-00) · Anglais L1 DEG S1;26;Effectif supérieur à la capacité de la salle dans EXP_SALLE : donnée à vérifier (capacité obsolète ou effectif cumulé). La séance est conservée telle quelle.
effectif EFFCALCU supérieur à la capacité de la salle;Salle de cours B_B6 (DEG-00) · Anglais L1 DEG S2;21;Effectif supérieur à la capacité de la salle dans EXP_SALLE : donnée à vérifier (capacité obsolète ou effectif cumulé). La séance est conservée telle quelle.
effectif EFFCALCU supérieur à la capacité de la salle;Salle de cours B_B6 (DEG-00) · Droit de l'UE TD;1;Effectif supérieur à la capacité de la salle dans EXP_SALLE : donnée à vérifier (capacité obsolète ou effectif cumulé). La séance est conservée telle quelle.
effectif EFFCALCU supérieur à la capacité de la salle;Salle de cours B_B6 (DEG-00) · Enquête de terrain 1;1;Effectif supérieur à la capacité de la salle dans EXP_SALLE : donnée à vérifier (capacité obsolète ou effectif cumulé). La séance est conservée telle quelle.
effectif EFFCALCU supérieur à la capacité de la salle;Salle de cours B_B6 (DEG-00) · Entraînement epreuve de Droit;1;Effectif supérieur à la capacité de la salle dans EXP_SALLE : donnée à vérifier (capacité obsolète ou effectif cumulé). La séance est conservée telle quelle.
effectif EFFCALCU supérieur à la capacité de la salle;Salle de cours B_B6 (DEG-00) · Histoire contemporaine;1;Effectif supérieur à la capacité de la salle dans EXP_SALLE : donnée à vérifier (capacité obsolète ou effectif cumulé). La séance est conservée telle quelle.
effectif EFFCALCU supérieur à la capacité de la salle;Salle de cours B_B6 (DEG-00) · Intro méthod. quant;1;Effectif supérieur à la capacité de la salle dans EXP_SALLE : donnée à vérifier (capacité obsolète ou effectif cumulé). La séance est conservée telle quelle.
effectif EFFCALCU supérieur à la capacité de la salle;Salle de cours B_B6 (DEG-00) · Maths microéconomie;1;Effectif supérieur à la capacité de la salle dans EXP_SALLE : donnée à vérifier (capacité obsolète ou effectif cumulé). La séance est conservée telle quelle.
effectif EFFCALCU supérieur à la capacité de la salle;Salle de cours B_B6 (DEG-00) · Maths pr éco/gestion;1;Effectif supérieur à la capacité de la salle dans EXP_SALLE : donnée à vérifier (capacité obsolète ou effectif cumulé). La séance est conservée telle quelle.
effectif EFFCALCU supérieur à la capacité de la salle;Salle de cours B_B6 (DEG-00) · Microéconomie 1;1;Effectif supérieur à la capacité de la salle dans EXP_SALLE : donnée à vérifier (capacité obsolète ou effectif cumulé). La séance est conservée telle quelle.
effectif EFFCALCU supérieur à la capacité de la salle;Salle de cours B_B6 (DEG-00) · Microéconomie 3;1;Effectif supérieur à la capacité de la salle dans EXP_SALLE : donnée à vérifier (capacité obsolète ou effectif cumulé). La séance est conservée telle quelle.
effectif EFFCALCU supérieur à la capacité de la salle;Salle de cours B_B6 (DEG-00) · PAC CM;1;Effectif supérieur à la capacité de la salle dans EXP_SALLE : donnée à vérifier (capacité obsolète ou effectif cumulé). La séance est conservée telle quelle.
effectif EFFCALCU supérieur à la capacité de la salle;Salle de cours B_B6 (DEG-00) · Socio polit des démocrat;4;Effectif supérieur à la capacité de la salle dans EXP_SALLE : donnée à vérifier (capacité obsolète ou effectif cumulé). La séance est conservée telle quelle.
effectif EFFCALCU supérieur à la capacité de la salle;Salle de cours B_B6 (DEG-00) · Stats descriptive / EXCEL;1;Effectif supérieur à la capacité de la salle dans EXP_SALLE : donnée à vérifier (capacité obsolète ou effectif cumulé). La séance est conservée telle quelle.
effectif EFFCALCU supérieur à la capacité de la salle;Salle de cours B_B6 (DEG-00) · TD Economie générale L1 AES;1;Effectif supérieur à la capacité de la salle dans EXP_SALLE : donnée à vérifier (capacité obsolète ou effectif cumulé). La séance est conservée telle quelle.
effectif EFFCALCU supérieur à la capacité de la salle;Salle de cours B_B6 (DEG-00) · Tutorat L1;3;Effectif supérieur à la capacité de la salle dans EXP_SALLE : donnée à vérifier (capacité obsolète ou effectif cumulé). La séance est conservée telle quelle.
effectif EFFCALCU supérieur à la capacité de la salle;Salle de cours B_B6 (DEG-00) · XXX - Rattrapage examen blanc;1;Effectif supérieur à la capacité de la salle dans EXP_SALLE : donnée à vérifier (capacité obsolète ou effectif cumulé). La séance est conservée telle quelle.
effectif EFFCALCU supérieur à la capacité de la salle;Salle de cours B_B6 (DEG-00) · XXX- Tutorat;4;Effectif supérieur à la capacité de la salle dans EXP_SALLE : donnée à vérifier (capacité obsolète ou effectif cumulé). La séance est conservée telle quelle.
effectif EFFCALCU supérieur à la capacité de la salle;Salle de cours B_B6 (DEG-00) · XXX- Tutorat L1 éco;2;Effectif supérieur à la capacité de la salle dans EXP_SALLE : donnée à vérifier (capacité obsolète ou effectif cumulé). La séance est conservée telle quelle.
effectif EFFCALCU supérieur à la capacité de la salle;Salle de cours B_B6 (DEG-00) · XXX-CC Expression Française;2;Effectif supérieur à la capacité de la salle dans EXP_SALLE : donnée à vérifier (capacité obsolète ou effectif cumulé). La séance est conservée telle quelle.
effectif EFFCALCU supérieur à la capacité de la salle;Salle de cours B_B6 (DEG-00) · XXX-CC Intro à la gestion;1;Effectif supérieur à la capacité de la salle dans EXP_SALLE : donnée à vérifier (capacité obsolète ou effectif cumulé). La séance est conservée telle quelle.
effectif EFFCALCU supérieur à la capacité de la salle;Salle de cours B_B6 (DEG-00) · XXX-Consultation Copies;1;Effectif supérieur à la capacité de la salle dans EXP_SALLE : donnée à vérifier (capacité obsolète ou effectif cumulé). La séance est conservée telle quelle.
effectif EFFCALCU supérieur à la capacité de la salle;Salle de cours B_B6 (DEG-00) · XXX-Tutorat L1 AES;1;Effectif supérieur à la capacité de la salle dans EXP_SALLE : donnée à vérifier (capacité obsolète ou effectif cumulé). La séance est conservée telle quelle.
effectif EFFCALCU supérieur à la capacité de la salle;Salle de cours B_B7 (DEG-00) · Analyse financière;1;Effectif supérieur à la capacité de la salle dans EXP_SALLE : donnée à vérifier (capacité obsolète ou effectif cumulé). La séance est conservée telle quelle.
effectif EFFCALCU supérieur à la capacité de la salle;Salle de cours B_B7 (DEG-00) · Anglais L1 DEG S1;2;Effectif supérieur à la capacité de la salle dans EXP_SALLE : donnée à vérifier (capacité obsolète ou effectif cumulé). La séance est conservée telle quelle.
effectif EFFCALCU supérieur à la capacité de la salle;Salle de cours B_B7 (DEG-00) · Anglais L1 DEG S2;10;Effectif supérieur à la capacité de la salle dans EXP_SALLE : donnée à vérifier (capacité obsolète ou effectif cumulé). La séance est conservée telle quelle.
effectif EFFCALCU supérieur à la capacité de la salle;Salle de cours B_B7 (DEG-00) · Champ médico social;7;Effectif supérieur à la capacité de la salle dans EXP_SALLE : donnée à vérifier (capacité obsolète ou effectif cumulé). La séance est conservée telle quelle.
effectif EFFCALCU supérieur à la capacité de la salle;Salle de cours B_B7 (DEG-00) · Connaissance des publics;2;Effectif supérieur à la capacité de la salle dans EXP_SALLE : donnée à vérifier (capacité obsolète ou effectif cumulé). La séance est conservée telle quelle.
effectif EFFCALCU supérieur à la capacité de la salle;Salle de cours B_B7 (DEG-00) · Contour de l'intervention;1;Effectif supérieur à la capacité de la salle dans EXP_SALLE : donnée à vérifier (capacité obsolète ou effectif cumulé). La séance est conservée telle quelle.
effectif EFFCALCU supérieur à la capacité de la salle;Salle de cours B_B7 (DEG-00) · Droits et procédures;12;Effectif supérieur à la capacité de la salle dans EXP_SALLE : donnée à vérifier (capacité obsolète ou effectif cumulé). La séance est conservée telle quelle.
effectif EFFCALCU supérieur à la capacité de la salle;Salle de cours B_B7 (DEG-00) · Déontologie et analyse;4;Effectif supérieur à la capacité de la salle dans EXP_SALLE : donnée à vérifier (capacité obsolète ou effectif cumulé). La séance est conservée telle quelle.
effectif EFFCALCU supérieur à la capacité de la salle;Salle de cours B_B7 (DEG-00) · Entraînement epreuve de Droit;7;Effectif supérieur à la capacité de la salle dans EXP_SALLE : donnée à vérifier (capacité obsolète ou effectif cumulé). La séance est conservée telle quelle.
effectif EFFCALCU supérieur à la capacité de la salle;Salle de cours B_B7 (DEG-00) · Entretiens individuels;1;Effectif supérieur à la capacité de la salle dans EXP_SALLE : donnée à vérifier (capacité obsolète ou effectif cumulé). La séance est conservée telle quelle.
effectif EFFCALCU supérieur à la capacité de la salle;Salle de cours B_B7 (DEG-00) · Espagnol L3 DEG S5;8;Effectif supérieur à la capacité de la salle dans EXP_SALLE : donnée à vérifier (capacité obsolète ou effectif cumulé). La séance est conservée telle quelle.
effectif EFFCALCU supérieur à la capacité de la salle;Salle de cours B_B7 (DEG-00) · Expresssion française;1;Effectif supérieur à la capacité de la salle dans EXP_SALLE : donnée à vérifier (capacité obsolète ou effectif cumulé). La séance est conservée telle quelle.
effectif EFFCALCU supérieur à la capacité de la salle;Salle de cours B_B7 (DEG-00) · Gestion fiscale/ partimoi;5;Effectif supérieur à la capacité de la salle dans EXP_SALLE : donnée à vérifier (capacité obsolète ou effectif cumulé). La séance est conservée telle quelle.
effectif EFFCALCU supérieur à la capacité de la salle;Salle de cours B_B7 (DEG-00) · Grand oral L3 Éco;2;Effectif supérieur à la capacité de la salle dans EXP_SALLE : donnée à vérifier (capacité obsolète ou effectif cumulé). La séance est conservée telle quelle.
effectif EFFCALCU supérieur à la capacité de la salle;Salle de cours B_B7 (DEG-00) · Informatique;1;Effectif supérieur à la capacité de la salle dans EXP_SALLE : donnée à vérifier (capacité obsolète ou effectif cumulé). La séance est conservée telle quelle.
effectif EFFCALCU supérieur à la capacité de la salle;Salle de cours B_B7 (DEG-00) · Intervention et aide pers;3;Effectif supérieur à la capacité de la salle dans EXP_SALLE : donnée à vérifier (capacité obsolète ou effectif cumulé). La séance est conservée telle quelle.
effectif EFFCALCU supérieur à la capacité de la salle;Salle de cours B_B7 (DEG-00) · Intro gestion TD;1;Effectif supérieur à la capacité de la salle dans EXP_SALLE : donnée à vérifier (capacité obsolète ou effectif cumulé). La séance est conservée telle quelle.
effectif EFFCALCU supérieur à la capacité de la salle;Salle de cours B_B7 (DEG-00) · Le mandataire judiciaire;4;Effectif supérieur à la capacité de la salle dans EXP_SALLE : donnée à vérifier (capacité obsolète ou effectif cumulé). La séance est conservée telle quelle.
effectif EFFCALCU supérieur à la capacité de la salle;Salle de cours B_B7 (DEG-00) · Macroéconomie 1;2;Effectif supérieur à la capacité de la salle dans EXP_SALLE : donnée à vérifier (capacité obsolète ou effectif cumulé). La séance est conservée telle quelle.
effectif EFFCALCU supérieur à la capacité de la salle;Salle de cours B_B7 (DEG-00) · Microéconomie 1;1;Effectif supérieur à la capacité de la salle dans EXP_SALLE : donnée à vérifier (capacité obsolète ou effectif cumulé). La séance est conservée telle quelle.
effectif EFFCALCU supérieur à la capacité de la salle;Salle de cours B_B7 (DEG-00) · Microéconomie 3;2;Effectif supérieur à la capacité de la salle dans EXP_SALLE : donnée à vérifier (capacité obsolète ou effectif cumulé). La séance est conservée telle quelle.
effectif EFFCALCU supérieur à la capacité de la salle;Salle de cours B_B7 (DEG-00) · Probabilités;1;Effectif supérieur à la capacité de la salle dans EXP_SALLE : donnée à vérifier (capacité obsolète ou effectif cumulé). La séance est conservée telle quelle.
effectif EFFCALCU supérieur à la capacité de la salle;Salle de cours B_B7 (DEG-00) · Protection de la personne;6;Effectif supérieur à la capacité de la salle dans EXP_SALLE : donnée à vérifier (capacité obsolète ou effectif cumulé). La séance est conservée telle quelle.
effectif EFFCALCU supérieur à la capacité de la salle;Salle de cours B_B7 (DEG-00) · Rapport de stage;2;Effectif supérieur à la capacité de la salle dans EXP_SALLE : donnée à vérifier (capacité obsolète ou effectif cumulé). La séance est conservée telle quelle.
effectif EFFCALCU supérieur à la capacité de la salle;Salle de cours B_B7 (DEG-00) · Restitution visite Cap Ecol;3;Effectif supérieur à la capacité de la salle dans EXP_SALLE : donnée à vérifier (capacité obsolète ou effectif cumulé). La séance est conservée telle quelle.
effectif EFFCALCU supérieur à la capacité de la salle;Salle de cours B_B7 (DEG-00) · Réservation de salles;3;Effectif supérieur à la capacité de la salle dans EXP_SALLE : donnée à vérifier (capacité obsolète ou effectif cumulé). La séance est conservée telle quelle.
effectif EFFCALCU supérieur à la capacité de la salle;Salle de cours B_B7 (DEG-00) · Stats descriptive / EXCEL;1;Effectif supérieur à la capacité de la salle dans EXP_SALLE : donnée à vérifier (capacité obsolète ou effectif cumulé). La séance est conservée telle quelle.
effectif EFFCALCU supérieur à la capacité de la salle;Salle de cours B_B7 (DEG-00) · Séminaire Elyse Ritchey;2;Effectif supérieur à la capacité de la salle dans EXP_SALLE : donnée à vérifier (capacité obsolète ou effectif cumulé). La séance est conservée telle quelle.
effectif EFFCALCU supérieur à la capacité de la salle;Salle de cours B_B7 (DEG-00) · TD Macroéconomie;1;Effectif supérieur à la capacité de la salle dans EXP_SALLE : donnée à vérifier (capacité obsolète ou effectif cumulé). La séance est conservée telle quelle.
effectif EFFCALCU supérieur à la capacité de la salle;Salle de cours B_B7 (DEG-00) · TD Statistiques descriptives;1;Effectif supérieur à la capacité de la salle dans EXP_SALLE : donnée à vérifier (capacité obsolète ou effectif cumulé). La séance est conservée telle quelle.
effectif EFFCALCU supérieur à la capacité de la salle;Salle de cours B_B7 (DEG-00) · Tutorat L1;2;Effectif supérieur à la capacité de la salle dans EXP_SALLE : donnée à vérifier (capacité obsolète ou effectif cumulé). La séance est conservée telle quelle.
effectif EFFCALCU supérieur à la capacité de la salle;Salle de cours B_B7 (DEG-00) · XXX- Tutorat;5;Effectif supérieur à la capacité de la salle dans EXP_SALLE : donnée à vérifier (capacité obsolète ou effectif cumulé). La séance est conservée telle quelle.
effectif EFFCALCU supérieur à la capacité de la salle;Salle de cours B_B7 (DEG-00) · XXX-CC Intro à la gestion;2;Effectif supérieur à la capacité de la salle dans EXP_SALLE : donnée à vérifier (capacité obsolète ou effectif cumulé). La séance est conservée telle quelle.
effectif EFFCALCU supérieur à la capacité de la salle;Salle de cours B_B7 (DEG-00) · XXX-Consultation Copies;2;Effectif supérieur à la capacité de la salle dans EXP_SALLE : donnée à vérifier (capacité obsolète ou effectif cumulé). La séance est conservée telle quelle.
effectif EFFCALCU supérieur à la capacité de la salle;Salle de cours B_B7 (DEG-00) · gestion Admin / budget;11;Effectif supérieur à la capacité de la salle dans EXP_SALLE : donnée à vérifier (capacité obsolète ou effectif cumulé). La séance est conservée telle quelle.
effectif EFFCALCU supérieur à la capacité de la salle;Salle de cours B_B7 (DEG-00) · xxx - Contrôle continu;1;Effectif supérieur à la capacité de la salle dans EXP_SALLE : donnée à vérifier (capacité obsolète ou effectif cumulé). La séance est conservée telle quelle.
effectif EFFCALCU supérieur à la capacité de la salle;Salle de cours B_B8 (DEG-00) · Anglais L1 DEG S1;10;Effectif supérieur à la capacité de la salle dans EXP_SALLE : donnée à vérifier (capacité obsolète ou effectif cumulé). La séance est conservée telle quelle.
effectif EFFCALCU supérieur à la capacité de la salle;Salle de cours B_B8 (DEG-00) · Anglais L1 DEG S2;3;Effectif supérieur à la capacité de la salle dans EXP_SALLE : donnée à vérifier (capacité obsolète ou effectif cumulé). La séance est conservée telle quelle.
effectif EFFCALCU supérieur à la capacité de la salle;Salle de cours B_B8 (DEG-00) · Comptabilité des sociétés;1;Effectif supérieur à la capacité de la salle dans EXP_SALLE : donnée à vérifier (capacité obsolète ou effectif cumulé). La séance est conservée telle quelle.
effectif EFFCALCU supérieur à la capacité de la salle;Salle de cours B_B8 (DEG-00) · Conjoncture et croissance;1;Effectif supérieur à la capacité de la salle dans EXP_SALLE : donnée à vérifier (capacité obsolète ou effectif cumulé). La séance est conservée telle quelle.
effectif EFFCALCU supérieur à la capacité de la salle;Salle de cours B_B8 (DEG-00) · Espagnol L3 DEG S6;6;Effectif supérieur à la capacité de la salle dans EXP_SALLE : donnée à vérifier (capacité obsolète ou effectif cumulé). La séance est conservée telle quelle.
effectif EFFCALCU supérieur à la capacité de la salle;Salle de cours B_B8 (DEG-00) · Gds prob polit contemp 1;2;Effectif supérieur à la capacité de la salle dans EXP_SALLE : donnée à vérifier (capacité obsolète ou effectif cumulé). La séance est conservée telle quelle.
effectif EFFCALCU supérieur à la capacité de la salle;Salle de cours B_B8 (DEG-00) · Gestion des RH et QVT 2;1;Effectif supérieur à la capacité de la salle dans EXP_SALLE : donnée à vérifier (capacité obsolète ou effectif cumulé). La séance est conservée telle quelle.
effectif EFFCALCU supérieur à la capacité de la salle;Salle de cours B_B8 (DEG-00) · Grand oral L3 Éco;2;Effectif supérieur à la capacité de la salle dans EXP_SALLE : donnée à vérifier (capacité obsolète ou effectif cumulé). La séance est conservée telle quelle.
effectif EFFCALCU supérieur à la capacité de la salle;Salle de cours B_B8 (DEG-00) · Maths pr éco/gestion 2;1;Effectif supérieur à la capacité de la salle dans EXP_SALLE : donnée à vérifier (capacité obsolète ou effectif cumulé). La séance est conservée telle quelle.
effectif EFFCALCU supérieur à la capacité de la salle;Salle de cours B_B8 (DEG-00) · Microéconomie 2;1;Effectif supérieur à la capacité de la salle dans EXP_SALLE : donnée à vérifier (capacité obsolète ou effectif cumulé). La séance est conservée telle quelle.
effectif EFFCALCU supérieur à la capacité de la salle;Salle de cours B_B8 (DEG-00) · Microéconomie 3;2;Effectif supérieur à la capacité de la salle dans EXP_SALLE : donnée à vérifier (capacité obsolète ou effectif cumulé). La séance est conservée telle quelle.
effectif EFFCALCU supérieur à la capacité de la salle;Salle de cours B_B8 (DEG-00) · Microéconomie appliquée;1;Effectif supérieur à la capacité de la salle dans EXP_SALLE : donnée à vérifier (capacité obsolète ou effectif cumulé). La séance est conservée telle quelle.
effectif EFFCALCU supérieur à la capacité de la salle;Salle de cours B_B8 (DEG-00) · Rattrapage dt des contrats;1;Effectif supérieur à la capacité de la salle dans EXP_SALLE : donnée à vérifier (capacité obsolète ou effectif cumulé). La séance est conservée telle quelle.
effectif EFFCALCU supérieur à la capacité de la salle;Salle de cours B_B8 (DEG-00) · TD Droit civil Semestre 7;1;Effectif supérieur à la capacité de la salle dans EXP_SALLE : donnée à vérifier (capacité obsolète ou effectif cumulé). La séance est conservée telle quelle.
effectif EFFCALCU supérieur à la capacité de la salle;Salle de cours B_B8 (DEG-00) · TD Economie et Soutenabilité;1;Effectif supérieur à la capacité de la salle dans EXP_SALLE : donnée à vérifier (capacité obsolète ou effectif cumulé). La séance est conservée telle quelle.
effectif EFFCALCU supérieur à la capacité de la salle;Salle de cours B_B8 (DEG-00) · Tutorat L1;2;Effectif supérieur à la capacité de la salle dans EXP_SALLE : donnée à vérifier (capacité obsolète ou effectif cumulé). La séance est conservée telle quelle.
effectif EFFCALCU supérieur à la capacité de la salle;Salle de cours B_B8 (DEG-00) · XXX consultation copies DEG;1;Effectif supérieur à la capacité de la salle dans EXP_SALLE : donnée à vérifier (capacité obsolète ou effectif cumulé). La séance est conservée telle quelle.
effectif EFFCALCU supérieur à la capacité de la salle;Salle de cours B_B8 (DEG-00) · XXX- Rattrapage CC macro 3;1;Effectif supérieur à la capacité de la salle dans EXP_SALLE : donnée à vérifier (capacité obsolète ou effectif cumulé). La séance est conservée telle quelle.
effectif EFFCALCU supérieur à la capacité de la salle;Salle de cours B_B8 (DEG-00) · XXX- Tutorat;3;Effectif supérieur à la capacité de la salle dans EXP_SALLE : donnée à vérifier (capacité obsolète ou effectif cumulé). La séance est conservée telle quelle.
effectif EFFCALCU supérieur à la capacité de la salle;Salle de cours B_B8 (DEG-00) · XXX-Consultation Copies;1;Effectif supérieur à la capacité de la salle dans EXP_SALLE : donnée à vérifier (capacité obsolète ou effectif cumulé). La séance est conservée telle quelle.
effectif EFFCALCU supérieur à la capacité de la salle;Salle de cours B_B8 (DEG-00) · xxx - Contrôle continu;1;Effectif supérieur à la capacité de la salle dans EXP_SALLE : donnée à vérifier (capacité obsolète ou effectif cumulé). La séance est conservée telle quelle.
effectif EFFCALCU supérieur à la capacité de la salle;Salle de cours B_B8 (DEG-00) · Éco. bancaire/éco. assura;1;Effectif supérieur à la capacité de la salle dans EXP_SALLE : donnée à vérifier (capacité obsolète ou effectif cumulé). La séance est conservée telle quelle.
effectif EFFCALCU supérieur à la capacité de la salle;Salle de cours B_B8 (DEG-00) · Économie internationale 1;1;Effectif supérieur à la capacité de la salle dans EXP_SALLE : donnée à vérifier (capacité obsolète ou effectif cumulé). La séance est conservée telle quelle.
effectif EFFCALCU supérieur à la capacité de la salle;Salle de cours C_C01 (DEG-00) · Entretiens individuels;1;Effectif supérieur à la capacité de la salle dans EXP_SALLE : donnée à vérifier (capacité obsolète ou effectif cumulé). La séance est conservée telle quelle.
effectif EFFCALCU supérieur à la capacité de la salle;Salle de cours C_C01 (DEG-00) · Epreuve 1 : Grand Oral;1;Effectif supérieur à la capacité de la salle dans EXP_SALLE : donnée à vérifier (capacité obsolète ou effectif cumulé). La séance est conservée telle quelle.
effectif EFFCALCU supérieur à la capacité de la salle;Salle de cours C_C01 (DEG-00) · Espagnol L3 DEG S5;1;Effectif supérieur à la capacité de la salle dans EXP_SALLE : donnée à vérifier (capacité obsolète ou effectif cumulé). La séance est conservée telle quelle.
effectif EFFCALCU supérieur à la capacité de la salle;Salle de cours C_C01 (DEG-00) · UET Simulation parlementaire;1;Effectif supérieur à la capacité de la salle dans EXP_SALLE : donnée à vérifier (capacité obsolète ou effectif cumulé). La séance est conservée telle quelle.
effectif EFFCALCU supérieur à la capacité de la salle;Salle de cours C_C03 (DEG-00) · Anglais L1 DEG S2;9;Effectif supérieur à la capacité de la salle dans EXP_SALLE : donnée à vérifier (capacité obsolète ou effectif cumulé). La séance est conservée telle quelle.
effectif EFFCALCU supérieur à la capacité de la salle;Salle de cours C_C03 (DEG-00) · Epreuve 2 : Droit oblig;2;Effectif supérieur à la capacité de la salle dans EXP_SALLE : donnée à vérifier (capacité obsolète ou effectif cumulé). La séance est conservée telle quelle.
effectif EFFCALCU supérieur à la capacité de la salle;Salle de cours C_C03 (DEG-00) · Intro au droit fiscal CM;2;Effectif supérieur à la capacité de la salle dans EXP_SALLE : donnée à vérifier (capacité obsolète ou effectif cumulé). La séance est conservée telle quelle.
effectif EFFCALCU supérieur à la capacité de la salle;Salle de cours C_C03 (DEG-00) · Maths financières/calculs;1;Effectif supérieur à la capacité de la salle dans EXP_SALLE : donnée à vérifier (capacité obsolète ou effectif cumulé). La séance est conservée telle quelle.
effectif EFFCALCU supérieur à la capacité de la salle;Salle de cours C_C03 (DEG-00) · Matière à préciser;1;Effectif supérieur à la capacité de la salle dans EXP_SALLE : donnée à vérifier (capacité obsolète ou effectif cumulé). La séance est conservée telle quelle.
effectif EFFCALCU supérieur à la capacité de la salle;Salle de cours C_C03 (DEG-00) · Socio polit des démocrat;4;Effectif supérieur à la capacité de la salle dans EXP_SALLE : donnée à vérifier (capacité obsolète ou effectif cumulé). La séance est conservée telle quelle.
effectif EFFCALCU supérieur à la capacité de la salle;Salle de cours C_C03 (DEG-00) · XXX- Tutorat;1;Effectif supérieur à la capacité de la salle dans EXP_SALLE : donnée à vérifier (capacité obsolète ou effectif cumulé). La séance est conservée telle quelle.
effectif EFFCALCU supérieur à la capacité de la salle;Salle de cours C_C04 (DEG-00) · Anglais L1 DEG S1;39;Effectif supérieur à la capacité de la salle dans EXP_SALLE : donnée à vérifier (capacité obsolète ou effectif cumulé). La séance est conservée telle quelle.
effectif EFFCALCU supérieur à la capacité de la salle;Salle de cours C_C04 (DEG-00) · Droit des affaires;2;Effectif supérieur à la capacité de la salle dans EXP_SALLE : donnée à vérifier (capacité obsolète ou effectif cumulé). La séance est conservée telle quelle.
effectif EFFCALCU supérieur à la capacité de la salle;Salle de cours C_C04 (DEG-00) · Epreuve 1 : Note synthèse;2;Effectif supérieur à la capacité de la salle dans EXP_SALLE : donnée à vérifier (capacité obsolète ou effectif cumulé). La séance est conservée telle quelle.
effectif EFFCALCU supérieur à la capacité de la salle;Salle de cours C_C04 (DEG-00) · Epreuve 2 : Droit oblig;1;Effectif supérieur à la capacité de la salle dans EXP_SALLE : donnée à vérifier (capacité obsolète ou effectif cumulé). La séance est conservée telle quelle.
effectif EFFCALCU supérieur à la capacité de la salle;Salle de cours C_C04 (DEG-00) · Espagnol L3 DEG S5;10;Effectif supérieur à la capacité de la salle dans EXP_SALLE : donnée à vérifier (capacité obsolète ou effectif cumulé). La séance est conservée telle quelle.
effectif EFFCALCU supérieur à la capacité de la salle;Salle de cours C_C04 (DEG-00) · Espagnol L3 DEG S6;1;Effectif supérieur à la capacité de la salle dans EXP_SALLE : donnée à vérifier (capacité obsolète ou effectif cumulé). La séance est conservée telle quelle.
effectif EFFCALCU supérieur à la capacité de la salle;Salle de cours C_C04 (DEG-00) · Socio polit des démocrat;2;Effectif supérieur à la capacité de la salle dans EXP_SALLE : donnée à vérifier (capacité obsolète ou effectif cumulé). La séance est conservée telle quelle.
effectif EFFCALCU supérieur à la capacité de la salle;Salle de cours C_C11 (DEG-01) · Droit du travail & RPS;1;Effectif supérieur à la capacité de la salle dans EXP_SALLE : donnée à vérifier (capacité obsolète ou effectif cumulé). La séance est conservée telle quelle.
effectif EFFCALCU supérieur à la capacité de la salle;Salle de cours C_C11 (DEG-01) · Epreuve 1 : Grand Oral;3;Effectif supérieur à la capacité de la salle dans EXP_SALLE : donnée à vérifier (capacité obsolète ou effectif cumulé). La séance est conservée telle quelle.
effectif EFFCALCU supérieur à la capacité de la salle;Salle de cours C_C11 (DEG-01) · Espagnol L1 DEG S1;1;Effectif supérieur à la capacité de la salle dans EXP_SALLE : donnée à vérifier (capacité obsolète ou effectif cumulé). La séance est conservée telle quelle.
effectif EFFCALCU supérieur à la capacité de la salle;Salle de cours C_C11 (DEG-01) · Restitution visite Cap Ecol;1;Effectif supérieur à la capacité de la salle dans EXP_SALLE : donnée à vérifier (capacité obsolète ou effectif cumulé). La séance est conservée telle quelle.
effectif EFFCALCU supérieur à la capacité de la salle;Salle de cours C_C11 (DEG-01) · Socio polit des démocrat;2;Effectif supérieur à la capacité de la salle dans EXP_SALLE : donnée à vérifier (capacité obsolète ou effectif cumulé). La séance est conservée telle quelle.
effectif EFFCALCU supérieur à la capacité de la salle;Salle de cours C_C12 (DEG-01) · Droit de la concurrence;3;Effectif supérieur à la capacité de la salle dans EXP_SALLE : donnée à vérifier (capacité obsolète ou effectif cumulé). La séance est conservée telle quelle.
effectif EFFCALCU supérieur à la capacité de la salle;Salle de cours C_C12 (DEG-01) · Dt internat & européen;2;Effectif supérieur à la capacité de la salle dans EXP_SALLE : donnée à vérifier (capacité obsolète ou effectif cumulé). La séance est conservée telle quelle.
effectif EFFCALCU supérieur à la capacité de la salle;Salle de cours C_C12 (DEG-01) · Epreuve 1 : Grand Oral;3;Effectif supérieur à la capacité de la salle dans EXP_SALLE : donnée à vérifier (capacité obsolète ou effectif cumulé). La séance est conservée telle quelle.
effectif EFFCALCU supérieur à la capacité de la salle;Salle de cours C_C12 (DEG-01) · Géo en santé & coord terr;1;Effectif supérieur à la capacité de la salle dans EXP_SALLE : donnée à vérifier (capacité obsolète ou effectif cumulé). La séance est conservée telle quelle.
effectif EFFCALCU supérieur à la capacité de la salle;Salle de cours C_C12 (DEG-01) · Restitution visite Cap Ecol;1;Effectif supérieur à la capacité de la salle dans EXP_SALLE : donnée à vérifier (capacité obsolète ou effectif cumulé). La séance est conservée telle quelle.
effectif EFFCALCU supérieur à la capacité de la salle;Salle de cours C_C12 (DEG-01) · Statistiques appliquées;1;Effectif supérieur à la capacité de la salle dans EXP_SALLE : donnée à vérifier (capacité obsolète ou effectif cumulé). La séance est conservée telle quelle.
effectif EFFCALCU supérieur à la capacité de la salle;Salle de cours C_C12 (DEG-01) · Séries temporelles 1;2;Effectif supérieur à la capacité de la salle dans EXP_SALLE : donnée à vérifier (capacité obsolète ou effectif cumulé). La séance est conservée telle quelle.
effectif EFFCALCU supérieur à la capacité de la salle;Salle de cours C_C12 (DEG-01) · XXX consultation copies DEG;1;Effectif supérieur à la capacité de la salle dans EXP_SALLE : donnée à vérifier (capacité obsolète ou effectif cumulé). La séance est conservée telle quelle.
effectif EFFCALCU supérieur à la capacité de la salle;Salle de cours C_C12 (DEG-01) · XXX- Tutorat;1;Effectif supérieur à la capacité de la salle dans EXP_SALLE : donnée à vérifier (capacité obsolète ou effectif cumulé). La séance est conservée telle quelle.
effectif EFFCALCU supérieur à la capacité de la salle;Salle de cours C_C13 (DEG-01) · Droit pénal;1;Effectif supérieur à la capacité de la salle dans EXP_SALLE : donnée à vérifier (capacité obsolète ou effectif cumulé). La séance est conservée telle quelle.
effectif EFFCALCU supérieur à la capacité de la salle;Salle de cours C_C13 (DEG-01) · Dt pénal inter.;1;Effectif supérieur à la capacité de la salle dans EXP_SALLE : donnée à vérifier (capacité obsolète ou effectif cumulé). La séance est conservée telle quelle.
effectif EFFCALCU supérieur à la capacité de la salle;Salle de cours C_C13 (DEG-01) · Intro Sociologie S1;1;Effectif supérieur à la capacité de la salle dans EXP_SALLE : donnée à vérifier (capacité obsolète ou effectif cumulé). La séance est conservée telle quelle.
effectif EFFCALCU supérieur à la capacité de la salle;Salle de cours C_C13 (DEG-01) · TD Microéconomie 1;1;Effectif supérieur à la capacité de la salle dans EXP_SALLE : donnée à vérifier (capacité obsolète ou effectif cumulé). La séance est conservée telle quelle.
effectif EFFCALCU supérieur à la capacité de la salle;Salle de cours C_C14 (DEG-01) · Anglais L1 DEG S2;12;Effectif supérieur à la capacité de la salle dans EXP_SALLE : donnée à vérifier (capacité obsolète ou effectif cumulé). La séance est conservée telle quelle.
effectif EFFCALCU supérieur à la capacité de la salle;Salle de cours C_C14 (DEG-01) · Auto Admin Indépendantes;1;Effectif supérieur à la capacité de la salle dans EXP_SALLE : donnée à vérifier (capacité obsolète ou effectif cumulé). La séance est conservée telle quelle.
effectif EFFCALCU supérieur à la capacité de la salle;Salle de cours C_C14 (DEG-01) · Maths microéconomie;1;Effectif supérieur à la capacité de la salle dans EXP_SALLE : donnée à vérifier (capacité obsolète ou effectif cumulé). La séance est conservée telle quelle.
effectif EFFCALCU supérieur à la capacité de la salle;Salle de cours C_C14 (DEG-01) · TD Microéconomie 3;1;Effectif supérieur à la capacité de la salle dans EXP_SALLE : donnée à vérifier (capacité obsolète ou effectif cumulé). La séance est conservée telle quelle.
effectif EFFCALCU supérieur à la capacité de la salle;Salle de cours C_C14 (DEG-01) · XXX- Tutorat;1;Effectif supérieur à la capacité de la salle dans EXP_SALLE : donnée à vérifier (capacité obsolète ou effectif cumulé). La séance est conservée telle quelle.
effectif EFFCALCU supérieur à la capacité de la salle;Salle de cours C_C15 (DEG-01) · Anglais L1 DEG S2;17;Effectif supérieur à la capacité de la salle dans EXP_SALLE : donnée à vérifier (capacité obsolète ou effectif cumulé). La séance est conservée telle quelle.
effectif EFFCALCU supérieur à la capacité de la salle;Salle de cours C_C15 (DEG-01) · Espagnol L1 DEG S1;10;Effectif supérieur à la capacité de la salle dans EXP_SALLE : donnée à vérifier (capacité obsolète ou effectif cumulé). La séance est conservée telle quelle.
effectif EFFCALCU supérieur à la capacité de la salle;Salle de cours C_C15 (DEG-01) · Espagnol L1 DEG S2;9;Effectif supérieur à la capacité de la salle dans EXP_SALLE : donnée à vérifier (capacité obsolète ou effectif cumulé). La séance est conservée telle quelle.
effectif EFFCALCU supérieur à la capacité de la salle;Salle de cours C_C15 (DEG-01) · Espagnol L3 DEG S5;2;Effectif supérieur à la capacité de la salle dans EXP_SALLE : donnée à vérifier (capacité obsolète ou effectif cumulé). La séance est conservée telle quelle.
effectif EFFCALCU supérieur à la capacité de la salle;Salle de cours C_C15 (DEG-01) · Socio polit des démocrat;2;Effectif supérieur à la capacité de la salle dans EXP_SALLE : donnée à vérifier (capacité obsolète ou effectif cumulé). La séance est conservée telle quelle.
effectif EFFCALCU supérieur à la capacité de la salle;Salle de cours C_C15 (DEG-01) · TD Comptabilité 2;6;Effectif supérieur à la capacité de la salle dans EXP_SALLE : donnée à vérifier (capacité obsolète ou effectif cumulé). La séance est conservée telle quelle.
effectif EFFCALCU supérieur à la capacité de la salle;Salle de cours C_C15 (DEG-01) · TD Fiscalité appli aux ets 2;2;Effectif supérieur à la capacité de la salle dans EXP_SALLE : donnée à vérifier (capacité obsolète ou effectif cumulé). La séance est conservée telle quelle.
effectif EFFCALCU supérieur à la capacité de la salle;Salle de cours C_C15 (DEG-01) · TD Microéconomie;2;Effectif supérieur à la capacité de la salle dans EXP_SALLE : donnée à vérifier (capacité obsolète ou effectif cumulé). La séance est conservée telle quelle.
effectif EFFCALCU supérieur à la capacité de la salle;Salle de cours C_C15 (DEG-01) · TD Microéconomie 1;1;Effectif supérieur à la capacité de la salle dans EXP_SALLE : donnée à vérifier (capacité obsolète ou effectif cumulé). La séance est conservée telle quelle.
effectif EFFCALCU supérieur à la capacité de la salle;Salle de cours C_C15 (DEG-01) · TD Microéconomie appliquée;1;Effectif supérieur à la capacité de la salle dans EXP_SALLE : donnée à vérifier (capacité obsolète ou effectif cumulé). La séance est conservée telle quelle.
effectif EFFCALCU supérieur à la capacité de la salle;Salle de cours C_C15 (DEG-01) · XXX-L1 Consult copi Drt consti;1;Effectif supérieur à la capacité de la salle dans EXP_SALLE : donnée à vérifier (capacité obsolète ou effectif cumulé). La séance est conservée telle quelle.
effectif EFFCALCU supérieur à la capacité de la salle;Salle de cours C_C16 (DEG-01) · Anglais L1 DEG S1;12;Effectif supérieur à la capacité de la salle dans EXP_SALLE : donnée à vérifier (capacité obsolète ou effectif cumulé). La séance est conservée telle quelle.
effectif EFFCALCU supérieur à la capacité de la salle;Salle de cours C_C16 (DEG-01) · Anglais L1 DEG S2;23;Effectif supérieur à la capacité de la salle dans EXP_SALLE : donnée à vérifier (capacité obsolète ou effectif cumulé). La séance est conservée telle quelle.
effectif EFFCALCU supérieur à la capacité de la salle;Salle de cours C_C16 (DEG-01) · Anglais L2 DEG S4;20;Effectif supérieur à la capacité de la salle dans EXP_SALLE : donnée à vérifier (capacité obsolète ou effectif cumulé). La séance est conservée telle quelle.
effectif EFFCALCU supérieur à la capacité de la salle;Salle de cours C_C16 (DEG-01) · Drt sanction pénale CM;1;Effectif supérieur à la capacité de la salle dans EXP_SALLE : donnée à vérifier (capacité obsolète ou effectif cumulé). La séance est conservée telle quelle.
effectif EFFCALCU supérieur à la capacité de la salle;Salle de cours C_C16 (DEG-01) · Espagnol L1 DEG S1;12;Effectif supérieur à la capacité de la salle dans EXP_SALLE : donnée à vérifier (capacité obsolète ou effectif cumulé). La séance est conservée telle quelle.
effectif EFFCALCU supérieur à la capacité de la salle;Salle de cours C_C16 (DEG-01) · Espagnol L3 DEG S5;2;Effectif supérieur à la capacité de la salle dans EXP_SALLE : donnée à vérifier (capacité obsolète ou effectif cumulé). La séance est conservée telle quelle.
effectif EFFCALCU supérieur à la capacité de la salle;Salle de cours C_C16 (DEG-01) · Espagnol L3 DEG S6;4;Effectif supérieur à la capacité de la salle dans EXP_SALLE : donnée à vérifier (capacité obsolète ou effectif cumulé). La séance est conservée telle quelle.
effectif EFFCALCU supérieur à la capacité de la salle;Salle de cours C_C16 (DEG-01) · Socio polit des démocrat;2;Effectif supérieur à la capacité de la salle dans EXP_SALLE : donnée à vérifier (capacité obsolète ou effectif cumulé). La séance est conservée telle quelle.
effectif EFFCALCU supérieur à la capacité de la salle;Salle de cours C_C16 (DEG-01) · TD Microéconomie 1;1;Effectif supérieur à la capacité de la salle dans EXP_SALLE : donnée à vérifier (capacité obsolète ou effectif cumulé). La séance est conservée telle quelle.
effectif EFFCALCU supérieur à la capacité de la salle;Salle de cours C_C16 (DEG-01) · Théorie des organisations;1;Effectif supérieur à la capacité de la salle dans EXP_SALLE : donnée à vérifier (capacité obsolète ou effectif cumulé). La séance est conservée telle quelle.
effectif EFFCALCU supérieur à la capacité de la salle;Salle de cours C_C16 (DEG-01) · Tutorat L1;2;Effectif supérieur à la capacité de la salle dans EXP_SALLE : donnée à vérifier (capacité obsolète ou effectif cumulé). La séance est conservée telle quelle.
effectif EFFCALCU supérieur à la capacité de la salle;Salle de cours C_C16 (DEG-01) · XXX- Tutorat;5;Effectif supérieur à la capacité de la salle dans EXP_SALLE : donnée à vérifier (capacité obsolète ou effectif cumulé). La séance est conservée telle quelle.
effectif EFFCALCU supérieur à la capacité de la salle;Salle de cours C_C17 (DEG-01) · Anglais L1 DEG S1;26;Effectif supérieur à la capacité de la salle dans EXP_SALLE : donnée à vérifier (capacité obsolète ou effectif cumulé). La séance est conservée telle quelle.
effectif EFFCALCU supérieur à la capacité de la salle;Salle de cours C_C17 (DEG-01) · Anglais L1 DEG S2;12;Effectif supérieur à la capacité de la salle dans EXP_SALLE : donnée à vérifier (capacité obsolète ou effectif cumulé). La séance est conservée telle quelle.
effectif EFFCALCU supérieur à la capacité de la salle;Salle de cours C_C17 (DEG-01) · Anglais L3 DEG S5;12;Effectif supérieur à la capacité de la salle dans EXP_SALLE : donnée à vérifier (capacité obsolète ou effectif cumulé). La séance est conservée telle quelle.
effectif EFFCALCU supérieur à la capacité de la salle;Salle de cours C_C17 (DEG-01) · Enquête de terrain;2;Effectif supérieur à la capacité de la salle dans EXP_SALLE : donnée à vérifier (capacité obsolète ou effectif cumulé). La séance est conservée telle quelle.
effectif EFFCALCU supérieur à la capacité de la salle;Salle de cours C_C17 (DEG-01) · Histoire éco de l'Europe;1;Effectif supérieur à la capacité de la salle dans EXP_SALLE : donnée à vérifier (capacité obsolète ou effectif cumulé). La séance est conservée telle quelle.
effectif EFFCALCU supérieur à la capacité de la salle;Salle de cours C_C17 (DEG-01) · Maths microéconomie;2;Effectif supérieur à la capacité de la salle dans EXP_SALLE : donnée à vérifier (capacité obsolète ou effectif cumulé). La séance est conservée telle quelle.
effectif EFFCALCU supérieur à la capacité de la salle;Salle de cours C_C17 (DEG-01) · Procédure civile;1;Effectif supérieur à la capacité de la salle dans EXP_SALLE : donnée à vérifier (capacité obsolète ou effectif cumulé). La séance est conservée telle quelle.
effectif EFFCALCU supérieur à la capacité de la salle;Salle de cours C_C17 (DEG-01) · Restitution visite Cap Ecol;1;Effectif supérieur à la capacité de la salle dans EXP_SALLE : donnée à vérifier (capacité obsolète ou effectif cumulé). La séance est conservée telle quelle.
effectif EFFCALCU supérieur à la capacité de la salle;Salle de cours C_C17 (DEG-01) · Réservation de salles;1;Effectif supérieur à la capacité de la salle dans EXP_SALLE : donnée à vérifier (capacité obsolète ou effectif cumulé). La séance est conservée telle quelle.
effectif EFFCALCU supérieur à la capacité de la salle;Salle de cours C_C17 (DEG-01) · Socio polit des démocrat;2;Effectif supérieur à la capacité de la salle dans EXP_SALLE : donnée à vérifier (capacité obsolète ou effectif cumulé). La séance est conservée telle quelle.
effectif EFFCALCU supérieur à la capacité de la salle;Salle de cours C_C17 (DEG-01) · TD Microéconomie;12;Effectif supérieur à la capacité de la salle dans EXP_SALLE : donnée à vérifier (capacité obsolète ou effectif cumulé). La séance est conservée telle quelle.
effectif EFFCALCU supérieur à la capacité de la salle;Salle de cours C_C17 (DEG-01) · Théorie des organisations;1;Effectif supérieur à la capacité de la salle dans EXP_SALLE : donnée à vérifier (capacité obsolète ou effectif cumulé). La séance est conservée telle quelle.
effectif EFFCALCU supérieur à la capacité de la salle;Salle de cours C_C17 (DEG-01) · XXX- Tutorat;1;Effectif supérieur à la capacité de la salle dans EXP_SALLE : donnée à vérifier (capacité obsolète ou effectif cumulé). La séance est conservée telle quelle.
effectif EFFCALCU supérieur à la capacité de la salle;Salle de cours C_C17 (DEG-01) · XXX-Tutorat L1 AES;1;Effectif supérieur à la capacité de la salle dans EXP_SALLE : donnée à vérifier (capacité obsolète ou effectif cumulé). La séance est conservée telle quelle.
effectif EFFCALCU supérieur à la capacité de la salle;Salle de cours C_C17 (DEG-01) · xxx - Contrôle continu;1;Effectif supérieur à la capacité de la salle dans EXP_SALLE : donnée à vérifier (capacité obsolète ou effectif cumulé). La séance est conservée telle quelle.
effectif EFFCALCU supérieur à la capacité de la salle;Salle de cours C_C17 (DEG-01) · Économie internationale 1;1;Effectif supérieur à la capacité de la salle dans EXP_SALLE : donnée à vérifier (capacité obsolète ou effectif cumulé). La séance est conservée telle quelle.
effectif EFFCALCU supérieur à la capacité de la salle;Salle de cours C_C18 (DEG-01) · Anglais L1 DEG S1;39;Effectif supérieur à la capacité de la salle dans EXP_SALLE : donnée à vérifier (capacité obsolète ou effectif cumulé). La séance est conservée telle quelle.
effectif EFFCALCU supérieur à la capacité de la salle;Salle de cours C_C18 (DEG-01) · Anglais L1 DEG S2;9;Effectif supérieur à la capacité de la salle dans EXP_SALLE : donnée à vérifier (capacité obsolète ou effectif cumulé). La séance est conservée telle quelle.
effectif EFFCALCU supérieur à la capacité de la salle;Salle de cours C_C18 (DEG-01) · Anglais L3 DEG S5;27;Effectif supérieur à la capacité de la salle dans EXP_SALLE : donnée à vérifier (capacité obsolète ou effectif cumulé). La séance est conservée telle quelle.
effectif EFFCALCU supérieur à la capacité de la salle;Salle de cours C_C18 (DEG-01) · Epreuve 2 : Droit oblig;2;Effectif supérieur à la capacité de la salle dans EXP_SALLE : donnée à vérifier (capacité obsolète ou effectif cumulé). La séance est conservée telle quelle.
effectif EFFCALCU supérieur à la capacité de la salle;Salle de cours C_C18 (DEG-01) · Espagnol L1 DEG S2;15;Effectif supérieur à la capacité de la salle dans EXP_SALLE : donnée à vérifier (capacité obsolète ou effectif cumulé). La séance est conservée telle quelle.
effectif EFFCALCU supérieur à la capacité de la salle;Salle de cours C_C18 (DEG-01) · Espagnol L3 DEG S6;2;Effectif supérieur à la capacité de la salle dans EXP_SALLE : donnée à vérifier (capacité obsolète ou effectif cumulé). La séance est conservée telle quelle.
effectif EFFCALCU supérieur à la capacité de la salle;Salle de cours C_C18 (DEG-01) · Microéconomie appliquée;1;Effectif supérieur à la capacité de la salle dans EXP_SALLE : donnée à vérifier (capacité obsolète ou effectif cumulé). La séance est conservée telle quelle.
effectif EFFCALCU supérieur à la capacité de la salle;Salle de cours C_C18 (DEG-01) · Sociologie;10;Effectif supérieur à la capacité de la salle dans EXP_SALLE : donnée à vérifier (capacité obsolète ou effectif cumulé). La séance est conservée telle quelle.
effectif EFFCALCU supérieur à la capacité de la salle;Salle de cours C_C18 (DEG-01) · TD Théorie des organisations;1;Effectif supérieur à la capacité de la salle dans EXP_SALLE : donnée à vérifier (capacité obsolète ou effectif cumulé). La séance est conservée telle quelle.
effectif EFFCALCU supérieur à la capacité de la salle;Salle de cours C_C18 (DEG-01) · XXX- Tutorat;2;Effectif supérieur à la capacité de la salle dans EXP_SALLE : donnée à vérifier (capacité obsolète ou effectif cumulé). La séance est conservée telle quelle.
effectif EFFCALCU supérieur à la capacité de la salle;Salle de cours C_C19 (DEG-01) · CM Gestion de Projet;2;Effectif supérieur à la capacité de la salle dans EXP_SALLE : donnée à vérifier (capacité obsolète ou effectif cumulé). La séance est conservée telle quelle.
effectif EFFCALCU supérieur à la capacité de la salle;Salle de cours C_C19 (DEG-01) · CM Gestion de projet 2;1;Effectif supérieur à la capacité de la salle dans EXP_SALLE : donnée à vérifier (capacité obsolète ou effectif cumulé). La séance est conservée telle quelle.
effectif EFFCALCU supérieur à la capacité de la salle;Salle de cours C_C19 (DEG-01) · CM Stratégie théorie orga;2;Effectif supérieur à la capacité de la salle dans EXP_SALLE : donnée à vérifier (capacité obsolète ou effectif cumulé). La séance est conservée telle quelle.
effectif EFFCALCU supérieur à la capacité de la salle;Salle de cours C_C19 (DEG-01) · Ingénierie de projet;5;Effectif supérieur à la capacité de la salle dans EXP_SALLE : donnée à vérifier (capacité obsolète ou effectif cumulé). La séance est conservée telle quelle.
effectif EFFCALCU supérieur à la capacité de la salle;Salle de cours C_C19 (DEG-01) · Oral Ingénierie Pjt Appliquée;1;Effectif supérieur à la capacité de la salle dans EXP_SALLE : donnée à vérifier (capacité obsolète ou effectif cumulé). La séance est conservée telle quelle.
effectif EFFCALCU supérieur à la capacité de la salle;Salle de cours IEFE 127 (LET-00) · DUEF B2 S1;12;Effectif supérieur à la capacité de la salle dans EXP_SALLE : donnée à vérifier (capacité obsolète ou effectif cumulé). La séance est conservée telle quelle.
effectif EFFCALCU supérieur à la capacité de la salle;Salle de cours TBI 006 (BA1-00) · Animation Scientifique;1;Effectif supérieur à la capacité de la salle dans EXP_SALLE : donnée à vérifier (capacité obsolète ou effectif cumulé). La séance est conservée telle quelle.
effectif EFFCALCU supérieur à la capacité de la salle;Salle de cours TBI 006 (BA1-00) · XXX-Entrepreneuriat;4;Effectif supérieur à la capacité de la salle dans EXP_SALLE : donnée à vérifier (capacité obsolète ou effectif cumulé). La séance est conservée telle quelle.
effectif EFFCALCU supérieur à la capacité de la salle;Salle de cours/informatique C_C02 (DEG-00) · Droit des obligations;2;Effectif supérieur à la capacité de la salle dans EXP_SALLE : donnée à vérifier (capacité obsolète ou effectif cumulé). La séance est conservée telle quelle.
effectif EFFCALCU supérieur à la capacité de la salle;Salle de cours/informatique C_C02 (DEG-00) · Enquête de terrain;1;Effectif supérieur à la capacité de la salle dans EXP_SALLE : donnée à vérifier (capacité obsolète ou effectif cumulé). La séance est conservée telle quelle.
effectif EFFCALCU supérieur à la capacité de la salle;Salle de cours/informatique C_C02 (DEG-00) · Statistiques appliquées;7;Effectif supérieur à la capacité de la salle dans EXP_SALLE : donnée à vérifier (capacité obsolète ou effectif cumulé). La séance est conservée telle quelle.
effectif EFFCALCU supérieur à la capacité de la salle;Salle de cours/informatique C_C02 (DEG-00) · TD Economie Bancaire;1;Effectif supérieur à la capacité de la salle dans EXP_SALLE : donnée à vérifier (capacité obsolète ou effectif cumulé). La séance est conservée telle quelle.
effectif EFFCALCU supérieur à la capacité de la salle;Salle de cours/informatique C_C02 (DEG-00) · XXX EXAMEN Blanc;1;Effectif supérieur à la capacité de la salle dans EXP_SALLE : donnée à vérifier (capacité obsolète ou effectif cumulé). La séance est conservée telle quelle.
effectif EFFCALCU supérieur à la capacité de la salle;Salle de cours/informatique C_C02 (DEG-00) · Économétrie appliquée;9;Effectif supérieur à la capacité de la salle dans EXP_SALLE : donnée à vérifier (capacité obsolète ou effectif cumulé). La séance est conservée telle quelle.
effectif EFFCALCU supérieur à la capacité de la salle;Salle de langues I-201 (ISA-02) · Espagnol Débutants;7;Effectif supérieur à la capacité de la salle dans EXP_SALLE : donnée à vérifier (capacité obsolète ou effectif cumulé). La séance est conservée telle quelle.
effectif EFFCALCU supérieur à la capacité de la salle;Salle de langues I-201 (ISA-02) · R 8-5 Espagnol S8;1;Effectif supérieur à la capacité de la salle dans EXP_SALLE : donnée à vérifier (capacité obsolète ou effectif cumulé). La séance est conservée telle quelle.
effectif EFFCALCU supérieur à la capacité de la salle;Salle de langues I-202 (ISA-02) · R 7-3 Anglais S7;2;Effectif supérieur à la capacité de la salle dans EXP_SALLE : donnée à vérifier (capacité obsolète ou effectif cumulé). La séance est conservée telle quelle.
effectif EFFCALCU supérieur à la capacité de la salle;Salle de langues I-202 (ISA-02) · R 9-5 Anglais S9;2;Effectif supérieur à la capacité de la salle dans EXP_SALLE : donnée à vérifier (capacité obsolète ou effectif cumulé). La séance est conservée telle quelle.
effectif EFFCALCU supérieur à la capacité de la salle;Salle de réunion 110 (B1-01) · Conférence Master EEI;1;Effectif supérieur à la capacité de la salle dans EXP_SALLE : donnée à vérifier (capacité obsolète ou effectif cumulé). La séance est conservée telle quelle.
effectif EFFCALCU supérieur à la capacité de la salle;Salle de réunion 110 (B1-01) · Droit de non-discriminat°;1;Effectif supérieur à la capacité de la salle dans EXP_SALLE : donnée à vérifier (capacité obsolète ou effectif cumulé). La séance est conservée telle quelle.
effectif EFFCALCU supérieur à la capacité de la salle;Salle de réunion 110 (B1-01) · Grand oral;2;Effectif supérieur à la capacité de la salle dans EXP_SALLE : donnée à vérifier (capacité obsolète ou effectif cumulé). La séance est conservée telle quelle.
effectif EFFCALCU supérieur à la capacité de la salle;Salle de réunion 110 (B1-01) · International project;4;Effectif supérieur à la capacité de la salle dans EXP_SALLE : donnée à vérifier (capacité obsolète ou effectif cumulé). La séance est conservée telle quelle.
effectif EFFCALCU supérieur à la capacité de la salle;Salle de réunion 110 (B1-01) · Marketing 2;4;Effectif supérieur à la capacité de la salle dans EXP_SALLE : donnée à vérifier (capacité obsolète ou effectif cumulé). La séance est conservée telle quelle.
effectif EFFCALCU supérieur à la capacité de la salle;Salle de réunion 110C (BA1-01) · Diagnostic des MA;1;Effectif supérieur à la capacité de la salle dans EXP_SALLE : donnée à vérifier (capacité obsolète ou effectif cumulé). La séance est conservée telle quelle.
effectif EFFCALCU supérieur à la capacité de la salle;Salle de réunion 188 (EC6-01) · M2 soutenances;2;Effectif supérieur à la capacité de la salle dans EXP_SALLE : donnée à vérifier (capacité obsolète ou effectif cumulé). La séance est conservée telle quelle.
effectif EFFCALCU supérieur à la capacité de la salle;Salle de réunion 188 (EC6-01) · Réunion D210;1;Effectif supérieur à la capacité de la salle dans EXP_SALLE : donnée à vérifier (capacité obsolète ou effectif cumulé). La séance est conservée telle quelle.
effectif EFFCALCU supérieur à la capacité de la salle;Salle de réunion 188 (EC6-01) · UE4 Gestion de projet;2;Effectif supérieur à la capacité de la salle dans EXP_SALLE : donnée à vérifier (capacité obsolète ou effectif cumulé). La séance est conservée telle quelle.
effectif EFFCALCU supérieur à la capacité de la salle;Salle de réunion 188 (EC6-01) · XXX-GRAND ORAL MIAL;2;Effectif supérieur à la capacité de la salle dans EXP_SALLE : donnée à vérifier (capacité obsolète ou effectif cumulé). La séance est conservée telle quelle.
effectif EFFCALCU supérieur à la capacité de la salle;Salle de réunion I-269 (ISA-02) · R 8-5 Espagnol S8;2;Effectif supérieur à la capacité de la salle dans EXP_SALLE : donnée à vérifier (capacité obsolète ou effectif cumulé). La séance est conservée telle quelle.
effectif EFFCALCU supérieur à la capacité de la salle;Salle de réunion I-269 (ISA-02) · Rattrapages ISA BTP;1;Effectif supérieur à la capacité de la salle dans EXP_SALLE : donnée à vérifier (capacité obsolète ou effectif cumulé). La séance est conservée telle quelle.
effectif EFFCALCU supérieur à la capacité de la salle;Salle de réunion I-269 (ISA-02) · Soutenances stage ISA 4-1;1;Effectif supérieur à la capacité de la salle dans EXP_SALLE : donnée à vérifier (capacité obsolète ou effectif cumulé). La séance est conservée telle quelle.
effectif EFFCALCU supérieur à la capacité de la salle;Salle de réunion I-269 (ISA-02) · XXXX-Réunion Forum ISA NUM;1;Effectif supérieur à la capacité de la salle dans EXP_SALLE : donnée à vérifier (capacité obsolète ou effectif cumulé). La séance est conservée telle quelle.
effectif EFFCALCU supérieur à la capacité de la salle;Salle de réunion IAE CREG D_D210 (DEG-02) · Management des RH;2;Effectif supérieur à la capacité de la salle dans EXP_SALLE : donnée à vérifier (capacité obsolète ou effectif cumulé). La séance est conservée telle quelle.
effectif EFFCALCU supérieur à la capacité de la salle;Salle de réunion IAE CREG D_D210 (DEG-02) · Réunion D210;1;Effectif supérieur à la capacité de la salle dans EXP_SALLE : donnée à vérifier (capacité obsolète ou effectif cumulé). La séance est conservée telle quelle.
effectif EFFCALCU supérieur à la capacité de la salle;Salle du conseil I-101 (ISA-01) · Jurys ISA BTP;1;Effectif supérieur à la capacité de la salle dans EXP_SALLE : donnée à vérifier (capacité obsolète ou effectif cumulé). La séance est conservée telle quelle.
effectif EFFCALCU supérieur à la capacité de la salle;Salle du conseil I-101 (ISA-01) · XXX-Réunion Forum ISA BTP;1;Effectif supérieur à la capacité de la salle dans EXP_SALLE : donnée à vérifier (capacité obsolète ou effectif cumulé). La séance est conservée telle quelle.
effectif EFFCALCU supérieur à la capacité de la salle;Salle immersive & UNITA 305 (LET-02) · 1 Culture de l'image;5;Effectif supérieur à la capacité de la salle dans EXP_SALLE : donnée à vérifier (capacité obsolète ou effectif cumulé). La séance est conservée telle quelle.
effectif EFFCALCU supérieur à la capacité de la salle;Salle immersive & UNITA 305 (LET-02) · 1 Démarches spé;4;Effectif supérieur à la capacité de la salle dans EXP_SALLE : donnée à vérifier (capacité obsolète ou effectif cumulé). La séance est conservée telle quelle.
effectif EFFCALCU supérieur à la capacité de la salle;Salle immersive & UNITA 305 (LET-02) · 1 Evaluation et certif;6;Effectif supérieur à la capacité de la salle dans EXP_SALLE : donnée à vérifier (capacité obsolète ou effectif cumulé). La séance est conservée telle quelle.
effectif EFFCALCU supérieur à la capacité de la salle;Salle immersive & UNITA 305 (LET-02) · 1 Gestion des groupes;1;Effectif supérieur à la capacité de la salle dans EXP_SALLE : donnée à vérifier (capacité obsolète ou effectif cumulé). La séance est conservée telle quelle.
effectif EFFCALCU supérieur à la capacité de la salle;Salle immersive & UNITA 305 (LET-02) · 1 Histoire du cinéma 2;6;Effectif supérieur à la capacité de la salle dans EXP_SALLE : donnée à vérifier (capacité obsolète ou effectif cumulé). La séance est conservée telle quelle.
effectif EFFCALCU supérieur à la capacité de la salle;Salle immersive & UNITA 305 (LET-02) · 1 Littérature française 2;4;Effectif supérieur à la capacité de la salle dans EXP_SALLE : donnée à vérifier (capacité obsolète ou effectif cumulé). La séance est conservée telle quelle.
effectif EFFCALCU supérieur à la capacité de la salle;Salle immersive & UNITA 305 (LET-02) · 1 Outils numériques;14;Effectif supérieur à la capacité de la salle dans EXP_SALLE : donnée à vérifier (capacité obsolète ou effectif cumulé). La séance est conservée telle quelle.
effectif EFFCALCU supérieur à la capacité de la salle;Salle immersive & UNITA 305 (LET-02) · 1 Trans écol et tourisme;1;Effectif supérieur à la capacité de la salle dans EXP_SALLE : donnée à vérifier (capacité obsolète ou effectif cumulé). La séance est conservée telle quelle.
effectif EFFCALCU supérieur à la capacité de la salle;Salle immersive & UNITA 305 (LET-02) · 10 Stage et conférences;1;Effectif supérieur à la capacité de la salle dans EXP_SALLE : donnée à vérifier (capacité obsolète ou effectif cumulé). La séance est conservée telle quelle.
effectif EFFCALCU supérieur à la capacité de la salle;Salle immersive & UNITA 305 (LET-02) · 17 Gestion projet cult 4;1;Effectif supérieur à la capacité de la salle dans EXP_SALLE : donnée à vérifier (capacité obsolète ou effectif cumulé). La séance est conservée telle quelle.
effectif EFFCALCU supérieur à la capacité de la salle;Salle immersive & UNITA 305 (LET-02) · 2 Enseigner en UPE2A;2;Effectif supérieur à la capacité de la salle dans EXP_SALLE : donnée à vérifier (capacité obsolète ou effectif cumulé). La séance est conservée telle quelle.
effectif EFFCALCU supérieur à la capacité de la salle;Salle immersive & UNITA 305 (LET-02) · 2 Ingénierie pédagogique;14;Effectif supérieur à la capacité de la salle dans EXP_SALLE : donnée à vérifier (capacité obsolète ou effectif cumulé). La séance est conservée telle quelle.
effectif EFFCALCU supérieur à la capacité de la salle;Salle immersive & UNITA 305 (LET-02) · 2 Phonétique du FLE;1;Effectif supérieur à la capacité de la salle dans EXP_SALLE : donnée à vérifier (capacité obsolète ou effectif cumulé). La séance est conservée telle quelle.
effectif EFFCALCU supérieur à la capacité de la salle;Salle immersive & UNITA 305 (LET-02) · 2 Stage et analyse;3;Effectif supérieur à la capacité de la salle dans EXP_SALLE : donnée à vérifier (capacité obsolète ou effectif cumulé). La séance est conservée telle quelle.
effectif EFFCALCU supérieur à la capacité de la salle;Salle immersive & UNITA 305 (LET-02) · 3 Com intercult altérité;13;Effectif supérieur à la capacité de la salle dans EXP_SALLE : donnée à vérifier (capacité obsolète ou effectif cumulé). La séance est conservée telle quelle.
effectif EFFCALCU supérieur à la capacité de la salle;Salle immersive & UNITA 305 (LET-02) · 3 Psycholinguistique;1;Effectif supérieur à la capacité de la salle dans EXP_SALLE : donnée à vérifier (capacité obsolète ou effectif cumulé). La séance est conservée telle quelle.
effectif EFFCALCU supérieur à la capacité de la salle;Salle immersive & UNITA 305 (LET-02) · 9 Méthodo recherche / TER;7;Effectif supérieur à la capacité de la salle dans EXP_SALLE : donnée à vérifier (capacité obsolète ou effectif cumulé). La séance est conservée telle quelle.
effectif EFFCALCU supérieur à la capacité de la salle;Salle immersive & UNITA 305 (LET-02) · Accueil M2 FLE;1;Effectif supérieur à la capacité de la salle dans EXP_SALLE : donnée à vérifier (capacité obsolète ou effectif cumulé). La séance est conservée telle quelle.
effectif EFFCALCU supérieur à la capacité de la salle;Salle immersive & UNITA 305 (LET-02) · CO PERF LEA;1;Effectif supérieur à la capacité de la salle dans EXP_SALLE : donnée à vérifier (capacité obsolète ou effectif cumulé). La séance est conservée telle quelle.
effectif EFFCALCU supérieur à la capacité de la salle;Salle immersive & UNITA 305 (LET-02) · Com & médias angl S2;15;Effectif supérieur à la capacité de la salle dans EXP_SALLE : donnée à vérifier (capacité obsolète ou effectif cumulé). La séance est conservée telle quelle.
effectif EFFCALCU supérieur à la capacité de la salle;Salle immersive & UNITA 305 (LET-02) · Corporate social resp;4;Effectif supérieur à la capacité de la salle dans EXP_SALLE : donnée à vérifier (capacité obsolète ou effectif cumulé). La séance est conservée telle quelle.
effectif EFFCALCU supérieur à la capacité de la salle;Salle immersive & UNITA 305 (LET-02) · Express° trilingue entrep;1;Effectif supérieur à la capacité de la salle dans EXP_SALLE : donnée à vérifier (capacité obsolète ou effectif cumulé). La séance est conservée telle quelle.
effectif EFFCALCU supérieur à la capacité de la salle;Salle immersive & UNITA 305 (LET-02) · Restitution visite Cap Ecol;1;Effectif supérieur à la capacité de la salle dans EXP_SALLE : donnée à vérifier (capacité obsolète ou effectif cumulé). La séance est conservée telle quelle.
effectif EFFCALCU supérieur à la capacité de la salle;Salle immersive & UNITA 305 (LET-02) · Réunion prépa Journée ED;1;Effectif supérieur à la capacité de la salle dans EXP_SALLE : donnée à vérifier (capacité obsolète ou effectif cumulé). La séance est conservée telle quelle.
effectif EFFCALCU supérieur à la capacité de la salle;Salle immersive & UNITA 305 (LET-02) · enseign avec le num;3;Effectif supérieur à la capacité de la salle dans EXP_SALLE : donnée à vérifier (capacité obsolète ou effectif cumulé). La séance est conservée telle quelle.
effectif EFFCALCU supérieur à la capacité de la salle;Salle immersive D_D20bis (DEG-00) · Corporate social resp;1;Effectif supérieur à la capacité de la salle dans EXP_SALLE : donnée à vérifier (capacité obsolète ou effectif cumulé). La séance est conservée telle quelle.
effectif EFFCALCU supérieur à la capacité de la salle;Salle info B206 (SCI_R-02) · Anglais L1 STEE S1;36;Effectif supérieur à la capacité de la salle dans EXP_SALLE : donnée à vérifier (capacité obsolète ou effectif cumulé). La séance est conservée telle quelle.
effectif EFFCALCU supérieur à la capacité de la salle;Salle info B206 (SCI_R-02) · Anglais L1 STEE S2;39;Effectif supérieur à la capacité de la salle dans EXP_SALLE : donnée à vérifier (capacité obsolète ou effectif cumulé). La séance est conservée telle quelle.
effectif EFFCALCU supérieur à la capacité de la salle;Salle info B206 (SCI_R-02) · Anglais L2 STEE S3;10;Effectif supérieur à la capacité de la salle dans EXP_SALLE : donnée à vérifier (capacité obsolète ou effectif cumulé). La séance est conservée telle quelle.
effectif EFFCALCU supérieur à la capacité de la salle;Salle info B206 (SCI_R-02) · Anglais L2 STEE S4;36;Effectif supérieur à la capacité de la salle dans EXP_SALLE : donnée à vérifier (capacité obsolète ou effectif cumulé). La séance est conservée telle quelle.
effectif EFFCALCU supérieur à la capacité de la salle;Salle info B206 (SCI_R-02) · Anglais L3 STEE S5;12;Effectif supérieur à la capacité de la salle dans EXP_SALLE : donnée à vérifier (capacité obsolète ou effectif cumulé). La séance est conservée telle quelle.
effectif EFFCALCU supérieur à la capacité de la salle;Salle info B206 (SCI_R-02) · Anglais L3 STEE S6;23;Effectif supérieur à la capacité de la salle dans EXP_SALLE : donnée à vérifier (capacité obsolète ou effectif cumulé). La séance est conservée telle quelle.
effectif EFFCALCU supérieur à la capacité de la salle;Salle info B206 (SCI_R-02) · Anglais M2-S9;22;Effectif supérieur à la capacité de la salle dans EXP_SALLE : donnée à vérifier (capacité obsolète ou effectif cumulé). La séance est conservée telle quelle.
effectif EFFCALCU supérieur à la capacité de la salle;Salle info B208 (SCI_R-02) · Anglais L2 STEE S3;1;Effectif supérieur à la capacité de la salle dans EXP_SALLE : donnée à vérifier (capacité obsolète ou effectif cumulé). La séance est conservée telle quelle.
effectif EFFCALCU supérieur à la capacité de la salle;Salle info B208 (SCI_R-02) · Anglais L2 STEE S4;22;Effectif supérieur à la capacité de la salle dans EXP_SALLE : donnée à vérifier (capacité obsolète ou effectif cumulé). La séance est conservée telle quelle.
effectif EFFCALCU supérieur à la capacité de la salle;Salle info B208 (SCI_R-02) · Anglais L3 STEE S5;13;Effectif supérieur à la capacité de la salle dans EXP_SALLE : donnée à vérifier (capacité obsolète ou effectif cumulé). La séance est conservée telle quelle.
effectif EFFCALCU supérieur à la capacité de la salle;Salle info B208 (SCI_R-02) · Anglais L3 STEE S6;11;Effectif supérieur à la capacité de la salle dans EXP_SALLE : donnée à vérifier (capacité obsolète ou effectif cumulé). La séance est conservée telle quelle.
effectif EFFCALCU supérieur à la capacité de la salle;Salle info B214 (SCI_R-02) · Apprentissage profon;8;Effectif supérieur à la capacité de la salle dans EXP_SALLE : donnée à vérifier (capacité obsolète ou effectif cumulé). La séance est conservée telle quelle.
effectif EFFCALCU supérieur à la capacité de la salle;Salle info B214 (SCI_R-02) · Apprentissage profond;5;Effectif supérieur à la capacité de la salle dans EXP_SALLE : donnée à vérifier (capacité obsolète ou effectif cumulé). La séance est conservée telle quelle.
effectif EFFCALCU supérieur à la capacité de la salle;Salle info B214 (SCI_R-02) · Bases de données II;2;Effectif supérieur à la capacité de la salle dans EXP_SALLE : donnée à vérifier (capacité obsolète ou effectif cumulé). La séance est conservée telle quelle.
effectif EFFCALCU supérieur à la capacité de la salle;Salle info B214 (SCI_R-02) · Calcul Haute performance;1;Effectif supérieur à la capacité de la salle dans EXP_SALLE : donnée à vérifier (capacité obsolète ou effectif cumulé). La séance est conservée telle quelle.
effectif EFFCALCU supérieur à la capacité de la salle;Salle info B214 (SCI_R-02) · Calcul scientif Python S1;25;Effectif supérieur à la capacité de la salle dans EXP_SALLE : donnée à vérifier (capacité obsolète ou effectif cumulé). La séance est conservée telle quelle.
effectif EFFCALCU supérieur à la capacité de la salle;Salle info B214 (SCI_R-02) · Entrepôts de données;2;Effectif supérieur à la capacité de la salle dans EXP_SALLE : donnée à vérifier (capacité obsolète ou effectif cumulé). La séance est conservée telle quelle.
effectif EFFCALCU supérieur à la capacité de la salle;Salle info B214 (SCI_R-02) · Frameworks IA Big Data;2;Effectif supérieur à la capacité de la salle dans EXP_SALLE : donnée à vérifier (capacité obsolète ou effectif cumulé). La séance est conservée telle quelle.
effectif EFFCALCU supérieur à la capacité de la salle;Salle info B214 (SCI_R-02) · Machine learning S9;1;Effectif supérieur à la capacité de la salle dans EXP_SALLE : donnée à vérifier (capacité obsolète ou effectif cumulé). La séance est conservée telle quelle.
effectif EFFCALCU supérieur à la capacité de la salle;Salle info B214 (SCI_R-02) · Optimisation S1;1;Effectif supérieur à la capacité de la salle dans EXP_SALLE : donnée à vérifier (capacité obsolète ou effectif cumulé). La séance est conservée telle quelle.
effectif EFFCALCU supérieur à la capacité de la salle;Salle info B214 (SCI_R-02) · Program Orientée Agents;4;Effectif supérieur à la capacité de la salle dans EXP_SALLE : donnée à vérifier (capacité obsolète ou effectif cumulé). La séance est conservée telle quelle.
effectif EFFCALCU supérieur à la capacité de la salle;Salle info B214 (SCI_R-02) · Stat Inférentielle : tests;4;Effectif supérieur à la capacité de la salle dans EXP_SALLE : donnée à vérifier (capacité obsolète ou effectif cumulé). La séance est conservée telle quelle.
effectif EFFCALCU supérieur à la capacité de la salle;Salle info B214 (SCI_R-02) · Statistiques S6;2;Effectif supérieur à la capacité de la salle dans EXP_SALLE : donnée à vérifier (capacité obsolète ou effectif cumulé). La séance est conservée telle quelle.
effectif EFFCALCU supérieur à la capacité de la salle;Salle info B214 (SCI_R-02) · T I C E M1 Math Ens;9;Effectif supérieur à la capacité de la salle dans EXP_SALLE : donnée à vérifier (capacité obsolète ou effectif cumulé). La séance est conservée telle quelle.
effectif EFFCALCU supérieur à la capacité de la salle;Salle info B214 (SCI_R-02) · Text mining;7;Effectif supérieur à la capacité de la salle dans EXP_SALLE : donnée à vérifier (capacité obsolète ou effectif cumulé). La séance est conservée telle quelle.
effectif EFFCALCU supérieur à la capacité de la salle;Salle info B216 (SCI_R-02) · Analy matricielle opti S7;2;Effectif supérieur à la capacité de la salle dans EXP_SALLE : donnée à vérifier (capacité obsolète ou effectif cumulé). La séance est conservée telle quelle.
effectif EFFCALCU supérieur à la capacité de la salle;Salle info B216 (SCI_R-02) · Apprentissage profond;1;Effectif supérieur à la capacité de la salle dans EXP_SALLE : donnée à vérifier (capacité obsolète ou effectif cumulé). La séance est conservée telle quelle.
effectif EFFCALCU supérieur à la capacité de la salle;Salle info B216 (SCI_R-02) · Bases de données II;8;Effectif supérieur à la capacité de la salle dans EXP_SALLE : donnée à vérifier (capacité obsolète ou effectif cumulé). La séance est conservée telle quelle.
effectif EFFCALCU supérieur à la capacité de la salle;Salle info B216 (SCI_R-02) · Calcul Haute performance;1;Effectif supérieur à la capacité de la salle dans EXP_SALLE : donnée à vérifier (capacité obsolète ou effectif cumulé). La séance est conservée telle quelle.
effectif EFFCALCU supérieur à la capacité de la salle;Salle info B216 (SCI_R-02) · Calcul scientif Python S1;1;Effectif supérieur à la capacité de la salle dans EXP_SALLE : donnée à vérifier (capacité obsolète ou effectif cumulé). La séance est conservée telle quelle.
effectif EFFCALCU supérieur à la capacité de la salle;Salle info B216 (SCI_R-02) · Concept° d'appli internet;2;Effectif supérieur à la capacité de la salle dans EXP_SALLE : donnée à vérifier (capacité obsolète ou effectif cumulé). La séance est conservée telle quelle.
effectif EFFCALCU supérieur à la capacité de la salle;Salle info B216 (SCI_R-02) · Entrepôts de données;1;Effectif supérieur à la capacité de la salle dans EXP_SALLE : donnée à vérifier (capacité obsolète ou effectif cumulé). La séance est conservée telle quelle.
effectif EFFCALCU supérieur à la capacité de la salle;Salle info B216 (SCI_R-02) · Informatique PPPE 3;2;Effectif supérieur à la capacité de la salle dans EXP_SALLE : donnée à vérifier (capacité obsolète ou effectif cumulé). La séance est conservée telle quelle.
effectif EFFCALCU supérieur à la capacité de la salle;Salle info B216 (SCI_R-02) · Informatique PPPE 4;4;Effectif supérieur à la capacité de la salle dans EXP_SALLE : donnée à vérifier (capacité obsolète ou effectif cumulé). La séance est conservée telle quelle.
effectif EFFCALCU supérieur à la capacité de la salle;Salle info B216 (SCI_R-02) · Optimisation S1;2;Effectif supérieur à la capacité de la salle dans EXP_SALLE : donnée à vérifier (capacité obsolète ou effectif cumulé). La séance est conservée telle quelle.
effectif EFFCALCU supérieur à la capacité de la salle;Salle info B216 (SCI_R-02) · Stat Inférentielle : tests;2;Effectif supérieur à la capacité de la salle dans EXP_SALLE : donnée à vérifier (capacité obsolète ou effectif cumulé). La séance est conservée telle quelle.
effectif EFFCALCU supérieur à la capacité de la salle;Salle info B216 (SCI_R-02) · Statistiques S6;8;Effectif supérieur à la capacité de la salle dans EXP_SALLE : donnée à vérifier (capacité obsolète ou effectif cumulé). La séance est conservée telle quelle.
effectif EFFCALCU supérieur à la capacité de la salle;Salle info B216 (SCI_R-02) · Text mining;1;Effectif supérieur à la capacité de la salle dans EXP_SALLE : donnée à vérifier (capacité obsolète ou effectif cumulé). La séance est conservée telle quelle.
effectif EFFCALCU supérieur à la capacité de la salle;Salle info B220 (SCI_R-02) · Architecture Avancée;2;Effectif supérieur à la capacité de la salle dans EXP_SALLE : donnée à vérifier (capacité obsolète ou effectif cumulé). La séance est conservée telle quelle.
effectif EFFCALCU supérieur à la capacité de la salle;Salle info B220 (SCI_R-02) · Bases de données II;11;Effectif supérieur à la capacité de la salle dans EXP_SALLE : donnée à vérifier (capacité obsolète ou effectif cumulé). La séance est conservée telle quelle.
effectif EFFCALCU supérieur à la capacité de la salle;Salle info B220 (SCI_R-02) · Compo Services Logiciel;4;Effectif supérieur à la capacité de la salle dans EXP_SALLE : donnée à vérifier (capacité obsolète ou effectif cumulé). La séance est conservée telle quelle.
effectif EFFCALCU supérieur à la capacité de la salle;Salle info B220 (SCI_R-02) · Concept° d'appli internet;13;Effectif supérieur à la capacité de la salle dans EXP_SALLE : donnée à vérifier (capacité obsolète ou effectif cumulé). La séance est conservée telle quelle.
effectif EFFCALCU supérieur à la capacité de la salle;Salle info B220 (SCI_R-02) · Concept° systèmes d'info;2;Effectif supérieur à la capacité de la salle dans EXP_SALLE : donnée à vérifier (capacité obsolète ou effectif cumulé). La séance est conservée telle quelle.
effectif EFFCALCU supérieur à la capacité de la salle;Salle info B220 (SCI_R-02) · Dévelop d'appli internet;1;Effectif supérieur à la capacité de la salle dans EXP_SALLE : donnée à vérifier (capacité obsolète ou effectif cumulé). La séance est conservée telle quelle.
effectif EFFCALCU supérieur à la capacité de la salle;Salle info B220 (SCI_R-02) · Développement Web Avancé;9;Effectif supérieur à la capacité de la salle dans EXP_SALLE : donnée à vérifier (capacité obsolète ou effectif cumulé). La séance est conservée telle quelle.
effectif EFFCALCU supérieur à la capacité de la salle;Salle info B220 (SCI_R-02) · Graphes;5;Effectif supérieur à la capacité de la salle dans EXP_SALLE : donnée à vérifier (capacité obsolète ou effectif cumulé). La séance est conservée telle quelle.
effectif EFFCALCU supérieur à la capacité de la salle;Salle info B220 (SCI_R-02) · Génie logiciel;11;Effectif supérieur à la capacité de la salle dans EXP_SALLE : donnée à vérifier (capacité obsolète ou effectif cumulé). La séance est conservée telle quelle.
effectif EFFCALCU supérieur à la capacité de la salle;Salle info B220 (SCI_R-02) · IA sys cyber-physiques;1;Effectif supérieur à la capacité de la salle dans EXP_SALLE : donnée à vérifier (capacité obsolète ou effectif cumulé). La séance est conservée telle quelle.
effectif EFFCALCU supérieur à la capacité de la salle;Salle info B220 (SCI_R-02) · Ingénierie Des Modèles;6;Effectif supérieur à la capacité de la salle dans EXP_SALLE : donnée à vérifier (capacité obsolète ou effectif cumulé). La séance est conservée telle quelle.
effectif EFFCALCU supérieur à la capacité de la salle;Salle info B220 (SCI_R-02) · Ingénierie des Réseaux;5;Effectif supérieur à la capacité de la salle dans EXP_SALLE : donnée à vérifier (capacité obsolète ou effectif cumulé). La séance est conservée telle quelle.
effectif EFFCALCU supérieur à la capacité de la salle;Salle info B220 (SCI_R-02) · Initiat° recherche opérat;2;Effectif supérieur à la capacité de la salle dans EXP_SALLE : donnée à vérifier (capacité obsolète ou effectif cumulé). La séance est conservée telle quelle.
effectif EFFCALCU supérieur à la capacité de la salle;Salle info B220 (SCI_R-02) · Interface Homme Machine;24;Effectif supérieur à la capacité de la salle dans EXP_SALLE : donnée à vérifier (capacité obsolète ou effectif cumulé). La séance est conservée telle quelle.
effectif EFFCALCU supérieur à la capacité de la salle;Salle info B220 (SCI_R-02) · Internet des Objets;6;Effectif supérieur à la capacité de la salle dans EXP_SALLE : donnée à vérifier (capacité obsolète ou effectif cumulé). La séance est conservée telle quelle.
effectif EFFCALCU supérieur à la capacité de la salle;Salle info B220 (SCI_R-02) · Introduct° Cybersécurité;3;Effectif supérieur à la capacité de la salle dans EXP_SALLE : donnée à vérifier (capacité obsolète ou effectif cumulé). La séance est conservée telle quelle.
effectif EFFCALCU supérieur à la capacité de la salle;Salle info B220 (SCI_R-02) · Logiciels stat R S7;10;Effectif supérieur à la capacité de la salle dans EXP_SALLE : donnée à vérifier (capacité obsolète ou effectif cumulé). La séance est conservée telle quelle.
effectif EFFCALCU supérieur à la capacité de la salle;Salle info B220 (SCI_R-02) · Paradigmes de programmat°;6;Effectif supérieur à la capacité de la salle dans EXP_SALLE : donnée à vérifier (capacité obsolète ou effectif cumulé). La séance est conservée telle quelle.
effectif EFFCALCU supérieur à la capacité de la salle;Salle info B220 (SCI_R-02) · Program mobile android;2;Effectif supérieur à la capacité de la salle dans EXP_SALLE : donnée à vérifier (capacité obsolète ou effectif cumulé). La séance est conservée telle quelle.
effectif EFFCALCU supérieur à la capacité de la salle;Salle info B220 (SCI_R-02) · Recherche Opérationnelle;1;Effectif supérieur à la capacité de la salle dans EXP_SALLE : donnée à vérifier (capacité obsolète ou effectif cumulé). La séance est conservée telle quelle.
effectif EFFCALCU supérieur à la capacité de la salle;Salle info B220 (SCI_R-02) · Statistiques S6;2;Effectif supérieur à la capacité de la salle dans EXP_SALLE : donnée à vérifier (capacité obsolète ou effectif cumulé). La séance est conservée telle quelle.
effectif EFFCALCU supérieur à la capacité de la salle;Salle info B220 (SCI_R-02) · Systèmes Concurrents;2;Effectif supérieur à la capacité de la salle dans EXP_SALLE : donnée à vérifier (capacité obsolète ou effectif cumulé). La séance est conservée telle quelle.
effectif EFFCALCU supérieur à la capacité de la salle;Salle info B220 (SCI_R-02) · Systèmes distribués;11;Effectif supérieur à la capacité de la salle dans EXP_SALLE : donnée à vérifier (capacité obsolète ou effectif cumulé). La séance est conservée telle quelle.
effectif EFFCALCU supérieur à la capacité de la salle;Salle info B220 (SCI_R-02) · Sécurité Syst Info;2;Effectif supérieur à la capacité de la salle dans EXP_SALLE : donnée à vérifier (capacité obsolète ou effectif cumulé). La séance est conservée telle quelle.
effectif EFFCALCU supérieur à la capacité de la salle;Salle info B220 (SCI_R-02) · Techno orientée objet;15;Effectif supérieur à la capacité de la salle dans EXP_SALLE : donnée à vérifier (capacité obsolète ou effectif cumulé). La séance est conservée telle quelle.
effectif EFFCALCU supérieur à la capacité de la salle;Salle info B220 (SCI_R-02) · Visualisation de données;15;Effectif supérieur à la capacité de la salle dans EXP_SALLE : donnée à vérifier (capacité obsolète ou effectif cumulé). La séance est conservée telle quelle.
effectif EFFCALCU supérieur à la capacité de la salle;Salle info B222 (SCI_R-02) · Analyse durées survie S9;3;Effectif supérieur à la capacité de la salle dans EXP_SALLE : donnée à vérifier (capacité obsolète ou effectif cumulé). La séance est conservée telle quelle.
effectif EFFCALCU supérieur à la capacité de la salle;Salle info B222 (SCI_R-02) · Bases de données II;15;Effectif supérieur à la capacité de la salle dans EXP_SALLE : donnée à vérifier (capacité obsolète ou effectif cumulé). La séance est conservée telle quelle.
effectif EFFCALCU supérieur à la capacité de la salle;Salle info B222 (SCI_R-02) · Bases de données avancées;14;Effectif supérieur à la capacité de la salle dans EXP_SALLE : donnée à vérifier (capacité obsolète ou effectif cumulé). La séance est conservée telle quelle.
effectif EFFCALCU supérieur à la capacité de la salle;Salle info B222 (SCI_R-02) · Compo Services Logiciel;3;Effectif supérieur à la capacité de la salle dans EXP_SALLE : donnée à vérifier (capacité obsolète ou effectif cumulé). La séance est conservée telle quelle.
effectif EFFCALCU supérieur à la capacité de la salle;Salle info B222 (SCI_R-02) · Concept° d'appli internet;3;Effectif supérieur à la capacité de la salle dans EXP_SALLE : donnée à vérifier (capacité obsolète ou effectif cumulé). La séance est conservée telle quelle.
effectif EFFCALCU supérieur à la capacité de la salle;Salle info B222 (SCI_R-02) · Dévelop d'appli internet;1;Effectif supérieur à la capacité de la salle dans EXP_SALLE : donnée à vérifier (capacité obsolète ou effectif cumulé). La séance est conservée telle quelle.
effectif EFFCALCU supérieur à la capacité de la salle;Salle info B222 (SCI_R-02) · Développement Web Avancé;3;Effectif supérieur à la capacité de la salle dans EXP_SALLE : donnée à vérifier (capacité obsolète ou effectif cumulé). La séance est conservée telle quelle.
effectif EFFCALCU supérieur à la capacité de la salle;Salle info B222 (SCI_R-02) · Gest° Réalisat° de projet;1;Effectif supérieur à la capacité de la salle dans EXP_SALLE : donnée à vérifier (capacité obsolète ou effectif cumulé). La séance est conservée telle quelle.
effectif EFFCALCU supérieur à la capacité de la salle;Salle info B222 (SCI_R-02) · Graphes;4;Effectif supérieur à la capacité de la salle dans EXP_SALLE : donnée à vérifier (capacité obsolète ou effectif cumulé). La séance est conservée telle quelle.
effectif EFFCALCU supérieur à la capacité de la salle;Salle info B222 (SCI_R-02) · Génie logiciel;24;Effectif supérieur à la capacité de la salle dans EXP_SALLE : donnée à vérifier (capacité obsolète ou effectif cumulé). La séance est conservée telle quelle.
effectif EFFCALCU supérieur à la capacité de la salle;Salle info B222 (SCI_R-02) · IA sys cyber-physiques;5;Effectif supérieur à la capacité de la salle dans EXP_SALLE : donnée à vérifier (capacité obsolète ou effectif cumulé). La séance est conservée telle quelle.
effectif EFFCALCU supérieur à la capacité de la salle;Salle info B222 (SCI_R-02) · Ingénierie Des Modèles;4;Effectif supérieur à la capacité de la salle dans EXP_SALLE : donnée à vérifier (capacité obsolète ou effectif cumulé). La séance est conservée telle quelle.
effectif EFFCALCU supérieur à la capacité de la salle;Salle info B222 (SCI_R-02) · Ingénierie des Réseaux;5;Effectif supérieur à la capacité de la salle dans EXP_SALLE : donnée à vérifier (capacité obsolète ou effectif cumulé). La séance est conservée telle quelle.
effectif EFFCALCU supérieur à la capacité de la salle;Salle info B222 (SCI_R-02) · Ingéniérie des Systèmes;2;Effectif supérieur à la capacité de la salle dans EXP_SALLE : donnée à vérifier (capacité obsolète ou effectif cumulé). La séance est conservée telle quelle.
effectif EFFCALCU supérieur à la capacité de la salle;Salle info B222 (SCI_R-02) · Interface Homme Machine;2;Effectif supérieur à la capacité de la salle dans EXP_SALLE : donnée à vérifier (capacité obsolète ou effectif cumulé). La séance est conservée telle quelle.
effectif EFFCALCU supérieur à la capacité de la salle;Salle info B222 (SCI_R-02) · Internet des Objets;1;Effectif supérieur à la capacité de la salle dans EXP_SALLE : donnée à vérifier (capacité obsolète ou effectif cumulé). La séance est conservée telle quelle.
effectif EFFCALCU supérieur à la capacité de la salle;Salle info B222 (SCI_R-02) · Introduction à Python;2;Effectif supérieur à la capacité de la salle dans EXP_SALLE : donnée à vérifier (capacité obsolète ou effectif cumulé). La séance est conservée telle quelle.
effectif EFFCALCU supérieur à la capacité de la salle;Salle info B222 (SCI_R-02) · Logiciels stat R S7;20;Effectif supérieur à la capacité de la salle dans EXP_SALLE : donnée à vérifier (capacité obsolète ou effectif cumulé). La séance est conservée telle quelle.
effectif EFFCALCU supérieur à la capacité de la salle;Salle info B222 (SCI_R-02) · Machine learning S9;1;Effectif supérieur à la capacité de la salle dans EXP_SALLE : donnée à vérifier (capacité obsolète ou effectif cumulé). La séance est conservée telle quelle.
effectif EFFCALCU supérieur à la capacité de la salle;Salle info B222 (SCI_R-02) · Numérique responsable;6;Effectif supérieur à la capacité de la salle dans EXP_SALLE : donnée à vérifier (capacité obsolète ou effectif cumulé). La séance est conservée telle quelle.
effectif EFFCALCU supérieur à la capacité de la salle;Salle info B222 (SCI_R-02) · Program mobile android;8;Effectif supérieur à la capacité de la salle dans EXP_SALLE : donnée à vérifier (capacité obsolète ou effectif cumulé). La séance est conservée telle quelle.
effectif EFFCALCU supérieur à la capacité de la salle;Salle info B222 (SCI_R-02) · Systèmes Concurrents;6;Effectif supérieur à la capacité de la salle dans EXP_SALLE : donnée à vérifier (capacité obsolète ou effectif cumulé). La séance est conservée telle quelle.
effectif EFFCALCU supérieur à la capacité de la salle;Salle info B222 (SCI_R-02) · Systèmes distribués;9;Effectif supérieur à la capacité de la salle dans EXP_SALLE : donnée à vérifier (capacité obsolète ou effectif cumulé). La séance est conservée telle quelle.
effectif EFFCALCU supérieur à la capacité de la salle;Salle info B222 (SCI_R-02) · Sécurité Syst Info;10;Effectif supérieur à la capacité de la salle dans EXP_SALLE : donnée à vérifier (capacité obsolète ou effectif cumulé). La séance est conservée telle quelle.
effectif EFFCALCU supérieur à la capacité de la salle;Salle info B222 (SCI_R-02) · Techno orientée objet;6;Effectif supérieur à la capacité de la salle dans EXP_SALLE : donnée à vérifier (capacité obsolète ou effectif cumulé). La séance est conservée telle quelle.
effectif EFFCALCU supérieur à la capacité de la salle;Salle info B222 (SCI_R-02) · Visualisation de données;9;Effectif supérieur à la capacité de la salle dans EXP_SALLE : donnée à vérifier (capacité obsolète ou effectif cumulé). La séance est conservée telle quelle.
effectif EFFCALCU supérieur à la capacité de la salle;Salle info B224 (SCI_R-02) · Algorithmique I;6;Effectif supérieur à la capacité de la salle dans EXP_SALLE : donnée à vérifier (capacité obsolète ou effectif cumulé). La séance est conservée telle quelle.
effectif EFFCALCU supérieur à la capacité de la salle;Salle info B224 (SCI_R-02) · Algorithmique II;1;Effectif supérieur à la capacité de la salle dans EXP_SALLE : donnée à vérifier (capacité obsolète ou effectif cumulé). La séance est conservée telle quelle.
effectif EFFCALCU supérieur à la capacité de la salle;Salle info B224 (SCI_R-02) · Architecture Avancée;4;Effectif supérieur à la capacité de la salle dans EXP_SALLE : donnée à vérifier (capacité obsolète ou effectif cumulé). La séance est conservée telle quelle.
effectif EFFCALCU supérieur à la capacité de la salle;Salle info B224 (SCI_R-02) · Compo Services Logiciel;11;Effectif supérieur à la capacité de la salle dans EXP_SALLE : donnée à vérifier (capacité obsolète ou effectif cumulé). La séance est conservée telle quelle.
effectif EFFCALCU supérieur à la capacité de la salle;Salle info B224 (SCI_R-02) · Concept° d'appli internet;8;Effectif supérieur à la capacité de la salle dans EXP_SALLE : donnée à vérifier (capacité obsolète ou effectif cumulé). La séance est conservée telle quelle.
effectif EFFCALCU supérieur à la capacité de la salle;Salle info B224 (SCI_R-02) · Concept° d'interfaces web;1;Effectif supérieur à la capacité de la salle dans EXP_SALLE : donnée à vérifier (capacité obsolète ou effectif cumulé). La séance est conservée telle quelle.
effectif EFFCALCU supérieur à la capacité de la salle;Salle info B224 (SCI_R-02) · Concept° systèmes d'info;6;Effectif supérieur à la capacité de la salle dans EXP_SALLE : donnée à vérifier (capacité obsolète ou effectif cumulé). La séance est conservée telle quelle.
effectif EFFCALCU supérieur à la capacité de la salle;Salle info B224 (SCI_R-02) · Développement Web Avancé;11;Effectif supérieur à la capacité de la salle dans EXP_SALLE : donnée à vérifier (capacité obsolète ou effectif cumulé). La séance est conservée telle quelle.
effectif EFFCALCU supérieur à la capacité de la salle;Salle info B224 (SCI_R-02) · Gestion de projet;4;Effectif supérieur à la capacité de la salle dans EXP_SALLE : donnée à vérifier (capacité obsolète ou effectif cumulé). La séance est conservée telle quelle.
effectif EFFCALCU supérieur à la capacité de la salle;Salle info B224 (SCI_R-02) · Graphes;17;Effectif supérieur à la capacité de la salle dans EXP_SALLE : donnée à vérifier (capacité obsolète ou effectif cumulé). La séance est conservée telle quelle.
effectif EFFCALCU supérieur à la capacité de la salle;Salle info B224 (SCI_R-02) · Génie logiciel;4;Effectif supérieur à la capacité de la salle dans EXP_SALLE : donnée à vérifier (capacité obsolète ou effectif cumulé). La séance est conservée telle quelle.
effectif EFFCALCU supérieur à la capacité de la salle;Salle info B224 (SCI_R-02) · IA sys cyber-physiques;2;Effectif supérieur à la capacité de la salle dans EXP_SALLE : donnée à vérifier (capacité obsolète ou effectif cumulé). La séance est conservée telle quelle.
effectif EFFCALCU supérieur à la capacité de la salle;Salle info B224 (SCI_R-02) · Informatique Fondamentale;6;Effectif supérieur à la capacité de la salle dans EXP_SALLE : donnée à vérifier (capacité obsolète ou effectif cumulé). La séance est conservée telle quelle.
effectif EFFCALCU supérieur à la capacité de la salle;Salle info B224 (SCI_R-02) · Ingénierie Des Modèles;6;Effectif supérieur à la capacité de la salle dans EXP_SALLE : donnée à vérifier (capacité obsolète ou effectif cumulé). La séance est conservée telle quelle.
effectif EFFCALCU supérieur à la capacité de la salle;Salle info B224 (SCI_R-02) · Ingénierie des Réseaux;3;Effectif supérieur à la capacité de la salle dans EXP_SALLE : donnée à vérifier (capacité obsolète ou effectif cumulé). La séance est conservée telle quelle.
effectif EFFCALCU supérieur à la capacité de la salle;Salle info B224 (SCI_R-02) · Ingéniérie des Systèmes;15;Effectif supérieur à la capacité de la salle dans EXP_SALLE : donnée à vérifier (capacité obsolète ou effectif cumulé). La séance est conservée telle quelle.
effectif EFFCALCU supérieur à la capacité de la salle;Salle info B224 (SCI_R-02) · Internet des Objets;10;Effectif supérieur à la capacité de la salle dans EXP_SALLE : donnée à vérifier (capacité obsolète ou effectif cumulé). La séance est conservée telle quelle.
effectif EFFCALCU supérieur à la capacité de la salle;Salle info B224 (SCI_R-02) · Numérique responsable;18;Effectif supérieur à la capacité de la salle dans EXP_SALLE : donnée à vérifier (capacité obsolète ou effectif cumulé). La séance est conservée telle quelle.
effectif EFFCALCU supérieur à la capacité de la salle;Salle info B224 (SCI_R-02) · Paradigmes de programmat°;4;Effectif supérieur à la capacité de la salle dans EXP_SALLE : donnée à vérifier (capacité obsolète ou effectif cumulé). La séance est conservée telle quelle.
effectif EFFCALCU supérieur à la capacité de la salle;Salle info B224 (SCI_R-02) · Program mobile android;20;Effectif supérieur à la capacité de la salle dans EXP_SALLE : donnée à vérifier (capacité obsolète ou effectif cumulé). La séance est conservée telle quelle.
effectif EFFCALCU supérieur à la capacité de la salle;Salle info B224 (SCI_R-02) · Recherche Opérationnelle;19;Effectif supérieur à la capacité de la salle dans EXP_SALLE : donnée à vérifier (capacité obsolète ou effectif cumulé). La séance est conservée telle quelle.
effectif EFFCALCU supérieur à la capacité de la salle;Salle info B224 (SCI_R-02) · Systèmes d'exploitation I;3;Effectif supérieur à la capacité de la salle dans EXP_SALLE : donnée à vérifier (capacité obsolète ou effectif cumulé). La séance est conservée telle quelle.
effectif EFFCALCU supérieur à la capacité de la salle;Salle info B224 (SCI_R-02) · Systèmes distribués;4;Effectif supérieur à la capacité de la salle dans EXP_SALLE : donnée à vérifier (capacité obsolète ou effectif cumulé). La séance est conservée telle quelle.
effectif EFFCALCU supérieur à la capacité de la salle;Salle info B224 (SCI_R-02) · Sécurité Syst Info;4;Effectif supérieur à la capacité de la salle dans EXP_SALLE : donnée à vérifier (capacité obsolète ou effectif cumulé). La séance est conservée telle quelle.
effectif EFFCALCU supérieur à la capacité de la salle;Salle info B224 (SCI_R-02) · Techno orientée objet;8;Effectif supérieur à la capacité de la salle dans EXP_SALLE : donnée à vérifier (capacité obsolète ou effectif cumulé). La séance est conservée telle quelle.
effectif EFFCALCU supérieur à la capacité de la salle;Salle info B229-B231 (SCI_R-02) · Apprentissage profond;1;Effectif supérieur à la capacité de la salle dans EXP_SALLE : donnée à vérifier (capacité obsolète ou effectif cumulé). La séance est conservée telle quelle.
effectif EFFCALCU supérieur à la capacité de la salle;Salle info B229-B231 (SCI_R-02) · Logiciels stat R S7;4;Effectif supérieur à la capacité de la salle dans EXP_SALLE : donnée à vérifier (capacité obsolète ou effectif cumulé). La séance est conservée telle quelle.
effectif EFFCALCU supérieur à la capacité de la salle;Salle info B229-B231 (SCI_R-02) · Outils sûreté fonction S9;1;Effectif supérieur à la capacité de la salle dans EXP_SALLE : donnée à vérifier (capacité obsolète ou effectif cumulé). La séance est conservée telle quelle.
effectif EFFCALCU supérieur à la capacité de la salle;Salle info B229-B231 (SCI_R-02) · Program Orientée Agents;1;Effectif supérieur à la capacité de la salle dans EXP_SALLE : donnée à vérifier (capacité obsolète ou effectif cumulé). La séance est conservée telle quelle.
effectif EFFCALCU supérieur à la capacité de la salle;Salle info B229-B231 (SCI_R-02) · Proj integr analyse fonct;1;Effectif supérieur à la capacité de la salle dans EXP_SALLE : donnée à vérifier (capacité obsolète ou effectif cumulé). La séance est conservée telle quelle.
effectif EFFCALCU supérieur à la capacité de la salle;Salle info B229-B231 (SCI_R-02) · Python;4;Effectif supérieur à la capacité de la salle dans EXP_SALLE : donnée à vérifier (capacité obsolète ou effectif cumulé). La séance est conservée telle quelle.
effectif EFFCALCU supérieur à la capacité de la salle;Salle info B229-B231 (SCI_R-02) · Trav Approf Supervisés Prés;1;Effectif supérieur à la capacité de la salle dans EXP_SALLE : donnée à vérifier (capacité obsolète ou effectif cumulé). La séance est conservée telle quelle.
effectif EFFCALCU supérieur à la capacité de la salle;Salle info B333 (SCI_R-03) · Analyse de données;4;Effectif supérieur à la capacité de la salle dans EXP_SALLE : donnée à vérifier (capacité obsolète ou effectif cumulé). La séance est conservée telle quelle.
effectif EFFCALCU supérieur à la capacité de la salle;Salle informatique - MAC 206 (BA1-02) · Matière à préciser;1;Effectif supérieur à la capacité de la salle dans EXP_SALLE : donnée à vérifier (capacité obsolète ou effectif cumulé). La séance est conservée telle quelle.
effectif EFFCALCU supérieur à la capacité de la salle;Salle informatique - linus 203 (BA1-02) · R 2-11 Reseaux 1;3;Effectif supérieur à la capacité de la salle dans EXP_SALLE : donnée à vérifier (capacité obsolète ou effectif cumulé). La séance est conservée telle quelle.
effectif EFFCALCU supérieur à la capacité de la salle;Salle informatique 120 (B2-01) · Analyse Financière-15TD;1;Effectif supérieur à la capacité de la salle dans EXP_SALLE : donnée à vérifier (capacité obsolète ou effectif cumulé). La séance est conservée telle quelle.
effectif EFFCALCU supérieur à la capacité de la salle;Salle informatique 120 (B2-01) · Droit du travail CM S5;1;Effectif supérieur à la capacité de la salle dans EXP_SALLE : donnée à vérifier (capacité obsolète ou effectif cumulé). La séance est conservée telle quelle.
effectif EFFCALCU supérieur à la capacité de la salle;Salle informatique 120 (B2-01) · Math. stat. info. approf.;9;Effectif supérieur à la capacité de la salle dans EXP_SALLE : donnée à vérifier (capacité obsolète ou effectif cumulé). La séance est conservée telle quelle.
effectif EFFCALCU supérieur à la capacité de la salle;Salle informatique 120 (B2-01) · MàN math. stat. info.;20;Effectif supérieur à la capacité de la salle dans EXP_SALLE : donnée à vérifier (capacité obsolète ou effectif cumulé). La séance est conservée telle quelle.
effectif EFFCALCU supérieur à la capacité de la salle;Salle informatique 120 (B2-01) · PEP'S 1;9;Effectif supérieur à la capacité de la salle dans EXP_SALLE : donnée à vérifier (capacité obsolète ou effectif cumulé). La séance est conservée telle quelle.
effectif EFFCALCU supérieur à la capacité de la salle;Salle informatique 120 (B2-01) · PIX;4;Effectif supérieur à la capacité de la salle dans EXP_SALLE : donnée à vérifier (capacité obsolète ou effectif cumulé). La séance est conservée telle quelle.
effectif EFFCALCU supérieur à la capacité de la salle;Salle informatique 120 (B2-01) · Project Engineering;2;Effectif supérieur à la capacité de la salle dans EXP_SALLE : donnée à vérifier (capacité obsolète ou effectif cumulé). La séance est conservée telle quelle.
effectif EFFCALCU supérieur à la capacité de la salle;Salle informatique 120 (B2-01) · Project Ingineering;1;Effectif supérieur à la capacité de la salle dans EXP_SALLE : donnée à vérifier (capacité obsolète ou effectif cumulé). La séance est conservée telle quelle.
effectif EFFCALCU supérieur à la capacité de la salle;Salle informatique 120 (B2-01) · STID;20;Effectif supérieur à la capacité de la salle dans EXP_SALLE : donnée à vérifier (capacité obsolète ou effectif cumulé). La séance est conservée telle quelle.
effectif EFFCALCU supérieur à la capacité de la salle;Salle informatique 120 (B2-01) · Soutien math. stat. info.;5;Effectif supérieur à la capacité de la salle dans EXP_SALLE : donnée à vérifier (capacité obsolète ou effectif cumulé). La séance est conservée telle quelle.
effectif EFFCALCU supérieur à la capacité de la salle;Salle informatique 120 (B2-01) · Statistiques avancées;6;Effectif supérieur à la capacité de la salle dans EXP_SALLE : donnée à vérifier (capacité obsolète ou effectif cumulé). La séance est conservée telle quelle.
effectif EFFCALCU supérieur à la capacité de la salle;Salle informatique 120 (B2-01) · Usages digitaux & num. 1;16;Effectif supérieur à la capacité de la salle dans EXP_SALLE : donnée à vérifier (capacité obsolète ou effectif cumulé). La séance est conservée telle quelle.
effectif EFFCALCU supérieur à la capacité de la salle;Salle informatique 120 (B2-01) · Usages digitaux & num. 2;10;Effectif supérieur à la capacité de la salle dans EXP_SALLE : donnée à vérifier (capacité obsolète ou effectif cumulé). La séance est conservée telle quelle.
effectif EFFCALCU supérieur à la capacité de la salle;Salle informatique 120 (B2-01) · XXX-EVAL S1 ENSEIGNTS M1ALI;1;Effectif supérieur à la capacité de la salle dans EXP_SALLE : donnée à vérifier (capacité obsolète ou effectif cumulé). La séance est conservée telle quelle.
effectif EFFCALCU supérieur à la capacité de la salle;Salle informatique 120 (B2-01) · XXX-ISN-SPEED MEETING;1;Effectif supérieur à la capacité de la salle dans EXP_SALLE : donnée à vérifier (capacité obsolète ou effectif cumulé). La séance est conservée telle quelle.
effectif EFFCALCU supérieur à la capacité de la salle;Salle informatique 120 (B2-01) · XXX-REUNION RI MOBILITE;1;Effectif supérieur à la capacité de la salle dans EXP_SALLE : donnée à vérifier (capacité obsolète ou effectif cumulé). La séance est conservée telle quelle.
effectif EFFCALCU supérieur à la capacité de la salle;Salle informatique 122 (B2-01) · 3-2 Outils bureautiques;2;Effectif supérieur à la capacité de la salle dans EXP_SALLE : donnée à vérifier (capacité obsolète ou effectif cumulé). La séance est conservée telle quelle.
effectif EFFCALCU supérieur à la capacité de la salle;Salle informatique 122 (B2-01) · ICR 2;1;Effectif supérieur à la capacité de la salle dans EXP_SALLE : donnée à vérifier (capacité obsolète ou effectif cumulé). La séance est conservée telle quelle.
effectif EFFCALCU supérieur à la capacité de la salle;Salle informatique 122 (B2-01) · Ingénierie de projet 1;1;Effectif supérieur à la capacité de la salle dans EXP_SALLE : donnée à vérifier (capacité obsolète ou effectif cumulé). La séance est conservée telle quelle.
effectif EFFCALCU supérieur à la capacité de la salle;Salle informatique 122 (B2-01) · Math. stat. info. approf.;5;Effectif supérieur à la capacité de la salle dans EXP_SALLE : donnée à vérifier (capacité obsolète ou effectif cumulé). La séance est conservée telle quelle.
effectif EFFCALCU supérieur à la capacité de la salle;Salle informatique 122 (B2-01) · MàN math. stat. info.;12;Effectif supérieur à la capacité de la salle dans EXP_SALLE : donnée à vérifier (capacité obsolète ou effectif cumulé). La séance est conservée telle quelle.
effectif EFFCALCU supérieur à la capacité de la salle;Salle informatique 122 (B2-01) · PIX;3;Effectif supérieur à la capacité de la salle dans EXP_SALLE : donnée à vérifier (capacité obsolète ou effectif cumulé). La séance est conservée telle quelle.
effectif EFFCALCU supérieur à la capacité de la salle;Salle informatique 122 (B2-01) · Project management;2;Effectif supérieur à la capacité de la salle dans EXP_SALLE : donnée à vérifier (capacité obsolète ou effectif cumulé). La séance est conservée telle quelle.
effectif EFFCALCU supérieur à la capacité de la salle;Salle informatique 122 (B2-01) · Soutien math. stat. info.;5;Effectif supérieur à la capacité de la salle dans EXP_SALLE : donnée à vérifier (capacité obsolète ou effectif cumulé). La séance est conservée telle quelle.
effectif EFFCALCU supérieur à la capacité de la salle;Salle informatique 122 (B2-01) · UE5 Gestion de projet RSE;1;Effectif supérieur à la capacité de la salle dans EXP_SALLE : donnée à vérifier (capacité obsolète ou effectif cumulé). La séance est conservée telle quelle.
effectif EFFCALCU supérieur à la capacité de la salle;Salle informatique 122 (B2-01) · Usages digitaux & num. 1;8;Effectif supérieur à la capacité de la salle dans EXP_SALLE : donnée à vérifier (capacité obsolète ou effectif cumulé). La séance est conservée telle quelle.
effectif EFFCALCU supérieur à la capacité de la salle;Salle informatique 122 (B2-01) · Usages digitaux & num. 2;10;Effectif supérieur à la capacité de la salle dans EXP_SALLE : donnée à vérifier (capacité obsolète ou effectif cumulé). La séance est conservée telle quelle.
effectif EFFCALCU supérieur à la capacité de la salle;Salle informatique 122 (B2-01) · XXX-ISN-SPEED MEETING;1;Effectif supérieur à la capacité de la salle dans EXP_SALLE : donnée à vérifier (capacité obsolète ou effectif cumulé). La séance est conservée telle quelle.
effectif EFFCALCU supérieur à la capacité de la salle;Salle informatique 201 (LET-01) · 3 Traitement et analyse;10;Effectif supérieur à la capacité de la salle dans EXP_SALLE : donnée à vérifier (capacité obsolète ou effectif cumulé). La séance est conservée telle quelle.
effectif EFFCALCU supérieur à la capacité de la salle;Salle informatique 201 (LET-01) · 4 SIG/Analyse spatiale;9;Effectif supérieur à la capacité de la salle dans EXP_SALLE : donnée à vérifier (capacité obsolète ou effectif cumulé). La séance est conservée telle quelle.
effectif EFFCALCU supérieur à la capacité de la salle;Salle informatique 201 (LET-01) · Compét rédactionnelles;10;Effectif supérieur à la capacité de la salle dans EXP_SALLE : donnée à vérifier (capacité obsolète ou effectif cumulé). La séance est conservée telle quelle.
effectif EFFCALCU supérieur à la capacité de la salle;Salle informatique 201 (LET-01) · Culture numérique;62;Effectif supérieur à la capacité de la salle dans EXP_SALLE : donnée à vérifier (capacité obsolète ou effectif cumulé). La séance est conservée telle quelle.
effectif EFFCALCU supérieur à la capacité de la salle;Salle informatique 201 (LET-01) · Enquête de terrain 1;18;Effectif supérieur à la capacité de la salle dans EXP_SALLE : donnée à vérifier (capacité obsolète ou effectif cumulé). La séance est conservée telle quelle.
effectif EFFCALCU supérieur à la capacité de la salle;Salle informatique 201 (LET-01) · Enquête de terrain 2;14;Effectif supérieur à la capacité de la salle dans EXP_SALLE : donnée à vérifier (capacité obsolète ou effectif cumulé). La séance est conservée telle quelle.
effectif EFFCALCU supérieur à la capacité de la salle;Salle informatique 201 (LET-01) · Méthode d'enquête;5;Effectif supérieur à la capacité de la salle dans EXP_SALLE : donnée à vérifier (capacité obsolète ou effectif cumulé). La séance est conservée telle quelle.
effectif EFFCALCU supérieur à la capacité de la salle;Salle informatique 201 (LET-01) · Outil & analyse architect;3;Effectif supérieur à la capacité de la salle dans EXP_SALLE : donnée à vérifier (capacité obsolète ou effectif cumulé). La séance est conservée telle quelle.
effectif EFFCALCU supérieur à la capacité de la salle;Salle informatique 201 (LET-01) · Représentation du monde;2;Effectif supérieur à la capacité de la salle dans EXP_SALLE : donnée à vérifier (capacité obsolète ou effectif cumulé). La séance est conservée telle quelle.
effectif EFFCALCU supérieur à la capacité de la salle;Salle informatique 201 (LET-01) · Statistiques bivariées;4;Effectif supérieur à la capacité de la salle dans EXP_SALLE : donnée à vérifier (capacité obsolète ou effectif cumulé). La séance est conservée telle quelle.
effectif EFFCALCU supérieur à la capacité de la salle;Salle informatique 202 (LET-01) · 1 Version anglaise;5;Effectif supérieur à la capacité de la salle dans EXP_SALLE : donnée à vérifier (capacité obsolète ou effectif cumulé). La séance est conservée telle quelle.
effectif EFFCALCU supérieur à la capacité de la salle;Salle informatique 202 (LET-01) · 2 Cartographie & ingénier;6;Effectif supérieur à la capacité de la salle dans EXP_SALLE : donnée à vérifier (capacité obsolète ou effectif cumulé). La séance est conservée telle quelle.
effectif EFFCALCU supérieur à la capacité de la salle;Salle informatique 202 (LET-01) · 2 Cartographie/SIG;10;Effectif supérieur à la capacité de la salle dans EXP_SALLE : donnée à vérifier (capacité obsolète ou effectif cumulé). La séance est conservée telle quelle.
effectif EFFCALCU supérieur à la capacité de la salle;Salle informatique 202 (LET-01) · 4 SIG/Analyse spatiale;8;Effectif supérieur à la capacité de la salle dans EXP_SALLE : donnée à vérifier (capacité obsolète ou effectif cumulé). La séance est conservée telle quelle.
effectif EFFCALCU supérieur à la capacité de la salle;Salle informatique 202 (LET-01) · Culture numérique S3;2;Effectif supérieur à la capacité de la salle dans EXP_SALLE : donnée à vérifier (capacité obsolète ou effectif cumulé). La séance est conservée telle quelle.
effectif EFFCALCU supérieur à la capacité de la salle;Salle informatique 202 (LET-01) · Cultures numériques;18;Effectif supérieur à la capacité de la salle dans EXP_SALLE : donnée à vérifier (capacité obsolète ou effectif cumulé). La séance est conservée telle quelle.
effectif EFFCALCU supérieur à la capacité de la salle;Salle informatique 202 (LET-01) · Dvpt durable & éduc envt;2;Effectif supérieur à la capacité de la salle dans EXP_SALLE : donnée à vérifier (capacité obsolète ou effectif cumulé). La séance est conservée telle quelle.
effectif EFFCALCU supérieur à la capacité de la salle;Salle informatique 202 (LET-01) · Humanités numériques;18;Effectif supérieur à la capacité de la salle dans EXP_SALLE : donnée à vérifier (capacité obsolète ou effectif cumulé). La séance est conservée telle quelle.
effectif EFFCALCU supérieur à la capacité de la salle;Salle informatique 202 (LET-01) · Représentation du monde;2;Effectif supérieur à la capacité de la salle dans EXP_SALLE : donnée à vérifier (capacité obsolète ou effectif cumulé). La séance est conservée telle quelle.
effectif EFFCALCU supérieur à la capacité de la salle;Salle informatique 202 (LET-01) · TD Informatique L1 éco;1;Effectif supérieur à la capacité de la salle dans EXP_SALLE : donnée à vérifier (capacité obsolète ou effectif cumulé). La séance est conservée telle quelle.
effectif EFFCALCU supérieur à la capacité de la salle;Salle informatique 205 (BA1-02) · CM Biostats;1;Effectif supérieur à la capacité de la salle dans EXP_SALLE : donnée à vérifier (capacité obsolète ou effectif cumulé). La séance est conservée telle quelle.
effectif EFFCALCU supérieur à la capacité de la salle;Salle informatique 205 (BA1-02) · Traitements Stat;2;Effectif supérieur à la capacité de la salle dans EXP_SALLE : donnée à vérifier (capacité obsolète ou effectif cumulé). La séance est conservée telle quelle.
effectif EFFCALCU supérieur à la capacité de la salle;Salle informatique 205 (BA1-02) · Traitements statistiques;1;Effectif supérieur à la capacité de la salle dans EXP_SALLE : donnée à vérifier (capacité obsolète ou effectif cumulé). La séance est conservée telle quelle.
effectif EFFCALCU supérieur à la capacité de la salle;Salle informatique 205 (BA1-02) · XXX - Anglais L1;2;Effectif supérieur à la capacité de la salle dans EXP_SALLE : donnée à vérifier (capacité obsolète ou effectif cumulé). La séance est conservée telle quelle.
effectif EFFCALCU supérieur à la capacité de la salle;Salle informatique 205 (BA1-02) · XXX - Anglais L2;1;Effectif supérieur à la capacité de la salle dans EXP_SALLE : donnée à vérifier (capacité obsolète ou effectif cumulé). La séance est conservée telle quelle.
effectif EFFCALCU supérieur à la capacité de la salle;Salle informatique 205 (BA1-02) · XXX S.I.G;6;Effectif supérieur à la capacité de la salle dans EXP_SALLE : donnée à vérifier (capacité obsolète ou effectif cumulé). La séance est conservée telle quelle.
effectif EFFCALCU supérieur à la capacité de la salle;Salle informatique 208 (BA1-02) · 1 PEP'S 1;3;Effectif supérieur à la capacité de la salle dans EXP_SALLE : donnée à vérifier (capacité obsolète ou effectif cumulé). La séance est conservée telle quelle.
effectif EFFCALCU supérieur à la capacité de la salle;Salle informatique 208 (BA1-02) · Biostatistiques 2;1;Effectif supérieur à la capacité de la salle dans EXP_SALLE : donnée à vérifier (capacité obsolète ou effectif cumulé). La séance est conservée telle quelle.
effectif EFFCALCU supérieur à la capacité de la salle;Salle informatique 208 (BA1-02) · Matière à préciser;1;Effectif supérieur à la capacité de la salle dans EXP_SALLE : donnée à vérifier (capacité obsolète ou effectif cumulé). La séance est conservée telle quelle.
effectif EFFCALCU supérieur à la capacité de la salle;Salle informatique 208 (BA1-02) · Méthodo Travail Univ;6;Effectif supérieur à la capacité de la salle dans EXP_SALLE : donnée à vérifier (capacité obsolète ou effectif cumulé). La séance est conservée telle quelle.
effectif EFFCALCU supérieur à la capacité de la salle;Salle informatique 208 (BA1-02) · Service & micro-service;4;Effectif supérieur à la capacité de la salle dans EXP_SALLE : donnée à vérifier (capacité obsolète ou effectif cumulé). La séance est conservée telle quelle.
effectif EFFCALCU supérieur à la capacité de la salle;Salle informatique 208 (BA1-02) · Traitements Stat;4;Effectif supérieur à la capacité de la salle dans EXP_SALLE : donnée à vérifier (capacité obsolète ou effectif cumulé). La séance est conservée telle quelle.
effectif EFFCALCU supérieur à la capacité de la salle;Salle informatique 208 (BA1-02) · Traitements statistiques;2;Effectif supérieur à la capacité de la salle dans EXP_SALLE : donnée à vérifier (capacité obsolète ou effectif cumulé). La séance est conservée telle quelle.
effectif EFFCALCU supérieur à la capacité de la salle;Salle informatique 208 (BA1-02) · XXX - Anglais L1;4;Effectif supérieur à la capacité de la salle dans EXP_SALLE : donnée à vérifier (capacité obsolète ou effectif cumulé). La séance est conservée telle quelle.
effectif EFFCALCU supérieur à la capacité de la salle;Salle informatique 208 (BA1-02) · XXX - Anglais L2;2;Effectif supérieur à la capacité de la salle dans EXP_SALLE : donnée à vérifier (capacité obsolète ou effectif cumulé). La séance est conservée telle quelle.
effectif EFFCALCU supérieur à la capacité de la salle;Salle informatique 210-211 (BA1-02) · Biostatistiques 2;1;Effectif supérieur à la capacité de la salle dans EXP_SALLE : donnée à vérifier (capacité obsolète ou effectif cumulé). La séance est conservée telle quelle.
effectif EFFCALCU supérieur à la capacité de la salle;Salle informatique 210-211 (BA1-02) · CM Biostats;1;Effectif supérieur à la capacité de la salle dans EXP_SALLE : donnée à vérifier (capacité obsolète ou effectif cumulé). La séance est conservée telle quelle.
effectif EFFCALCU supérieur à la capacité de la salle;Salle informatique 210-211 (BA1-02) · Hydrology;1;Effectif supérieur à la capacité de la salle dans EXP_SALLE : donnée à vérifier (capacité obsolète ou effectif cumulé). La séance est conservée telle quelle.
effectif EFFCALCU supérieur à la capacité de la salle;Salle informatique 210-211 (BA1-02) · Intro Géosciences;2;Effectif supérieur à la capacité de la salle dans EXP_SALLE : donnée à vérifier (capacité obsolète ou effectif cumulé). La séance est conservée telle quelle.
effectif EFFCALCU supérieur à la capacité de la salle;Salle informatique 210-211 (BA1-02) · Méthodo Travail Univ;5;Effectif supérieur à la capacité de la salle dans EXP_SALLE : donnée à vérifier (capacité obsolète ou effectif cumulé). La séance est conservée telle quelle.
effectif EFFCALCU supérieur à la capacité de la salle;Salle informatique 210-211 (BA1-02) · TD Probastats;15;Effectif supérieur à la capacité de la salle dans EXP_SALLE : donnée à vérifier (capacité obsolète ou effectif cumulé). La séance est conservée telle quelle.
effectif EFFCALCU supérieur à la capacité de la salle;Salle informatique 210-211 (BA1-02) · Traitements statistiques;1;Effectif supérieur à la capacité de la salle dans EXP_SALLE : donnée à vérifier (capacité obsolète ou effectif cumulé). La séance est conservée telle quelle.
effectif EFFCALCU supérieur à la capacité de la salle;Salle informatique 210-211 (BA1-02) · XXX - Anglais L1;4;Effectif supérieur à la capacité de la salle dans EXP_SALLE : donnée à vérifier (capacité obsolète ou effectif cumulé). La séance est conservée telle quelle.
effectif EFFCALCU supérieur à la capacité de la salle;Salle informatique 214 (LET-01) · 1 Méthodologie S7;4;Effectif supérieur à la capacité de la salle dans EXP_SALLE : donnée à vérifier (capacité obsolète ou effectif cumulé). La séance est conservée telle quelle.
effectif EFFCALCU supérieur à la capacité de la salle;Salle informatique 214 (LET-01) · 2 Contenus numériques;5;Effectif supérieur à la capacité de la salle dans EXP_SALLE : donnée à vérifier (capacité obsolète ou effectif cumulé). La séance est conservée telle quelle.
effectif EFFCALCU supérieur à la capacité de la salle;Salle informatique 214 (LET-01) · 2 PAO & design graphique;5;Effectif supérieur à la capacité de la salle dans EXP_SALLE : donnée à vérifier (capacité obsolète ou effectif cumulé). La séance est conservée telle quelle.
effectif EFFCALCU supérieur à la capacité de la salle;Salle informatique 214 (LET-01) · 2 Traitement des données;2;Effectif supérieur à la capacité de la salle dans EXP_SALLE : donnée à vérifier (capacité obsolète ou effectif cumulé). La séance est conservée telle quelle.
effectif EFFCALCU supérieur à la capacité de la salle;Salle informatique 214 (LET-01) · 3 Traitement et analyse;8;Effectif supérieur à la capacité de la salle dans EXP_SALLE : donnée à vérifier (capacité obsolète ou effectif cumulé). La séance est conservée telle quelle.
effectif EFFCALCU supérieur à la capacité de la salle;Salle informatique 214 (LET-01) · 4 Contenus numériques;5;Effectif supérieur à la capacité de la salle dans EXP_SALLE : donnée à vérifier (capacité obsolète ou effectif cumulé). La séance est conservée telle quelle.
effectif EFFCALCU supérieur à la capacité de la salle;Salle informatique 214 (LET-01) · 4 Patrimoine archéologiqu;3;Effectif supérieur à la capacité de la salle dans EXP_SALLE : donnée à vérifier (capacité obsolète ou effectif cumulé). La séance est conservée telle quelle.
effectif EFFCALCU supérieur à la capacité de la salle;Salle informatique 214 (LET-01) · Bibliographie M1 LEA TTD;1;Effectif supérieur à la capacité de la salle dans EXP_SALLE : donnée à vérifier (capacité obsolète ou effectif cumulé). La séance est conservée telle quelle.
effectif EFFCALCU supérieur à la capacité de la salle;Salle informatique 214 (LET-01) · Com & médias angl S4;1;Effectif supérieur à la capacité de la salle dans EXP_SALLE : donnée à vérifier (capacité obsolète ou effectif cumulé). La séance est conservée telle quelle.
effectif EFFCALCU supérieur à la capacité de la salle;Salle informatique 214 (LET-01) · Cult num S4;2;Effectif supérieur à la capacité de la salle dans EXP_SALLE : donnée à vérifier (capacité obsolète ou effectif cumulé). La séance est conservée telle quelle.
effectif EFFCALCU supérieur à la capacité de la salle;Salle informatique 214 (LET-01) · Dvpt durable & éduc envt;2;Effectif supérieur à la capacité de la salle dans EXP_SALLE : donnée à vérifier (capacité obsolète ou effectif cumulé). La séance est conservée telle quelle.
effectif EFFCALCU supérieur à la capacité de la salle;Salle informatique 214 (LET-01) · Enquête de terrain 2;4;Effectif supérieur à la capacité de la salle dans EXP_SALLE : donnée à vérifier (capacité obsolète ou effectif cumulé). La séance est conservée telle quelle.
effectif EFFCALCU supérieur à la capacité de la salle;Salle informatique 214 (LET-01) · PEP'S 1;6;Effectif supérieur à la capacité de la salle dans EXP_SALLE : donnée à vérifier (capacité obsolète ou effectif cumulé). La séance est conservée telle quelle.
effectif EFFCALCU supérieur à la capacité de la salle;Salle informatique 215 (LET-01) · 1 Enquête quantit;7;Effectif supérieur à la capacité de la salle dans EXP_SALLE : donnée à vérifier (capacité obsolète ou effectif cumulé). La séance est conservée telle quelle.
effectif EFFCALCU supérieur à la capacité de la salle;Salle informatique 215 (LET-01) · 2 Cartographie/SIG;1;Effectif supérieur à la capacité de la salle dans EXP_SALLE : donnée à vérifier (capacité obsolète ou effectif cumulé). La séance est conservée telle quelle.
effectif EFFCALCU supérieur à la capacité de la salle;Salle informatique 215 (LET-01) · 4 SIG/Analyse spatiale;17;Effectif supérieur à la capacité de la salle dans EXP_SALLE : donnée à vérifier (capacité obsolète ou effectif cumulé). La séance est conservée telle quelle.
effectif EFFCALCU supérieur à la capacité de la salle;Salle informatique 215 (LET-01) · Com & médias angl S4;1;Effectif supérieur à la capacité de la salle dans EXP_SALLE : donnée à vérifier (capacité obsolète ou effectif cumulé). La séance est conservée telle quelle.
effectif EFFCALCU supérieur à la capacité de la salle;Salle informatique 215 (LET-01) · Cult num S4;10;Effectif supérieur à la capacité de la salle dans EXP_SALLE : donnée à vérifier (capacité obsolète ou effectif cumulé). La séance est conservée telle quelle.
effectif EFFCALCU supérieur à la capacité de la salle;Salle informatique 215 (LET-01) · Culture numérique S3;26;Effectif supérieur à la capacité de la salle dans EXP_SALLE : donnée à vérifier (capacité obsolète ou effectif cumulé). La séance est conservée telle quelle.
effectif EFFCALCU supérieur à la capacité de la salle;Salle informatique 215 (LET-01) · Econométrie 2;2;Effectif supérieur à la capacité de la salle dans EXP_SALLE : donnée à vérifier (capacité obsolète ou effectif cumulé). La séance est conservée telle quelle.
effectif EFFCALCU supérieur à la capacité de la salle;Salle informatique 215 (LET-01) · Express° trilingue entrep;2;Effectif supérieur à la capacité de la salle dans EXP_SALLE : donnée à vérifier (capacité obsolète ou effectif cumulé). La séance est conservée telle quelle.
effectif EFFCALCU supérieur à la capacité de la salle;Salle informatique 215 (LET-01) · Informatique;1;Effectif supérieur à la capacité de la salle dans EXP_SALLE : donnée à vérifier (capacité obsolète ou effectif cumulé). La séance est conservée telle quelle.
effectif EFFCALCU supérieur à la capacité de la salle;Salle informatique 215 (LET-01) · Insert prof (PEC/PEP'S 2);2;Effectif supérieur à la capacité de la salle dans EXP_SALLE : donnée à vérifier (capacité obsolète ou effectif cumulé). La séance est conservée telle quelle.
effectif EFFCALCU supérieur à la capacité de la salle;Salle informatique 215 (LET-01) · Insert prof (PEPS 1);3;Effectif supérieur à la capacité de la salle dans EXP_SALLE : donnée à vérifier (capacité obsolète ou effectif cumulé). La séance est conservée telle quelle.
effectif EFFCALCU supérieur à la capacité de la salle;Salle informatique 215 (LET-01) · PEP'S 1;2;Effectif supérieur à la capacité de la salle dans EXP_SALLE : donnée à vérifier (capacité obsolète ou effectif cumulé). La séance est conservée telle quelle.
effectif EFFCALCU supérieur à la capacité de la salle;Salle informatique 215 (LET-01) · SIG (niveau 1);20;Effectif supérieur à la capacité de la salle dans EXP_SALLE : donnée à vérifier (capacité obsolète ou effectif cumulé). La séance est conservée telle quelle.
effectif EFFCALCU supérieur à la capacité de la salle;Salle informatique 215 (LET-01) · Statistiques bivariées;17;Effectif supérieur à la capacité de la salle dans EXP_SALLE : donnée à vérifier (capacité obsolète ou effectif cumulé). La séance est conservée telle quelle.
effectif EFFCALCU supérieur à la capacité de la salle;Salle informatique 215 (LET-01) · TD Informatique 2;1;Effectif supérieur à la capacité de la salle dans EXP_SALLE : donnée à vérifier (capacité obsolète ou effectif cumulé). La séance est conservée telle quelle.
effectif EFFCALCU supérieur à la capacité de la salle;Salle informatique 215 (LET-01) · TD Informatique L1 éco;1;Effectif supérieur à la capacité de la salle dans EXP_SALLE : donnée à vérifier (capacité obsolète ou effectif cumulé). La séance est conservée telle quelle.
effectif EFFCALCU supérieur à la capacité de la salle;Salle informatique 215 (LET-01) · UECF Informatique MASTERS;10;Effectif supérieur à la capacité de la salle dans EXP_SALLE : donnée à vérifier (capacité obsolète ou effectif cumulé). La séance est conservée telle quelle.
effectif EFFCALCU supérieur à la capacité de la salle;Salle informatique 301 (BA2-00) · Biostatistiques 2;12;Effectif supérieur à la capacité de la salle dans EXP_SALLE : donnée à vérifier (capacité obsolète ou effectif cumulé). La séance est conservée telle quelle.
effectif EFFCALCU supérieur à la capacité de la salle;Salle informatique 301 (BA2-00) · Génétique moléculaire;2;Effectif supérieur à la capacité de la salle dans EXP_SALLE : donnée à vérifier (capacité obsolète ou effectif cumulé). La séance est conservée telle quelle.
effectif EFFCALCU supérieur à la capacité de la salle;Salle informatique 301 (BA2-00) · Méthodo Travail Univ;2;Effectif supérieur à la capacité de la salle dans EXP_SALLE : donnée à vérifier (capacité obsolète ou effectif cumulé). La séance est conservée telle quelle.
effectif EFFCALCU supérieur à la capacité de la salle;Salle informatique 301 (BA2-00) · SIG/Topographie;1;Effectif supérieur à la capacité de la salle dans EXP_SALLE : donnée à vérifier (capacité obsolète ou effectif cumulé). La séance est conservée telle quelle.
effectif EFFCALCU supérieur à la capacité de la salle;Salle informatique 301 (BA2-00) · Traitements statistiques;3;Effectif supérieur à la capacité de la salle dans EXP_SALLE : donnée à vérifier (capacité obsolète ou effectif cumulé). La séance est conservée telle quelle.
effectif EFFCALCU supérieur à la capacité de la salle;Salle informatique 301 (BA2-00) · XXX - Anglais L1;2;Effectif supérieur à la capacité de la salle dans EXP_SALLE : donnée à vérifier (capacité obsolète ou effectif cumulé). La séance est conservée telle quelle.
effectif EFFCALCU supérieur à la capacité de la salle;Salle informatique 301 (BA2-00) · XXX - Anglais L2;1;Effectif supérieur à la capacité de la salle dans EXP_SALLE : donnée à vérifier (capacité obsolète ou effectif cumulé). La séance est conservée telle quelle.
effectif EFFCALCU supérieur à la capacité de la salle;Salle informatique 301 (BA2-00) · XXX S.I.G;2;Effectif supérieur à la capacité de la salle dans EXP_SALLE : donnée à vérifier (capacité obsolète ou effectif cumulé). La séance est conservée telle quelle.
effectif EFFCALCU supérieur à la capacité de la salle;Salle informatique 313 (LET-02) · 1 Outils numériques;1;Effectif supérieur à la capacité de la salle dans EXP_SALLE : donnée à vérifier (capacité obsolète ou effectif cumulé). La séance est conservée telle quelle.
effectif EFFCALCU supérieur à la capacité de la salle;Salle informatique 314 (LET-02) · 1 Démarches spé;1;Effectif supérieur à la capacité de la salle dans EXP_SALLE : donnée à vérifier (capacité obsolète ou effectif cumulé). La séance est conservée telle quelle.
effectif EFFCALCU supérieur à la capacité de la salle;Salle informatique 314 (LET-02) · 1 Sous-Titrage Anglais;4;Effectif supérieur à la capacité de la salle dans EXP_SALLE : donnée à vérifier (capacité obsolète ou effectif cumulé). La séance est conservée telle quelle.
effectif EFFCALCU supérieur à la capacité de la salle;Salle informatique 314 (LET-02) · 1 Version anglaise;5;Effectif supérieur à la capacité de la salle dans EXP_SALLE : donnée à vérifier (capacité obsolète ou effectif cumulé). La séance est conservée telle quelle.
effectif EFFCALCU supérieur à la capacité de la salle;Salle informatique 314 (LET-02) · 11 TAO, IA & Post Edition;10;Effectif supérieur à la capacité de la salle dans EXP_SALLE : donnée à vérifier (capacité obsolète ou effectif cumulé). La séance est conservée telle quelle.
effectif EFFCALCU supérieur à la capacité de la salle;Salle informatique 314 (LET-02) · 17 Terminologie;1;Effectif supérieur à la capacité de la salle dans EXP_SALLE : donnée à vérifier (capacité obsolète ou effectif cumulé). La séance est conservée telle quelle.
effectif EFFCALCU supérieur à la capacité de la salle;Salle informatique 314 (LET-02) · 2 Sous-Titrage Espagnol;5;Effectif supérieur à la capacité de la salle dans EXP_SALLE : donnée à vérifier (capacité obsolète ou effectif cumulé). La séance est conservée telle quelle.
effectif EFFCALCU supérieur à la capacité de la salle;Salle informatique 314 (LET-02) · 2 Thème anglais;18;Effectif supérieur à la capacité de la salle dans EXP_SALLE : donnée à vérifier (capacité obsolète ou effectif cumulé). La séance est conservée telle quelle.
effectif EFFCALCU supérieur à la capacité de la salle;Salle informatique 314 (LET-02) · 3 Int Version espagnole;16;Effectif supérieur à la capacité de la salle dans EXP_SALLE : donnée à vérifier (capacité obsolète ou effectif cumulé). La séance est conservée telle quelle.
effectif EFFCALCU supérieur à la capacité de la salle;Salle informatique 314 (LET-02) · 3 TAO, IA & Post Edition;9;Effectif supérieur à la capacité de la salle dans EXP_SALLE : donnée à vérifier (capacité obsolète ou effectif cumulé). La séance est conservée telle quelle.
effectif EFFCALCU supérieur à la capacité de la salle;Salle informatique 314 (LET-02) · 3 Version espagnole;10;Effectif supérieur à la capacité de la salle dans EXP_SALLE : donnée à vérifier (capacité obsolète ou effectif cumulé). La séance est conservée telle quelle.
effectif EFFCALCU supérieur à la capacité de la salle;Salle informatique 314 (LET-02) · 4 Int Thème espagnol;16;Effectif supérieur à la capacité de la salle dans EXP_SALLE : donnée à vérifier (capacité obsolète ou effectif cumulé). La séance est conservée telle quelle.
effectif EFFCALCU supérieur à la capacité de la salle;Salle informatique 314 (LET-02) · 4 Thème espagnol;19;Effectif supérieur à la capacité de la salle dans EXP_SALLE : donnée à vérifier (capacité obsolète ou effectif cumulé). La séance est conservée telle quelle.
effectif EFFCALCU supérieur à la capacité de la salle;Salle informatique 314 (LET-02) · 5 Terminologie;9;Effectif supérieur à la capacité de la salle dans EXP_SALLE : donnée à vérifier (capacité obsolète ou effectif cumulé). La séance est conservée telle quelle.
effectif EFFCALCU supérieur à la capacité de la salle;Salle informatique 314 (LET-02) · Aide Insertion Pro. - BAIP;1;Effectif supérieur à la capacité de la salle dans EXP_SALLE : donnée à vérifier (capacité obsolète ou effectif cumulé). La séance est conservée telle quelle.
effectif EFFCALCU supérieur à la capacité de la salle;Salle informatique 314 (LET-02) · Com & médias angl S4;9;Effectif supérieur à la capacité de la salle dans EXP_SALLE : donnée à vérifier (capacité obsolète ou effectif cumulé). La séance est conservée telle quelle.
effectif EFFCALCU supérieur à la capacité de la salle;Salle informatique 314 (LET-02) · Com & médias esp S3;22;Effectif supérieur à la capacité de la salle dans EXP_SALLE : donnée à vérifier (capacité obsolète ou effectif cumulé). La séance est conservée telle quelle.
effectif EFFCALCU supérieur à la capacité de la salle;Salle informatique 314 (LET-02) · Cult num S4;9;Effectif supérieur à la capacité de la salle dans EXP_SALLE : donnée à vérifier (capacité obsolète ou effectif cumulé). La séance est conservée telle quelle.
effectif EFFCALCU supérieur à la capacité de la salle;Salle informatique 314 (LET-02) · Cult num S6;12;Effectif supérieur à la capacité de la salle dans EXP_SALLE : donnée à vérifier (capacité obsolète ou effectif cumulé). La séance est conservée telle quelle.
effectif EFFCALCU supérieur à la capacité de la salle;Salle informatique 314 (LET-02) · Cult numérique S3;13;Effectif supérieur à la capacité de la salle dans EXP_SALLE : donnée à vérifier (capacité obsolète ou effectif cumulé). La séance est conservée telle quelle.
effectif EFFCALCU supérieur à la capacité de la salle;Salle informatique 314 (LET-02) · Int version ang S8;1;Effectif supérieur à la capacité de la salle dans EXP_SALLE : donnée à vérifier (capacité obsolète ou effectif cumulé). La séance est conservée telle quelle.
effectif EFFCALCU supérieur à la capacité de la salle;Salle informatique 314 (LET-02) · Inter thème esp S6;26;Effectif supérieur à la capacité de la salle dans EXP_SALLE : donnée à vérifier (capacité obsolète ou effectif cumulé). La séance est conservée telle quelle.
effectif EFFCALCU supérieur à la capacité de la salle;Salle informatique 314 (LET-02) · Inter vers esp S6;25;Effectif supérieur à la capacité de la salle dans EXP_SALLE : donnée à vérifier (capacité obsolète ou effectif cumulé). La séance est conservée telle quelle.
effectif EFFCALCU supérieur à la capacité de la salle;Salle informatique 314 (LET-02) · Méthodo professionnelle;1;Effectif supérieur à la capacité de la salle dans EXP_SALLE : donnée à vérifier (capacité obsolète ou effectif cumulé). La séance est conservée telle quelle.
effectif EFFCALCU supérieur à la capacité de la salle;Salle informatique 314 (LET-02) · TA Inter thème/version esp M1;1;Effectif supérieur à la capacité de la salle dans EXP_SALLE : donnée à vérifier (capacité obsolète ou effectif cumulé). La séance est conservée telle quelle.
effectif EFFCALCU supérieur à la capacité de la salle;Salle informatique 314 (LET-02) · TA Trad thème ang M1;1;Effectif supérieur à la capacité de la salle dans EXP_SALLE : donnée à vérifier (capacité obsolète ou effectif cumulé). La séance est conservée telle quelle.
effectif EFFCALCU supérieur à la capacité de la salle;Salle informatique 314 (LET-02) · TA Trad thème ang/esp M1;1;Effectif supérieur à la capacité de la salle dans EXP_SALLE : donnée à vérifier (capacité obsolète ou effectif cumulé). La séance est conservée telle quelle.
effectif EFFCALCU supérieur à la capacité de la salle;Salle informatique 314 (LET-02) · TA Trad thème esp M1;1;Effectif supérieur à la capacité de la salle dans EXP_SALLE : donnée à vérifier (capacité obsolète ou effectif cumulé). La séance est conservée telle quelle.
effectif EFFCALCU supérieur à la capacité de la salle;Salle informatique 314 (LET-02) · TA Trad version esp M1;2;Effectif supérieur à la capacité de la salle dans EXP_SALLE : donnée à vérifier (capacité obsolète ou effectif cumulé). La séance est conservée telle quelle.
effectif EFFCALCU supérieur à la capacité de la salle;Salle informatique 314 (LET-02) · Termino S8;11;Effectif supérieur à la capacité de la salle dans EXP_SALLE : donnée à vérifier (capacité obsolète ou effectif cumulé). La séance est conservée telle quelle.
effectif EFFCALCU supérieur à la capacité de la salle;Salle informatique 314 (LET-02) · Thème ang/esp examen blanc;1;Effectif supérieur à la capacité de la salle dans EXP_SALLE : donnée à vérifier (capacité obsolète ou effectif cumulé). La séance est conservée telle quelle.
effectif EFFCALCU supérieur à la capacité de la salle;Salle informatique B_ASPE (DEG-01) · Econométrie spatiale;3;Effectif supérieur à la capacité de la salle dans EXP_SALLE : donnée à vérifier (capacité obsolète ou effectif cumulé). La séance est conservée telle quelle.
effectif EFFCALCU supérieur à la capacité de la salle;Salle informatique B_ASPE (DEG-01) · Entretiens individuels;1;Effectif supérieur à la capacité de la salle dans EXP_SALLE : donnée à vérifier (capacité obsolète ou effectif cumulé). La séance est conservée telle quelle.
effectif EFFCALCU supérieur à la capacité de la salle;Salle informatique B_ASPE (DEG-01) · Evaluation des enseignementsS1;1;Effectif supérieur à la capacité de la salle dans EXP_SALLE : donnée à vérifier (capacité obsolète ou effectif cumulé). La séance est conservée telle quelle.
effectif EFFCALCU supérieur à la capacité de la salle;Salle informatique B_ASPE (DEG-01) · Info & apprenti logiciels;4;Effectif supérieur à la capacité de la salle dans EXP_SALLE : donnée à vérifier (capacité obsolète ou effectif cumulé). La séance est conservée telle quelle.
effectif EFFCALCU supérieur à la capacité de la salle;Salle informatique B_ASPE (DEG-01) · Projet modélisation;2;Effectif supérieur à la capacité de la salle dans EXP_SALLE : donnée à vérifier (capacité obsolète ou effectif cumulé). La séance est conservée telle quelle.
effectif EFFCALCU supérieur à la capacité de la salle;Salle informatique B_ASPE (DEG-01) · TD Econométrie;1;Effectif supérieur à la capacité de la salle dans EXP_SALLE : donnée à vérifier (capacité obsolète ou effectif cumulé). La séance est conservée telle quelle.
effectif EFFCALCU supérieur à la capacité de la salle;Salle informatique B_ASPE (DEG-01) · TD Informatique L1 éco;2;Effectif supérieur à la capacité de la salle dans EXP_SALLE : donnée à vérifier (capacité obsolète ou effectif cumulé). La séance est conservée telle quelle.
effectif EFFCALCU supérieur à la capacité de la salle;Salle informatique B_ASPE (DEG-01) · TD Informatique L2 AES;5;Effectif supérieur à la capacité de la salle dans EXP_SALLE : donnée à vérifier (capacité obsolète ou effectif cumulé). La séance est conservée telle quelle.
effectif EFFCALCU supérieur à la capacité de la salle;Salle informatique B_ASPE (DEG-01) · TD Informatique L3 AES;1;Effectif supérieur à la capacité de la salle dans EXP_SALLE : donnée à vérifier (capacité obsolète ou effectif cumulé). La séance est conservée telle quelle.
effectif EFFCALCU supérieur à la capacité de la salle;Salle informatique B_ASPE (DEG-01) · TD MQASS L2 AES;2;Effectif supérieur à la capacité de la salle dans EXP_SALLE : donnée à vérifier (capacité obsolète ou effectif cumulé). La séance est conservée telle quelle.
effectif EFFCALCU supérieur à la capacité de la salle;Salle informatique B_ASPE (DEG-01) · TD informatique L3 éco;1;Effectif supérieur à la capacité de la salle dans EXP_SALLE : donnée à vérifier (capacité obsolète ou effectif cumulé). La séance est conservée telle quelle.
effectif EFFCALCU supérieur à la capacité de la salle;Salle informatique B_ASPE (DEG-01) · Tech. quant. gestion/SIAD;1;Effectif supérieur à la capacité de la salle dans EXP_SALLE : donnée à vérifier (capacité obsolète ou effectif cumulé). La séance est conservée telle quelle.
effectif EFFCALCU supérieur à la capacité de la salle;Salle informatique B_ASPE (DEG-01) · Utilisation & traitement;2;Effectif supérieur à la capacité de la salle dans EXP_SALLE : donnée à vérifier (capacité obsolète ou effectif cumulé). La séance est conservée telle quelle.
effectif EFFCALCU supérieur à la capacité de la salle;Salle informatique B_B209 (DEG-02) · Ingénierie de projet;3;Effectif supérieur à la capacité de la salle dans EXP_SALLE : donnée à vérifier (capacité obsolète ou effectif cumulé). La séance est conservée telle quelle.
effectif EFFCALCU supérieur à la capacité de la salle;Salle informatique B_BARETOUS (DEG-01) · Econométrie spatiale;1;Effectif supérieur à la capacité de la salle dans EXP_SALLE : donnée à vérifier (capacité obsolète ou effectif cumulé). La séance est conservée telle quelle.
effectif EFFCALCU supérieur à la capacité de la salle;Salle informatique B_BARETOUS (DEG-01) · Projet modélisation;1;Effectif supérieur à la capacité de la salle dans EXP_SALLE : donnée à vérifier (capacité obsolète ou effectif cumulé). La séance est conservée telle quelle.
effectif EFFCALCU supérieur à la capacité de la salle;Salle informatique B_BARETOUS (DEG-01) · Restitution visite Cap Ecol;1;Effectif supérieur à la capacité de la salle dans EXP_SALLE : donnée à vérifier (capacité obsolète ou effectif cumulé). La séance est conservée telle quelle.
effectif EFFCALCU supérieur à la capacité de la salle;Salle informatique B_BARETOUS (DEG-01) · TD MQASS L2 AES;2;Effectif supérieur à la capacité de la salle dans EXP_SALLE : donnée à vérifier (capacité obsolète ou effectif cumulé). La séance est conservée telle quelle.
effectif EFFCALCU supérieur à la capacité de la salle;Salle informatique B_BARETOUS (DEG-01) · Utilisation & traitement;2;Effectif supérieur à la capacité de la salle dans EXP_SALLE : donnée à vérifier (capacité obsolète ou effectif cumulé). La séance est conservée telle quelle.
effectif EFFCALCU supérieur à la capacité de la salle;Salle informatique B_BARETOUS (DEG-01) · xxx - Contrôle continu;1;Effectif supérieur à la capacité de la salle dans EXP_SALLE : donnée à vérifier (capacité obsolète ou effectif cumulé). La séance est conservée telle quelle.
effectif EFFCALCU supérieur à la capacité de la salle;Salle informatique B_OSSAU (DEG-01) · Analyse de données;2;Effectif supérieur à la capacité de la salle dans EXP_SALLE : donnée à vérifier (capacité obsolète ou effectif cumulé). La séance est conservée telle quelle.
effectif EFFCALCU supérieur à la capacité de la salle;Salle informatique B_OSSAU (DEG-01) · Econométrie 2;8;Effectif supérieur à la capacité de la salle dans EXP_SALLE : donnée à vérifier (capacité obsolète ou effectif cumulé). La séance est conservée telle quelle.
effectif EFFCALCU supérieur à la capacité de la salle;Salle informatique B_OSSAU (DEG-01) · Informatique;23;Effectif supérieur à la capacité de la salle dans EXP_SALLE : donnée à vérifier (capacité obsolète ou effectif cumulé). La séance est conservée telle quelle.
effectif EFFCALCU supérieur à la capacité de la salle;Salle informatique B_OSSAU (DEG-01) · Machine learning & python;16;Effectif supérieur à la capacité de la salle dans EXP_SALLE : donnée à vérifier (capacité obsolète ou effectif cumulé). La séance est conservée telle quelle.
effectif EFFCALCU supérieur à la capacité de la salle;Salle informatique B_OSSAU (DEG-01) · Management numérique;2;Effectif supérieur à la capacité de la salle dans EXP_SALLE : donnée à vérifier (capacité obsolète ou effectif cumulé). La séance est conservée telle quelle.
effectif EFFCALCU supérieur à la capacité de la salle;Salle informatique B_OSSAU (DEG-01) · ONAD;1;Effectif supérieur à la capacité de la salle dans EXP_SALLE : donnée à vérifier (capacité obsolète ou effectif cumulé). La séance est conservée telle quelle.
effectif EFFCALCU supérieur à la capacité de la salle;Salle informatique B_OSSAU (DEG-01) · PGI;2;Effectif supérieur à la capacité de la salle dans EXP_SALLE : donnée à vérifier (capacité obsolète ou effectif cumulé). La séance est conservée telle quelle.
effectif EFFCALCU supérieur à la capacité de la salle;Salle informatique B_OSSAU (DEG-01) · Restitution visite Cap Ecol;1;Effectif supérieur à la capacité de la salle dans EXP_SALLE : donnée à vérifier (capacité obsolète ou effectif cumulé). La séance est conservée telle quelle.
effectif EFFCALCU supérieur à la capacité de la salle;Salle informatique B_OSSAU (DEG-01) · SIG pour économistes;10;Effectif supérieur à la capacité de la salle dans EXP_SALLE : donnée à vérifier (capacité obsolète ou effectif cumulé). La séance est conservée telle quelle.
effectif EFFCALCU supérieur à la capacité de la salle;Salle informatique B_OSSAU (DEG-01) · Statistiques appliquées;20;Effectif supérieur à la capacité de la salle dans EXP_SALLE : donnée à vérifier (capacité obsolète ou effectif cumulé). La séance est conservée telle quelle.
effectif EFFCALCU supérieur à la capacité de la salle;Salle informatique B_OSSAU (DEG-01) · Statistiques et enquêtes;18;Effectif supérieur à la capacité de la salle dans EXP_SALLE : donnée à vérifier (capacité obsolète ou effectif cumulé). La séance est conservée telle quelle.
effectif EFFCALCU supérieur à la capacité de la salle;Salle informatique B_OSSAU (DEG-01) · Système d'Information;4;Effectif supérieur à la capacité de la salle dans EXP_SALLE : donnée à vérifier (capacité obsolète ou effectif cumulé). La séance est conservée telle quelle.
effectif EFFCALCU supérieur à la capacité de la salle;Salle informatique B_OSSAU (DEG-01) · Système d'information;16;Effectif supérieur à la capacité de la salle dans EXP_SALLE : donnée à vérifier (capacité obsolète ou effectif cumulé). La séance est conservée telle quelle.
effectif EFFCALCU supérieur à la capacité de la salle;Salle informatique B_OSSAU (DEG-01) · Séminaire;1;Effectif supérieur à la capacité de la salle dans EXP_SALLE : donnée à vérifier (capacité obsolète ou effectif cumulé). La séance est conservée telle quelle.
effectif EFFCALCU supérieur à la capacité de la salle;Salle informatique B_OSSAU (DEG-01) · Séries temporelles 1;3;Effectif supérieur à la capacité de la salle dans EXP_SALLE : donnée à vérifier (capacité obsolète ou effectif cumulé). La séance est conservée telle quelle.
effectif EFFCALCU supérieur à la capacité de la salle;Salle informatique B_OSSAU (DEG-01) · TD Informatique 2;12;Effectif supérieur à la capacité de la salle dans EXP_SALLE : donnée à vérifier (capacité obsolète ou effectif cumulé). La séance est conservée telle quelle.
effectif EFFCALCU supérieur à la capacité de la salle;Salle informatique B_OSSAU (DEG-01) · TD Informatique L1 éco;4;Effectif supérieur à la capacité de la salle dans EXP_SALLE : donnée à vérifier (capacité obsolète ou effectif cumulé). La séance est conservée telle quelle.
effectif EFFCALCU supérieur à la capacité de la salle;Salle informatique B_OSSAU (DEG-01) · TD MQASS L2 AES;7;Effectif supérieur à la capacité de la salle dans EXP_SALLE : donnée à vérifier (capacité obsolète ou effectif cumulé). La séance est conservée telle quelle.
effectif EFFCALCU supérieur à la capacité de la salle;Salle informatique B_OSSAU (DEG-01) · TD informatique L3 éco;14;Effectif supérieur à la capacité de la salle dans EXP_SALLE : donnée à vérifier (capacité obsolète ou effectif cumulé). La séance est conservée telle quelle.
effectif EFFCALCU supérieur à la capacité de la salle;Salle informatique B_OSSAU (DEG-01) · Tech. quant. gestion/SIAD;1;Effectif supérieur à la capacité de la salle dans EXP_SALLE : donnée à vérifier (capacité obsolète ou effectif cumulé). La séance est conservée telle quelle.
effectif EFFCALCU supérieur à la capacité de la salle;Salle informatique B_OSSAU (DEG-01) · UECF Informatique;10;Effectif supérieur à la capacité de la salle dans EXP_SALLE : donnée à vérifier (capacité obsolète ou effectif cumulé). La séance est conservée telle quelle.
effectif EFFCALCU supérieur à la capacité de la salle;Salle informatique B_OSSAU (DEG-01) · Économétrie;14;Effectif supérieur à la capacité de la salle dans EXP_SALLE : donnée à vérifier (capacité obsolète ou effectif cumulé). La séance est conservée telle quelle.
effectif EFFCALCU supérieur à la capacité de la salle;Salle informatique I-206 (ISA-02) · Espagnol SIELE;1;Effectif supérieur à la capacité de la salle dans EXP_SALLE : donnée à vérifier (capacité obsolète ou effectif cumulé). La séance est conservée telle quelle.
effectif EFFCALCU supérieur à la capacité de la salle;Salle informatique I-206 (ISA-02) · Etude de cas;4;Effectif supérieur à la capacité de la salle dans EXP_SALLE : donnée à vérifier (capacité obsolète ou effectif cumulé). La séance est conservée telle quelle.
effectif EFFCALCU supérieur à la capacité de la salle;Salle informatique I-206 (ISA-02) · R 3-11 Construction 1;1;Effectif supérieur à la capacité de la salle dans EXP_SALLE : donnée à vérifier (capacité obsolète ou effectif cumulé). La séance est conservée telle quelle.
effectif EFFCALCU supérieur à la capacité de la salle;Salle informatique I-206 (ISA-02) · R 6-8 EEB;1;Effectif supérieur à la capacité de la salle dans EXP_SALLE : donnée à vérifier (capacité obsolète ou effectif cumulé). La séance est conservée telle quelle.
effectif EFFCALCU supérieur à la capacité de la salle;Salle informatique I-206 (ISA-02) · R 7-1 Gestion 6;1;Effectif supérieur à la capacité de la salle dans EXP_SALLE : donnée à vérifier (capacité obsolète ou effectif cumulé). La séance est conservée telle quelle.
effectif EFFCALCU supérieur à la capacité de la salle;Salle informatique I-206 (ISA-02) · R 7-7 Organisation 9;2;Effectif supérieur à la capacité de la salle dans EXP_SALLE : donnée à vérifier (capacité obsolète ou effectif cumulé). La séance est conservée telle quelle.
effectif EFFCALCU supérieur à la capacité de la salle;Salle informatique I-206 (ISA-02) · R 8-10 Organisation 10;1;Effectif supérieur à la capacité de la salle dans EXP_SALLE : donnée à vérifier (capacité obsolète ou effectif cumulé). La séance est conservée telle quelle.
effectif EFFCALCU supérieur à la capacité de la salle;Salle informatique I-206 (ISA-02) · R 8-5 Espagnol S8;3;Effectif supérieur à la capacité de la salle dans EXP_SALLE : donnée à vérifier (capacité obsolète ou effectif cumulé). La séance est conservée telle quelle.
effectif EFFCALCU supérieur à la capacité de la salle;Salle informatique I-206 (ISA-02) · R 8-8 Intro aux calculs;1;Effectif supérieur à la capacité de la salle dans EXP_SALLE : donnée à vérifier (capacité obsolète ou effectif cumulé). La séance est conservée telle quelle.
effectif EFFCALCU supérieur à la capacité de la salle;Salle informatique I-206 (ISA-02) · Rattrapages ISA BTP;2;Effectif supérieur à la capacité de la salle dans EXP_SALLE : donnée à vérifier (capacité obsolète ou effectif cumulé). La séance est conservée telle quelle.
effectif EFFCALCU supérieur à la capacité de la salle;Salle informatique I-206 (ISA-02) · SAÉ 5-1 Bureau d'études;1;Effectif supérieur à la capacité de la salle dans EXP_SALLE : donnée à vérifier (capacité obsolète ou effectif cumulé). La séance est conservée telle quelle.
effectif EFFCALCU supérieur à la capacité de la salle;Salle informatique I-206 (ISA-02) · XXXX-Réunion Forum ISA NUM;1;Effectif supérieur à la capacité de la salle dans EXP_SALLE : donnée à vérifier (capacité obsolète ou effectif cumulé). La séance est conservée telle quelle.
effectif EFFCALCU supérieur à la capacité de la salle;Salle informatique I-206 (ISA-02) · XXX_Forum RI Etudiants;1;Effectif supérieur à la capacité de la salle dans EXP_SALLE : donnée à vérifier (capacité obsolète ou effectif cumulé). La séance est conservée telle quelle.
effectif EFFCALCU supérieur à la capacité de la salle;Salle informatique I-207 (ISA-02) · Espagnol SIELE;1;Effectif supérieur à la capacité de la salle dans EXP_SALLE : donnée à vérifier (capacité obsolète ou effectif cumulé). La séance est conservée telle quelle.
effectif EFFCALCU supérieur à la capacité de la salle;Salle informatique I-207 (ISA-02) · Etude de cas;4;Effectif supérieur à la capacité de la salle dans EXP_SALLE : donnée à vérifier (capacité obsolète ou effectif cumulé). La séance est conservée telle quelle.
effectif EFFCALCU supérieur à la capacité de la salle;Salle informatique I-207 (ISA-02) · R 3-11 Construction 1;1;Effectif supérieur à la capacité de la salle dans EXP_SALLE : donnée à vérifier (capacité obsolète ou effectif cumulé). La séance est conservée telle quelle.
effectif EFFCALCU supérieur à la capacité de la salle;Salle informatique I-207 (ISA-02) · R 6-8 EEB;2;Effectif supérieur à la capacité de la salle dans EXP_SALLE : donnée à vérifier (capacité obsolète ou effectif cumulé). La séance est conservée telle quelle.
effectif EFFCALCU supérieur à la capacité de la salle;Salle informatique I-207 (ISA-02) · R 7-1 Gestion 6;1;Effectif supérieur à la capacité de la salle dans EXP_SALLE : donnée à vérifier (capacité obsolète ou effectif cumulé). La séance est conservée telle quelle.
effectif EFFCALCU supérieur à la capacité de la salle;Salle informatique I-207 (ISA-02) · R 7-7 Organisation 9;2;Effectif supérieur à la capacité de la salle dans EXP_SALLE : donnée à vérifier (capacité obsolète ou effectif cumulé). La séance est conservée telle quelle.
effectif EFFCALCU supérieur à la capacité de la salle;Salle informatique I-207 (ISA-02) · R 8-5 Espagnol S8;4;Effectif supérieur à la capacité de la salle dans EXP_SALLE : donnée à vérifier (capacité obsolète ou effectif cumulé). La séance est conservée telle quelle.
effectif EFFCALCU supérieur à la capacité de la salle;Salle informatique I-207 (ISA-02) · SAÉ 5-1 Bureau d'études;1;Effectif supérieur à la capacité de la salle dans EXP_SALLE : donnée à vérifier (capacité obsolète ou effectif cumulé). La séance est conservée telle quelle.
effectif EFFCALCU supérieur à la capacité de la salle;Salle informatique I-207 (ISA-02) · XXX Atelier Planning Familial;1;Effectif supérieur à la capacité de la salle dans EXP_SALLE : donnée à vérifier (capacité obsolète ou effectif cumulé). La séance est conservée telle quelle.
effectif EFFCALCU supérieur à la capacité de la salle;Salle informatique I-207 (ISA-02) · XXX_Forum RI Etudiants;1;Effectif supérieur à la capacité de la salle dans EXP_SALLE : donnée à vérifier (capacité obsolète ou effectif cumulé). La séance est conservée telle quelle.
effectif EFFCALCU supérieur à la capacité de la salle;Salle minéralogie B334 (SCI_R-03) · Cartographie 1;2;Effectif supérieur à la capacité de la salle dans EXP_SALLE : donnée à vérifier (capacité obsolète ou effectif cumulé). La séance est conservée telle quelle.
effectif EFFCALCU supérieur à la capacité de la salle;Salle minéralogie B334 (SCI_R-03) · Environnement : Hydrochim;3;Effectif supérieur à la capacité de la salle dans EXP_SALLE : donnée à vérifier (capacité obsolète ou effectif cumulé). La séance est conservée telle quelle.
effectif EFFCALCU supérieur à la capacité de la salle;Salle minéralogie B334 (SCI_R-03) · Environnement Eaux & sols;1;Effectif supérieur à la capacité de la salle dans EXP_SALLE : donnée à vérifier (capacité obsolète ou effectif cumulé). La séance est conservée telle quelle.
effectif EFFCALCU supérieur à la capacité de la salle;Salle minéralogie B334 (SCI_R-03) · Géochimie 1;4;Effectif supérieur à la capacité de la salle dans EXP_SALLE : donnée à vérifier (capacité obsolète ou effectif cumulé). La séance est conservée telle quelle.
effectif EFFCALCU supérieur à la capacité de la salle;Salle minéralogie B334 (SCI_R-03) · Intro aux SDT;1;Effectif supérieur à la capacité de la salle dans EXP_SALLE : donnée à vérifier (capacité obsolète ou effectif cumulé). La séance est conservée telle quelle.
effectif EFFCALCU supérieur à la capacité de la salle;Salle minéralogie B334 (SCI_R-03) · Microstruct endom roches;3;Effectif supérieur à la capacité de la salle dans EXP_SALLE : donnée à vérifier (capacité obsolète ou effectif cumulé). La séance est conservée telle quelle.
effectif EFFCALCU supérieur à la capacité de la salle;Salle minéralogie B334 (SCI_R-03) · Milieux sédimentaires 1;24;Effectif supérieur à la capacité de la salle dans EXP_SALLE : donnée à vérifier (capacité obsolète ou effectif cumulé). La séance est conservée telle quelle.
effectif EFFCALCU supérieur à la capacité de la salle;Salle minéralogie B334 (SCI_R-03) · Minéralogie - cristallo;5;Effectif supérieur à la capacité de la salle dans EXP_SALLE : donnée à vérifier (capacité obsolète ou effectif cumulé). La séance est conservée telle quelle.
effectif EFFCALCU supérieur à la capacité de la salle;Salle minéralogie B334 (SCI_R-03) · Roches Chronologie avancé;4;Effectif supérieur à la capacité de la salle dans EXP_SALLE : donnée à vérifier (capacité obsolète ou effectif cumulé). La séance est conservée telle quelle.
effectif EFFCALCU supérieur à la capacité de la salle;Salle minéralogie B334 (SCI_R-03) · Roches endogènes 1;5;Effectif supérieur à la capacité de la salle dans EXP_SALLE : donnée à vérifier (capacité obsolète ou effectif cumulé). La séance est conservée telle quelle.
effectif EFFCALCU supérieur à la capacité de la salle;Salle minéralogie B334 (SCI_R-03) · Roches et Chronologie;12;Effectif supérieur à la capacité de la salle dans EXP_SALLE : donnée à vérifier (capacité obsolète ou effectif cumulé). La séance est conservée telle quelle.
effectif EFFCALCU supérieur à la capacité de la salle;Salle projet I-008 (ISA-00) · R 3-5 Mathématiques 3;1;Effectif supérieur à la capacité de la salle dans EXP_SALLE : donnée à vérifier (capacité obsolète ou effectif cumulé). La séance est conservée telle quelle.
effectif EFFCALCU supérieur à la capacité de la salle;Salle projet I-008 (ISA-00) · R 3-6 Thermodynamique 1;1;Effectif supérieur à la capacité de la salle dans EXP_SALLE : donnée à vérifier (capacité obsolète ou effectif cumulé). La séance est conservée telle quelle.
effectif EFFCALCU supérieur à la capacité de la salle;Salle projet I-008 (ISA-00) · R 8-5 Espagnol S8;1;Effectif supérieur à la capacité de la salle dans EXP_SALLE : donnée à vérifier (capacité obsolète ou effectif cumulé). La séance est conservée telle quelle.
effectif EFFCALCU supérieur à la capacité de la salle;Salle projet I-008 (ISA-00) · SAé FISE 8-1 Projet R&D;1;Effectif supérieur à la capacité de la salle dans EXP_SALLE : donnée à vérifier (capacité obsolète ou effectif cumulé). La séance est conservée telle quelle.
effectif EFFCALCU supérieur à la capacité de la salle;Salle projet I-008 (ISA-00) · XXX_Accueil;1;Effectif supérieur à la capacité de la salle dans EXP_SALLE : donnée à vérifier (capacité obsolète ou effectif cumulé). La séance est conservée telle quelle.
effectif EFFCALCU supérieur à la capacité de la salle;Salle projet I-008 (ISA-00) · XXX_Présentation_ISALAB;1;Effectif supérieur à la capacité de la salle dans EXP_SALLE : donnée à vérifier (capacité obsolète ou effectif cumulé). La séance est conservée telle quelle.
effectif EFFCALCU supérieur à la capacité de la salle;Salle projet I-008 (ISA-00) · XXX_Réservation Salle ISALAB;1;Effectif supérieur à la capacité de la salle dans EXP_SALLE : donnée à vérifier (capacité obsolète ou effectif cumulé). La séance est conservée telle quelle.
effectif EFFCALCU supérieur à la capacité de la salle;Salle projet I-008 (ISA-00) · XXX_Saé 9-3 Human'ISA;1;Effectif supérieur à la capacité de la salle dans EXP_SALLE : donnée à vérifier (capacité obsolète ou effectif cumulé). La séance est conservée telle quelle.
effectif EFFCALCU supérieur à la capacité de la salle;Salle projet I-105 (ISA-01) · Evaluation des Enseignements;1;Effectif supérieur à la capacité de la salle dans EXP_SALLE : donnée à vérifier (capacité obsolète ou effectif cumulé). La séance est conservée telle quelle.
effectif EFFCALCU supérieur à la capacité de la salle;Salle projet I-105 (ISA-01) · R 5-8 RdM 6;1;Effectif supérieur à la capacité de la salle dans EXP_SALLE : donnée à vérifier (capacité obsolète ou effectif cumulé). La séance est conservée telle quelle.
effectif EFFCALCU supérieur à la capacité de la salle;Salle projet I-105 (ISA-01) · R 6-7 Mécanique fluides 2;1;Effectif supérieur à la capacité de la salle dans EXP_SALLE : donnée à vérifier (capacité obsolète ou effectif cumulé). La séance est conservée telle quelle.
effectif EFFCALCU supérieur à la capacité de la salle;Salle projet I-105 (ISA-01) · R 6-8 EEB;1;Effectif supérieur à la capacité de la salle dans EXP_SALLE : donnée à vérifier (capacité obsolète ou effectif cumulé). La séance est conservée telle quelle.
effectif EFFCALCU supérieur à la capacité de la salle;Salle projet I-105 (ISA-01) · R 8-5 Espagnol S8;1;Effectif supérieur à la capacité de la salle dans EXP_SALLE : donnée à vérifier (capacité obsolète ou effectif cumulé). La séance est conservée telle quelle.
effectif EFFCALCU supérieur à la capacité de la salle;Salle projet I-105 (ISA-01) · Rattrapages ISA BTP;2;Effectif supérieur à la capacité de la salle dans EXP_SALLE : donnée à vérifier (capacité obsolète ou effectif cumulé). La séance est conservée telle quelle.
effectif EFFCALCU supérieur à la capacité de la salle;Salle projet I-105 (ISA-01) · SAÉ 5-1 Bureau d'études;5;Effectif supérieur à la capacité de la salle dans EXP_SALLE : donnée à vérifier (capacité obsolète ou effectif cumulé). La séance est conservée telle quelle.
effectif EFFCALCU supérieur à la capacité de la salle;Salle projet I-105 (ISA-01) · Soutenances stage ISA 3-1;1;Effectif supérieur à la capacité de la salle dans EXP_SALLE : donnée à vérifier (capacité obsolète ou effectif cumulé). La séance est conservée telle quelle.
effectif EFFCALCU supérieur à la capacité de la salle;Salle projet I-106 (ISA-01) · Evaluation des Enseignements;1;Effectif supérieur à la capacité de la salle dans EXP_SALLE : donnée à vérifier (capacité obsolète ou effectif cumulé). La séance est conservée telle quelle.
effectif EFFCALCU supérieur à la capacité de la salle;Salle projet I-106 (ISA-01) · Matière à préciser;1;Effectif supérieur à la capacité de la salle dans EXP_SALLE : donnée à vérifier (capacité obsolète ou effectif cumulé). La séance est conservée telle quelle.
effectif EFFCALCU supérieur à la capacité de la salle;Salle projet I-106 (ISA-01) · R 5-10 Béton Armé 2;1;Effectif supérieur à la capacité de la salle dans EXP_SALLE : donnée à vérifier (capacité obsolète ou effectif cumulé). La séance est conservée telle quelle.
effectif EFFCALCU supérieur à la capacité de la salle;Salle projet I-106 (ISA-01) · R 5-16 Organisation 8;1;Effectif supérieur à la capacité de la salle dans EXP_SALLE : donnée à vérifier (capacité obsolète ou effectif cumulé). La séance est conservée telle quelle.
effectif EFFCALCU supérieur à la capacité de la salle;Salle projet I-106 (ISA-01) · R 6-8 EEB;1;Effectif supérieur à la capacité de la salle dans EXP_SALLE : donnée à vérifier (capacité obsolète ou effectif cumulé). La séance est conservée telle quelle.
effectif EFFCALCU supérieur à la capacité de la salle;Salle projet I-106 (ISA-01) · SAÉ 5-1 Bureau d'études;5;Effectif supérieur à la capacité de la salle dans EXP_SALLE : donnée à vérifier (capacité obsolète ou effectif cumulé). La séance est conservée telle quelle.
effectif EFFCALCU supérieur à la capacité de la salle;Salle projet I-106 (ISA-01) · Soutenances stage ISA 3-1;1;Effectif supérieur à la capacité de la salle dans EXP_SALLE : donnée à vérifier (capacité obsolète ou effectif cumulé). La séance est conservée telle quelle.
effectif EFFCALCU supérieur à la capacité de la salle;TK. Sherwood (FER-00) · Réservation de salles;1;Effectif supérieur à la capacité de la salle dans EXP_SALLE : donnée à vérifier (capacité obsolète ou effectif cumulé). La séance est conservée telle quelle.
effectif EFFCALCU supérieur à la capacité de la salle;TK. Sherwood (FER-00) · XXX présentation mobilités int;2;Effectif supérieur à la capacité de la salle dans EXP_SALLE : donnée à vérifier (capacité obsolète ou effectif cumulé). La séance est conservée telle quelle.
effectif EFFCALCU supérieur à la capacité de la salle;TK. Sherwood (FER-00) · xxxséminaire de recherche;1;Effectif supérieur à la capacité de la salle dans EXP_SALLE : donnée à vérifier (capacité obsolète ou effectif cumulé). La séance est conservée telle quelle.
ligne avec salle nommée mais sans CODE_SAL;;917;Une salle est nommée mais n'a pas de code : la séance ne peut pas être rattachée à une salle et n'est pas comptée.
DUREE incohérente avec HDEBUT/HFIN;;0;La durée déclarée diffère de plus d'une minute de HFIN − HDEBUT. Le calcul utilise HDEBUT et HFIN.
ligne multi-salles (@);;0;La séance utilise plusieurs salles (séparées par @). Elle est ventilée par CODE_SAL.
blocage administratif >= 8 h exclu;;6093;Réservation de 8 h ou plus, considérée comme un blocage et non un cours : exclue de l'occupation.
