HYPOTHESE;ID_SEANCE;DATE;HDEBUT;HFIN;TYPE;LIBELLE_MAT;NOM_DIP;LOCAL_LET;LOCAL_APRES_REAFFECTATION;EFFECTIF;EFFECTIF_ESTIME;HEURES;RESOLUTION
H1a;E0000047;2025-09-08;08:00;10:30;CM;Histoire moderne;L1 Histoire;Amphi 1 (LET-00);Amphi C_A120 (DEG-00);103;non;2.5;lissée : 2025-09-08 15:30 · Amphi H (DUB-00)
H1a;E0000049;2025-09-08;08:00;10:00;Cours;Méthodo l'observation 1;L1 Sociologie;Amphi 3 (LET-02);Amphi C_A120 (DEG-00);104;non;2.0;lissée : 2025-09-08 15:30 · Amphi A_A150 (DEG-00)
H1a;E0000123;2025-09-08;09:30;11:00;Cours;Cult gé pays angl S3 CM;L2 LEA - AA - écogestion;Amphi 2 (LET-00);Amphi C_A120 (DEG-00);74;non;1.5;relogée au même horaire (local variable selon la date)
H1a;E0000203;2025-09-08;10:00;12:00;Cours;Enjeux sociaux contempo;L1 Sociologie;Amphi 3 (LET-02);Amphi C_A120 (DEG-00);104;non;2.0;relogée au même horaire (local variable selon la date)
H1a;E0000316;2025-09-08;12:00;13:00;Cours;Civi pays hispano S1;L1 LEA - AE - langues spé;Amphi 3 (LET-02);Amphi A_A150 (DEG-00);126;non;1.0;relogée au même horaire (local variable selon la date)
H1a;E0000377;2025-09-08;13:30;15:30;Cours;Histoire sociale politiqu;L1 Sociologie;Amphi 2 (LET-00);Amphi C_A120 (DEG-00);104;non;2.0;relogée au même horaire (local variable selon la date)
H1a;E0000437;2025-09-08;14:00;15:30;;L1 Géo : Réunion de rentrée;L1 Géo Aménagement;Amphi 1 (LET-00);Amphi C_A120 (DEG-00);43;non;1.5;relogée au même horaire (série complète)
H1a;E0000769;2025-09-09;09:30;10:40;Cours;Intro Sociologie S1;L1 Sociologie;Amphi 3 (LET-02);Amphi C_A120 (DEG-00);104;non;1.17;relogée au même horaire (local variable selon la date)
H1a;E0000893;2025-09-09;10:45;11:45;Cours;Histoire S1;<L1 Sociologie>1S-Déc Histoire-CM S1;Amphi 3 (LET-02);Amphi C_A120 (DEG-00);104;oui;1.0;lissée : 2025-09-08 08:00 · Amphi C_A120 (DEG-00)
H1a;E0000903;2025-09-09;11:00;12:00;CM;Histoire de l'art S1;<L1 Sociologie>1S-Déc Histoire de l'art CM S1;Amphi 2 (LET-00);Amphi C_A120 (DEG-00);104;oui;1.0;relogée au même horaire (série complète)
H1a;E0000967;2025-09-09;12:30;14:00;Cours;Gram & thème angl S3 CM;L2 LEA - AA - écogestion;Amphi 2 (LET-00);Amphi C_A120 (DEG-00);74;non;1.5;relogée au même horaire (série complète)
H1a;E0000975;2025-09-09;13:00;14:00;;Atelier du lecteur cont 1;<L1 Lettres - CTD>S1 UE9 Atelier lecteur;Amphi 1 (LET-00);Amphi A_A150 (DEG-00);4;non;1.0;relogée au même horaire (série complète)
H1a;E0001030;2025-09-09;13:30;14:30;Cours;Civilisation S1;L1 LLCER - EA;Amphi 3 (LET-02);Amphi A_A150 (DEG-00);124;non;1.0;relogée au même horaire (local variable selon la date)
H1a;E0001102;2025-09-09;14:00;15:30;;1 Initiation à l'analyse;L1 Lettres - CTD;Amphi 1 (LET-00);Amphi C_A120 (DEG-00);34;non;1.5;relogée au même horaire (série complète)
H1a;E0001103;2025-09-09;14:00;15:00;Cours;Civi pays angl S3;L2 LEA - AA - écogestion;Amphi 2 (LET-00);Amphi C_A120 (DEG-00);74;non;1.0;relogée au même horaire (local variable selon la date)
H1a;E0001165;2025-09-09;15:00;16:00;Cours;Civi pays anglo S1;L1 LEA - AE - langues spé;Amphi 3 (LET-02);Amphi A_A150 (DEG-00);140;non;1.0;relogée au même horaire (local variable selon la date)
H1a;E0001583;2025-09-10;13:30;15:00;Cours;Littérature S3;L2 LLCER - EA;Amphi 2 (LET-00);Amphi A_A150 (DEG-00);83;non;1.5;relogée au même horaire (local variable selon la date)
H1a;E0001648;2025-09-10;14:00;15:00;Cours;Gram esp S1 CM;L1 LEA - AE - langues spé;Amphi 3 (LET-02);Amphi A_A150 (DEG-00);126;non;1.0;relogée au même horaire (local variable selon la date)
H1a;E0001845;2025-09-11;08:00;10:00;CM;Introduction au monde ant;L1 Histoire;Amphi 1 (LET-00);Amphi C_A120 (DEG-00);103;non;2.0;lissée : 2025-09-09 15:30 · Amphi G (DUB-00)
H1a;E0002434;2025-09-12;09:30;10:30;CM;Litté franç et franco 5;L3 Lettres modernes;Amphi 2 (LET-00);Amphi C_A120 (DEG-00);86;non;1.0;relogée au même horaire (série complète)
H1a;E0002555;2025-09-12;10:30;11:30;CM;3 Initiation à la ling;L1 Lettres - CTD;Amphi 2 (LET-00);Amphi C_A120 (DEG-00);74;non;1.0;relogée au même horaire (série complète)
H1a;E0002574;2025-09-12;11:00;12:30;;Représentation du monde;L1 Géo Aménagement;Amphi 1 (LET-00);Amphi C_A120 (DEG-00);43;non;1.5;relogée au même horaire (série complète)
H1a;E0002875;2025-09-15;08:00;10:30;CM;Histoire moderne;L1 Histoire;Amphi 1 (LET-00);Amphi C_A120 (DEG-00);103;non;2.5;relogée au même horaire (local variable selon la date)
H1a;E0002981;2025-09-15;09:30;11:00;Cours;Cult gé pays angl S3 CM;L2 LEA - AA - écogestion;Amphi 2 (LET-00);Amphi C_A120 (DEG-00);74;non;1.5;relogée au même horaire (local variable selon la date)
H1a;E0003212;2025-09-15;13:00;15:30;CM;Histoire comtemporaine;L1 Histoire;Amphi 3 (LET-02);Amphi C_A120 (DEG-00);103;non;2.5;relogée au même horaire (local variable selon la date)
H1a;E0003340;2025-09-15;14:00;15:30;Cours;Géographie & aménagement;L1 Géo Aménagement;Amphi 1 (LET-00);Amphi C_A120 (DEG-00);43;non;1.5;relogée au même horaire (local variable selon la date)
H1a;E0003718;2025-09-16;09:30;10:40;Cours;Intro Sociologie S1;L1 Sociologie;Amphi 3 (LET-02);Amphi C_A120 (DEG-00);104;non;1.17;relogée au même horaire (local variable selon la date)
H1a;E0003859;2025-09-16;10:45;11:45;Cours;Histoire S1;<L1 Sociologie>1S-Déc Histoire-CM S1;Amphi 3 (LET-02);Amphi C_A120 (DEG-00);104;oui;1.0;relogée au même horaire (local variable selon la date)
H1a;E0003874;2025-09-16;11:00;12:00;CM;Histoire de l'art S1;<L1 Sociologie>1S-Déc Histoire de l'art CM S1;Amphi 2 (LET-00);Amphi C_A120 (DEG-00);104;oui;1.0;relogée au même horaire (série complète)
H1a;E0004023;2025-09-16;13:30;14:30;Cours;Civilisation S1;L1 LLCER - EA;Amphi 3 (LET-02);Amphi A_A150 (DEG-00);124;non;1.0;relogée au même horaire (local variable selon la date)
H1a;E0004095;2025-09-16;14:00;15:00;Cours;Civi pays angl S3;L2 LEA - AA - écogestion;Amphi 2 (LET-00);Amphi C_A120 (DEG-00);74;non;1.0;relogée au même horaire (local variable selon la date)
H1a;E0004177;2025-09-16;15:00;16:00;Cours;Civi pays anglo S1;L1 LEA - AE - langues spé;Amphi 3 (LET-02);Amphi A_A150 (DEG-00);140;non;1.0;relogée au même horaire (local variable selon la date)
H1a;E0004580;2025-09-17;10:00;11:00;Cours;Linguistique S1;L1 LLCER - EA;Amphi 3 (LET-02);Amphi A_A150 (DEG-00);124;non;1.0;relogée au même horaire (local variable selon la date)
H1a;E0004633;2025-09-17;11:00;12:00;Cours;Littérature S1;L1 LLCER - EA;Amphi 3 (LET-02);Amphi A_A150 (DEG-00);124;non;1.0;lissée : 2025-09-15 09:30 · Amphi G (DUB-00)
H1a;E0004842;2025-09-17;14:00;15:00;Cours;Gram esp S1 CM;L1 LEA - AE - langues spé;Amphi 3 (LET-02);Amphi A_A150 (DEG-00);126;non;1.0;relogée au même horaire (local variable selon la date)
H1a;E0005131;2025-09-18;08:00;10:00;CM;Introduction au monde ant;L1 Histoire;Amphi 1 (LET-00);Amphi A_A300 (DEG-00);103;non;2.0;relogée au même horaire (local variable selon la date)
H1a;E0005311;2025-09-18;09:45;11:15;Cours;Eco & Soutenabilité;L1 Economie et Gestion;Amphi 3 (LET-02);Amphi A_A300 (DEG-00);280;non;1.5;lissée : 2025-09-15 09:30 · Amphi A_A300 (DEG-00)
H1a;E0005859;2025-09-19;10:00;12:00;Cours;Intro à l'anthropologie;L1 Sociologie;Amphi 3 (LET-02);Amphi C_A120 (DEG-00);104;non;2.0;relogée au même horaire (local variable selon la date)
H1a;E0005917;2025-09-19;11:00;12:30;;Représentation du monde;L1 Géo Aménagement;Amphi 1 (LET-00);Amphi C_A120 (DEG-00);43;non;1.5;relogée au même horaire (série complète)
H1a;E0006269;2025-09-22;08:00;10:30;CM;Histoire moderne;L1 Histoire;Amphi 1 (LET-00);Amphi C_A120 (DEG-00);103;non;2.5;relogée au même horaire (local variable selon la date)
H1a;E0006271;2025-09-22;08:00;10:00;Cours;Méthodo l'observation 1;L1 Sociologie;Amphi 3 (LET-02);Amphi C_A120 (DEG-00);104;non;2.0;relogée au même horaire (local variable selon la date)
H1a;E0006464;2025-09-22;10:00;12:00;Cours;Enjeux sociaux contempo;L1 Sociologie;Amphi 3 (LET-02);Amphi C_A120 (DEG-00);104;non;2.0;relogée au même horaire (local variable selon la date)
H1a;E0006622;2025-09-22;13:00;15:30;CM;Histoire comtemporaine;L1 Histoire;Amphi 3 (LET-02);Amphi C_A120 (DEG-00);103;non;2.5;relogée au même horaire (local variable selon la date)
H1a;E0006674;2025-09-22;13:30;15:30;Cours;Histoire sociale politiqu;L1 Sociologie;Amphi 2 (LET-00);Amphi C_A120 (DEG-00);104;non;2.0;relogée au même horaire (local variable selon la date)
H1a;E0006746;2025-09-22;14:00;15:30;Cours;Géographie & aménagement;L1 Géo Aménagement;Amphi 1 (LET-00);Amphi C_A120 (DEG-00);43;non;1.5;relogée au même horaire (local variable selon la date)
H1a;E0006847;2025-09-22;15:30;17:30;;Histoire médiévale CM;L2 Histoire;Amphi 2 (LET-00);Amphi C_A120 (DEG-00);58;non;2.0;relogée au même horaire (série complète)
H1a;E0007309;2025-09-23;10:45;11:45;Cours;Histoire S1;<L1 Sociologie>1S-Déc Histoire-CM S1;Amphi 3 (LET-02);Amphi C_A120 (DEG-00);104;oui;1.0;relogée au même horaire (local variable selon la date)
H1a;E0007321;2025-09-23;11:00;12:00;CM;Histoire de l'art S1;<L1 Sociologie>1S-Déc Histoire de l'art CM S1;Amphi 2 (LET-00);Amphi C_A120 (DEG-00);104;oui;1.0;relogée au même horaire (série complète)
H1a;E0007410;2025-09-23;13:00;14:00;;Atelier du lecteur cont 1;<L1 Lettres - CTD>S1 UE9 Atelier lecteur;Amphi 1 (LET-00);Amphi A_A150 (DEG-00);4;non;1.0;relogée au même horaire (série complète)
H1a;E0007477;2025-09-23;13:30;14:30;Cours;Civilisation S1;L1 LLCER - EA;Amphi 3 (LET-02);Amphi A_A150 (DEG-00);124;non;1.0;relogée au même horaire (local variable selon la date)
H1a;E0007562;2025-09-23;14:00;15:30;;1 Initiation à l'analyse;L1 Lettres - CTD;Amphi 1 (LET-00);Amphi C_A120 (DEG-00);34;non;1.5;relogée au même horaire (série complète)
H1a;E0007563;2025-09-23;14:00;15:00;Cours;Civi pays angl S3;L2 LEA - AA - écogestion;Amphi 2 (LET-00);Amphi C_A120 (DEG-00);74;non;1.0;relogée au même horaire (local variable selon la date)
H1a;E0007637;2025-09-23;15:00;16:00;Cours;Civi pays anglo S1;L1 LEA - AE - langues spé;Amphi 3 (LET-02);Amphi A_A150 (DEG-00);140;non;1.0;relogée au même horaire (local variable selon la date)
H1a;E0008061;2025-09-24;10:00;11:00;Cours;Linguistique S1;L1 LLCER - EA;Amphi 3 (LET-02);Amphi A_A150 (DEG-00);124;non;1.0;relogée au même horaire (local variable selon la date)
H1a;E0008124;2025-09-24;11:00;12:00;Cours;Littérature S1;L1 LLCER - EA;Amphi 3 (LET-02);Amphi A_A150 (DEG-00);124;non;1.0;relogée au même horaire (local variable selon la date)
H1a;E0008274;2025-09-24;13:30;14:30;CM;1 Littérature comparée 5;L3 Lettres modernes;Amphi 1 (LET-00);Amphi C_A120 (DEG-00);68;non;1.0;relogée au même horaire (local variable selon la date)
H1a;E0008275;2025-09-24;13:30;15:00;Cours;Littérature S3;L2 LLCER - EA;Amphi 2 (LET-00);Amphi C_A120 (DEG-00);83;non;1.5;relogée au même horaire (local variable selon la date)
H1a;E0008348;2025-09-24;14:00;15:00;Cours;Gram esp S1 CM;L1 LEA - AE - langues spé;Amphi 3 (LET-02);Amphi A_A150 (DEG-00);126;non;1.0;relogée au même horaire (local variable selon la date)
H1a;E0009679;2025-09-29;08:00;10:00;Cours;Méthodo l'observation 1;L1 Sociologie;Amphi 3 (LET-02);Amphi C_A120 (DEG-00);104;non;2.0;relogée au même horaire (local variable selon la date)
H1a;E0009872;2025-09-29;10:00;12:00;Cours;Enjeux sociaux contempo;L1 Sociologie;Amphi 3 (LET-02);Amphi C_A120 (DEG-00);104;non;2.0;relogée au même horaire (local variable selon la date)
H1a;E0010071;2025-09-29;13:30;15:30;Cours;Histoire sociale politiqu;L1 Sociologie;Amphi 2 (LET-00);Amphi C_A120 (DEG-00);104;non;2.0;relogée au même horaire (local variable selon la date)
H1a;E0010143;2025-09-29;14:00;15:30;Cours;Géographie & aménagement;L1 Géo Aménagement;Amphi 1 (LET-00);Amphi C_A120 (DEG-00);43;non;1.5;relogée au même horaire (local variable selon la date)
H1a;E0010558;2025-09-30;09:30;10:40;Cours;Intro Sociologie S1;L1 Sociologie;Amphi 3 (LET-02);Amphi C_A120 (DEG-00);104;non;1.17;relogée au même horaire (local variable selon la date)
H1a;E0010704;2025-09-30;10:45;11:45;Cours;Histoire S1;<L1 Sociologie>1S-Déc Histoire-CM S1;Amphi 3 (LET-02);Amphi C_A120 (DEG-00);104;oui;1.0;relogée au même horaire (local variable selon la date)
H1a;E0010714;2025-09-30;11:00;12:00;CM;Histoire de l'art S1;<L1 Sociologie>1S-Déc Histoire de l'art CM S1;Amphi 2 (LET-00);Amphi C_A120 (DEG-00);104;oui;1.0;relogée au même horaire (série complète)
H1a;E0010961;2025-09-30;14:00;15:30;;1 Initiation à l'analyse;L1 Lettres - CTD;Amphi 1 (LET-00);Amphi C_A120 (DEG-00);34;non;1.5;relogée au même horaire (série complète)
H1a;E0010962;2025-09-30;14:00;15:00;Cours;Civi pays angl S3;L2 LEA - AA - écogestion;Amphi 2 (LET-00);Amphi C_A120 (DEG-00);74;non;1.0;relogée au même horaire (local variable selon la date)
H1a;E0011277;2025-10-01;08:00;10:00;Cours;Méthodo quantitative 1;L2 Sociologie;Amphi 1 (LET-00);Amphi C_A120 (DEG-00);65;non;2.0;relogée au même horaire (série complète)
H1a;E0011494;2025-10-01;10:00;12:00;CM;Art gr antiq et péléochré;L1 HAA;Amphi 1 (LET-00);Amphi C_A120 (DEG-00);68;non;2.0;relogée au même horaire (série complète)
H1a;E0011496;2025-10-01;10:00;11:00;Cours;Linguistique S1;L1 LLCER - EA;Amphi 3 (LET-02);Amphi A_A150 (DEG-00);124;non;1.0;relogée au même horaire (local variable selon la date)
H1a;E0011557;2025-10-01;11:00;12:00;Cours;Littérature S1;L1 LLCER - EA;Amphi 3 (LET-02);Amphi A_A150 (DEG-00);124;non;1.0;relogée au même horaire (local variable selon la date)
H1a;E0011699;2025-10-01;13:30;14:30;CM;1 Littérature comparée 5;L3 Lettres modernes;Amphi 1 (LET-00);Amphi C_A120 (DEG-00);68;non;1.0;relogée au même horaire (local variable selon la date)
H1a;E0011700;2025-10-01;13:30;15:00;Cours;Littérature S3;L2 LLCER - EA;Amphi 2 (LET-00);Amphi A_A150 (DEG-00);83;non;1.5;relogée au même horaire (local variable selon la date)
H1a;E0011783;2025-10-01;14:00;15:00;Cours;Gram esp S1 CM;L1 LEA - AE - langues spé;Amphi 3 (LET-02);Amphi A_A150 (DEG-00);126;non;1.0;relogée au même horaire (local variable selon la date)
H1a;E0013319;2025-10-06;08:00;10:00;Cours;Méthodo l'observation 1;L1 Sociologie;Amphi 3 (LET-02);Amphi C_A120 (DEG-00);104;non;2.0;lissée : 2025-10-06 15:30 · Amphi H (DUB-00)
H1a;E0013531;2025-10-06;10:00;12:00;Cours;Enjeux sociaux contempo;L1 Sociologie;Amphi 3 (LET-02);Amphi C_A120 (DEG-00);104;non;2.0;relogée au même horaire (local variable selon la date)
H1a;E0013739;2025-10-06;13:30;15:30;Cours;Histoire sociale politiqu;L1 Sociologie;Amphi 2 (LET-00);Amphi C_A120 (DEG-00);104;non;2.0;relogée au même horaire (local variable selon la date)
H1a;E0013823;2025-10-06;14:00;15:30;Cours;Géographie & aménagement;L1 Géo Aménagement;Amphi 1 (LET-00);Amphi C_A120 (DEG-00);43;non;1.5;relogée au même horaire (local variable selon la date)
H1a;E0014260;2025-10-07;09:30;10:40;Cours;Intro Sociologie S1;L1 Sociologie;Amphi 3 (LET-02);Amphi C_A120 (DEG-00);104;non;1.17;relogée au même horaire (local variable selon la date)
H1a;E0014403;2025-10-07;10:45;11:45;Cours;Histoire S1;<L1 Sociologie>1S-Déc Histoire-CM S1;Amphi 3 (LET-02);Amphi C_A120 (DEG-00);104;oui;1.0;relogée au même horaire (local variable selon la date)
H1a;E0014412;2025-10-07;11:00;12:00;CM;Histoire de l'art S1;<L1 Sociologie>1S-Déc Histoire de l'art CM S1;Amphi 2 (LET-00);Amphi C_A120 (DEG-00);104;oui;1.0;relogée au même horaire (série complète)
H1a;E0014665;2025-10-07;14:00;15:30;;1 Initiation à l'analyse;L1 Lettres - CTD;Amphi 1 (LET-00);Amphi C_A120 (DEG-00);34;non;1.5;relogée au même horaire (série complète)
H1a;E0014666;2025-10-07;14:00;15:00;Cours;Civi pays angl S3;L2 LEA - AA - écogestion;Amphi 2 (LET-00);Amphi C_A120 (DEG-00);74;non;1.0;relogée au même horaire (local variable selon la date)
H1a;E0015222;2025-10-08;10:00;11:00;Cours;Linguistique S1;L1 LLCER - EA;Amphi 3 (LET-02);Amphi A_A150 (DEG-00);124;non;1.0;relogée au même horaire (local variable selon la date)
H1a;E0015281;2025-10-08;11:00;12:00;Cours;Littérature S1;L1 LLCER - EA;Amphi 3 (LET-02);Amphi A_A150 (DEG-00);124;non;1.0;relogée au même horaire (local variable selon la date)
H1a;E0015437;2025-10-08;13:30;14:30;CM;1 Littérature comparée 5;L3 Lettres modernes;Amphi 1 (LET-00);Amphi C_A120 (DEG-00);68;non;1.0;relogée au même horaire (local variable selon la date)
H1a;E0015505;2025-10-08;14:00;15:00;Cours;Gram esp S1 CM;L1 LEA - AE - langues spé;Amphi 3 (LET-02);Amphi A_A150 (DEG-00);126;non;1.0;relogée au même horaire (local variable selon la date)
H1a;E0016548;2025-10-10;09:30;10:30;CM;Litté franç et franco 5;L3 Lettres modernes;Amphi 2 (LET-00);Amphi C_A120 (DEG-00);86;non;1.0;relogée au même horaire (série complète)
H1a;E0016643;2025-10-10;10:00;12:00;Cours;Intro à l'anthropologie;L1 Sociologie;Amphi 3 (LET-02);Amphi C_A120 (DEG-00);104;non;2.0;lissée : 2025-10-07 11:00 · Amphi C_A120 (DEG-00)
H1a;E0016681;2025-10-10;10:30;11:30;CM;3 Initiation à la ling;L1 Lettres - CTD;Amphi 2 (LET-00);Amphi C_A120 (DEG-00);74;non;1.0;relogée au même horaire (série complète)
H1a;E0017120;2025-10-13;08:00;10:00;Cours;Méthodo l'observation 1;L1 Sociologie;Amphi 3 (LET-02);Amphi C_A120 (DEG-00);104;non;2.0;relogée au même horaire (local variable selon la date)
H1a;E0017237;2025-10-13;09:30;11:00;Cours;Cult gé pays angl S3 CM;L2 LEA - AA - écogestion;Amphi 2 (LET-00);Amphi C_A120 (DEG-00);74;non;1.5;relogée au même horaire (local variable selon la date)
H1a;E0017335;2025-10-13;10:00;12:00;Cours;Enjeux sociaux contempo;L1 Sociologie;Amphi 3 (LET-02);Amphi C_A120 (DEG-00);104;non;2.0;relogée au même horaire (local variable selon la date)
H1a;E0017459;2025-10-13;12:00;13:00;Cours;Civi pays hispano S1;L1 LEA - AE - langues spé;Amphi 3 (LET-02);Amphi A_A150 (DEG-00);126;non;1.0;relogée au même horaire (local variable selon la date)
H1a;E0017482;2025-10-13;13:00;15:30;CM;Histoire comtemporaine;L1 Histoire;Amphi 3 (LET-02);Amphi C_A120 (DEG-00);103;non;2.5;relogée au même horaire (local variable selon la date)
H1a;E0017549;2025-10-13;13:30;15:30;Cours;Histoire sociale politiqu;L1 Sociologie;Amphi 2 (LET-00);Amphi C_A120 (DEG-00);104;non;2.0;relogée au même horaire (local variable selon la date)
H1a;E0017616;2025-10-13;14:00;15:30;Cours;Géographie & aménagement;L1 Géo Aménagement;Amphi 1 (LET-00);Amphi C_A120 (DEG-00);43;non;1.5;relogée au même horaire (local variable selon la date)
H1a;E0018075;2025-10-14;09:30;10:40;Cours;Intro Sociologie S1;L1 Sociologie;Amphi 3 (LET-02);Amphi C_A120 (DEG-00);104;non;1.17;relogée au même horaire (local variable selon la date)
H1a;E0018228;2025-10-14;10:45;11:45;Cours;Histoire S1;<L1 Sociologie>1S-Déc Histoire-CM S1;Amphi 3 (LET-02);Amphi C_A120 (DEG-00);104;oui;1.0;relogée au même horaire (local variable selon la date)
H1a;E0018239;2025-10-14;11:00;12:00;CM;Histoire de l'art S1;<L1 Sociologie>1S-Déc Histoire de l'art CM S1;Amphi 2 (LET-00);Amphi C_A120 (DEG-00);104;oui;1.0;relogée au même horaire (série complète)
H1a;E0018349;2025-10-14;13:00;14:00;;Atelier du lecteur cont 1;<L1 Lettres - CTD>S1 UE9 Atelier lecteur;Amphi 1 (LET-00);Amphi A_A150 (DEG-00);4;non;1.0;relogée au même horaire (série complète)
H1a;E0018414;2025-10-14;13:30;14:30;Cours;Civilisation S1;L1 LLCER - EA;Amphi 3 (LET-02);Amphi A_A150 (DEG-00);124;non;1.0;relogée au même horaire (local variable selon la date)
H1a;E0018494;2025-10-14;14:00;15:30;;1 Initiation à l'analyse;L1 Lettres - CTD;Amphi 1 (LET-00);Amphi C_A120 (DEG-00);34;non;1.5;relogée au même horaire (série complète)
H1a;E0018495;2025-10-14;14:00;15:00;Cours;Civi pays angl S3;L2 LEA - AA - écogestion;Amphi 2 (LET-00);Amphi C_A120 (DEG-00);74;non;1.0;relogée au même horaire (local variable selon la date)
H1a;E0019062;2025-10-15;10:00;11:00;Cours;Linguistique S1;L1 LLCER - EA;Amphi 3 (LET-02);Amphi A_A150 (DEG-00);124;non;1.0;relogée au même horaire (local variable selon la date)
H1a;E0019130;2025-10-15;11:00;12:00;Cours;Littérature S1;L1 LLCER - EA;Amphi 3 (LET-02);Amphi A_A150 (DEG-00);124;non;1.0;relogée au même horaire (local variable selon la date)
H1a;E0019282;2025-10-15;13:30;14:30;CM;1 Littérature comparée 5;L3 Lettres modernes;Amphi 1 (LET-00);Amphi C_A120 (DEG-00);68;non;1.0;relogée au même horaire (local variable selon la date)
H1a;E0019283;2025-10-15;13:30;15:00;Cours;Littérature S3;L2 LLCER - EA;Amphi 2 (LET-00);Amphi C_A120 (DEG-00);83;non;1.5;relogée au même horaire (local variable selon la date)
H1a;E0019362;2025-10-15;14:00;15:00;Cours;Gram esp S1 CM;L1 LEA - AE - langues spé;Amphi 3 (LET-02);Amphi A_A150 (DEG-00);126;non;1.0;relogée au même horaire (local variable selon la date)
H1a;E0020978;2025-10-20;08:00;10:30;CM;Histoire moderne;L1 Histoire;Amphi 1 (LET-00);Amphi C_A120 (DEG-00);103;non;2.5;relogée au même horaire (local variable selon la date)
H1a;E0020980;2025-10-20;08:00;10:00;Cours;Méthodo l'observation 1;L1 Sociologie;Amphi 3 (LET-02);Amphi C_A120 (DEG-00);104;non;2.0;lissée : 2025-10-20 15:30 · Amphi G (DUB-00)
H1a;E0021178;2025-10-20;10:00;12:00;Cours;Enjeux sociaux contempo;L1 Sociologie;Amphi 3 (LET-02);Amphi C_A120 (DEG-00);104;non;2.0;lissée : 2025-10-20 13:30 · Amphi A_A150 (DEG-00)
H1a;E0021292;2025-10-20;12:00;13:00;Cours;Civi pays hispano S1;L1 LEA - AE - langues spé;Amphi 3 (LET-02);Amphi A_A150 (DEG-00);126;non;1.0;relogée au même horaire (local variable selon la date)
H1a;E0021317;2025-10-20;13:00;15:30;CM;Histoire comtemporaine;L1 Histoire;Amphi 3 (LET-02);Amphi C_A120 (DEG-00);103;non;2.5;relogée au même horaire (local variable selon la date)
H1a;E0021833;2025-10-21;09:30;10:40;Cours;Intro Sociologie S1;L1 Sociologie;Amphi 3 (LET-02);Amphi C_A120 (DEG-00);104;non;1.17;relogée au même horaire (local variable selon la date)
H1a;E0021922;2025-10-21;10:00;11:30;TD;3 Histoire langue fr 3;L2 Lettres classiques;Amphi 1 (LET-00);Amphi C_A120 (DEG-00);51;non;1.5;relogée au même horaire (série complète)
H1a;E0021961;2025-10-21;10:45;11:45;Cours;Histoire S1;<L1 Sociologie>1S-Déc Histoire-CM S1;Amphi 3 (LET-02);Amphi C_A120 (DEG-00);104;oui;1.0;relogée au même horaire (local variable selon la date)
H1a;E0021972;2025-10-21;11:00;12:00;CM;Histoire de l'art S1;<L1 Sociologie>1S-Déc Histoire de l'art CM S1;Amphi 2 (LET-00);Amphi C_A120 (DEG-00);104;oui;1.0;relogée au même horaire (série complète)
H1a;E0022040;2025-10-21;11:45;12:45;Cours;Histoire S1;<L1 Sociologie>1S-Déc Histoire-CM S1;Amphi 3 (LET-02);Amphi C_A120 (DEG-00);104;oui;1.0;relogée au même horaire (série complète)
H1a;E0022671;2025-10-22;10:00;11:00;Cours;Linguistique S1;L1 LLCER - EA;Amphi 3 (LET-02);Amphi A_A150 (DEG-00);124;non;1.0;relogée au même horaire (local variable selon la date)
H1a;E0022723;2025-10-22;11:00;12:00;Cours;Littérature S1;L1 LLCER - EA;Amphi 3 (LET-02);Amphi A_A150 (DEG-00);124;non;1.0;relogée au même horaire (local variable selon la date)
H1a;E0022807;2025-10-22;13:00;14:30;Cours;Gram angl S1 CM;L1 LEA - AE - langues spé;Amphi 3 (LET-02);Amphi A_A150 (DEG-00);140;non;1.5;relogée au même horaire (série complète)
H1a;E0022867;2025-10-22;13:30;14:30;CM;1 Littérature comparée 5;L3 Lettres modernes;Amphi 1 (LET-00);Amphi C_A120 (DEG-00);68;non;1.0;relogée au même horaire (local variable selon la date)
H1a;E0022868;2025-10-22;13:30;15:00;Cours;Littérature S3;L2 LLCER - EA;Amphi 2 (LET-00);Amphi C_A120 (DEG-00);83;non;1.5;relogée au même horaire (local variable selon la date)
H1a;E0022971;2025-10-22;14:30;15:00;Cours;Gram esp S1 CM;L1 LEA - AE - langues spé;Amphi 3 (LET-02);Amphi C_A120 (DEG-00);110;non;0.5;relogée au même horaire (série complète)
H1a;E0023896;2025-10-24;10:00;12:00;Cours;Intro à l'anthropologie;L1 Sociologie;Amphi 3 (LET-02);Amphi C_A120 (DEG-00);104;non;2.0;relogée au même horaire (local variable selon la date)
H1a;E0023931;2025-10-24;10:30;11:30;CM;3 Initiation à la ling;L1 Lettres - CTD;Amphi 2 (LET-00);Amphi C_A120 (DEG-00);74;non;1.0;relogée au même horaire (série complète)
H1a;E0024500;2025-11-03;10:00;12:00;Cours;Enjeux sociaux contempo;L1 Sociologie;Amphi 3 (LET-02);Amphi C_A120 (DEG-00);104;non;2.0;relogée au même horaire (local variable selon la date)
H1a;E0024624;2025-11-03;12:00;13:00;Cours;Civi pays hispano S1;L1 LEA - AE - langues spé;Amphi 3 (LET-02);Amphi A_A150 (DEG-00);126;non;1.0;relogée au même horaire (local variable selon la date)
H1a;E0024642;2025-11-03;13:00;15:30;CM;Histoire comtemporaine;L1 Histoire;Amphi 3 (LET-02);Amphi C_A120 (DEG-00);103;non;2.5;relogée au même horaire (local variable selon la date)
H1a;E0024702;2025-11-03;13:30;15:30;Cours;Histoire sociale politiqu;L1 Sociologie;Amphi 2 (LET-00);Amphi C_A120 (DEG-00);104;non;2.0;relogée au même horaire (local variable selon la date)
H1a;E0024774;2025-11-03;14:00;15:30;Cours;Géographie & aménagement;L1 Géo Aménagement;Amphi 1 (LET-00);Amphi C_A120 (DEG-00);43;non;1.5;relogée au même horaire (local variable selon la date)
H1a;E0025227;2025-11-04;09:30;10:40;Cours;Intro Sociologie S1;L1 Sociologie;Amphi 3 (LET-02);Amphi C_A120 (DEG-00);104;non;1.17;relogée au même horaire (local variable selon la date)
H1a;E0025324;2025-11-04;10:00;11:30;Examen;3 Histoire langue fr 3;L2 Lettres classiques;Amphi 1 (LET-00);Amphi C_A120 (DEG-00);51;non;1.5;relogée au même horaire (série complète)
H1a;E0025493;2025-11-04;13:00;14:00;;Atelier du lecteur cont 1;<L1 Lettres - CTD>S1 UE9 Atelier lecteur;Amphi 1 (LET-00);Amphi A_A150 (DEG-00);4;non;1.0;relogée au même horaire (série complète)
H1a;E0025563;2025-11-04;13:30;14:30;Cours;Civilisation S1;L1 LLCER - EA;Amphi 3 (LET-02);Amphi A_A150 (DEG-00);124;non;1.0;relogée au même horaire (local variable selon la date)
H1a;E0025639;2025-11-04;14:00;15:30;;1 Initiation à l'analyse;L1 Lettres - CTD;Amphi 1 (LET-00);Amphi C_A120 (DEG-00);34;non;1.5;relogée au même horaire (série complète)
H1a;E0025640;2025-11-04;14:00;15:00;Cours;Civi pays angl S3;L2 LEA - AA - écogestion;Amphi 2 (LET-00);Amphi C_A120 (DEG-00);74;non;1.0;relogée au même horaire (local variable selon la date)
H1a;E0025728;2025-11-04;15:00;16:00;Cours;Civi pays anglo S1;L1 LEA - AE - langues spé;Amphi 3 (LET-02);Amphi A_A150 (DEG-00);140;non;1.0;relogée au même horaire (local variable selon la date)
H1a;E0025976;2025-11-05;08:00;10:00;Cours;Méthodo quantitative 1;L2 Sociologie;Amphi 1 (LET-00);Amphi C_A120 (DEG-00);65;non;2.0;relogée au même horaire (série complète)
H1a;E0026195;2025-11-05;10:00;11:00;Cours;Linguistique S1;L1 LLCER - EA;Amphi 3 (LET-02);Amphi A_A150 (DEG-00);124;non;1.0;relogée au même horaire (local variable selon la date)
H1a;E0026267;2025-11-05;11:00;12:00;Cours;Littérature S1;L1 LLCER - EA;Amphi 3 (LET-02);Amphi A_A150 (DEG-00);124;non;1.0;relogée au même horaire (local variable selon la date)
H1a;E0026418;2025-11-05;13:30;14:30;CM;1 Littérature comparée 5;L3 Lettres modernes;Amphi 1 (LET-00);Amphi C_A120 (DEG-00);68;non;1.0;relogée au même horaire (local variable selon la date)
H1a;E0026419;2025-11-05;13:30;15:00;Cours;Littérature S3;L2 LLCER - EA;Amphi 2 (LET-00);Amphi C_A120 (DEG-00);83;non;1.5;relogée au même horaire (local variable selon la date)
H1a;E0026832;2025-11-06;08:00;10:00;CM;Introduction au monde ant;L1 Histoire;Amphi 1 (LET-00);Amphi C_A120 (DEG-00);103;non;2.0;relogée au même horaire (local variable selon la date)
H1a;E0026833;2025-11-06;08:00;10:00;Contrôle Continu;1 Littérature française 1;L1 Lettres - CTD;Amphi 3 (LET-02);Amphi C_A120 (DEG-00);74;non;2.0;relogée au même horaire (série complète)
H1a;E0027711;2025-11-07;10:00;12:00;Cours;Intro à l'anthropologie;L1 Sociologie;Amphi 3 (LET-02);Amphi C_A120 (DEG-00);104;non;2.0;relogée au même horaire (local variable selon la date)
H1a;E0027752;2025-11-07;10:30;11:30;CM;3 Initiation à la ling;L1 Lettres - CTD;Amphi 2 (LET-00);Amphi C_A120 (DEG-00);74;non;1.0;relogée au même horaire (série complète)
H1a;E0027771;2025-11-07;11:00;12:30;;Représentation du monde;L1 Géo Aménagement;Amphi 1 (LET-00);Amphi C_A120 (DEG-00);43;non;1.5;relogée au même horaire (série complète)
H1a;E0028206;2025-11-10;08:00;10:30;CM;Histoire moderne;L1 Histoire;Amphi 1 (LET-00);Amphi C_A120 (DEG-00);103;non;2.5;relogée au même horaire (local variable selon la date)
H1a;E0028310;2025-11-10;09:30;11:00;Cours;Cult gé pays angl S3 CM;L2 LEA - AA - écogestion;Amphi 2 (LET-00);Amphi C_A120 (DEG-00);74;non;1.5;relogée au même horaire (local variable selon la date)
H1a;E0029028;2025-11-12;08:30;12:30;Examen;1 Littérature comparée 1;L2 Lettres modernes;Amphi 1 (LET-00);Amphi C_A120 (DEG-00);17;non;4.0;relogée au même horaire (série complète)
H1a;E0029188;2025-11-12;10:00;11:00;Cours;Linguistique S1;L1 LLCER - EA;Amphi 3 (LET-02);Amphi A_A150 (DEG-00);124;non;1.0;relogée au même horaire (local variable selon la date)
H1a;E0029268;2025-11-12;11:00;12:00;Cours;Littérature S1;L1 LLCER - EA;Amphi 3 (LET-02);Amphi A_A150 (DEG-00);124;non;1.0;relogée au même horaire (local variable selon la date)
H1a;E0029432;2025-11-12;13:30;14:30;CM;1 Littérature comparée 5;L3 Lettres modernes;Amphi 1 (LET-00);Amphi C_A120 (DEG-00);38;non;1.0;relogée au même horaire (local variable selon la date)
H1a;E0029433;2025-11-12;13:30;15:00;Cours;Littérature S3;L2 LLCER - EA;Amphi 2 (LET-00);Amphi C_A120 (DEG-00);83;non;1.5;relogée au même horaire (local variable selon la date)
H1a;E0029522;2025-11-12;14:00;15:00;Cours;Gram angl S1 CM;L1 LEA - AE - langues spé;Amphi 3 (LET-02);Amphi A_A150 (DEG-00);140;non;1.0;relogée au même horaire (local variable selon la date)
H1a;E0030729;2025-11-14;10:00;12:00;Cours;Intro à l'anthropologie;L1 Sociologie;Amphi 3 (LET-02);Amphi C_A120 (DEG-00);104;non;2.0;relogée au même horaire (local variable selon la date)
H1a;E0031241;2025-11-17;08:00;10:00;Cours;Méthodo l'observation 1;L1 Sociologie;Amphi 3 (LET-02);Amphi C_A120 (DEG-00);104;non;2.0;relogée au même horaire (local variable selon la date)
H1a;E0031354;2025-11-17;09:30;11:00;Cours;Cult gé pays angl S3 CM;L2 LEA - AA - écogestion;Amphi 2 (LET-00);Amphi C_A120 (DEG-00);74;non;1.5;relogée au même horaire (local variable selon la date)
H1a;E0031453;2025-11-17;10:00;12:00;Cours;Enjeux sociaux contempo;L1 Sociologie;Amphi 3 (LET-02);Amphi C_A120 (DEG-00);104;non;2.0;relogée au même horaire (local variable selon la date)
H1a;E0031660;2025-11-17;13:30;15:30;Cours;Histoire sociale politiqu;L1 Sociologie;Amphi 2 (LET-00);Amphi C_A120 (DEG-00);104;non;2.0;relogée au même horaire (local variable selon la date)
H1a;E0031736;2025-11-17;14:00;15:30;Cours;Géographie & aménagement;L1 Géo Aménagement;Amphi 1 (LET-00);Amphi C_A120 (DEG-00);43;non;1.5;relogée au même horaire (local variable selon la date)
H1a;E0032311;2025-11-18;10:00;11:30;TD;3 Histoire langue fr 3;L2 Lettres classiques;Amphi 1 (LET-00);Amphi C_A120 (DEG-00);51;non;1.5;relogée au même horaire (série complète)
H1a;E0032367;2025-11-18;10:45;11:45;Cours;Histoire S1;<L1 Sociologie>1S-Déc Histoire-CM S1;Amphi 3 (LET-02);Amphi C_A120 (DEG-00);104;oui;1.0;relogée au même horaire (local variable selon la date)
H1a;E0032377;2025-11-18;11:00;12:00;CM;Histoire de l'art S1;<L1 Sociologie>1S-Déc Histoire de l'art CM S1;Amphi 2 (LET-00);Amphi C_A120 (DEG-00);104;oui;1.0;relogée au même horaire (série complète)
H1a;E0032555;2025-11-18;13:30;14:30;Cours;Civilisation S1;L1 LLCER - EA;Amphi 3 (LET-02);Amphi A_A150 (DEG-00);124;non;1.0;relogée au même horaire (local variable selon la date)
H1a;E0032639;2025-11-18;14:00;15:00;Cours;Civi pays angl S3;L2 LEA - AA - écogestion;Amphi 2 (LET-00);Amphi C_A120 (DEG-00);74;non;1.0;relogée au même horaire (local variable selon la date)
H1a;E0032728;2025-11-18;15:00;16:00;Cours;Civi pays anglo S1;L1 LEA - AE - langues spé;Amphi 3 (LET-02);Amphi A_A150 (DEG-00);140;non;1.0;relogée au même horaire (local variable selon la date)
H1a;E0033231;2025-11-19;10:00;11:00;Cours;Linguistique S1;L1 LLCER - EA;Amphi 3 (LET-02);Amphi A_A150 (DEG-00);124;non;1.0;relogée au même horaire (local variable selon la date)
H1a;E0033302;2025-11-19;11:00;12:00;Cours;Littérature S1;L1 LLCER - EA;Amphi 3 (LET-02);Amphi A_A150 (DEG-00);124;non;1.0;relogée au même horaire (local variable selon la date)
H1a;E0033526;2025-11-19;14:00;15:00;Cours;Gram angl S1 CM;L1 LEA - AE - langues spé;Amphi 3 (LET-02);Amphi A_A150 (DEG-00);140;non;1.0;relogée au même horaire (local variable selon la date)
H1a;E0034633;2025-11-21;09:30;10:30;CM;Litté franç et franco 5;L3 Lettres modernes;Amphi 2 (LET-00);Amphi C_A120 (DEG-00);86;non;1.0;relogée au même horaire (série complète)
H1a;E0034722;2025-11-21;10:00;12:00;Cours;Intro à l'anthropologie;L1 Sociologie;Amphi 3 (LET-02);Amphi C_A120 (DEG-00);104;non;2.0;relogée au même horaire (local variable selon la date)
H1a;E0034785;2025-11-21;11:00;12:30;;Représentation du monde;L1 Géo Aménagement;Amphi 1 (LET-00);Amphi C_A120 (DEG-00);43;non;1.5;relogée au même horaire (série complète)
H1a;E0035642;2025-11-24;13:30;15:30;Cours;Histoire sociale politiqu;L1 Sociologie;Amphi 2 (LET-00);Amphi C_A120 (DEG-00);104;non;2.0;relogée au même horaire (local variable selon la date)
H1a;E0035707;2025-11-24;14:00;15:30;Cours;Géographie & aménagement;L1 Géo Aménagement;Amphi 1 (LET-00);Amphi C_A120 (DEG-00);43;non;1.5;relogée au même horaire (local variable selon la date)
H1a;E0036475;2025-11-25;13:30;14:30;Cours;Civilisation S1;L1 LLCER - EA;Amphi 3 (LET-02);Amphi A_A150 (DEG-00);124;non;1.0;relogée au même horaire (local variable selon la date)
H1a;E0036567;2025-11-25;14:00;15:00;Cours;Civi pays angl S3;L2 LEA - AA - écogestion;Amphi 2 (LET-00);Amphi C_A120 (DEG-00);74;non;1.0;relogée au même horaire (local variable selon la date)
H1a;E0036645;2025-11-25;15:00;16:00;Cours;Civi pays anglo S1;L1 LEA - AE - langues spé;Amphi 3 (LET-02);Amphi A_A150 (DEG-00);140;non;1.0;relogée au même horaire (local variable selon la date)
H1a;E0037303;2025-11-26;13:30;14:30;CM;1 Littérature comparée 5;L3 Lettres modernes;Amphi 1 (LET-00);Amphi C_A120 (DEG-00);68;non;1.0;relogée au même horaire (local variable selon la date)
H1a;E0037304;2025-11-26;13:30;15:00;Cours;Littérature S3;L2 LLCER - EA;Amphi 2 (LET-00);Amphi C_A120 (DEG-00);83;non;1.5;relogée au même horaire (local variable selon la date)
H1a;E0037384;2025-11-26;14:00;15:00;Cours;Gram angl S1 CM;L1 LEA - AE - langues spé;Amphi 3 (LET-02);Amphi A_A150 (DEG-00);140;non;1.0;relogée au même horaire (local variable selon la date)
H1a;E0037768;2025-11-27;09:00;14:30;Examen;Litté franç et franco 5;L3 Lettres modernes;Amphi 2 (LET-00);Amphi C_A120 (DEG-00);86;non;5.5;lissée : 2025-11-25 08:00 · Salle de cours B_B1 (DEG-00)
H1a;E0038464;2025-11-28;10:00;12:00;Cours;Intro à l'anthropologie;L1 Sociologie;Amphi 3 (LET-02);Amphi C_A120 (DEG-00);104;non;2.0;relogée au même horaire (local variable selon la date)
H1a;E0039319;2025-12-01;13:30;15:30;Cours;Histoire sociale politiqu;L1 Sociologie;Amphi 2 (LET-00);Amphi C_A120 (DEG-00);104;non;2.0;relogée au même horaire (local variable selon la date)
H1a;E0039385;2025-12-01;14:00;15:30;Cours;Géographie & aménagement;L1 Géo Aménagement;Amphi 1 (LET-00);Amphi C_A120 (DEG-00);43;non;1.5;relogée au même horaire (local variable selon la date)
H1a;E0039908;2025-12-02;10:00;11:30;TD;3 Histoire langue fr 3;L2 Lettres classiques;Amphi 1 (LET-00);Amphi C_A120 (DEG-00);51;non;1.5;relogée au même horaire (série complète)
H1a;E0039969;2025-12-02;11:00;12:00;CM;Histoire de l'art S1;<L1 Sociologie>1S-Déc Histoire de l'art CM S1;Amphi 2 (LET-00);Amphi C_A120 (DEG-00);104;oui;1.0;relogée au même horaire (série complète)
H1a;E0040131;2025-12-02;13:30;14:30;Cours;Civilisation S1;L1 LLCER - EA;Amphi 3 (LET-02);Amphi A_A150 (DEG-00);124;non;1.0;relogée au même horaire (local variable selon la date)
H1a;E0040220;2025-12-02;14:00;15:00;Cours;Civi pays angl S3;L2 LEA - AA - écogestion;Amphi 2 (LET-00);Amphi C_A120 (DEG-00);74;non;1.0;relogée au même horaire (local variable selon la date)
H1a;E0040314;2025-12-02;15:00;16:00;Cours;Civi pays anglo S1;L1 LEA - AE - langues spé;Amphi 3 (LET-02);Amphi A_A150 (DEG-00);140;non;1.0;relogée au même horaire (local variable selon la date)
H1a;E0040776;2025-12-03;10:00;11:00;Cours;Linguistique S1;L1 LLCER - EA;Amphi 3 (LET-02);Amphi A_A150 (DEG-00);124;non;1.0;relogée au même horaire (local variable selon la date)
H1a;E0040839;2025-12-03;11:00;12:30;Cours;Littérature S1;L1 LLCER - EA;Amphi 3 (LET-02);Amphi A_A150 (DEG-00);124;non;1.5;relogée au même horaire (série complète)
H1a;E0042113;2025-12-05;09:30;11:30;CM Contrôle Continu;Intro à l'anthropologie;L1 Sociologie;Amphi 3 (LET-02);Amphi C_A120 (DEG-00);104;non;2.0;relogée au même horaire (série complète)
H1a;E0042201;2025-12-05;10:00;12:30;;Représentation du monde;L1 Géo Aménagement;Amphi 1 (LET-00);Amphi C_A120 (DEG-00);43;non;2.5;relogée au même horaire (série complète)
H1a;E0042302;2025-12-05;11:30;12:10;Contrôle Continu;Intro à l'anthropologie;L1 Sociologie;Amphi 3 (LET-02);Amphi C_A120 (DEG-00);104;non;0.67;relogée au même horaire (série complète)
H1a;E0042671;2025-12-08;08:00;10:30;CM;Histoire moderne;L1 Histoire;Amphi 1 (LET-00);Amphi C_A120 (DEG-00);103;non;2.5;relogée au même horaire (local variable selon la date)
H1a;E0043040;2025-12-08;13:30;15:30;Cours;Histoire sociale politiqu;L1 Sociologie;Amphi 2 (LET-00);Amphi C_A120 (DEG-00);104;non;2.0;relogée au même horaire (local variable selon la date)
H1a;E0043122;2025-12-08;14:00;15:30;Cours;Géographie & aménagement;L1 Géo Aménagement;Amphi 1 (LET-00);Amphi C_A120 (DEG-00);43;non;1.5;relogée au même horaire (local variable selon la date)
H1a;E0043520;2025-12-09;09:30;10:40;Cours;Intro Sociologie S1;L1 Sociologie;Amphi 3 (LET-02);Amphi C_A120 (DEG-00);104;non;1.17;relogée au même horaire (local variable selon la date)
H1a;E0043608;2025-12-09;10:00;11:30;TD;3 Histoire langue fr 3;L2 Lettres classiques;Amphi 1 (LET-00);Amphi C_A120 (DEG-00);51;non;1.5;relogée au même horaire (série complète)
H1a;E0043643;2025-12-09;10:45;11:45;Cours;Histoire S1;<L1 Sociologie>1S-Déc Histoire-CM S1;Amphi 3 (LET-02);Amphi C_A120 (DEG-00);104;oui;1.0;relogée au même horaire (local variable selon la date)
H1a;E0043653;2025-12-09;11:00;12:30;CM;Histoire de l'art S1;<L1 Sociologie>1S-Déc Histoire de l'art CM S1;Amphi 2 (LET-00);Amphi C_A120 (DEG-00);104;oui;1.5;relogée au même horaire (série complète)
H1a;E0043782;2025-12-09;13:30;14:30;Cours;Civilisation S1;L1 LLCER - EA;Amphi 3 (LET-02);Amphi A_A150 (DEG-00);124;non;1.0;relogée au même horaire (local variable selon la date)
H1a;E0043856;2025-12-09;14:00;15:00;Cours;Civi pays angl S3;L2 LEA - AA - écogestion;Amphi 2 (LET-00);Amphi C_A120 (DEG-00);74;non;1.0;relogée au même horaire (local variable selon la date)
H1a;E0043947;2025-12-09;15:00;16:00;Cours;Civi pays anglo S1;L1 LEA - AE - langues spé;Amphi 3 (LET-02);Amphi A_A150 (DEG-00);140;non;1.0;relogée au même horaire (local variable selon la date)
H1a;E0044133;2025-12-10;08:00;11:30;;Réservation de salles;L1 LLCER - EH;Amphi 1 (LET-00);Amphi C_A120 (DEG-00);37;non;3.5;relogée au même horaire (série complète)
H1a;E0044134;2025-12-10;08:00;10:00;Contrôle Continu;Méthodo quantitative 1;L2 Sociologie;Amphi 2 (LET-00);Amphi C_A120 (DEG-00);65;non;2.0;relogée au même horaire (série complète)
H1a;E0044345;2025-12-10;10:00;10:40;Contrôle Continu;Méthodo quantitative 1;L2 Sociologie;Amphi 2 (LET-00);Amphi C_A120 (DEG-00);65;non;0.67;relogée au même horaire (série complète)
H1a;E0044391;2025-12-10;11:00;12:00;Cours;Littérature S1;L1 LLCER - EA;Amphi 3 (LET-02);Amphi A_A150 (DEG-00);124;non;1.0;relogée au même horaire (local variable selon la date)
H1a;E0044943;2025-12-11;09:00;13:00;Contrôle Continu;Sociologie des migrations;L3 Sociologie;Amphi 1 (LET-00);Amphi C_A120 (DEG-00);38;non;4.0;relogée au même horaire (série complète)
H1a;E0045076;2025-12-11;10:00;11:30;Examen;3 Histoire langue fr 5;L3 Lettres modernes;Amphi 3 (LET-02);Amphi C_A120 (DEG-00);86;non;1.5;relogée au même horaire (série complète)
H1a;E0045637;2025-12-12;10:00;12:00;Examen;3 Initiation à la ling;L1 Lettres - CTD;Amphi 3 (LET-02);Amphi C_A120 (DEG-00);74;non;2.0;relogée au même horaire (série complète)
H1a;E0046571;2025-12-16;08:00;10:00;Contrôle Continu;Intro à la géographie-CM;L1 Géo Aménagement;Amphi 3 (LET-02);Amphi C_A120 (DEG-00);43;non;2.0;relogée au même horaire (série complète)
H1a;E0046648;2025-12-16;09:00;12:00;Contrôle Continu;Psychologie sociale;L2 Sociologie;Amphi 1 (LET-00);Amphi C_A120 (DEG-00);65;non;3.0;relogée au même horaire (série complète)
H1a;E0046897;2025-12-16;13:30;15:30;Contrôle Continu;Intro Sociologie S1;L1 Sociologie;Amphi 3 (LET-02);Amphi C_A120 (DEG-00);104;non;2.0;relogée au même horaire (série complète)
H1a;E0046959;2025-12-16;14:00;15:30;Contrôle Continu;xxx- Devoir Analyse image;L2 LLCER - EA;Amphi 1 (LET-00);Amphi C_A120 (DEG-00);83;non;1.5;relogée au même horaire (série complète)
H1a;E0046960;2025-12-16;14:00;16:00;Contrôle Continu;Politiq environnementales;L2 Géo Aménagement;Amphi 2 (LET-00);Amphi C_A120 (DEG-00);30;non;2.0;relogée au même horaire (série complète)
H1a;E0047077;2025-12-16;16:00;16:40;Contrôle Continu;Politiq environnementales;L2 Géo Aménagement;Amphi 2 (LET-00);Amphi C_A120 (DEG-00);30;non;0.67;relogée au même horaire (série complète)
H1a;E0053889;2026-01-21;08:00;10:00;CM;Monde contemporain;L1 Histoire;Amphi 1 (LET-00);Amphi C_A120 (DEG-00);103;non;2.0;relogée au même horaire (local variable selon la date)
H1a;E0053891;2026-01-21;08:00;10:00;TD;Découv chmps prof;L1 Sociologie;Amphi 3 (LET-02);Amphi C_A120 (DEG-00);104;non;2.0;relogée au même horaire (local variable selon la date)
H1a;E0053986;2026-01-21;09:30;10:30;CM;Civilisation S2;L1 LLCER - EA;Amphi 2 (LET-00);Amphi A_A150 (DEG-00);124;non;1.0;lissée : 2026-01-19 08:00 · Amphi G (DUB-00)
H1a;E0054234;2026-01-21;13:30;15:30;CM;Economie et dév durable;L1 Sociologie;Amphi 1 (LET-00);Amphi C_A120 (DEG-00);104;non;2.0;relogée au même horaire (local variable selon la date)
H1a;E0054306;2026-01-21;14:00;16:30;CM;Histoire ancienne;L1 Histoire;Amphi 3 (LET-02);Amphi C_A120 (DEG-00);103;non;2.5;relogée au même horaire (local variable selon la date)
H1a;E0054579;2026-01-22;08:30;10:30;CM;Intro changt climatique;L1 Géo Aménagement;Amphi 2 (LET-00);Amphi C_A120 (DEG-00);43;non;2.0;relogée au même horaire (local variable selon la date)
H1a;E0054632;2026-01-22;09:30;10:30;TP;Langue orale S2;<L1 LLCER - EA><groupes TP Labo>Groupe C1;Amphi 3 (LET-02);Amphi C_A120 (DEG-00);18;oui;1.0;relogée au même horaire (série complète)
H1a;E0054712;2026-01-22;10:00;11:00;CM;9 - Hist lit cult art 6;L3 Lettres modernes;Amphi 1 (LET-00);Amphi C_A120 (DEG-00);86;non;1.0;relogée au même horaire (local variable selon la date)
H1a;E0055516;2026-01-23;15:30;16:30;CM;3 Histoire langue fr 6;L3 Lettres modernes;Amphi 2 (LET-00);Amphi C_A120 (DEG-00);83;non;1.0;relogée au même horaire (série complète)
H1a;E0055619;2026-01-26;08:00;10:00;CM;Sociologie de la famille;L1 Sociologie;Amphi 2 (LET-00);Amphi C_A120 (DEG-00);104;non;2.0;relogée au même horaire (local variable selon la date)
H1a;E0055799;2026-01-26;10:00;11:00;CM;1 Littérature française 2;L1 Lettres - CTD;Amphi 1 (LET-00);Amphi C_A120 (DEG-00);74;non;1.0;relogée au même horaire (local variable selon la date)
H1a;E0055800;2026-01-26;10:00;12:00;CM;Méthodo l'observation 2;L1 Sociologie;Amphi 2 (LET-00);Amphi C_A120 (DEG-00);104;non;2.0;relogée au même horaire (local variable selon la date)
H1a;E0055865;2026-01-26;11:00;12:00;CM;1 Litté française et fr 4;L2 Lettres classiques;Amphi 1 (LET-00);Amphi C_A120 (DEG-00);51;non;1.0;relogée au même horaire (série complète)
H1a;E0056013;2026-01-26;13:30;15:00;CM;Sociologie générale S2;L1 Sociologie;Amphi 3 (LET-02);Amphi C_A120 (DEG-00);104;non;1.5;relogée au même horaire (série complète)
H1a;E0056155;2026-01-26;15:15;16:45;CM;Géographie S2;<L1 Sociologie>2S-Découvrir la géographie;Amphi 3 (LET-02);Amphi C_A120 (DEG-00);104;oui;1.5;relogée au même horaire (série complète)
H1a;E0056921;2026-01-27;15:30;18:00;CM;Histoire médiévale;L1 Histoire;Amphi 1 (LET-00);Amphi C_A120 (DEG-00);103;non;2.5;relogée au même horaire (série complète)
H1a;E0057107;2026-01-28;08:00;10:00;CM;Monde contemporain;L1 Histoire;Amphi 1 (LET-00);Amphi C_A120 (DEG-00);103;non;2.0;relogée au même horaire (local variable selon la date)
H1a;E0057109;2026-01-28;08:00;10:00;TD;Découv chmps prof;L1 Sociologie;Amphi 3 (LET-02);Amphi C_A120 (DEG-00);104;non;2.0;lissée : 2026-01-26 15:00 · Amphi A_A150 (DEG-00)
H1a;E0057224;2026-01-28;09:30;10:30;CM;Civilisation S2;L1 LLCER - EA;Amphi 2 (LET-00);Amphi A_A150 (DEG-00);124;non;1.0;relogée au même horaire (local variable selon la date)
H1a;E0057512;2026-01-28;13:30;15:30;CM;Economie et dév durable;L1 Sociologie;Amphi 1 (LET-00);Amphi C_A120 (DEG-00);104;non;2.0;relogée au même horaire (local variable selon la date)
H1a;E0057588;2026-01-28;14:00;15:30;Cours;Microéconomie 3;L2 Economie Gestion CMI;Amphi 2 (LET-00);Amphi C_A120 (DEG-00);119;non;1.5;relogée au même horaire (série complète)
H1a;E0057589;2026-01-28;14:00;16:30;CM;Histoire ancienne;L1 Histoire;Amphi 3 (LET-02);Amphi C_A120 (DEG-00);103;non;2.5;lissée : 2026-01-26 14:30 · AMPHI STID (STI-00)
H1a;E0057711;2026-01-28;15:45;17:15;Cours;Microéconomie 3;L2 Economie Gestion;Amphi 1 (LET-00);Amphi C_A120 (DEG-00);119;non;1.5;relogée au même horaire (série complète)
H1a;E0058996;2026-02-02;10:00;11:00;CM;1 Littérature française 2;L1 Lettres - CTD;Amphi 1 (LET-00);Amphi C_A120 (DEG-00);74;non;1.0;relogée au même horaire (local variable selon la date)
H1a;E0058997;2026-02-02;10:00;12:00;CM;Méthodo l'observation 2;L1 Sociologie;Amphi 2 (LET-00);Amphi C_A120 (DEG-00);104;non;2.0;relogée au même horaire (local variable selon la date)
H1a;E0060428;2026-02-04;09:30;10:30;CM;Civilisation S2;L1 LLCER - EA;Amphi 2 (LET-00);Amphi A_A150 (DEG-00);124;non;1.0;relogée au même horaire (local variable selon la date)
H1a;E0060808;2026-02-04;14:00;16:30;CM;Histoire ancienne;L1 Histoire;Amphi 3 (LET-02);Amphi C_A120 (DEG-00);103;non;2.5;relogée au même horaire (local variable selon la date)
H1a;E0061137;2026-02-05;08:30;10:30;CM;Intro changt climatique;L1 Géo Aménagement;Amphi 2 (LET-00);Amphi C_A120 (DEG-00);43;non;2.0;relogée au même horaire (local variable selon la date)
H1a;E0061284;2026-02-05;10:00;11:00;CM;9 - Hist lit cult art 6;L3 Lettres modernes;Amphi 1 (LET-00);Amphi C_A120 (DEG-00);86;non;1.0;relogée au même horaire (local variable selon la date)
H1a;E0061352;2026-02-05;11:00;12:00;CM;Linguistique S2;L1 LLCER - EA;Amphi 2 (LET-00);Amphi A_A150 (DEG-00);124;non;1.0;relogée au même horaire (série complète)
H1a;E0061411;2026-02-05;12:00;13:00;CM;Littérature S2;L1 LLCER - EA;Amphi 2 (LET-00);Amphi A_A150 (DEG-00);124;non;1.0;relogée au même horaire (série complète)
H1a;E0062510;2026-02-09;10:00;11:00;CM;1 Littérature française 2;L1 Lettres - CTD;Amphi 1 (LET-00);Amphi C_A120 (DEG-00);74;non;1.0;relogée au même horaire (local variable selon la date)
H1a;E0062511;2026-02-09;10:00;12:00;CM;Méthodo l'observation 2;L1 Sociologie;Amphi 2 (LET-00);Amphi C_A120 (DEG-00);104;non;2.0;relogée au même horaire (local variable selon la date)
H1a;E0062565;2026-02-09;11:00;12:00;CM;1 Litté française et fr 4;L2 Lettres classiques;Amphi 1 (LET-00);Amphi C_A120 (DEG-00);51;non;1.0;relogée au même horaire (série complète)
H1a;E0063258;2026-02-10;09:45;11:45;Contrôle Continu 1;Anglais L3 DEG S6;<L3 Droit><TD Anglais>Anglais L3 métiers du Droit Gp 1, Gp 2, Gp 3;Amphi 2 (LET-00);Amphi A_A150 (DEG-00);140;oui;2.0;relogée au même horaire (série complète)
H1a;E0063973;2026-02-11;09:30;10:30;CM;Civilisation S2;L1 LLCER - EA;Amphi 2 (LET-00);Amphi A_A150 (DEG-00);124;non;1.0;lissée : 2026-02-09 12:00 · Amphi G (DUB-00)
H1a;E0064314;2026-02-11;14:00;16:30;CM;Histoire ancienne;L1 Histoire;Amphi 3 (LET-02);Amphi C_A120 (DEG-00);103;non;2.5;relogée au même horaire (local variable selon la date)
H1a;E0064646;2026-02-12;08:30;10:30;CM;Intro changt climatique;L1 Géo Aménagement;Amphi 2 (LET-00);Amphi C_A120 (DEG-00);43;non;2.0;relogée au même horaire (local variable selon la date)
H1a;E0064791;2026-02-12;10:00;11:00;CM;9 - Hist lit cult art 6;L3 Lettres modernes;Amphi 1 (LET-00);Amphi C_A120 (DEG-00);86;non;1.0;relogée au même horaire (local variable selon la date)
H1a;E0064857;2026-02-12;11:00;12:00;CM;Linguistique S2;L1 LLCER - EA;Amphi 3 (LET-02);Amphi A_A150 (DEG-00);124;non;1.0;relogée au même horaire (local variable selon la date)
H1a;E0064913;2026-02-12;12:00;13:00;CM;Littérature S2;L1 LLCER - EA;Amphi 3 (LET-02);Amphi A_A150 (DEG-00);124;non;1.0;relogée au même horaire (série complète)
H1a;E0065876;2026-02-23;10:00;12:00;CM;Méthodo l'observation 2;L1 Sociologie;Amphi 2 (LET-00);Amphi C_A120 (DEG-00);104;non;2.0;relogée au même horaire (local variable selon la date)
H1a;E0067213;2026-02-25;09:30;10:30;CM;Civilisation S2;L1 LLCER - EA;Amphi 2 (LET-00);Amphi A_A150 (DEG-00);124;non;1.0;relogée au même horaire (local variable selon la date)
H1a;E0067477;2026-02-25;13:30;15:30;CM;Economie et dév durable;L1 Sociologie;Amphi 2 (LET-00);Amphi C_A120 (DEG-00);104;non;2.0;relogée au même horaire (série complète)
H1a;E0067532;2026-02-25;14:00;16:30;CM;Histoire ancienne;L1 Histoire;Amphi 3 (LET-02);Amphi C_A120 (DEG-00);103;non;2.5;relogée au même horaire (local variable selon la date)
H1a;E0067851;2026-02-26;08:30;10:30;CM;Intro changt climatique;L1 Géo Aménagement;Amphi 2 (LET-00);Amphi C_A120 (DEG-00);43;non;2.0;relogée au même horaire (local variable selon la date)
H1a;E0068055;2026-02-26;11:00;12:00;CM;Linguistique S2;L1 LLCER - EA;Amphi 3 (LET-02);Amphi A_A150 (DEG-00);124;non;1.0;relogée au même horaire (local variable selon la date)
H1a;E0068120;2026-02-26;12:00;13:00;CM;Littérature S2;L1 LLCER - EA;Amphi 3 (LET-02);Amphi A_A150 (DEG-00);124;non;1.0;relogée au même horaire (série complète)
H1a;E0068964;2026-03-02;08:00;10:00;CM;Sociologie de la famille;L1 Sociologie;Amphi 2 (LET-00);Amphi C_A120 (DEG-00);104;non;2.0;relogée au même horaire (local variable selon la date)
H1a;E0069376;2026-03-02;13:30;15:00;CM;Sociologie générale S2;L1 Sociologie;Amphi 3 (LET-02);Amphi C_A120 (DEG-00);104;non;1.5;relogée au même horaire (série complète)
H1a;E0071291;2026-03-05;08:30;10:30;CM;Intro changt climatique;L1 Géo Aménagement;Amphi 2 (LET-00);Amphi C_A120 (DEG-00);43;non;2.0;relogée au même horaire (local variable selon la date)
H1a;E0071572;2026-03-05;12:00;13:00;CM;Littérature S2;L1 LLCER - EA;Amphi 3 (LET-02);Amphi A_A150 (DEG-00);124;non;1.0;relogée au même horaire (série complète)
H1a;E0072847;2026-03-09;13:30;15:00;CM;Sociologie générale S2;L1 Sociologie;Amphi 3 (LET-02);Amphi C_A120 (DEG-00);104;non;1.5;relogée au même horaire (série complète)
H1a;E0072998;2026-03-09;15:15;16:45;CM;Géographie S2;<L1 Sociologie>2S-Découvrir la géographie;Amphi 3 (LET-02);Amphi C_A120 (DEG-00);104;oui;1.5;relogée au même horaire (série complète)
H1a;E0073771;2026-03-10;15:30;18:00;CM;Histoire médiévale;L1 Histoire;Amphi 2 (LET-00);Amphi C_A120 (DEG-00);103;non;2.5;relogée au même horaire (série complète)
H1a;E0074902;2026-03-12;10:00;11:00;CM;9 - Hist lit cult art 6;L3 Lettres modernes;Amphi 2 (LET-00);Amphi C_A120 (DEG-00);86;non;1.0;relogée au même horaire (série complète)
H1a;E0075027;2026-03-12;12:00;13:00;CM;Littérature S2;L1 LLCER - EA;Amphi 3 (LET-02);Amphi A_A150 (DEG-00);124;non;1.0;relogée au même horaire (série complète)
H1a;E0076123;2026-03-16;10:30;11:30;;XXX- Devoir phonologie S4;L2 LLCER - EA;Amphi 1 (LET-00);Amphi C_A120 (DEG-00);83;non;1.0;relogée au même horaire (série complète)
H1a;E0076139;2026-03-16;11:00;12:00;CM;1 Litté française et fr 4;L2 Lettres classiques;Amphi 2 (LET-00);Amphi C_A120 (DEG-00);51;non;1.0;relogée au même horaire (série complète)
H1a;E0077520;2026-03-18;09:30;10:30;CM;Civilisation S2;L1 LLCER - EA;Amphi 2 (LET-00);Amphi A_A150 (DEG-00);124;non;1.0;relogée au même horaire (local variable selon la date)
H1a;E0077884;2026-03-18;14:00;16:30;CM;Histoire ancienne;L1 Histoire;Amphi 3 (LET-02);Amphi C_A120 (DEG-00);103;non;2.5;lissée : 2026-03-16 10:00 · Amphi C_A120 (DEG-00)
H1a;E0078218;2026-03-19;08:30;10:30;CM;Intro changt climatique;L1 Géo Aménagement;Amphi 2 (LET-00);Amphi C_A120 (DEG-00);43;non;2.0;relogée au même horaire (local variable selon la date)
H1a;E0078357;2026-03-19;10:00;11:00;CM;9 - Hist lit cult art 6;L3 Lettres modernes;Amphi 3 (LET-02);Amphi C_A120 (DEG-00);86;non;1.0;relogée au même horaire (local variable selon la date)
H1a;E0078425;2026-03-19;11:00;12:00;CM;Linguistique S2;L1 LLCER - EA;Amphi 3 (LET-02);Amphi A_A150 (DEG-00);124;non;1.0;lissée : 2026-03-16 13:00 · Amphi G (DUB-00)
H1a;E0078485;2026-03-19;12:00;13:00;CM;Littérature S2;L1 LLCER - EA;Amphi 3 (LET-02);Amphi A_A150 (DEG-00);124;non;1.0;relogée au même horaire (série complète)
H1a;E0080832;2026-03-25;08:00;10:00;TD;Découv chmps prof;L1 Sociologie;Amphi 3 (LET-02);Amphi C_A120 (DEG-00);104;non;2.0;relogée au même horaire (local variable selon la date)
H1a;E0080942;2026-03-25;09:30;10:30;CM;Civilisation S2;L1 LLCER - EA;Amphi 2 (LET-00);Amphi A_A150 (DEG-00);124;non;1.0;relogée au même horaire (local variable selon la date)
H1a;E0081287;2026-03-25;14:00;16:30;CM;Histoire ancienne;L1 Histoire;Amphi 3 (LET-02);Amphi C_A120 (DEG-00);103;non;2.5;relogée au même horaire (local variable selon la date)
H1a;E0081622;2026-03-26;08:30;10:30;CM;Intro changt climatique;L1 Géo Aménagement;Amphi 2 (LET-00);Amphi C_A120 (DEG-00);43;non;2.0;relogée au même horaire (local variable selon la date)
H1a;E0081755;2026-03-26;10:00;11:00;CM;9 - Hist lit cult art 6;L3 Lettres - CTD;Amphi 1 (LET-00);Amphi C_A120 (DEG-00);86;non;1.0;relogée au même horaire (série complète)
H1a;E0081756;2026-03-26;10:00;11:00;CM;9 - Hist lit cult art 6;L3 Lettres modernes;Amphi 3 (LET-02);Amphi C_A120 (DEG-00);86;non;1.0;relogée au même horaire (local variable selon la date)
H1a;E0081873;2026-03-26;12:00;13:00;CM;Littérature S2;L1 LLCER - EA;Amphi 3 (LET-02);Amphi A_A150 (DEG-00);124;non;1.0;relogée au même horaire (série complète)
H1a;E0082948;2026-03-30;10:00;11:00;CM;1 Littérature française 2;L1 Lettres - CTD;Amphi 1 (LET-00);Amphi C_A120 (DEG-00);74;non;1.0;relogée au même horaire (local variable selon la date)
H1a;E0082989;2026-03-30;11:00;12:00;CM;1 Litté française et fr 4;L2 Lettres classiques;Amphi 1 (LET-00);Amphi C_A120 (DEG-00);51;non;1.0;relogée au même horaire (série complète)
H1a;E0083144;2026-03-30;13:30;16:30;Contrôle Continu;Sociologie de l'éducation;L2 Sociologie;Amphi 1 (LET-00);Amphi C_A120 (DEG-00);65;non;3.0;relogée au même horaire (série complète)
H1a;E0083145;2026-03-30;13:30;14:30;CM;Sociologie générale S2;L1 Sociologie;Amphi 3 (LET-02);Amphi C_A120 (DEG-00);104;non;1.0;relogée au même horaire (série complète)
H1a;E0083249;2026-03-30;14:30;19:50;CM Contrôle Continu;1 Littérature française 2;L1 Lettres - CTD;Amphi 2 (LET-00);Amphi C_A120 (DEG-00);74;non;3.5;relogée au même horaire (série complète)
H1a;E0083250;2026-03-30;14:30;15:00;CM;Sociologie générale S2;L1 Sociologie;Amphi 3 (LET-02);Amphi C_A120 (DEG-00);104;non;0.5;relogée au même horaire (série complète)
H1a;E0083657;2026-03-31;10:00;12:00;CM;Monde moderne;L1 Histoire;Amphi 2 (LET-00);Amphi C_A120 (DEG-00);103;non;2.0;relogée au même horaire (série complète)
H1a;E0083993;2026-03-31;15:30;18:00;CM;Histoire médiévale;L1 Histoire;Amphi 1 (LET-00);Amphi C_A120 (DEG-00);103;non;2.5;relogée au même horaire (série complète)
H1a;E0084538;2026-04-01;13:30;15:30;CM;Economie et dév durable;L1 Sociologie;Amphi 1 (LET-00);Amphi C_A120 (DEG-00);104;non;2.0;relogée au même horaire (local variable selon la date)
H1a;E0084603;2026-04-01;14:00;16:30;CM;Histoire ancienne;L1 Histoire;Amphi 3 (LET-02);Amphi C_A120 (DEG-00);103;non;2.5;relogée au même horaire (local variable selon la date)
H1a;E0084938;2026-04-02;08:30;10:30;CM;Intro changt climatique;L1 Géo Aménagement;Amphi 2 (LET-00);Amphi C_A120 (DEG-00);43;non;2.0;relogée au même horaire (local variable selon la date)
H1a;E0085060;2026-04-02;10:00;11:00;CM;9 - Hist lit cult art 6;L3 Lettres modernes;Amphi 1 (LET-00);Amphi C_A120 (DEG-00);86;non;1.0;relogée au même horaire (local variable selon la date)
H1a;E0085117;2026-04-02;11:00;12:00;CM;Linguistique S2;L1 LLCER - EA;Amphi 3 (LET-02);Amphi A_A150 (DEG-00);124;non;1.0;relogée au même horaire (local variable selon la date)
H1a;E0085167;2026-04-02;12:00;13:00;CM;Littérature S2;L1 LLCER - EA;Amphi 3 (LET-02);Amphi A_A150 (DEG-00);124;non;1.0;relogée au même horaire (série complète)
H1a;E0086572;2026-04-21;09:00;11:00;Contrôle Continu;Socio mouvements sociaux;L2 Sociologie;Amphi 2 (LET-00);Amphi C_A120 (DEG-00);65;non;2.0;relogée au même horaire (série complète)
H1a;E0086696;2026-04-21;11:00;11:40;Contrôle Continu;Socio mouvements sociaux;L2 Sociologie;Amphi 2 (LET-00);Amphi C_A120 (DEG-00);65;non;0.67;relogée au même horaire (série complète)
H1a;E0086798;2026-04-21;13:30;15:30;CM;Histoire sociologie;L1 Sociologie;Amphi 1 (LET-00);Amphi C_A120 (DEG-00);104;non;2.0;relogée au même horaire (série complète)
H1a;E0086852;2026-04-21;14:00;16:00;;Réservation de salles;L1 LLCER - EH;Amphi 2 (LET-00);Amphi C_A120 (DEG-00);37;non;2.0;relogée au même horaire (série complète)
H1a;E0087230;2026-04-22;10:00;12:00;Contrôle Continu;Objets & théories socio;L2 Sociologie;Amphi 1 (LET-00);Amphi C_A120 (DEG-00);65;non;2.0;relogée au même horaire (série complète)
H1a;E0087231;2026-04-22;10:00;12:00;Contrôle Continu;Sociologie des inégalités;L1 Sociologie;Amphi 3 (LET-02);Amphi C_A120 (DEG-00);104;non;2.0;relogée au même horaire (série complète)
H1a;E0087404;2026-04-22;14:00;16:30;CM;Histoire ancienne;L1 Histoire;Amphi 3 (LET-02);Amphi C_A120 (DEG-00);103;non;2.5;relogée au même horaire (local variable selon la date)
H1b;E0000047;2025-09-08;08:00;10:30;CM;Histoire moderne;L1 Histoire;Amphi 1 (LET-00);Amphi C_A120 (DEG-00);103;non;2.5;lissée : 2025-09-08 15:30 · Amphi H (DUB-00)
H1b;E0000049;2025-09-08;08:00;10:00;Cours;Méthodo l'observation 1;L1 Sociologie;Amphi 3 (LET-02);Amphi C_A120 (DEG-00);104;non;2.0;lissée : 2025-09-08 15:30 · Amphi A_A150 (DEG-00)
H1b;E0000203;2025-09-08;10:00;12:00;Cours;Enjeux sociaux contempo;L1 Sociologie;Amphi 3 (LET-02);Amphi C_A120 (DEG-00);104;non;2.0;relogée au même horaire (local variable selon la date)
H1b;E0000377;2025-09-08;13:30;15:30;Cours;Histoire sociale politiqu;L1 Sociologie;Amphi 2 (LET-00);Amphi C_A120 (DEG-00);104;non;2.0;relogée au même horaire (local variable selon la date)
H1b;E0000769;2025-09-09;09:30;10:40;Cours;Intro Sociologie S1;L1 Sociologie;Amphi 3 (LET-02);Amphi C_A120 (DEG-00);104;non;1.17;relogée au même horaire (local variable selon la date)
H1b;E0000893;2025-09-09;10:45;11:45;Cours;Histoire S1;<L1 Sociologie>1S-Déc Histoire-CM S1;Amphi 3 (LET-02);Amphi C_A120 (DEG-00);104;oui;1.0;lissée : 2025-09-08 08:00 · Amphi C_A120 (DEG-00)
H1b;E0000903;2025-09-09;11:00;12:00;CM;Histoire de l'art S1;<L1 Sociologie>1S-Déc Histoire de l'art CM S1;Amphi 2 (LET-00);Amphi C_A120 (DEG-00);104;oui;1.0;relogée au même horaire (série complète)
H1b;E0001030;2025-09-09;13:30;14:30;Cours;Civilisation S1;L1 LLCER - EA;Amphi 3 (LET-02);Amphi A_A150 (DEG-00);124;non;1.0;relogée au même horaire (local variable selon la date)
H1b;E0001165;2025-09-09;15:00;16:00;Cours;Civi pays anglo S1;L1 LEA - AE - langues spé;Amphi 3 (LET-02);Amphi A_A150 (DEG-00);140;non;1.0;relogée au même horaire (local variable selon la date)
H1b;E0001845;2025-09-11;08:00;10:00;CM;Introduction au monde ant;L1 Histoire;Amphi 1 (LET-00);Amphi C_A120 (DEG-00);103;non;2.0;lissée : 2025-09-09 15:30 · Amphi G (DUB-00)
H1b;E0003718;2025-09-16;09:30;10:40;Cours;Intro Sociologie S1;L1 Sociologie;Amphi 3 (LET-02);Amphi C_A120 (DEG-00);104;non;1.17;relogée au même horaire (local variable selon la date)
H1b;E0003859;2025-09-16;10:45;11:45;Cours;Histoire S1;<L1 Sociologie>1S-Déc Histoire-CM S1;Amphi 3 (LET-02);Amphi C_A120 (DEG-00);104;oui;1.0;relogée au même horaire (local variable selon la date)
H1b;E0003874;2025-09-16;11:00;12:00;CM;Histoire de l'art S1;<L1 Sociologie>1S-Déc Histoire de l'art CM S1;Amphi 2 (LET-00);Amphi C_A120 (DEG-00);104;oui;1.0;relogée au même horaire (série complète)
H1b;E0004023;2025-09-16;13:30;14:30;Cours;Civilisation S1;L1 LLCER - EA;Amphi 3 (LET-02);Amphi A_A150 (DEG-00);124;non;1.0;relogée au même horaire (local variable selon la date)
H1b;E0004177;2025-09-16;15:00;16:00;Cours;Civi pays anglo S1;L1 LEA - AE - langues spé;Amphi 3 (LET-02);Amphi A_A150 (DEG-00);140;non;1.0;relogée au même horaire (local variable selon la date)
H1b;E0004580;2025-09-17;10:00;11:00;Cours;Linguistique S1;L1 LLCER - EA;Amphi 3 (LET-02);Amphi A_A150 (DEG-00);124;non;1.0;relogée au même horaire (local variable selon la date)
H1b;E0004633;2025-09-17;11:00;12:00;Cours;Littérature S1;L1 LLCER - EA;Amphi 3 (LET-02);Amphi A_A150 (DEG-00);124;non;1.0;lissée : 2025-09-15 09:30 · Amphi G (DUB-00)
H1b;E0004842;2025-09-17;14:00;15:00;Cours;Gram esp S1 CM;L1 LEA - AE - langues spé;Amphi 3 (LET-02);Amphi A_A150 (DEG-00);126;non;1.0;relogée au même horaire (local variable selon la date)
H1b;E0005131;2025-09-18;08:00;10:00;CM;Introduction au monde ant;L1 Histoire;Amphi 1 (LET-00);Amphi A_A300 (DEG-00);103;non;2.0;relogée au même horaire (local variable selon la date)
H1b;E0005311;2025-09-18;09:45;11:15;Cours;Eco & Soutenabilité;L1 Economie et Gestion;Amphi 3 (LET-02);Amphi A_A300 (DEG-00);280;non;1.5;lissée : 2025-09-15 09:30 · Amphi A_A300 (DEG-00)
H1b;E0006269;2025-09-22;08:00;10:30;CM;Histoire moderne;L1 Histoire;Amphi 1 (LET-00);Amphi C_A120 (DEG-00);103;non;2.5;relogée au même horaire (local variable selon la date)
H1b;E0006271;2025-09-22;08:00;10:00;Cours;Méthodo l'observation 1;L1 Sociologie;Amphi 3 (LET-02);Amphi C_A120 (DEG-00);104;non;2.0;relogée au même horaire (local variable selon la date)
H1b;E0006464;2025-09-22;10:00;12:00;Cours;Enjeux sociaux contempo;L1 Sociologie;Amphi 3 (LET-02);Amphi C_A120 (DEG-00);104;non;2.0;relogée au même horaire (local variable selon la date)
H1b;E0006622;2025-09-22;13:00;15:30;CM;Histoire comtemporaine;L1 Histoire;Amphi 3 (LET-02);Amphi C_A120 (DEG-00);103;non;2.5;relogée au même horaire (local variable selon la date)
H1b;E0006674;2025-09-22;13:30;15:30;Cours;Histoire sociale politiqu;L1 Sociologie;Amphi 2 (LET-00);Amphi C_A120 (DEG-00);104;non;2.0;relogée au même horaire (local variable selon la date)
H1b;E0007309;2025-09-23;10:45;11:45;Cours;Histoire S1;<L1 Sociologie>1S-Déc Histoire-CM S1;Amphi 3 (LET-02);Amphi C_A120 (DEG-00);104;oui;1.0;relogée au même horaire (local variable selon la date)
H1b;E0007321;2025-09-23;11:00;12:00;CM;Histoire de l'art S1;<L1 Sociologie>1S-Déc Histoire de l'art CM S1;Amphi 2 (LET-00);Amphi C_A120 (DEG-00);104;oui;1.0;relogée au même horaire (série complète)
H1b;E0007477;2025-09-23;13:30;14:30;Cours;Civilisation S1;L1 LLCER - EA;Amphi 3 (LET-02);Amphi A_A150 (DEG-00);124;non;1.0;relogée au même horaire (local variable selon la date)
H1b;E0007563;2025-09-23;14:00;15:00;Cours;Civi pays angl S3;L2 LEA - AA - écogestion;Amphi 2 (LET-00);Salle de cours B_B2 (DEG-00);74;non;1.0;relogée au même horaire (local variable selon la date)
H1b;E0007637;2025-09-23;15:00;16:00;Cours;Civi pays anglo S1;L1 LEA - AE - langues spé;Amphi 3 (LET-02);Amphi A_A150 (DEG-00);140;non;1.0;relogée au même horaire (local variable selon la date)
H1b;E0008061;2025-09-24;10:00;11:00;Cours;Linguistique S1;L1 LLCER - EA;Amphi 3 (LET-02);Amphi A_A150 (DEG-00);124;non;1.0;relogée au même horaire (local variable selon la date)
H1b;E0008124;2025-09-24;11:00;12:00;Cours;Littérature S1;L1 LLCER - EA;Amphi 3 (LET-02);Amphi A_A150 (DEG-00);124;non;1.0;relogée au même horaire (local variable selon la date)
H1b;E0008348;2025-09-24;14:00;15:00;Cours;Gram esp S1 CM;L1 LEA - AE - langues spé;Amphi 3 (LET-02);Amphi A_A150 (DEG-00);126;non;1.0;relogée au même horaire (local variable selon la date)
H1b;E0008628;2025-09-25;08:00;10:00;CM;Introduction au monde ant;L1 Histoire;Amphi 1 (LET-00);Amphi C_A120 (DEG-00);103;non;2.0;lissée : 2025-09-22 10:30 · Amphi C_A120 (DEG-00)
H1b;E0009679;2025-09-29;08:00;10:00;Cours;Méthodo l'observation 1;L1 Sociologie;Amphi 3 (LET-02);Amphi C_A120 (DEG-00);104;non;2.0;relogée au même horaire (local variable selon la date)
H1b;E0009872;2025-09-29;10:00;12:00;Cours;Enjeux sociaux contempo;L1 Sociologie;Amphi 3 (LET-02);Amphi C_A120 (DEG-00);104;non;2.0;relogée au même horaire (local variable selon la date)
H1b;E0010071;2025-09-29;13:30;15:30;Cours;Histoire sociale politiqu;L1 Sociologie;Amphi 2 (LET-00);Amphi C_A120 (DEG-00);104;non;2.0;relogée au même horaire (local variable selon la date)
H1b;E0010558;2025-09-30;09:30;10:40;Cours;Intro Sociologie S1;L1 Sociologie;Amphi 3 (LET-02);Amphi C_A120 (DEG-00);104;non;1.17;relogée au même horaire (local variable selon la date)
H1b;E0010704;2025-09-30;10:45;11:45;Cours;Histoire S1;<L1 Sociologie>1S-Déc Histoire-CM S1;Amphi 3 (LET-02);Amphi C_A120 (DEG-00);104;oui;1.0;relogée au même horaire (local variable selon la date)
H1b;E0010714;2025-09-30;11:00;12:00;CM;Histoire de l'art S1;<L1 Sociologie>1S-Déc Histoire de l'art CM S1;Amphi 2 (LET-00);Amphi C_A120 (DEG-00);104;oui;1.0;relogée au même horaire (série complète)
H1b;E0010961;2025-09-30;14:00;15:30;;1 Initiation à l'analyse;L1 Lettres - CTD;Amphi 1 (LET-00);Salle de cours C_C03 (DEG-00);34;non;1.5;relogée au même horaire (série complète)
H1b;E0010962;2025-09-30;14:00;15:00;Cours;Civi pays angl S3;L2 LEA - AA - écogestion;Amphi 2 (LET-00);Salle de cours B_B2 (DEG-00);74;non;1.0;relogée au même horaire (local variable selon la date)
H1b;E0011277;2025-10-01;08:00;10:00;Cours;Méthodo quantitative 1;L2 Sociologie;Amphi 1 (LET-00);Salle de cours 107 (LET-00);65;non;2.0;relogée au même horaire (série complète)
H1b;E0011495;2025-10-01;10:00;12:00;Cours;Sociologie territoires;L2 Sociologie;Amphi 2 (LET-00);Salle de cours 107 (LET-00);65;non;2.0;relogée au même horaire (série complète)
H1b;E0011496;2025-10-01;10:00;11:00;Cours;Linguistique S1;L1 LLCER - EA;Amphi 3 (LET-02);Amphi A_A150 (DEG-00);124;non;1.0;relogée au même horaire (local variable selon la date)
H1b;E0011557;2025-10-01;11:00;12:00;Cours;Littérature S1;L1 LLCER - EA;Amphi 3 (LET-02);Amphi A_A150 (DEG-00);124;non;1.0;relogée au même horaire (local variable selon la date)
H1b;E0012091;2025-10-02;08:00;10:00;CM;Introduction au monde ant;L1 Histoire;Amphi 1 (LET-00);Amphi C_A120 (DEG-00);103;non;2.0;relogée au même horaire (local variable selon la date)
H1b;E0013319;2025-10-06;08:00;10:00;Cours;Méthodo l'observation 1;L1 Sociologie;Amphi 3 (LET-02);Amphi C_A120 (DEG-00);104;non;2.0;lissée : 2025-10-06 15:30 · Amphi H (DUB-00)
H1b;E0013531;2025-10-06;10:00;12:00;Cours;Enjeux sociaux contempo;L1 Sociologie;Amphi 3 (LET-02);Amphi C_A120 (DEG-00);104;non;2.0;relogée au même horaire (local variable selon la date)
H1b;E0013739;2025-10-06;13:30;15:30;Cours;Histoire sociale politiqu;L1 Sociologie;Amphi 2 (LET-00);Amphi C_A120 (DEG-00);104;non;2.0;relogée au même horaire (local variable selon la date)
H1b;E0014260;2025-10-07;09:30;10:40;Cours;Intro Sociologie S1;L1 Sociologie;Amphi 3 (LET-02);Amphi C_A120 (DEG-00);104;non;1.17;relogée au même horaire (local variable selon la date)
H1b;E0014403;2025-10-07;10:45;11:45;Cours;Histoire S1;<L1 Sociologie>1S-Déc Histoire-CM S1;Amphi 3 (LET-02);Amphi C_A120 (DEG-00);104;oui;1.0;relogée au même horaire (local variable selon la date)
H1b;E0014412;2025-10-07;11:00;12:00;CM;Histoire de l'art S1;<L1 Sociologie>1S-Déc Histoire de l'art CM S1;Amphi 2 (LET-00);Amphi C_A120 (DEG-00);104;oui;1.0;relogée au même horaire (série complète)
H1b;E0014665;2025-10-07;14:00;15:30;;1 Initiation à l'analyse;L1 Lettres - CTD;Amphi 1 (LET-00);Salle de cours C_C03 (DEG-00);34;non;1.5;relogée au même horaire (série complète)
H1b;E0014666;2025-10-07;14:00;15:00;Cours;Civi pays angl S3;L2 LEA - AA - écogestion;Amphi 2 (LET-00);Salle de cours B_B2 (DEG-00);74;non;1.0;relogée au même horaire (local variable selon la date)
H1b;E0015222;2025-10-08;10:00;11:00;Cours;Linguistique S1;L1 LLCER - EA;Amphi 3 (LET-02);Amphi A_A150 (DEG-00);124;non;1.0;relogée au même horaire (local variable selon la date)
H1b;E0015281;2025-10-08;11:00;12:00;Cours;Littérature S1;L1 LLCER - EA;Amphi 3 (LET-02);Amphi A_A150 (DEG-00);124;non;1.0;relogée au même horaire (local variable selon la date)
H1b;E0015505;2025-10-08;14:00;15:00;Cours;Gram esp S1 CM;L1 LEA - AE - langues spé;Amphi 3 (LET-02);Amphi A_A150 (DEG-00);126;non;1.0;relogée au même horaire (local variable selon la date)
H1b;E0017120;2025-10-13;08:00;10:00;Cours;Méthodo l'observation 1;L1 Sociologie;Amphi 3 (LET-02);Amphi C_A120 (DEG-00);104;non;2.0;relogée au même horaire (local variable selon la date)
H1b;E0017237;2025-10-13;09:30;11:00;Cours;Cult gé pays angl S3 CM;L2 LEA - AA - écogestion;Amphi 2 (LET-00);Salle de cours B_B2 (DEG-00);74;non;1.5;relogée au même horaire (série complète)
H1b;E0017335;2025-10-13;10:00;12:00;Cours;Enjeux sociaux contempo;L1 Sociologie;Amphi 3 (LET-02);Amphi C_A120 (DEG-00);104;non;2.0;relogée au même horaire (local variable selon la date)
H1b;E0017482;2025-10-13;13:00;15:30;CM;Histoire comtemporaine;L1 Histoire;Amphi 3 (LET-02);Amphi C_A120 (DEG-00);103;non;2.5;relogée au même horaire (local variable selon la date)
H1b;E0017549;2025-10-13;13:30;15:30;Cours;Histoire sociale politiqu;L1 Sociologie;Amphi 2 (LET-00);Amphi C_A120 (DEG-00);104;non;2.0;relogée au même horaire (local variable selon la date)
H1b;E0018075;2025-10-14;09:30;10:40;Cours;Intro Sociologie S1;L1 Sociologie;Amphi 3 (LET-02);Amphi C_A120 (DEG-00);104;non;1.17;relogée au même horaire (local variable selon la date)
H1b;E0018228;2025-10-14;10:45;11:45;Cours;Histoire S1;<L1 Sociologie>1S-Déc Histoire-CM S1;Amphi 3 (LET-02);Amphi C_A120 (DEG-00);104;oui;1.0;relogée au même horaire (local variable selon la date)
H1b;E0018239;2025-10-14;11:00;12:00;CM;Histoire de l'art S1;<L1 Sociologie>1S-Déc Histoire de l'art CM S1;Amphi 2 (LET-00);Amphi C_A120 (DEG-00);104;oui;1.0;relogée au même horaire (série complète)
H1b;E0018495;2025-10-14;14:00;15:00;Cours;Civi pays angl S3;L2 LEA - AA - écogestion;Amphi 2 (LET-00);Salle de cours B_B2 (DEG-00);74;non;1.0;relogée au même horaire (local variable selon la date)
H1b;E0019062;2025-10-15;10:00;11:00;Cours;Linguistique S1;L1 LLCER - EA;Amphi 3 (LET-02);Amphi A_A150 (DEG-00);124;non;1.0;relogée au même horaire (local variable selon la date)
H1b;E0019130;2025-10-15;11:00;12:00;Cours;Littérature S1;L1 LLCER - EA;Amphi 3 (LET-02);Amphi A_A150 (DEG-00);124;non;1.0;relogée au même horaire (local variable selon la date)
H1b;E0019362;2025-10-15;14:00;15:00;Cours;Gram esp S1 CM;L1 LEA - AE - langues spé;Amphi 3 (LET-02);Amphi A_A150 (DEG-00);126;non;1.0;relogée au même horaire (local variable selon la date)
H1b;E0020978;2025-10-20;08:00;10:30;CM;Histoire moderne;L1 Histoire;Amphi 1 (LET-00);Amphi C_A120 (DEG-00);103;non;2.5;relogée au même horaire (local variable selon la date)
H1b;E0020980;2025-10-20;08:00;10:00;Cours;Méthodo l'observation 1;L1 Sociologie;Amphi 3 (LET-02);Amphi C_A120 (DEG-00);104;non;2.0;lissée : 2025-10-20 15:30 · Amphi G (DUB-00)
H1b;E0021317;2025-10-20;13:00;15:30;CM;Histoire comtemporaine;L1 Histoire;Amphi 3 (LET-02);Amphi C_A120 (DEG-00);103;non;2.5;relogée au même horaire (local variable selon la date)
H1b;E0021961;2025-10-21;10:45;11:45;Cours;Histoire S1;<L1 Sociologie>1S-Déc Histoire-CM S1;Amphi 3 (LET-02);Amphi C_A120 (DEG-00);104;oui;1.0;relogée au même horaire (local variable selon la date)
H1b;E0021972;2025-10-21;11:00;12:00;CM;Histoire de l'art S1;<L1 Sociologie>1S-Déc Histoire de l'art CM S1;Amphi 2 (LET-00);Amphi C_A120 (DEG-00);104;oui;1.0;relogée au même horaire (série complète)
H1b;E0022671;2025-10-22;10:00;11:00;Cours;Linguistique S1;L1 LLCER - EA;Amphi 3 (LET-02);Amphi A_A150 (DEG-00);124;non;1.0;relogée au même horaire (local variable selon la date)
H1b;E0022723;2025-10-22;11:00;12:00;Cours;Littérature S1;L1 LLCER - EA;Amphi 3 (LET-02);Amphi A_A150 (DEG-00);124;non;1.0;relogée au même horaire (local variable selon la date)
H1b;E0022807;2025-10-22;13:00;14:30;Cours;Gram angl S1 CM;L1 LEA - AE - langues spé;Amphi 3 (LET-02);Amphi A_A150 (DEG-00);140;non;1.5;relogée au même horaire (série complète)
H1b;E0022970;2025-10-22;14:30;15:30;CM;Litté franç et franco 5;L3 Lettres modernes;Amphi 1 (LET-00);Amphi C_A120 (DEG-00);86;non;1.0;relogée au même horaire (série complète)
H1b;E0022971;2025-10-22;14:30;15:00;Cours;Gram esp S1 CM;L1 LEA - AE - langues spé;Amphi 3 (LET-02);Amphi C_A120 (DEG-00);110;non;0.5;relogée au même horaire (série complète)
H1b;E0024500;2025-11-03;10:00;12:00;Cours;Enjeux sociaux contempo;L1 Sociologie;Amphi 3 (LET-02);Amphi C_A120 (DEG-00);104;non;2.0;relogée au même horaire (local variable selon la date)
H1b;E0024642;2025-11-03;13:00;15:30;CM;Histoire comtemporaine;L1 Histoire;Amphi 3 (LET-02);Amphi C_A120 (DEG-00);103;non;2.5;relogée au même horaire (local variable selon la date)
H1b;E0024702;2025-11-03;13:30;15:30;Cours;Histoire sociale politiqu;L1 Sociologie;Amphi 2 (LET-00);Amphi C_A120 (DEG-00);104;non;2.0;relogée au même horaire (local variable selon la date)
H1b;E0025227;2025-11-04;09:30;10:40;Cours;Intro Sociologie S1;L1 Sociologie;Amphi 3 (LET-02);Amphi C_A120 (DEG-00);104;non;1.17;relogée au même horaire (local variable selon la date)
H1b;E0025563;2025-11-04;13:30;14:30;Cours;Civilisation S1;L1 LLCER - EA;Amphi 3 (LET-02);Amphi A_A150 (DEG-00);124;non;1.0;relogée au même horaire (local variable selon la date)
H1b;E0025728;2025-11-04;15:00;16:00;Cours;Civi pays anglo S1;L1 LEA - AE - langues spé;Amphi 3 (LET-02);Amphi A_A150 (DEG-00);140;non;1.0;relogée au même horaire (local variable selon la date)
H1b;E0026195;2025-11-05;10:00;11:00;Cours;Linguistique S1;L1 LLCER - EA;Amphi 3 (LET-02);Amphi A_A150 (DEG-00);124;non;1.0;relogée au même horaire (local variable selon la date)
H1b;E0026267;2025-11-05;11:00;12:00;Cours;Littérature S1;L1 LLCER - EA;Amphi 3 (LET-02);Amphi A_A150 (DEG-00);124;non;1.0;relogée au même horaire (local variable selon la date)
H1b;E0026832;2025-11-06;08:00;10:00;CM;Introduction au monde ant;L1 Histoire;Amphi 1 (LET-00);Amphi C_A120 (DEG-00);103;non;2.0;relogée au même horaire (local variable selon la date)
H1b;E0029028;2025-11-12;08:30;12:30;Examen;1 Littérature comparée 1;L2 Lettres modernes;Amphi 1 (LET-00);Salle de cours C_C03 (DEG-00);17;non;4.0;relogée au même horaire (série complète)
H1b;E0029522;2025-11-12;14:00;15:00;Cours;Gram angl S1 CM;L1 LEA - AE - langues spé;Amphi 3 (LET-02);Amphi A_A150 (DEG-00);140;non;1.0;relogée au même horaire (local variable selon la date)
H1b;E0031660;2025-11-17;13:30;15:30;Cours;Histoire sociale politiqu;L1 Sociologie;Amphi 2 (LET-00);Amphi C_A120 (DEG-00);104;non;2.0;relogée au même horaire (local variable selon la date)
H1b;E0032367;2025-11-18;10:45;11:45;Cours;Histoire S1;<L1 Sociologie>1S-Déc Histoire-CM S1;Amphi 3 (LET-02);Amphi C_A120 (DEG-00);104;oui;1.0;relogée au même horaire (local variable selon la date)
H1b;E0032377;2025-11-18;11:00;12:00;CM;Histoire de l'art S1;<L1 Sociologie>1S-Déc Histoire de l'art CM S1;Amphi 2 (LET-00);Amphi C_A120 (DEG-00);104;oui;1.0;relogée au même horaire (série complète)
H1b;E0032555;2025-11-18;13:30;14:30;Cours;Civilisation S1;L1 LLCER - EA;Amphi 3 (LET-02);Amphi A_A150 (DEG-00);124;non;1.0;relogée au même horaire (local variable selon la date)
H1b;E0032728;2025-11-18;15:00;16:00;Cours;Civi pays anglo S1;L1 LEA - AE - langues spé;Amphi 3 (LET-02);Amphi A_A150 (DEG-00);140;non;1.0;relogée au même horaire (local variable selon la date)
H1b;E0033231;2025-11-19;10:00;11:00;Cours;Linguistique S1;L1 LLCER - EA;Amphi 3 (LET-02);Amphi A_A150 (DEG-00);124;non;1.0;relogée au même horaire (local variable selon la date)
H1b;E0033302;2025-11-19;11:00;12:00;Cours;Littérature S1;L1 LLCER - EA;Amphi 3 (LET-02);Amphi A_A150 (DEG-00);124;non;1.0;relogée au même horaire (local variable selon la date)
H1b;E0033526;2025-11-19;14:00;15:00;Cours;Gram angl S1 CM;L1 LEA - AE - langues spé;Amphi 3 (LET-02);Amphi A_A150 (DEG-00);140;non;1.0;relogée au même horaire (local variable selon la date)
H1b;E0033850;2025-11-20;08:00;10:00;CM;Introduction au monde ant;L1 Histoire;Amphi 1 (LET-00);Amphi C_A120 (DEG-00);103;non;2.0;relogée au même horaire (local variable selon la date)
H1b;E0034633;2025-11-21;09:30;10:30;CM;Litté franç et franco 5;L3 Lettres modernes;Amphi 2 (LET-00);Salle de cours 14 (LET-00);86;non;1.0;relogée au même horaire (série complète)
H1b;E0035428;2025-11-24;10:00;11:00;Cours;Civi pays angl S3;L2 LEA - AA - écogestion;Amphi 2 (LET-00);Salle de cours B_B2 (DEG-00);74;non;1.0;relogée au même horaire (série complète)
H1b;E0035642;2025-11-24;13:30;15:30;Cours;Histoire sociale politiqu;L1 Sociologie;Amphi 2 (LET-00);Amphi C_A120 (DEG-00);104;non;2.0;relogée au même horaire (local variable selon la date)
H1b;E0036475;2025-11-25;13:30;14:30;Cours;Civilisation S1;L1 LLCER - EA;Amphi 3 (LET-02);Amphi A_A150 (DEG-00);124;non;1.0;relogée au même horaire (local variable selon la date)
H1b;E0036645;2025-11-25;15:00;16:00;Cours;Civi pays anglo S1;L1 LEA - AE - langues spé;Amphi 3 (LET-02);Amphi A_A150 (DEG-00);140;non;1.0;relogée au même horaire (local variable selon la date)
H1b;E0036746;2025-11-25;16:00;17:30;CM;2 Repères chrono 1;L1 Lettres - CTD;Amphi 2 (LET-00);Salle de cours B_B2 (DEG-00);74;non;1.5;relogée au même horaire (série complète)
H1b;E0037384;2025-11-26;14:00;15:00;Cours;Gram angl S1 CM;L1 LEA - AE - langues spé;Amphi 3 (LET-02);Amphi A_A150 (DEG-00);140;non;1.0;relogée au même horaire (local variable selon la date)
H1b;E0037768;2025-11-27;09:00;14:30;Examen;Litté franç et franco 5;L3 Lettres modernes;Amphi 2 (LET-00);Salle de cours 14 (LET-00);86;non;5.5;lissée : 2025-11-25 08:00 · Salle de cours B_B1 (DEG-00)
H1b;E0039319;2025-12-01;13:30;15:30;Cours;Histoire sociale politiqu;L1 Sociologie;Amphi 2 (LET-00);Amphi C_A120 (DEG-00);104;non;2.0;relogée au même horaire (local variable selon la date)
H1b;E0039969;2025-12-02;11:00;12:00;CM;Histoire de l'art S1;<L1 Sociologie>1S-Déc Histoire de l'art CM S1;Amphi 2 (LET-00);Amphi C_A120 (DEG-00);104;oui;1.0;relogée au même horaire (série complète)
H1b;E0040131;2025-12-02;13:30;14:30;Cours;Civilisation S1;L1 LLCER - EA;Amphi 3 (LET-02);Amphi A_A150 (DEG-00);124;non;1.0;relogée au même horaire (local variable selon la date)
H1b;E0040314;2025-12-02;15:00;16:00;Cours;Civi pays anglo S1;L1 LEA - AE - langues spé;Amphi 3 (LET-02);Amphi A_A150 (DEG-00);140;non;1.0;relogée au même horaire (local variable selon la date)
H1b;E0042671;2025-12-08;08:00;10:30;CM;Histoire moderne;L1 Histoire;Amphi 1 (LET-00);Amphi C_A120 (DEG-00);103;non;2.5;relogée au même horaire (local variable selon la date)
H1b;E0043040;2025-12-08;13:30;15:30;Cours;Histoire sociale politiqu;L1 Sociologie;Amphi 2 (LET-00);Amphi C_A120 (DEG-00);104;non;2.0;relogée au même horaire (local variable selon la date)
H1b;E0043520;2025-12-09;09:30;10:40;Cours;Intro Sociologie S1;L1 Sociologie;Amphi 3 (LET-02);Amphi C_A120 (DEG-00);104;non;1.17;relogée au même horaire (local variable selon la date)
H1b;E0043643;2025-12-09;10:45;11:45;Cours;Histoire S1;<L1 Sociologie>1S-Déc Histoire-CM S1;Amphi 3 (LET-02);Amphi C_A120 (DEG-00);104;oui;1.0;relogée au même horaire (local variable selon la date)
H1b;E0043653;2025-12-09;11:00;12:30;CM;Histoire de l'art S1;<L1 Sociologie>1S-Déc Histoire de l'art CM S1;Amphi 2 (LET-00);Amphi C_A120 (DEG-00);104;oui;1.5;relogée au même horaire (série complète)
H1b;E0043782;2025-12-09;13:30;14:30;Cours;Civilisation S1;L1 LLCER - EA;Amphi 3 (LET-02);Amphi A_A150 (DEG-00);124;non;1.0;relogée au même horaire (local variable selon la date)
H1b;E0043906;2025-12-09;14:30;16:00;TD;Civilisation S1;<L1 LLCER - EA><groupes TD>TD C;Amphi 1 (LET-00);Salle de cours C_C03 (DEG-00);40;oui;1.5;relogée au même horaire (série complète)
H1b;E0043947;2025-12-09;15:00;16:00;Cours;Civi pays anglo S1;L1 LEA - AE - langues spé;Amphi 3 (LET-02);Amphi A_A150 (DEG-00);140;non;1.0;relogée au même horaire (local variable selon la date)
H1b;E0046648;2025-12-16;09:00;12:00;Contrôle Continu;Psychologie sociale;L2 Sociologie;Amphi 1 (LET-00);Salle de cours 107 (LET-00);65;non;3.0;relogée au même horaire (série complète)
H1b;E0046897;2025-12-16;13:30;15:30;Contrôle Continu;Intro Sociologie S1;L1 Sociologie;Amphi 3 (LET-02);Amphi C_A120 (DEG-00);104;non;2.0;relogée au même horaire (série complète)
H1b;E0053889;2026-01-21;08:00;10:00;CM;Monde contemporain;L1 Histoire;Amphi 1 (LET-00);Amphi C_A120 (DEG-00);103;non;2.0;relogée au même horaire (local variable selon la date)
H1b;E0053891;2026-01-21;08:00;10:00;TD;Découv chmps prof;L1 Sociologie;Amphi 3 (LET-02);Amphi C_A120 (DEG-00);104;non;2.0;relogée au même horaire (local variable selon la date)
H1b;E0053986;2026-01-21;09:30;10:30;CM;Civilisation S2;L1 LLCER - EA;Amphi 2 (LET-00);Amphi A_A150 (DEG-00);124;non;1.0;lissée : 2026-01-19 08:00 · Amphi G (DUB-00)
H1b;E0054105;2026-01-21;10:30;12:00;CM;Littérature S4;L2 LLCER - EA;Amphi 2 (LET-00);Salle de cours 14 (LET-00);83;non;1.5;relogée au même horaire (série complète)
H1b;E0054234;2026-01-21;13:30;15:30;CM;Economie et dév durable;L1 Sociologie;Amphi 1 (LET-00);Amphi C_A120 (DEG-00);104;non;2.0;relogée au même horaire (local variable selon la date)
H1b;E0054306;2026-01-21;14:00;16:30;CM;Histoire ancienne;L1 Histoire;Amphi 3 (LET-02);Amphi C_A120 (DEG-00);103;non;2.5;relogée au même horaire (local variable selon la date)
H1b;E0054712;2026-01-22;10:00;11:00;CM;9 - Hist lit cult art 6;L3 Lettres modernes;Amphi 1 (LET-00);Salle de cours 14 (LET-00);86;non;1.0;relogée au même horaire (série complète)
H1b;E0055619;2026-01-26;08:00;10:00;CM;Sociologie de la famille;L1 Sociologie;Amphi 2 (LET-00);Amphi C_A120 (DEG-00);104;non;2.0;relogée au même horaire (local variable selon la date)
H1b;E0055800;2026-01-26;10:00;12:00;CM;Méthodo l'observation 2;L1 Sociologie;Amphi 2 (LET-00);Amphi C_A120 (DEG-00);104;non;2.0;relogée au même horaire (local variable selon la date)
H1b;E0056013;2026-01-26;13:30;15:00;CM;Sociologie générale S2;L1 Sociologie;Amphi 3 (LET-02);Amphi C_A120 (DEG-00);104;non;1.5;relogée au même horaire (série complète)
H1b;E0056155;2026-01-26;15:15;16:45;CM;Géographie S2;<L1 Sociologie>2S-Découvrir la géographie;Amphi 3 (LET-02);Amphi C_A120 (DEG-00);104;oui;1.5;relogée au même horaire (série complète)
H1b;E0056921;2026-01-27;15:30;18:00;CM;Histoire médiévale;L1 Histoire;Amphi 1 (LET-00);Amphi C_A120 (DEG-00);103;non;2.5;relogée au même horaire (série complète)
H1b;E0057107;2026-01-28;08:00;10:00;CM;Monde contemporain;L1 Histoire;Amphi 1 (LET-00);Amphi C_A120 (DEG-00);103;non;2.0;relogée au même horaire (local variable selon la date)
H1b;E0057109;2026-01-28;08:00;10:00;TD;Découv chmps prof;L1 Sociologie;Amphi 3 (LET-02);Amphi C_A120 (DEG-00);104;non;2.0;lissée : 2026-01-26 15:30 · Amphi A_A150 (DEG-00)
H1b;E0057224;2026-01-28;09:30;10:30;CM;Civilisation S2;L1 LLCER - EA;Amphi 2 (LET-00);Amphi A_A150 (DEG-00);124;non;1.0;relogée au même horaire (local variable selon la date)
H1b;E0057360;2026-01-28;10:30;12:00;CM;Littérature S4;L2 LLCER - EA;Amphi 2 (LET-00);Salle de cours 14 (LET-00);83;non;1.5;relogée au même horaire (série complète)
H1b;E0057512;2026-01-28;13:30;15:30;CM;Economie et dév durable;L1 Sociologie;Amphi 1 (LET-00);Amphi C_A120 (DEG-00);104;non;2.0;relogée au même horaire (local variable selon la date)
H1b;E0057588;2026-01-28;14:00;15:30;Cours;Microéconomie 3;L2 Economie Gestion CMI;Amphi 2 (LET-00);Amphi C_A120 (DEG-00);119;non;1.5;relogée au même horaire (série complète)
H1b;E0057589;2026-01-28;14:00;16:30;CM;Histoire ancienne;L1 Histoire;Amphi 3 (LET-02);Amphi C_A120 (DEG-00);103;non;2.5;lissée : 2026-01-26 14:30 · AMPHI STID (STI-00)
H1b;E0057711;2026-01-28;15:45;17:15;Cours;Microéconomie 3;L2 Economie Gestion;Amphi 1 (LET-00);Amphi C_A120 (DEG-00);119;non;1.5;relogée au même horaire (série complète)
H1b;E0058997;2026-02-02;10:00;12:00;CM;Méthodo l'observation 2;L1 Sociologie;Amphi 2 (LET-00);Amphi C_A120 (DEG-00);104;non;2.0;relogée au même horaire (local variable selon la date)
H1b;E0060428;2026-02-04;09:30;10:30;CM;Civilisation S2;L1 LLCER - EA;Amphi 2 (LET-00);Amphi A_A150 (DEG-00);124;non;1.0;relogée au même horaire (local variable selon la date)
H1b;E0060574;2026-02-04;10:30;12:00;CM;Littérature S4;L2 LLCER - EA;Amphi 2 (LET-00);Salle de cours 14 (LET-00);83;non;1.5;relogée au même horaire (série complète)
H1b;E0060808;2026-02-04;14:00;16:30;CM;Histoire ancienne;L1 Histoire;Amphi 3 (LET-02);Amphi C_A120 (DEG-00);103;non;2.5;relogée au même horaire (local variable selon la date)
H1b;E0061284;2026-02-05;10:00;11:00;CM;9 - Hist lit cult art 6;L3 Lettres modernes;Amphi 1 (LET-00);Salle de cours 14 (LET-00);86;non;1.0;relogée au même horaire (série complète)
H1b;E0061352;2026-02-05;11:00;12:00;CM;Linguistique S2;L1 LLCER - EA;Amphi 2 (LET-00);Amphi A_A150 (DEG-00);124;non;1.0;relogée au même horaire (série complète)
H1b;E0061411;2026-02-05;12:00;13:00;CM;Littérature S2;L1 LLCER - EA;Amphi 2 (LET-00);Amphi A_A150 (DEG-00);124;non;1.0;relogée au même horaire (série complète)
H1b;E0062565;2026-02-09;11:00;12:00;CM;1 Litté française et fr 4;L2 Lettres classiques;Amphi 1 (LET-00);Salle de cours C_C19 (DEG-01);51;non;1.0;relogée au même horaire (série complète)
H1b;E0063258;2026-02-10;09:45;11:45;Contrôle Continu 1;Anglais L3 DEG S6;<L3 Droit><TD Anglais>Anglais L3 métiers du Droit Gp 1, Gp 2, Gp 3;Amphi 2 (LET-00);Amphi A_A150 (DEG-00);140;oui;2.0;relogée au même horaire (série complète)
H1b;E0063973;2026-02-11;09:30;10:30;CM;Civilisation S2;L1 LLCER - EA;Amphi 2 (LET-00);Amphi A_A150 (DEG-00);124;non;1.0;lissée : 2026-02-09 09:30 · Amphi G (DUB-00)
H1b;E0064105;2026-02-11;10:30;12:00;CM;Littérature S4;L2 LLCER - EA;Amphi 2 (LET-00);Salle de cours 14 (LET-00);83;non;1.5;relogée au même horaire (série complète)
H1b;E0064314;2026-02-11;14:00;16:30;CM;Histoire ancienne;L1 Histoire;Amphi 3 (LET-02);Amphi C_A120 (DEG-00);103;non;2.5;relogée au même horaire (local variable selon la date)
H1b;E0064857;2026-02-12;11:00;12:00;CM;Linguistique S2;L1 LLCER - EA;Amphi 3 (LET-02);Amphi A_A150 (DEG-00);124;non;1.0;relogée au même horaire (local variable selon la date)
H1b;E0064913;2026-02-12;12:00;13:00;CM;Littérature S2;L1 LLCER - EA;Amphi 3 (LET-02);Amphi A_A150 (DEG-00);124;non;1.0;relogée au même horaire (série complète)
H1b;E0065876;2026-02-23;10:00;12:00;CM;Méthodo l'observation 2;L1 Sociologie;Amphi 2 (LET-00);Amphi C_A120 (DEG-00);104;non;2.0;relogée au même horaire (local variable selon la date)
H1b;E0067213;2026-02-25;09:30;10:30;CM;Civilisation S2;L1 LLCER - EA;Amphi 2 (LET-00);Amphi A_A150 (DEG-00);124;non;1.0;relogée au même horaire (local variable selon la date)
H1b;E0067477;2026-02-25;13:30;15:30;CM;Economie et dév durable;L1 Sociologie;Amphi 2 (LET-00);Amphi C_A120 (DEG-00);104;non;2.0;relogée au même horaire (série complète)
H1b;E0067532;2026-02-25;14:00;16:30;CM;Histoire ancienne;L1 Histoire;Amphi 3 (LET-02);Amphi C_A120 (DEG-00);103;non;2.5;relogée au même horaire (local variable selon la date)
H1b;E0067851;2026-02-26;08:30;10:30;CM;Intro changt climatique;L1 Géo Aménagement;Amphi 2 (LET-00);Salle de cours C_C03 (DEG-00);43;non;2.0;relogée au même horaire (série complète)
H1b;E0068055;2026-02-26;11:00;12:00;CM;Linguistique S2;L1 LLCER - EA;Amphi 3 (LET-02);Amphi A_A150 (DEG-00);124;non;1.0;relogée au même horaire (local variable selon la date)
H1b;E0068120;2026-02-26;12:00;13:00;CM;Littérature S2;L1 LLCER - EA;Amphi 3 (LET-02);Amphi A_A150 (DEG-00);124;non;1.0;relogée au même horaire (série complète)
H1b;E0068964;2026-03-02;08:00;10:00;CM;Sociologie de la famille;L1 Sociologie;Amphi 2 (LET-00);Amphi C_A120 (DEG-00);104;non;2.0;relogée au même horaire (local variable selon la date)
H1b;E0069376;2026-03-02;13:30;15:00;CM;Sociologie générale S2;L1 Sociologie;Amphi 3 (LET-02);Amphi C_A120 (DEG-00);104;non;1.5;relogée au même horaire (série complète)
H1b;E0072847;2026-03-09;13:30;15:00;CM;Sociologie générale S2;L1 Sociologie;Amphi 3 (LET-02);Amphi C_A120 (DEG-00);104;non;1.5;relogée au même horaire (série complète)
H1b;E0072998;2026-03-09;15:15;16:45;CM;Géographie S2;<L1 Sociologie>2S-Découvrir la géographie;Amphi 3 (LET-02);Amphi C_A120 (DEG-00);104;oui;1.5;relogée au même horaire (série complète)
H1b;E0073771;2026-03-10;15:30;18:00;CM;Histoire médiévale;L1 Histoire;Amphi 2 (LET-00);Amphi C_A120 (DEG-00);103;non;2.5;relogée au même horaire (série complète)
H1b;E0074346;2026-03-11;13:30;15:30;CM;Economie et dév durable;L1 Sociologie;Amphi 2 (LET-00);Amphi C_A120 (DEG-00);104;non;2.0;relogée au même horaire (série complète)
H1b;E0074411;2026-03-11;14:00;16:30;CM;Histoire ancienne;L1 Histoire;Amphi 3 (LET-02);Amphi C_A120 (DEG-00);103;non;2.5;relogée au même horaire (local variable selon la date)
H1b;E0074902;2026-03-12;10:00;11:00;CM;9 - Hist lit cult art 6;L3 Lettres modernes;Amphi 2 (LET-00);Salle de cours 14 (LET-00);86;non;1.0;relogée au même horaire (série complète)
H1b;E0075027;2026-03-12;12:00;13:00;CM;Littérature S2;L1 LLCER - EA;Amphi 3 (LET-02);Amphi A_A150 (DEG-00);124;non;1.0;relogée au même horaire (série complète)
H1b;E0077520;2026-03-18;09:30;10:30;CM;Civilisation S2;L1 LLCER - EA;Amphi 2 (LET-00);Amphi A_A150 (DEG-00);124;non;1.0;relogée au même horaire (local variable selon la date)
H1b;E0077884;2026-03-18;14:00;16:30;CM;Histoire ancienne;L1 Histoire;Amphi 3 (LET-02);Amphi C_A120 (DEG-00);103;non;2.5;lissée : 2026-03-16 13:00 · Amphi G (DUB-00)
H1b;E0078218;2026-03-19;08:30;10:30;CM;Intro changt climatique;L1 Géo Aménagement;Amphi 2 (LET-00);Salle de cours C_C03 (DEG-00);43;non;2.0;relogée au même horaire (série complète)
H1b;E0078357;2026-03-19;10:00;11:00;CM;9 - Hist lit cult art 6;L3 Lettres modernes;Amphi 3 (LET-02);Salle de cours 14 (LET-00);86;non;1.0;relogée au même horaire (local variable selon la date)
H1b;E0078425;2026-03-19;11:00;12:00;CM;Linguistique S2;L1 LLCER - EA;Amphi 3 (LET-02);Amphi A_A150 (DEG-00);124;non;1.0;lissée : 2026-03-16 15:30 · Amphi G (DUB-00)
H1b;E0078485;2026-03-19;12:00;13:00;CM;Littérature S2;L1 LLCER - EA;Amphi 3 (LET-02);Amphi A_A150 (DEG-00);124;non;1.0;relogée au même horaire (série complète)
H1b;E0080832;2026-03-25;08:00;10:00;TD;Découv chmps prof;L1 Sociologie;Amphi 3 (LET-02);Amphi C_A120 (DEG-00);104;non;2.0;relogée au même horaire (local variable selon la date)
H1b;E0080942;2026-03-25;09:30;10:30;CM;Civilisation S2;L1 LLCER - EA;Amphi 2 (LET-00);Amphi A_A150 (DEG-00);124;non;1.0;relogée au même horaire (local variable selon la date)
H1b;E0081287;2026-03-25;14:00;16:30;CM;Histoire ancienne;L1 Histoire;Amphi 3 (LET-02);Amphi C_A120 (DEG-00);103;non;2.5;relogée au même horaire (local variable selon la date)
H1b;E0081755;2026-03-26;10:00;11:00;CM;9 - Hist lit cult art 6;L3 Lettres - CTD;Amphi 1 (LET-00);Salle de cours 14 (LET-00);86;non;1.0;relogée au même horaire (série complète)
H1b;E0081756;2026-03-26;10:00;11:00;CM;9 - Hist lit cult art 6;L3 Lettres modernes;Amphi 3 (LET-02);Salle de cours 14 (LET-00);86;non;1.0;relogée au même horaire (local variable selon la date)
H1b;E0083657;2026-03-31;10:00;12:00;CM;Monde moderne;L1 Histoire;Amphi 2 (LET-00);Amphi C_A120 (DEG-00);103;non;2.0;relogée au même horaire (série complète)
H1b;E0083993;2026-03-31;15:30;18:00;CM;Histoire médiévale;L1 Histoire;Amphi 1 (LET-00);Amphi C_A120 (DEG-00);103;non;2.5;relogée au même horaire (série complète)
H1b;E0084538;2026-04-01;13:30;15:30;CM;Economie et dév durable;L1 Sociologie;Amphi 1 (LET-00);Amphi C_A120 (DEG-00);104;non;2.0;relogée au même horaire (local variable selon la date)
H1b;E0084603;2026-04-01;14:00;16:30;CM;Histoire ancienne;L1 Histoire;Amphi 3 (LET-02);Amphi C_A120 (DEG-00);103;non;2.5;relogée au même horaire (local variable selon la date)
H1b;E0085117;2026-04-02;11:00;12:00;CM;Linguistique S2;L1 LLCER - EA;Amphi 3 (LET-02);Amphi A_A150 (DEG-00);124;non;1.0;relogée au même horaire (local variable selon la date)
H1b;E0085167;2026-04-02;12:00;13:00;CM;Littérature S2;L1 LLCER - EA;Amphi 3 (LET-02);Amphi A_A150 (DEG-00);124;non;1.0;relogée au même horaire (série complète)
H1b;E0087231;2026-04-22;10:00;12:00;Contrôle Continu;Sociologie des inégalités;L1 Sociologie;Amphi 3 (LET-02);Amphi C_A120 (DEG-00);104;non;2.0;relogée au même horaire (série complète)
H1b;E0087404;2026-04-22;14:00;16:30;CM;Histoire ancienne;L1 Histoire;Amphi 3 (LET-02);Amphi C_A120 (DEG-00);103;non;2.5;relogée au même horaire (local variable selon la date)
H1c;E0000047;2025-09-08;08:00;10:30;CM;Histoire moderne;L1 Histoire;Amphi 1 (LET-00);Amphi C_A120 (DEG-00);103;non;2.5;lissée : 2025-09-08 15:30 · Amphi H (DUB-00)
H1c;E0000049;2025-09-08;08:00;10:00;Cours;Méthodo l'observation 1;L1 Sociologie;Amphi 3 (LET-02);Amphi C_A120 (DEG-00);104;non;2.0;lissée : 2025-09-08 15:30 · Amphi A_A150 (DEG-00)
H1c;E0000203;2025-09-08;10:00;12:00;Cours;Enjeux sociaux contempo;L1 Sociologie;Amphi 3 (LET-02);Amphi C_A120 (DEG-00);104;non;2.0;lissée : 2025-09-09 15:30 · Amphi G (DUB-00)
H1c;E0000316;2025-09-08;12:00;13:00;Cours;Civi pays hispano S1;L1 LEA - AE - langues spé;Amphi 3 (LET-02);Amphi G (DUB-00);126;non;1.0;relogée au même horaire (série complète)
H1c;E0000847;2025-09-09;10:00;11:30;CM;3 Histoire langue fr 3;L2 Lettres classiques;Amphi 1 (LET-00);Amphi F (PAL-00);51;non;1.5;relogée au même horaire (série complète)
H1c;E0000903;2025-09-09;11:00;12:00;CM;Histoire de l'art S1;<L1 Sociologie>1S-Déc Histoire de l'art CM S1;Amphi 2 (LET-00);Amphi C_A120 (DEG-00);104;oui;1.0;lissée : 2025-09-08 08:00 · Amphi C_A120 (DEG-00)
H1c;E0000967;2025-09-09;12:30;14:00;Cours;Gram & thème angl S3 CM;L2 LEA - AA - écogestion;Amphi 2 (LET-00);Amphi F (PAL-00);74;non;1.5;relogée au même horaire (série complète)
H1c;E0001103;2025-09-09;14:00;15:00;Cours;Civi pays angl S3;L2 LEA - AA - écogestion;Amphi 2 (LET-00);Amphi F (PAL-00);74;non;1.0;relogée au même horaire (série complète)
H1c;E0001845;2025-09-11;08:00;10:00;CM;Introduction au monde ant;L1 Histoire;Amphi 1 (LET-00);Amphi C_A120 (DEG-00);103;non;2.0;lissée : 2025-09-09 15:30 · Amphi H (DUB-00)
H1c;E0003874;2025-09-16;11:00;12:00;CM;Histoire de l'art S1;<L1 Sociologie>1S-Déc Histoire de l'art CM S1;Amphi 2 (LET-00);Amphi C_A120 (DEG-00);104;oui;1.0;relogée au même horaire (local variable selon la date)
H1c;E0004633;2025-09-17;11:00;12:00;Cours;Littérature S1;L1 LLCER - EA;Amphi 3 (LET-02);Amphi G (DUB-00);124;non;1.0;relogée au même horaire (local variable selon la date)
H1c;E0005131;2025-09-18;08:00;10:00;CM;Introduction au monde ant;L1 Histoire;Amphi 1 (LET-00);Amphi A_A300 (DEG-00);103;non;2.0;relogée au même horaire (local variable selon la date)
H1c;E0005311;2025-09-18;09:45;11:15;Cours;Eco & Soutenabilité;L1 Economie et Gestion;Amphi 3 (LET-02);Amphi A_A300 (DEG-00);280;non;1.5;lissée : 2025-09-15 11:15 · Amphi A_A300 (DEG-00)
H1c;E0007258;2025-09-23;10:00;11:30;CM;3 Histoire langue fr 3;L2 Lettres classiques;Amphi 1 (LET-00);Amphi F (PAL-00);51;non;1.5;relogée au même horaire (série complète)
H1c;E0010714;2025-09-30;11:00;12:00;CM;Histoire de l'art S1;<L1 Sociologie>1S-Déc Histoire de l'art CM S1;Amphi 2 (LET-00);Amphi C_A120 (DEG-00);104;oui;1.0;relogée au même horaire (local variable selon la date)
H1c;E0013319;2025-10-06;08:00;10:00;Cours;Méthodo l'observation 1;L1 Sociologie;Amphi 3 (LET-02);Amphi C_A120 (DEG-00);104;non;2.0;lissée : 2025-10-06 15:30 · Amphi A_A150 (DEG-00)
H1c;E0014354;2025-10-07;10:00;11:30;CM;3 Histoire langue fr 3;L2 Lettres classiques;Amphi 1 (LET-00);Amphi F (PAL-00);51;non;1.5;relogée au même horaire (série complète)
H1c;E0018239;2025-10-14;11:00;12:00;CM;Histoire de l'art S1;<L1 Sociologie>1S-Déc Histoire de l'art CM S1;Amphi 2 (LET-00);Amphi C_A120 (DEG-00);104;oui;1.0;relogée au même horaire (local variable selon la date)
H1c;E0019130;2025-10-15;11:00;12:00;Cours;Littérature S1;L1 LLCER - EA;Amphi 3 (LET-02);Amphi G (DUB-00);124;non;1.0;relogée au même horaire (local variable selon la date)
H1c;E0020978;2025-10-20;08:00;10:30;CM;Histoire moderne;L1 Histoire;Amphi 1 (LET-00);Amphi C_A120 (DEG-00);103;non;2.5;relogée au même horaire (local variable selon la date)
H1c;E0020980;2025-10-20;08:00;10:00;Cours;Méthodo l'observation 1;L1 Sociologie;Amphi 3 (LET-02);Amphi C_A120 (DEG-00);104;non;2.0;lissée : 2025-10-20 15:30 · Amphi G (DUB-00)
H1c;E0024500;2025-11-03;10:00;12:00;Cours;Enjeux sociaux contempo;L1 Sociologie;Amphi 3 (LET-02);Amphi C_A120 (DEG-00);104;non;2.0;relogée au même horaire (local variable selon la date)
H1c;E0024702;2025-11-03;13:30;15:30;Cours;Histoire sociale politiqu;L1 Sociologie;Amphi 2 (LET-00);Amphi C_A120 (DEG-00);104;non;2.0;relogée au même horaire (série complète)
H1c;E0025324;2025-11-04;10:00;11:30;Examen;3 Histoire langue fr 3;L2 Lettres classiques;Amphi 1 (LET-00);Amphi F (PAL-00);51;non;1.5;relogée au même horaire (série complète)
H1c;E0027752;2025-11-07;10:30;11:30;CM;3 Initiation à la ling;L1 Lettres - CTD;Amphi 2 (LET-00);Amphi F (PAL-00);74;non;1.0;relogée au même horaire (série complète)
H1c;E0027771;2025-11-07;11:00;12:30;;Représentation du monde;L1 Géo Aménagement;Amphi 1 (LET-00);Amphi F (PAL-00);43;non;1.5;relogée au même horaire (série complète)
H1c;E0027820;2025-11-07;11:30;12:30;CM;1 Littérature française 1;L1 Lettres - CTD;Amphi 2 (LET-00);Amphi F (PAL-00);74;non;1.0;relogée au même horaire (série complète)
H1c;E0029028;2025-11-12;08:30;12:30;Examen;1 Littérature comparée 1;L2 Lettres modernes;Amphi 1 (LET-00);Amphi F (PAL-00);17;non;4.0;relogée au même horaire (série complète)
H1c;E0033950;2025-11-20;09:00;10:00;CM;3 Initiation à la ling;L1 Lettres - CTD;Amphi 2 (LET-00);Amphi F (PAL-00);74;non;1.0;relogée au même horaire (série complète)
H1c;E0037768;2025-11-27;09:00;14:30;Examen;Litté franç et franco 5;L3 Lettres modernes;Amphi 2 (LET-00);Amphi C_A120 (DEG-00);86;non;5.5;lissée : 2025-11-24 10:00 · Amphi A_A600 (DEG-00)
H1c;E0046571;2025-12-16;08:00;10:00;Contrôle Continu;Intro à la géographie-CM;L1 Géo Aménagement;Amphi 3 (LET-02);Amphi F (PAL-00);43;non;2.0;relogée au même horaire (série complète)
H1c;E0046648;2025-12-16;09:00;12:00;Contrôle Continu;Psychologie sociale;L2 Sociologie;Amphi 1 (LET-00);Amphi F (PAL-00);65;non;3.0;relogée au même horaire (série complète)
H1c;E0055682;2026-01-26;09:00;10:00;CM;1 Grammaire descriptive 2;L1 Lettres - CTD;Amphi 1 (LET-00);Amphi F (PAL-00);74;non;1.0;relogée au même horaire (série complète)
H1c;E0055865;2026-01-26;11:00;12:00;CM;1 Litté française et fr 4;L2 Lettres classiques;Amphi 1 (LET-00);Amphi F (PAL-00);51;non;1.0;relogée au même horaire (série complète)
H1c;E0056013;2026-01-26;13:30;15:00;CM;Sociologie générale S2;L1 Sociologie;Amphi 3 (LET-02);Amphi C_A120 (DEG-00);104;non;1.5;relogée au même horaire (série complète)
H1c;E0057308;2026-01-28;10:00;12:00;CM;Sociologie des inégalités;L1 Sociologie;Amphi 3 (LET-02);Amphi C_A120 (DEG-00);104;non;2.0;lissée : 2026-01-26 15:30 · Amphi H (DUB-00)
H1c;E0057360;2026-01-28;10:30;12:00;CM;Littérature S4;L2 LLCER - EA;Amphi 2 (LET-00);Amphi C_A120 (DEG-00);83;non;1.5;relogée au même horaire (série complète)
H1c;E0058997;2026-02-02;10:00;12:00;CM;Méthodo l'observation 2;L1 Sociologie;Amphi 2 (LET-00);Amphi C_A120 (DEG-00);104;non;2.0;relogée au même horaire (série complète)
H1c;E0061137;2026-02-05;08:30;10:30;CM;Intro changt climatique;L1 Géo Aménagement;Amphi 2 (LET-00);Amphi F (PAL-00);43;non;2.0;relogée au même horaire (série complète)
H1c;E0064646;2026-02-12;08:30;10:30;CM;Intro changt climatique;L1 Géo Aménagement;Amphi 2 (LET-00);Amphi F (PAL-00);43;non;2.0;relogée au même horaire (série complète)
H1c;E0064857;2026-02-12;11:00;12:00;CM;Linguistique S2;L1 LLCER - EA;Amphi 3 (LET-02);Amphi G (DUB-00);124;non;1.0;relogée au même horaire (local variable selon la date)
H1c;E0068964;2026-03-02;08:00;10:00;CM;Sociologie de la famille;L1 Sociologie;Amphi 2 (LET-00);Amphi C_A120 (DEG-00);104;non;2.0;relogée au même horaire (série complète)
H1c;E0075027;2026-03-12;12:00;13:00;CM;Littérature S2;L1 LLCER - EA;Amphi 3 (LET-02);Amphi G (DUB-00);124;non;1.0;relogée au même horaire (série complète)
H1c;E0077884;2026-03-18;14:00;16:30;CM;Histoire ancienne;L1 Histoire;Amphi 3 (LET-02);Amphi C_A120 (DEG-00);103;non;2.5;lissée : 2026-03-16 13:00 · Amphi G (DUB-00)
H1c;E0078357;2026-03-19;10:00;11:00;CM;9 - Hist lit cult art 6;L3 Lettres modernes;Amphi 3 (LET-02);Amphi C_A120 (DEG-00);86;non;1.0;relogée au même horaire (série complète)
H1c;E0078425;2026-03-19;11:00;12:00;CM;Linguistique S2;L1 LLCER - EA;Amphi 3 (LET-02);Amphi G (DUB-00);124;non;1.0;lissée : 2026-03-16 15:30 · Amphi G (DUB-00)
H1c;E0082989;2026-03-30;11:00;12:00;CM;1 Litté française et fr 4;L2 Lettres classiques;Amphi 1 (LET-00);Amphi F (PAL-00);51;non;1.0;relogée au même horaire (série complète)
H1c;E0084938;2026-04-02;08:30;10:30;CM;Intro changt climatique;L1 Géo Aménagement;Amphi 2 (LET-00);Amphi F (PAL-00);43;non;2.0;relogée au même horaire (série complète)
H1c;E0085117;2026-04-02;11:00;12:00;CM;Linguistique S2;L1 LLCER - EA;Amphi 3 (LET-02);Amphi G (DUB-00);124;non;1.0;relogée au même horaire (local variable selon la date)
H1c;E0085167;2026-04-02;12:00;13:00;CM;Littérature S2;L1 LLCER - EA;Amphi 3 (LET-02);Amphi G (DUB-00);124;non;1.0;relogée au même horaire (série complète)
