NOM_DIP;EFFECTIF_MANUEL
1ère année CPI;
2ème année CPI;
<1ère année CPI><Groupes TP>CPI1 TP Gr1;
<1ère année CPI><Groupes TP>CPI1 TP Gr2;
<1ère année CPI>CPI1 A1 Allemand;
<1ère année CPI>CPI1 A2 Allemand;
<1ère année CPI>CPI1 B1-B2 Allemand;
<1ère année CPI>CPI1 Espagnol;
<1ère année CPI>CPI1 Russe;
<2ème année CPI><Groupes TP Thermochimie>CPI2 TP Thermo GrA;
<2ème année CPI><Groupes TP Thermochimie>CPI2 TP Thermo GrB;
<2ème année CPI><Groupes TP Thermochimie>CPI2 TP Thermo GrC;
<2ème année CPI><Groupes TP>CPI2 TP Gr1;
<2ème année CPI><Groupes TP>CPI2 TP Gr2;
<2ème année CPI>CPI2 Allemand;
<2ème année CPI>CPI2 Espagnol;
<APILS><Groupes TP>Apils groupe 1;
<APILS><Groupes TP>Apils groupe 2;
<APILS><Parcours>APILS MIASHS;
<APILS><Parcours>APILS MIPC;
<APILS><Parcours>APILS SDV;
<APILS>APILS - Intro SDT;
<APILS>APILS - Méthodo Sciences exp;
<APILS>APILS - PEP'S 1;
<Autres langues et autres UE CRL><Autres langues>LV Allemand niveau A1 GR 1;
<Autres langues et autres UE CRL><Autres langues>LV Allemand niveau A1 GR 2;
<Autres langues et autres UE CRL><Autres langues>LV Allemand niveau A2;
<Autres langues et autres UE CRL><Autres langues>LV Allemand niveau B2;
<Autres langues et autres UE CRL><Autres langues>LV Basque niveau A1 GR 1;
<Autres langues et autres UE CRL><Autres langues>LV Basque niveau A1 GR 2;
<Autres langues et autres UE CRL><Autres langues>LV Basque niveau A2 / B1;
<Autres langues et autres UE CRL><Autres langues>LV Occitan niveau A1;
<Autres langues et autres UE CRL><Autres langues>LV Occitan niveau A2 / B1;
<Autres langues et autres UE CRL><Autres langues>LV Portugais niveau A1 GR 1;
<Autres langues et autres UE CRL><Autres langues>LV Portugais niveau A1 GR 2;
<Autres langues et autres UE CRL><Autres langues>LV Portugais niveau A1 GR 3;
<Autres langues et autres UE CRL><Autres langues>LV Portugais niveau A1 GR 4;
<Autres langues et autres UE CRL><Autres langues>LV Portugais niveau B1;
<Autres langues et autres UE CRL><Autres langues>LV Portugais niveau B2;
<Autres langues et autres UE CRL><Autres langues>LV Portugais niveau B2.1 / B2.2;
<Autres langues et autres UE CRL><Autres langues>LV Russe niveau A1 GR 1;
<Autres langues et autres UE CRL><Autres langues>LV Russe niveau A1 GR 2;
<Autres langues et autres UE CRL><Autres langues>LV Russe niveau A1 GR 3;
<Autres langues et autres UE CRL><Autres langues>LV Russe niveau A1.1;
<Autres langues et autres UE CRL><Autres langues>LV Russe niveau A2;
<Autres langues et autres UE CRL><Autres langues>LV Russe niveau B1 / B1.1;
<Autres langues et autres UE CRL><Autres UE>Anglais - Ecole Doctorale;
<Autres langues et autres UE CRL><Autres UE>Italien - Personnel + Doctorants niveau A0 / A1;
<BUT 1 - MTEE><Groupes TD>TD1;
<BUT 1 - MTEE><Groupes TD>TD2;
<BUT 1 - MTEE><Groupes TP prime>TP1p;
<BUT 1 - MTEE><Groupes TP prime>TP2p;
<BUT 1 - MTEE><Groupes TP prime>TP3p;
<BUT 1 - MTEE><Groupes TP prime>TP4p;
<BUT 1 - MTEE><Groupes TP>TP1;
<BUT 1 - MTEE><Groupes TP>TP2;
<BUT 1 - MTEE><Groupes TP>TP3;
<BUT 1 - MTEE><Groupes TP>TP4;
<BUT 1 GB><Groupe TD>GB1 TD A;
<BUT 1 GB><Groupe TD>GB1 TD B;
<BUT 1 GB><Groupes TP>GB1 TP A1;
<BUT 1 GB><Groupes TP>GB1 TP A2;
<BUT 1 GB><Groupes TP>GB1 TP B1;
<BUT 1 GB><Groupes TP>GB1 TP B2;
<BUT 1 R&T><Groupes TD RT1>RT1 TDA;
<BUT 1 R&T><Groupes TD RT1>RT1 TDB;
<BUT 1 R&T><Groupes TP RT1>RT1 TP G1;
<BUT 1 R&T><Groupes TP RT1>RT1 TP G2;
<BUT 1 R&T><Groupes TP RT1>RT1 TP G3;
<BUT 1 R&T><Groupes TP RT1>RT1 TP G4;
<BUT 1 SD><TD>BUT 1 SD TD 01;
<BUT 1 SD>TD2;
<BUT 1 SD>TP1;
<BUT 1 SD>TP2;
<BUT 1 SGM><Groupe TP>TP1;
<BUT 1 SGM><Groupe TP>TP2;
<BUT 1 SGM><Groupe TP>TP3;
<BUT 1 SGM><Groupes TD>TDA;
<BUT 1 SGM><Groupes TD>TDB;
<BUT 1 SGM><Groupes TP ded>TPA;
<BUT 1 SGM><Groupes TP ded>TPB;
<BUT 1 SGM><Groupes TP ded>TPC;
<BUT 1 SGM><Groupes TP ded>TPD;
<BUT 2 - GEA - GCFF><Groupes TD>2E1;
<BUT 2 - GEA - GEMA><groupes TD>2E2;
<BUT 2 GB><groupes TD>GB2 TD A;
<BUT 2 GB><groupes TD>GB2 TD B;
<BUT 2 GB><groupes TP>GB2 TP A1;
<BUT 2 GB><groupes TP>GB2 TP B1;
<BUT 2 GB><groupes TP>GB2 TP B2;
<BUT 2 MTEE - Optimisation><Groupes TD>TD1 FI;
<BUT 2 MTEE - Optimisation><Groupes TP>TP1 FI;
<BUT 2 MTEE - Optimisation><Groupes TP>TP2 FI;
<BUT 2 MTEE - Optimisation><Groupes TP>TP3 FA;
<BUT 2 MTEE - Optimisation><Groupes TP>TP4 FA;
<BUT 2 MTEE - Réalisation><Groupes TP>TP1 FI;
<BUT 2 MTEE - Réalisation><Groupes TP>TP2 FI;
<BUT 2 MTEE - Réalisation><Groupes TP>TP3 FA;
<BUT 2 MTEE - Réalisation><Groupes TP>TP4 FA;
<BUT 2 SGM - MIMP><Alternants/parcours initiaux>Parcours initiaux;
<BUT 2 SGM - MRVM><Alternants/Parcours initiaux>Parcours initiaux;
<BUT 2 Tech. de Co. - BD><GROUPES TP>TPB;
<BUT 2 Tech. de Co. - MDEE><GROUPES TP>TPA;
<BUT 2 Tech. de Co. - MDEE><GROUPES TP>TPB;
<BUT 2 Tech. de Co. - SME><GROUPES TP>TPA;
<BUT 2 Tech. de Co. - SME><GROUPES TP>TPB;
<BUT 3 - GEA - GEMA><Groupes TD GEMA>3E2;
<BUT 3 GB><Groupes Alternants/Initiaux>GB_IFRIA;
<BUT 3 GB><Groupes Alternants/Initiaux>GB_INITIAUX;
<BUT 3 GB><Groupes Alternants/Initiaux>GB_UPPA;
<BUT 3 GB><Groupes TD>GB3_TD1;
<BUT 3 GB><Groupes TD>GB3_TD2;
<BUT 3 GB><Groupes TP GB3>TP GB_A;
<BUT 3 GB><Groupes TP GB3>TP GB_B;
<BUT 3 GB><Groupes TP GB3>TP GB_C;
<BUT 3 GEA - GCFF><Groupes TD GC2F>3E1;
<BUT 3 MTEE - Optimisation><TP>TP1-OPTIM;
<BUT 3 MTEE - Optimisation><TP>TP2-OPTIM;
<BUT 3 SGM - MRVM><Parcours initiaux/alternants>Parcours initiaux;
<BUT2- Tech de Co - BI><GROUPES TP>TPA;
<BUT2- Tech de Co - BI><GROUPES TP>TPB;
<BUT3 SGM - MIMP><Alternants/parcours initiaux>Parcours initiaux;
<CRL>DUI ITALIEN 1C;
<D.U Etudes franç. B1 S1><Groupe 3 B1 S1>TD Groupe 3 B1 S1;
<D.U Etudes franç. B1 S1><Groupe 4 B1 S1>TD Groupe 4 B1 S1;
<D.U Etudes franç. B1 S2><TD Groupe 3 DUEF B1 S2>TD Groupe 3 DUEF B1 S2;
<D.U Etudes franç. B2 S1><Groupe 6  B2 S1>TD Groupe 6 B2 S1;
<D.U Etudes franç. B2 S2><TD Groupe 4 B2 S2>TD Groupe 4 B2 S2;
<D.U Etudes franç. B2 S2><TD groupe 5 B2 S2>TD Groupe 5 B2 S2;
<D.U Etudes franç. C1 S1><Groupe 7 C1 S1>TD Groupe 7 C1 S1;
<D.U International><DU INTERNATIONAL 24-25>D.U Intern TD  EC1 ESPAGNOL ETUD CB;
<D.U International><DU INTERNATIONAL 24-25>D.U Intern TD EC1 ANGLAIS ETUD CB;
<D.U International><DU INTERNATIONAL 24-25>D.U. Intern TD EC1 ITALIEN ETUD CB;
<D.U Métiers admin gen ter><GROUPE 1 COSOLUCE>GROUPE 1 COSOLUCE;
<D.U Métiers admin gen ter><GROUPE 2 COSOLUCE>GROUPE 2 COSOLUCE;
<DAEU Pau mixte global>EN;
<DAEU Pau mixte global>FR;
<DAEU Pau mixte global>Géographie;
<DAEU Pau mixte global>Histoire;
<DAEU Pau mixte global>Méthodologie;
<DU 4e Géoénerg, Env & mat>CMI GEM Phys. Thematic Culture;
<DU 4e Maths & Ingénierie>CMI Maths Thematic Culture;
<DU 5e Géoénerg, Env & mat>CMI SGM Chimie - Thematic Culture;
<DU ERASMUS - 2EI>Charlotte TIDOH TIONA;
<DU ERASMUS - 2EI>Claudia CORIONI;
<DU ERASMUS - 2EI>Dario De FUREGONI;
<DU ERASMUS - 2EI>Giuditta DELORENZI;
<DU ERASMUS - 2EI>Jasmine BOURGOIN;
<DU ERASMUS - 2EI>Kenzo MUYUMBU;
<DU ERASMUS - 2EI>Lola CIRRINCIONE;
<DU ERASMUS - 2EI>MILANAIS;
<DU ERASMUS - 2EI>Sarah BOUHAJA;
<DU ERASMUS - 2EI>Tommaso PANZAVOLTA;
<DU ERASMUS - SSH><TD ANGLAIS>Anglais L2 SSH Gp Etoile;
<DU ERASMUS - STEE PAU>DU ERASMUS  Analyse chimique 1;
<DU ERASMUS - STEE PAU>DU ERASMUS  Propriétés diélectriques;
<DU ERASMUS - STEE PAU>DU ERASMUS  Propriétés thermophysiques;
<DU ERASMUS - STEE PAU>DU ERASMUS  Résistance des matériaux;
<DU ERASMUS - STEE PAU>DU ERASMUS  Électrochimie;
<DU ERASMUS - STEE PAU>DU ERASMUS  Électrochimie corrosion;
<DU ERASMUS - STEE PAU>DU ERASMUS  Électrocinétique/électricité;
<DU ERASMUS - STEE PAU>DU ERASMUS  Électromagnétisme;
<DU Etudes franç. A2 S1><Groupe 2 - A2 S1>TD groupe 2 - A2 S1;
<DU Etudes françaises A1S1><Groupe 1 A1/A2 S1>TD Groupe 1 A1/A2 S1;
<ENSGTI 1ère G.E.I.I><S6_GEII_LV2>S6_GEII_Allemand;
<ENSGTI 1ère G.E.I.I><S6_GEII_LV2>S6_GEII_Espagnol_TD1;
<ENSGTI 1ère G.E.I.I><S6_GEII_LV2>S6_GEII_Espagnol_TD2;
<ENSGTI 1ère G.E.I.I><S6_GEII_LV2>S6_GEII_Espagnol_TD3;
<ENSGTI 2ème G.E.I.I><2AGEII_Anglais_TD>2A_GEII_Anglais_TD1;
<ENSGTI 2ème G.E.I.I><2AGEII_Anglais_TD>2A_GEII_Anglais_TD3;
<ENSGTI 2ème G.E.I.I><2AGEII_LV2_TD>2A_GEII_Espagnol_TD1;
<ENSGTI 2ème G.E.I.I><2AGEII_LV2_TD>2A_GEII_Espagnol_TD2;
<ENSGTI 2ème G.E.I.I><2AGEII_LV2_TD>2A_GEII_Espagnol_TD3;
<ENSGTI 3  Energ SB><spe/contrat_pro>3A_SB_Fise;
<ENSGTI 3 Energ TEDDI><spe/contrat_pro>3A_TEDDI_Fise;
<ENSGTI 3A Génie Proc-CPAO><spe/contrat_pro>3A_CPAO_FISE;
<ENSGTI SPE ENERG 1><S5_EN_TC_TD>S5_EN_TC_TD1;
<ENSGTI SPE ENERG 1><S5_EN_TC_TD>S5_EN_TC_TD2;
<ENSGTI SPE ENERG 1><S5_EN_TC_TD>S5_EN_TC_TD3;
<ENSGTI SPE ENERG 1><S5_EN_TC_TD>S5_EN_TD_ info;
<ENSGTI SPE ENERG 1><S6_EN_LV2>S6_EN_Allemand;
<ENSGTI SPE ENERG 1><S6_EN_LV2>S6_EN_Espagnol_TD1;
<ENSGTI SPE ENERG 1><S6_EN_LV2>S6_EN_Espagnol_TD2;
<ENSGTI SPE ENERG 1><S6_EN_LV2>S6_EN_Espagnol_TD3;
<ENSGTI SPE ENERG 1><S6_EN_SPE_TD>S6_EN_SPE_TD1;
<ENSGTI SPE ENERG 1><S6_EN_SPE_TD>S6_EN_SPE_TD2;
<ENSGTI SPE ENERG 1><S6_EN_TC_TD>S6_EN_TC_TD1;
<ENSGTI SPE ENERG 1><S6_EN_TC_TD>S6_EN_TC_TD2;
<ENSGTI SPE ENERG 1><S6_EN_TC_TD>S6_EN_TC_TD3;
<ENSGTI SPE ENERG 2><S7_EN_Anglais>S7_EN_Anglais_TD1;
<ENSGTI SPE ENERG 2><S7_EN_Anglais>S7_EN_Anglais_TD2;
<ENSGTI SPE ENERG 2><S7_EN_Anglais>S7_EN_Anglais_TD3;
<ENSGTI SPE ENERG 2><S7_EN_Anglais>S7_EN_Anglais_TD4;
<ENSGTI SPE ENERG 2><S7_EN_LV2>S7_EN_Espagnol_TD1;
<ENSGTI SPE ENERG 2><S7_EN_LV2>S7_EN_Espagnol_TD2;
<ENSGTI SPE ENERG 2><S7_EN_LV2>S7_EN_Espagnol_TD3;
<ENSGTI SPE ENERG 2><S7_EN_SPE_TD>S7_EN_SPE_TD1;
<ENSGTI SPE ENERG 2><S7_EN_SPE_TD>S7_EN_SPE_TD2;
<ENSGTI SPE ENERG 2><S7_EN_TC_TD>S7_EN_TC_TD1;
<ENSGTI SPE ENERG 2><S7_EN_TC_TD>S7_EN_TC_TD2;
<ENSGTI SPE ENERG 2><S7_EN_TC_TD>S7_EN_TC_TD3;
<ENSGTI SPE ENERG 2><S8_EN_MARK_TD>S8_EN_MARK_TD1;
<ENSGTI SPE ENERG 2><S8_EN_MARK_TD>S8_EN_MARK_TD2;
<ENSGTI SPE ENERG 2><S8_EN_SPE_TD>S8_EN_SPE_TD1;
<ENSGTI SPE ENERG 2><S8_EN_SPE_TD>S8_EN_SPE_TD2;
<ENSGTI SPE ENERG 2><S8_EN_TC_TD>S8_EN_TC_TD1;
<ENSGTI SPE ENERG 2><S8_EN_TC_TD>S8_EN_TC_TD2;
<ENSGTI SPE ENERG 2><S8_EN_TC_TD>S8_EN_TC_TD3;
<ENSGTI SPE G PROC 1><S5_GP_TC_TD>S5_GP_TC_info;
<ENSGTI SPE G PROC 1><S5_GP_TC_TD>S5_GP_TC_TD1;
<ENSGTI SPE G PROC 1><S5_GP_TC_TD>S5_GP_TC_TD2;
<ENSGTI SPE G PROC 1><S5_GP_TC_TD>S5_GP_TC_TD3;
<ENSGTI SPE G PROC 1><S6_GP_LV2>S6_GP_Allemand;
<ENSGTI SPE G PROC 1><S6_GP_LV2>S6_GP_Espagnol_TD1;
<ENSGTI SPE G PROC 1><S6_GP_LV2>S6_GP_Espagnol_TD2;
<ENSGTI SPE G PROC 1><S6_GP_LV2>S6_GP_Espagnol_TD3;
<ENSGTI SPE G PROC 1><S6_GP_SPE_TD>S6_GP_SPE_TD1;
<ENSGTI SPE G PROC 1><S6_GP_SPE_TD>S6_GP_SPE_TD2;
<ENSGTI SPE G PROC 1><S6_GP_TC_TD>S6_GP_TC_TD1;
<ENSGTI SPE G PROC 1><S6_GP_TC_TD>S6_GP_TC_TD2;
<ENSGTI SPE G PROC 1><S6_GP_TC_TD>S6_GP_TC_TD3;
<ENSGTI SPE G PROC 2><S7_GP_Anglais>S7_GP_Anglais_TD1;
<ENSGTI SPE G PROC 2><S7_GP_Anglais>S7_GP_Anglais_TD2;
<ENSGTI SPE G PROC 2><S7_GP_Anglais>S7_GP_Anglais_TD3;
<ENSGTI SPE G PROC 2><S7_GP_Anglais>S7_GP_Anglais_TD4;
<ENSGTI SPE G PROC 2><S7_GP_LV2>S7_GP_Espagnol_TD1;
<ENSGTI SPE G PROC 2><S7_GP_LV2>S7_GP_Espagnol_TD2;
<ENSGTI SPE G PROC 2><S7_GP_LV2>S7_GP_Espagnol_TD3;
<ENSGTI SPE G PROC 2><S7_GP_SPE_TD>S7_GP_SPE_TD1;
<ENSGTI SPE G PROC 2><S7_GP_SPE_TD>S7_GP_SPE_TD2;
<ENSGTI SPE G PROC 2><S7_GP_TC_TD>S7_GP_TC_TD1;
<ENSGTI SPE G PROC 2><S7_GP_TC_TD>S7_GP_TC_TD2;
<ENSGTI SPE G PROC 2><S7_GP_TC_TD>S7_GP_TC_TD3;
<ENSGTI SPE G PROC 2><S8_GP_MARK_TD>S8_GP_MARK_TD1;
<ENSGTI SPE G PROC 2><S8_GP_MARK_TD>S8_GP_MARK_TD2;
<ENSGTI SPE G PROC 2><S8_GP_SPE_TD>S8_GP_SPE_TD1;
<ENSGTI SPE G PROC 2><S8_GP_SPE_TD>S8_GP_SPE_TD2;
<ENSGTI SPE G PROC 2><S8_GP_TC_TD>S8_GP_TC_TD1;
<ENSGTI SPE G PROC 2><S8_GP_TC_TD>S8_GP_TC_TD2;
<ENSGTI SPE G PROC 2><S8_GP_TC_TD>S8_GP_TC_TD3;
<ENSGTI3 A Génie Proc - PE><spe/contrat_pro>3A_PE_Fise;
<Ingénieurs ISA BTP 1><Groupes TD>ISA1 TD1;
<Ingénieurs ISA BTP 1><Groupes TD>ISA1 TD2;
<Ingénieurs ISA BTP 1><Groupes TP>ISA1 TP1;
<Ingénieurs ISA BTP 1><Groupes TP>ISA1 TP2;
<Ingénieurs ISA BTP 1><Groupes TP>ISA1 TP3;
<Ingénieurs ISA BTP 1><Groupes TP>ISA1 TP4;
<Ingénieurs ISA BTP 2><Groupes TD>ISA2 TD1;
<Ingénieurs ISA BTP 2><Groupes TD>ISA2 TD2;
<Ingénieurs ISA BTP 2><Groupes TP>ISA2 TP1;
<Ingénieurs ISA BTP 2><Groupes TP>ISA2 TP2;
<Ingénieurs ISA BTP 2><Groupes TP>ISA2 TP3;
<Ingénieurs ISA BTP 2><Groupes TP>ISA2 TP4;
<Ingénieurs ISABTP3 - FISE><Groupes TD>TD1;
<Ingénieurs ISABTP3 - FISE><Groupes TD>TD2;
<Ingénieurs ISABTP3 - FISE><Groupes TP>TP1;
<Ingénieurs ISABTP3 - FISE><Groupes TP>TP2;
<Ingénieurs ISABTP3 - FISE><Groupes TP>TP3;
<Ingénieurs ISABTP3 - FISE><Groupes TP>TP4;
<Ingénieurs ISABTP3 - FISE><ISA3 Prépa TOEIC>Prépa TOEIC;
<Ingénieurs ISABTP3 - FISE>Mise à Niveau Techno;
<ISA NUM 1ère année><Groupe Espagnol>Espagnol Avancé;
<ISA NUM 1ère année><Groupe Espagnol>Espagnol Débutant;
<ISA NUM 1ère année><Groupe TP>TP Groupe 1;
<ISA NUM 1ère année><Groupe TP>TP Groupe 2;
<ISA NUM 2ème année><Groupes Anglais>Niveau Avancé;
<ISA NUM 2ème année><Groupes Anglais>Niveau Débutant;
<ISA NUM 2ème année><Groupes Espagnol>Avancé;
<ISA NUM 2ème année><Groupes Espagnol>Débutant;
<ISA NUM 2ème année><Groupes TD>Groupe A;
<ISA NUM 2ème année><Groupes TD>Groupe B;
<ISA NUM 2ème année><Groupes TP>Groupe TP 1;
<ISA NUM 2ème année><Groupes TP>Groupe TP 2;
<L1 AES><TD Anglais>Anglais L1 DEG Gp 1;
<L1 AES><TD Anglais>Anglais L1 DEG Gp 10;
<L1 AES><TD Anglais>Anglais L1 DEG Gp 11;
<L1 AES><TD Anglais>Anglais L1 DEG Gp 12;
<L1 AES><TD Anglais>Anglais L1 DEG Gp 13;
<L1 AES><TD Anglais>Anglais L1 DEG Gp 14;
<L1 AES><TD Anglais>Anglais L1 DEG Gp 15;
<L1 AES><TD Anglais>Anglais L1 DEG Gp 2;
<L1 AES><TD Anglais>Anglais L1 DEG Gp 3;
<L1 AES><TD Anglais>Anglais L1 DEG Gp 4;
<L1 AES><TD Anglais>Anglais L1 DEG Gp 5;
<L1 AES><TD Anglais>Anglais L1 DEG Gp 6;
<L1 AES><TD Anglais>Anglais L1 DEG Gp 7;
<L1 AES><TD Anglais>Anglais L1 DEG Gp 8;
<L1 AES><TD Anglais>Anglais L1 DEG Gp 9;
<L1 AES><TD Comptabilité>Groupe 1;
<L1 AES><TD Comptabilité>Groupe 3;
<L1 AES><TD Comptabilité>Groupe 4;
<L1 AES><TD Droit civil L1 AES Sem. 2>Groupe 2;
<L1 AES><TD Droit civil L1 AES Sem. 2>Groupe 3;
<L1 AES><TD Droit constitutionnel>Groupe 1;
<L1 AES><TD Droit constitutionnel>Groupe 10;
<L1 AES><TD Droit constitutionnel>Groupe 5;
<L1 AES><TD Droit constitutionnel>Groupe 9;
<L1 AES><TD Economie et soutenabilité>Groupe 1;
<L1 AES><TD Economie et soutenabilité>Groupe 2;
<L1 AES><TD Economie et soutenabilité>Groupe 3;
<L1 AES><TD Economie et soutenabilité>Groupe 4;
<L1 AES><TD Economie et soutenabilité>Groupe 5;
<L1 AES><TD Economie générale>Groupe 1;
<L1 AES><TD Economie générale>Groupe 2;
<L1 AES><TD Espagnoll>Espagnol L1 DEG GR 1;
<L1 AES><TD Espagnoll>Espagnol L1 DEG GR 2;
<L1 AES><TD Espagnoll>Espagnol L1 DEG GR 3;
<L1 AES><TD Expression française>Groupe 3;
<L1 AES><TD Expression française>Groupe 4;
<L1 AES><TD Expression française>Groupe 6;
<L1 AES><TD Introduction au droit civil>Groupe 1;
<L1 AES><TD Introduction au droit civil>Groupe 2;
<L1 AES><TD Introduction au droit civil>Groupe 6;
<L1 AES><TD Introduction à la gestion>Groupe 2;
<L1 AES><TD Introduction à la gestion>Groupe 4;
<L1 AES><TD Introduction à la gestion>Groupe 5;
<L1 AES><TD Théorie des organisations>Groupe 2;
<L1 AES><TD Théorie des organisations>Groupe 5;
<L1 AES><TD Théorie des organisations>Groupe 7;
<L1 AES>ERASMUS DAY;
<L1 AES>Réunion information ERASMUS;
<L1 AES>Tutorat L1 AES;
<L1 AES>UE Transverse Histoire des faits économiques;
<L1 AES>UE Transverse Histoire des institutions contemporaines;
<L1 AES>UE Transverse Histoire Economique de l'Europe;
<L1 AES>XXX-Webinaire Présentation DU International;
<L1 Biologie Org.><L1 Bio Animation scientifique>L1 Bio / L1 PC Animation scientifique- Groupe A;
<L1 Biologie Org.><L1 Bio Animation scientifique>L1 Bio / L1 PC Animation scientifique-Groupe B;
<L1 Biologie Org.><L1 Bio Groupe Anglais>L1 Bio Groupe 1;
<L1 Biologie Org.><L1 Bio Groupe Anglais>L1 Bio Groupe 2;
<L1 Biologie Org.><L1 Bio Groupe Anglais>L1 Bio Groupe 3;
<L1 Biologie Org.><L1 Bio Groupe Anglais>L1 Bio Groupe 4;
<L1 Biologie Org.><L1 Bio Groupe Anglais>L1 Bio Groupe 5;
<L1 Biologie Org.><L1 Bio Groupe Anglais>L1 Bio Groupe 6;
<L1 Biologie Org.><L1 Bio TP obligatoires>L1 Bio TP obligatoires  01;
<L1 Biologie Org.><L1 Bio TP obligatoires>L1 Bio TP obligatoires  02;
<L1 Biologie Org.><L1 Bio TP obligatoires>L1 Bio TP obligatoires  03;
<L1 Biologie Org.><L1 Bio TP obligatoires>L1 Bio TP obligatoires  04;
<L1 Biologie Org.><L1 Bio TP obligatoires>L1 Bio TP obligatoires  05;
<L1 Biologie Org.><L1 Bio. Accueil BU>L1 Bio. Accueil BU Gr 1;
<L1 Biologie Org.><L1 Bio. Accueil BU>L1 Bio. Accueil BU Gr 2;
<L1 Biologie Org.><L1 Bio. Accueil BU>L1 Bio. Accueil BU Gr 3;
<L1 Biologie Org.><L1 Bio. Accueil BU>L1 Bio. Accueil BU Gr 4;
<L1 Biologie Org.><L1 Bio. Accueil BU>L1 Bio. Accueil BU Gr 5;
<L1 Biologie Org.><L1 Bio. Accueil BU>L1 Bio. Accueil BU Gr 6;
<L1 Biologie Org.><L1 Bio. Chimie Orga>L1 Bio. Chimie Orga CM;
<L1 Biologie Org.><L1 Bio. Chimie Orga>L1 Bio. Chimie Orga Gr A;
<L1 Biologie Org.><L1 Bio. Chimie Orga>L1 Bio. Chimie Orga Gr B;
<L1 Biologie Org.><L1 Bio. Histoire des sciences>L1 Bio. Histoire des sciences Gr 1;
<L1 Biologie Org.><L1 Bio. Histoire des sciences>L1 Bio. Histoire des sciences Gr 2;
<L1 Biologie Org.><L1 Bio. Histoire des sciences>L1 Bio. Histoire des sciences Gr 3;
<L1 Biologie Org.><L1 Bio. Info Certif PIX>L1 Bio. Info Certif PIX;
<L1 Biologie Org.><L1 Bio. TD obligatoires>L1 Bio. TD Gr 1.;
<L1 Biologie Org.><L1 Bio. TD obligatoires>L1 Bio. TD Gr 2.;
<L1 Biologie Org.><L1 Bio. TD obligatoires>L1 Bio. TD Gr 3.;
<L1 Biologie Org.><Puzzle du Climat>01Puzzle du Climat;
<L1 Biologie Org.><Puzzle du Climat>02Puzzle du Climat;
<L1 Biologie Org.><Puzzle du Climat>03Puzzle du Climat;
<L1 Biologie Org.><Puzzle du Climat>04Puzzle du Climat;
<L1 Biologie Org.><Puzzle du Climat>05Puzzle du Climat;
<L1 Biologie Org.><Puzzle du Climat>06Puzzle du Climat;
<L1 Biologie Org.>L1 Bio Anatomie comparée;
<L1 Biologie Org.>L1 Bio Anatomie comparée groupe  01;
<L1 Biologie Org.>L1 Bio Anatomie comparée groupe  02;
<L1 Biologie Org.>L1 Bio Anatomie comparée groupe  03;
<L1 Biologie Org.>L1 Bio Chimie des solutions (avancée);
<L1 Biologie Org.>L1 Bio Enseignement scientifique en école;
<L1 Biologie Org.>L1 Bio Histoire des sciences option;
<L1 Biologie Org.>L1 Bio Parasitologie;
<L1 Biologie Org.>L1 Bio Sols et paysages;
<L1 Biologie Org.>L1 Bio Sols et paysages groupe 01;
<L1 Biologie Org.>L1 Bio Sols et paysages groupe 02;
<L1 Biologie Org.>L1 Bio TP Chimie;
<L1 Biologie Org.>L1 Bio Transition Lycée-Université;
<L1 Biologie Org.>L1 Bio Tutorat;
<L1 Biologie Org.>Rattrapage;
<L1 commune STAPS (Anglet)><Examens Terminaux>Groupe Alpha;
<L1 commune STAPS (Anglet)><Examens Terminaux>Groupe Bêta;
<L1 commune STAPS (Anglet)><Groupes Anglais>Groupe Anglais A;
<L1 commune STAPS (Anglet)><Groupes Anglais>Groupe Anglais B;
<L1 commune STAPS (Anglet)><Groupes TD>TD Groupe 1;
<L1 commune STAPS (Anglet)><Groupes TD>TD Groupe 2;
<L1 commune STAPS (Anglet)>Option basket;
<L1 commune STAPS (Anglet)>Option escalade;
<L1 commune STAPS (Anglet)>Option natation;
<L1 commune STAPS (Tarbes)><groupe TD>G1;
<L1 commune STAPS (Tarbes)><groupe TD>G2;
<L1 commune STAPS (Tarbes)><groupe TD>G3;
<L1 commune STAPS (Tarbes)><groupe TD>G4;
<L1 commune STAPS (Tarbes)><groupe TD>G5;
<L1 commune STAPS (Tarbes)><groupe TD>G6;
<L1 commune STAPS (Tarbes)><groupe TD>G7;
<L1 commune STAPS (Tarbes)><groupe TD>G8;
<L1 commune STAPS (Tarbes)><groupe TD>G9;
<L1 DEGI><Comptabilité>Td Comptabilité Groupe 1;
<L1 DEGI><Comptabilité>Td Comptabilité Groupe 2;
<L1 DEGI><Langues vivantes 1>Anglais G1;
<L1 DEGI><Langues vivantes 1>Anglais G2;
<L1 DEGI><Langues vivantes 1>Espagnol G1;
<L1 DEGI><Langues vivantes 1>Espagnol G2;
<L1 DEGI><Mathematiques>Groupe 2;
<L1 DEGI><Mathematiques>Groupe1;
<L1 DEGI><TD COMPETENCES FONDAMENTALES>GROUPE 1;
<L1 DEGI><TD COMPETENCES FONDAMENTALES>GROUPE 2;
<L1 DEGI><TD Economie>TD Economie G1;
<L1 DEGI><TD Economie>TD Economie G2;
<L1 DEGI>Conférence;
<L1 DEGI>Découverte langue basque;
<L1 DEGI>Evènement EEI;
<L1 DEGI>forum;
<L1 DEGI>Groupe 1;
<L1 DEGI>Groupe 2;
<L1 DEGI>LV allemand;
<L1 DEGI>LV basque;
<L1 DEGI>LV Chinois débutant;
<L1 DEGI>LV Chinois intermédiaire;
<L1 DEGI>LV italien débutant;
<L1 DEGI>LV italien intermédiaire;
<L1 DEGI>Soutien Mathematiques;
<L1 DEGI>UET FAB LAB CLINIQUE DU DROIT;
<L1 DEGI>Vie de campus;
<L1 Droit (Bayonne)><Groupes TD>Ang G1;
<L1 Droit (Bayonne)><Groupes TD>Ang G2;
<L1 Droit (Bayonne)><Groupes TD>Ang G3;
<L1 Droit (Bayonne)><Groupes TD>Ang G4;
<L1 Droit (Bayonne)><Groupes TD>Ang G5;
<L1 Droit (Bayonne)><Groupes TD>Ang G6;
<L1 Droit (Bayonne)><Groupes TD>Ang G7;
<L1 Droit (Bayonne)><Groupes TD>Ang G8;
<L1 Droit (Bayonne)><Groupes TD>Civil G1;
<L1 Droit (Bayonne)><Groupes TD>Civil G10;
<L1 Droit (Bayonne)><Groupes TD>Civil G11;
<L1 Droit (Bayonne)><Groupes TD>Civil G2;
<L1 Droit (Bayonne)><Groupes TD>Civil G3;
<L1 Droit (Bayonne)><Groupes TD>Civil G4;
<L1 Droit (Bayonne)><Groupes TD>Civil G5;
<L1 Droit (Bayonne)><Groupes TD>Civil G6;
<L1 Droit (Bayonne)><Groupes TD>Civil G7;
<L1 Droit (Bayonne)><Groupes TD>Civil G8;
<L1 Droit (Bayonne)><Groupes TD>Civil G9;
<L1 Droit (Bayonne)><Groupes TD>Constit. G1;
<L1 Droit (Bayonne)><Groupes TD>Constit. G10;
<L1 Droit (Bayonne)><Groupes TD>Constit. G11;
<L1 Droit (Bayonne)><Groupes TD>Constit. G2;
<L1 Droit (Bayonne)><Groupes TD>Constit. G3;
<L1 Droit (Bayonne)><Groupes TD>Constit. G4;
<L1 Droit (Bayonne)><Groupes TD>Constit. G5;
<L1 Droit (Bayonne)><Groupes TD>Constit. G6;
<L1 Droit (Bayonne)><Groupes TD>Constit. G7;
<L1 Droit (Bayonne)><Groupes TD>Constit. G8;
<L1 Droit (Bayonne)><Groupes TD>Constit. G9;
<L1 Droit (Bayonne)><Groupes TD>Esp G1;
<L1 Droit (Bayonne)><Groupes TD>Esp G2;
<L1 Droit (Bayonne)><Groupes TUTORAT>TUT_G1;
<L1 Droit (Bayonne)><Groupes TUTORAT>TUT_G2;
<L1 Droit (Bayonne)><Groupes TUTORAT>TUT_G3;
<L1 Droit (Bayonne)><Groupes TUTORAT>TUT_G4;
<L1 Droit (Bayonne)>Conférence;
<L1 Droit (Bayonne)>Découverte langue basque;
<L1 Droit (Bayonne)>Forum;
<L1 Droit (Bayonne)>Institutions administratives;
<L1 Droit (Bayonne)>LV allemand;
<L1 Droit (Bayonne)>LV basque;
<L1 Droit (Bayonne)>UET populations et sociétés;
<L1 Droit (Bayonne)>Vie de campus;
<L1 Droit (Pau)><TD Anglais>Anglais L1 DEG Gp 1;
<L1 Droit (Pau)><TD Anglais>Anglais L1 DEG Gp 10;
<L1 Droit (Pau)><TD Anglais>Anglais L1 DEG Gp 11;
<L1 Droit (Pau)><TD Anglais>Anglais L1 DEG Gp 12;
<L1 Droit (Pau)><TD Anglais>Anglais L1 DEG Gp 13;
<L1 Droit (Pau)><TD Anglais>Anglais L1 DEG Gp 14;
<L1 Droit (Pau)><TD Anglais>Anglais L1 DEG Gp 15;
<L1 Droit (Pau)><TD Anglais>Anglais L1 DEG Gp 2;
<L1 Droit (Pau)><TD Anglais>Anglais L1 DEG Gp 3;
<L1 Droit (Pau)><TD Anglais>Anglais L1 DEG Gp 4;
<L1 Droit (Pau)><TD Anglais>Anglais L1 DEG Gp 5;
<L1 Droit (Pau)><TD Anglais>Anglais L1 DEG Gp 6;
<L1 Droit (Pau)><TD Anglais>Anglais L1 DEG Gp 7;
<L1 Droit (Pau)><TD Anglais>Anglais L1 DEG Gp 8;
<L1 Droit (Pau)><TD Anglais>Anglais L1 DEG Gp 9;
<L1 Droit (Pau)><TD droit civil S2>Groupe 1;
<L1 Droit (Pau)><TD droit civil S2>Groupe 2;
<L1 Droit (Pau)><TD droit civil S2>Groupe 3;
<L1 Droit (Pau)><TD droit civil S2>Groupe 4;
<L1 Droit (Pau)><TD droit civil S2>Groupe 5;
<L1 Droit (Pau)><TD droit civil S2>Groupe 6;
<L1 Droit (Pau)><TD droit civil S2>Groupe 7;
<L1 Droit (Pau)><TD droit civil>Groupe 10;
<L1 Droit (Pau)><TD droit civil>Groupe 3;
<L1 Droit (Pau)><TD droit civil>Groupe 4;
<L1 Droit (Pau)><TD droit civil>Groupe 5;
<L1 Droit (Pau)><TD droit civil>Groupe 6;
<L1 Droit (Pau)><TD droit civil>Groupe 7;
<L1 Droit (Pau)><TD droit civil>Groupe 8;
<L1 Droit (Pau)><TD droit civil>Groupe 9;
<L1 Droit (Pau)><TD droit constitutionnel S2>groupe 1;
<L1 Droit (Pau)><TD droit constitutionnel S2>groupe 2;
<L1 Droit (Pau)><TD droit constitutionnel S2>groupe 3;
<L1 Droit (Pau)><TD droit constitutionnel S2>groupe 4;
<L1 Droit (Pau)><TD droit constitutionnel S2>groupe 5;
<L1 Droit (Pau)><TD droit constitutionnel S2>groupe 6;
<L1 Droit (Pau)><TD droit constitutionnel S2>groupe 7;
<L1 Droit (Pau)><TD droit constitutionnel>Groupe 1;
<L1 Droit (Pau)><TD droit constitutionnel>Groupe 10;
<L1 Droit (Pau)><TD droit constitutionnel>Groupe 2;
<L1 Droit (Pau)><TD droit constitutionnel>Groupe 3;
<L1 Droit (Pau)><TD droit constitutionnel>Groupe 4;
<L1 Droit (Pau)><TD droit constitutionnel>Groupe 5;
<L1 Droit (Pau)><TD droit constitutionnel>Groupe 6;
<L1 Droit (Pau)><TD droit constitutionnel>Groupe 7;
<L1 Droit (Pau)><TD droit constitutionnel>Groupe 8;
<L1 Droit (Pau)><TD droit constitutionnel>Groupe 9;
<L1 Droit (Pau)><TD Espagnol>Espagnol L1 DEG GR 1;
<L1 Droit (Pau)><TD Espagnol>Espagnol L1 DEG GR 2;
<L1 Droit (Pau)><TD Espagnol>Espagnol L1 DEG GR 3;
<L1 Droit (Pau)><TD Informatique>Groupe 1;
<L1 Droit (Pau)><TD Informatique>Groupe 2;
<L1 Droit (Pau)><TD Informatique>Groupe 3;
<L1 Droit (Pau)><TD Informatique>Groupe 4;
<L1 Droit (Pau)><TD Informatique>Groupe 5;
<L1 Droit (Pau)><TD Informatique>Groupe 6;
<L1 Droit (Pau)><TD Informatique>Groupe 7;
<L1 Droit (Pau)><TD Informatique>Groupe 8;
<L1 Droit (Pau)><TD Informatique>Groupe 9;
<L1 Droit (Pau)><TD Recherche juridique>Groupe 1;
<L1 Droit (Pau)><TD Recherche juridique>Groupe 2;
<L1 Droit (Pau)><TD Recherche juridique>Groupe 3;
<L1 Droit (Pau)><TD Recherche juridique>Groupe 4;
<L1 Droit (Pau)><TD Recherche juridique>Groupe 5;
<L1 Droit (Pau)><TD Recherche juridique>Groupe 6;
<L1 Droit (Pau)>Enquête évaluation des enseignements - L1 Droit;
<L1 Droit (Pau)>Erasmus day;
<L1 Droit (Pau)>Histoire du droit et des institutions publiques;
<L1 Droit (Pau)>L1 Conférence;
<L1 Droit (Pau)>L1 Consultations copies;
<L1 Droit (Pau)>L1 Tutorat;
<L1 Droit (Pau)>Rattrapage CC;
<L1 Droit (Pau)>Relations Internationales;
<L1 Droit (Pau)>Tutorat;
<L1 Droit (Pau)>Tutorat L1;
<L1 Droit (Pau)>UET Faire la loi. Simulation parlementaire;
<L1 Droit (Pau)>UET Histoire des faits économiques;
<L1 Eco Gestion (Bayonne)><Groupes de langue>Anglais A1;
<L1 Eco Gestion (Bayonne)><Groupes de langue>Anglais A2;
<L1 Eco Gestion (Bayonne)><Groupes de langue>Anglais A3;
<L1 Eco Gestion (Bayonne)><Groupes de langue>Anglais A4;
<L1 Eco Gestion (Bayonne)><Groupes de langue>Anglais A5;
<L1 Eco Gestion (Bayonne)><Groupes de langue>Espagnol E1;
<L1 Eco Gestion (Bayonne)><Groupes de langue>Espagnol E2;
<L1 Eco Gestion (Bayonne)><Groupes de TD classiques>Eco des inégalités;
<L1 Eco Gestion (Bayonne)><Groupes de TD classiques>Pratique langue anglaise;
<L1 Eco Gestion (Bayonne)><Groupes de TD classiques>TD 1;
<L1 Eco Gestion (Bayonne)><Groupes de TD classiques>TD 2;
<L1 Eco Gestion (Bayonne)><Groupes de TD classiques>TD 2/3/4;
<L1 Eco Gestion (Bayonne)><Groupes de TD classiques>TD 3;
<L1 Eco Gestion (Bayonne)><Groupes de TD classiques>TD 4;
<L1 Eco Gestion (Bayonne)><Groupes info>GI1;
<L1 Eco Gestion (Bayonne)><Groupes info>GI2;
<L1 Eco Gestion (Bayonne)><Groupes info>GI3;
<L1 Eco Gestion (Bayonne)><Groupes info>GI4;
<L1 Eco Gestion (Bayonne)><Groupes info>GI5;
<L1 Eco Gestion (Bayonne)><Groupes info>GI6;
<L1 Eco Gestion (Bayonne)><Tutorat d'accueil>A5;
<L1 Eco Gestion (Bayonne)><Tutorat d'accueil>A6;
<L1 Eco Gestion (Bayonne)>Conférence laïcité;
<L1 Eco Gestion (Bayonne)>Découverte langue basque;
<L1 Eco Gestion (Bayonne)>LV Allemand;
<L1 Eco Gestion (Bayonne)>LV basque;
<L1 Eco Gestion (Bayonne)>LV chinois;
<L1 Eco Gestion (Bayonne)>LV italien;
<L1 Eco Gestion (Bayonne)>Remédiation maths;
<L1 Eco Gestion (Bayonne)>TUTORAT Facultatif;
<L1 Eco Gestion (Bayonne)>Vie de campus;
<L1 Economie et Gestion><Comptabilité>Groupe 1;
<L1 Economie et Gestion><Comptabilité>Groupe 2;
<L1 Economie et Gestion><Comptabilité>Groupe 3;
<L1 Economie et Gestion><Comptabilité>Groupe 4;
<L1 Economie et Gestion><Comptabilité>Groupe 5;
<L1 Economie et Gestion><Comptabilité>Groupe 6;
<L1 Economie et Gestion><Comptabilité>Groupe 7;
<L1 Economie et Gestion><Economie et soutenabilité>Groupe 1;
<L1 Economie et Gestion><Economie et soutenabilité>Groupe 2;
<L1 Economie et Gestion><Economie et soutenabilité>Groupe 3;
<L1 Economie et Gestion><Economie et soutenabilité>Groupe 4;
<L1 Economie et Gestion><Economie et soutenabilité>Groupe 5;
<L1 Economie et Gestion><Economie et soutenabilité>Groupe 6;
<L1 Economie et Gestion><Expression française>Groupe 1;
<L1 Economie et Gestion><Expression française>Groupe 2;
<L1 Economie et Gestion><Expression française>Groupe 3.;
<L1 Economie et Gestion><Expression française>Groupe 4;
<L1 Economie et Gestion><Expression française>Groupe 5;
<L1 Economie et Gestion><Expression française>Groupe 6;
<L1 Economie et Gestion><TD Anglais>Anglais L1 DEG Gp 1;
<L1 Economie et Gestion><TD Anglais>Anglais L1 DEG Gp 10;
<L1 Economie et Gestion><TD Anglais>Anglais L1 DEG Gp 11;
<L1 Economie et Gestion><TD Anglais>Anglais L1 DEG Gp 12;
<L1 Economie et Gestion><TD Anglais>Anglais L1 DEG Gp 13;
<L1 Economie et Gestion><TD Anglais>Anglais L1 DEG Gp 14;
<L1 Economie et Gestion><TD Anglais>Anglais L1 DEG Gp 15;
<L1 Economie et Gestion><TD Anglais>Anglais L1 DEG Gp 2;
<L1 Economie et Gestion><TD Anglais>Anglais L1 DEG Gp 3;
<L1 Economie et Gestion><TD Anglais>Anglais L1 DEG Gp 4;
<L1 Economie et Gestion><TD Anglais>Anglais L1 DEG Gp 5;
<L1 Economie et Gestion><TD Anglais>Anglais L1 DEG Gp 6;
<L1 Economie et Gestion><TD Anglais>Anglais L1 DEG Gp 7;
<L1 Economie et Gestion><TD Anglais>Anglais L1 DEG Gp 8;
<L1 Economie et Gestion><TD Anglais>Anglais L1 DEG Gp 9;
<L1 Economie et Gestion><TD Démographie économique>Gp 2;
<L1 Economie et Gestion><TD Démographie économique>Gp 3;
<L1 Economie et Gestion><TD Espagnol>Espagnol L1 DEG GR 1;
<L1 Economie et Gestion><TD Espagnol>Espagnol L1 DEG GR 2;
<L1 Economie et Gestion><TD Espagnol>Espagnol L1 DEG GR 3;
<L1 Economie et Gestion><TD Informatique L1 eco>Groupe 1;
<L1 Economie et Gestion><TD Informatique L1 eco>Groupe 2;
<L1 Economie et Gestion><TD Informatique L1 eco>Groupe 3;
<L1 Economie et Gestion><TD Informatique L1 eco>Groupe 4;
<L1 Economie et Gestion><TD Informatique L1 eco>Groupe 5;
<L1 Economie et Gestion><TD Informatique L1 eco>Groupe 6;
<L1 Economie et Gestion><TD Intro à la Gestion>Groupe 1 Anglais;
<L1 Economie et Gestion><TD Intro à la Gestion>Groupe 2;
<L1 Economie et Gestion><TD Intro à la Gestion>Groupe 3;
<L1 Economie et Gestion><TD Intro à la Gestion>Groupe 6;
<L1 Economie et Gestion><TD Intro à la Gestion>Groupe 7;
<L1 Economie et Gestion><TD Macroéconomie 1>Gp 1;
<L1 Economie et Gestion><TD Macroéconomie 1>Gp 2;
<L1 Economie et Gestion><TD Macroéconomie 1>Gp 3;
<L1 Economie et Gestion><TD Macroéconomie 1>Gp 4;
<L1 Economie et Gestion><TD Macroéconomie 1>Gp 5;
<L1 Economie et Gestion><TD Maths pour éco gestion>Groupe 1;
<L1 Economie et Gestion><TD Maths pour éco gestion>Groupe 2;
<L1 Economie et Gestion><TD Maths pour éco gestion>Groupe 3;
<L1 Economie et Gestion><TD Maths pour éco gestion>Groupe 4;
<L1 Economie et Gestion><TD Maths pour éco gestion>Groupe 5;
<L1 Economie et Gestion><TD Mathématiques pour la micro>Groupe 1;
<L1 Economie et Gestion><TD Mathématiques pour la micro>Groupe 2;
<L1 Economie et Gestion><TD Mathématiques pour la micro>Groupe 3;
<L1 Economie et Gestion><TD Mathématiques pour la micro>Groupe 4;
<L1 Economie et Gestion><TD Mathématiques pour la micro>Groupe 5;
<L1 Economie et Gestion><TD Microéconomie 1>Gp 1;
<L1 Economie et Gestion><TD Microéconomie 1>Gp 2;
<L1 Economie et Gestion><TD Microéconomie 1>Gp 3;
<L1 Economie et Gestion><TD Microéconomie 1>Gp 4;
<L1 Economie et Gestion><TD Microéconomie 1>Gp 6;
<L1 Economie et Gestion><TD statistiques descriptives>Gp 1;
<L1 Economie et Gestion><TD statistiques descriptives>Gp 2;
<L1 Economie et Gestion><TD statistiques descriptives>Gp 3;
<L1 Economie et Gestion><TD statistiques descriptives>Gp 4;
<L1 Economie et Gestion><TD Théorie des organisations>Gp 1;
<L1 Economie et Gestion><TD Théorie des organisations>Gp 5;
<L1 Economie et Gestion><TD Théorie des organisations>Gp 6;
<L1 Economie et Gestion>Consultation de copies;
<L1 Economie et Gestion>Démographie économique;
<L1 Economie et Gestion>Entretiens;
<L1 Economie et Gestion>ERASMUS DAY;
<L1 Economie et Gestion>Histoire des faits économiques;
<L1 Economie et Gestion>L1 MIASHS;
<L1 Economie et Gestion>Sociologie juridique;
<L1 Economie et Gestion>Théorie des organisations;
<L1 Economie et Gestion>Tutorat;
<L1 Economie et Gestion>UECF Informatique - licences;
<L1 Economie et Gestion>XXX- Tutorat L1 éco;
<L1 Economie et Gestion>XXX-Consultat copies Hist Fra;
<L1 Economie Gestion CMI><TD Anglais>Anglais L1 DEG Gp 1;
<L1 Economie Gestion CMI><TD Anglais>Anglais L1 DEG Gp 10;
<L1 Economie Gestion CMI><TD Anglais>Anglais L1 DEG Gp 11;
<L1 Economie Gestion CMI><TD Anglais>Anglais L1 DEG Gp 12;
<L1 Economie Gestion CMI><TD Anglais>Anglais L1 DEG Gp 13;
<L1 Economie Gestion CMI><TD Anglais>Anglais L1 DEG Gp 14;
<L1 Economie Gestion CMI><TD Anglais>Anglais L1 DEG Gp 15;
<L1 Economie Gestion CMI><TD Anglais>Anglais L1 DEG Gp 2;
<L1 Economie Gestion CMI><TD Anglais>Anglais L1 DEG Gp 3;
<L1 Economie Gestion CMI><TD Anglais>Anglais L1 DEG Gp 4;
<L1 Economie Gestion CMI><TD Anglais>Anglais L1 DEG Gp 5;
<L1 Economie Gestion CMI><TD Anglais>Anglais L1 DEG Gp 6;
<L1 Economie Gestion CMI><TD Anglais>Anglais L1 DEG Gp 7;
<L1 Economie Gestion CMI><TD Anglais>Anglais L1 DEG Gp 8;
<L1 Economie Gestion CMI><TD Anglais>Anglais L1 DEG Gp 9;
<L1 Economie Gestion CMI><TD Espagnol>Espagnol L1 DEG GR 1;
<L1 Economie Gestion CMI><TD Espagnol>Espagnol L1 DEG GR 2;
<L1 Economie Gestion CMI><TD Espagnol>Espagnol L1 DEG GR 3;
<L1 Economie Gestion CMI><TD Informatique>Gp 1;
<L1 Economie Gestion CMI><TD macroéconomie>Gp 3;
<L1 Economie Gestion CMI><TD Maths pour éco>Gp 5;
<L1 Economie Gestion CMI><TD statistiques descriptives>Gp 1;
<L1 Economie Gestion CMI>Cycle conf en éco du dev;
<L1 Economie Gestion CMI>Rzo figures;
<L1 Gestion Management><Divers>Espagnol - Erasmus;
<L1 Gestion Management><Divers>Rattrapage;
<L1 Gestion Management><Divers>Séjour Académique;
<L1 Gestion Management><Divers>Tiers-temps;
<L1 Gestion Management><Gestion de projet>AFTERCLASS;
<L1 Gestion Management><Gestion de projet>BDE;
<L1 Gestion Management><Gestion de projet>ECONOMIE CIRCULAIRE;
<L1 Gestion Management><Gestion de projet>H2O;
<L1 Gestion Management><Gestion de projet>MA PETITE PLANETE;
<L1 Gestion Management><Groupe de langues>Anglais 1;
<L1 Gestion Management><Groupe de langues>Anglais 2;
<L1 Gestion Management><Groupe ENE S2>Groupe 1;
<L1 Gestion Management><Groupe ENE S2>Groupe 2;
<L1 Gestion Management><Groupe ENE S2>Groupe 3;
<L1 Gestion Management><Groupe ENE S2>Groupe 4;
<L1 Gestion Management><Groupe ENE S2>Groupe 5;
<L1 Gestion Management><Groupe TD>Groupe 1;
<L1 Gestion Management><Groupe TD>Groupe 2;
<L1 Géo Aménagement - CMI><Gpe TD L1 Géo-CMI>TD1 - L1 Géo - CMI;
<L1 Géo Aménagement - CMI><Gpe TD L1 Géo-CMI>TD2 - L1 Géo - CMI;
<L1 Géo Aménagement - CMI><TD Anglais>Anglais L1 LLSH Gp 1;
<L1 Géo Aménagement - CMI><TD Anglais>Anglais L1 LLSH Gp 10;
<L1 Géo Aménagement - CMI><TD Anglais>Anglais L1 LLSH Gp 11;
<L1 Géo Aménagement - CMI><TD Anglais>Anglais L1 LLSH Gp 12;
<L1 Géo Aménagement - CMI><TD Anglais>Anglais L1 LLSH Gp 2;
<L1 Géo Aménagement - CMI><TD Anglais>Anglais L1 LLSH Gp 3;
<L1 Géo Aménagement - CMI><TD Anglais>Anglais L1 LLSH Gp 4;
<L1 Géo Aménagement - CMI><TD Anglais>Anglais L1 LLSH Gp 5;
<L1 Géo Aménagement - CMI><TD Anglais>Anglais L1 LLSH Gp 6;
<L1 Géo Aménagement - CMI><TD Anglais>Anglais L1 LLSH Gp 7;
<L1 Géo Aménagement - CMI><TD Anglais>Anglais L1 LLSH Gp 8;
<L1 Géo Aménagement - CMI><TD Anglais>Anglais L1 LLSH Gp 9;
<L1 Géo Aménagement - CMI><TD Espagnol>Espagnol L1 LLSH GR 1;
<L1 Géo Aménagement - CMI><TD Espagnol>Espagnol L1 LLSH GR 2;
<L1 Géo Aménagement - CMI><TD Espagnol>Espagnol L1 LLSH GR 3;
<L1 Géo Aménagement - CMI><TD Espagnol>Espagnol L1 LLSH GR 4;
<L1 Géo Aménagement - CMI><TD Espagnol>Espagnol L1 LLSH GR 5;
<L1 Géo Aménagement>1S-Déc Histoire de l'art-CM S1;
<L1 Géo Aménagement>1S-Déc Histoire de l'art-TD1 S1;
<L1 Géo Aménagement>1S-Déc Histoire de l'art-TD2 S1;
<L1 Géo Aménagement>1S-Déc Histoire-CM S1;
<L1 Géo Aménagement>1S-Déc Histoire-TD1 S1;
<L1 Géo Aménagement>1S-Déc Histoire-TD2 S1;
<L1 Géo Aménagement>1S-Introduction à la sociologie-CM S1;
<L1 Géo Aménagement>1S-Introduction à la sociologie-TD1 S1;
<L1 Géo Aménagement>1S-Introduction à la sociologie-TD2 S1;
<L1 Géo Aménagement>2S-Déc Anglais S2;
<L1 Géo Aménagement>2S-Déc Espagnol S2;
<L1 Géo Aménagement>2S-Déc Histoire de l'art S2;
<L1 Géo Aménagement>2S-Déc Histoire S2;
<L1 Géo Aménagement>2S-Déc Lettres S2;
<L1 Géo Aménagement>2S-Sociologie générale S2;
<L1 Géo Aménagement><Gpe TD L1S1 Géo-Améngt>TD1 L1S1;
<L1 Géo Aménagement><Gpe TD L1S1 Géo-Améngt>TD2 L1S1;
<L1 Géo Aménagement><Gpe TD L1S2 Géo-Améngt>TD1 L1S2 Géographie et Aménagement;
<L1 Géo Aménagement><Gpe TD L1S2 Géo-Améngt>TD2 L1S2 Géographie et Aménagement;
<L1 Géo Aménagement><TD Anglais>Anglais L1 LLSH Gp 1;
<L1 Géo Aménagement><TD Anglais>Anglais L1 LLSH Gp 10;
<L1 Géo Aménagement><TD Anglais>Anglais L1 LLSH Gp 11;
<L1 Géo Aménagement><TD Anglais>Anglais L1 LLSH Gp 12;
<L1 Géo Aménagement><TD Anglais>Anglais L1 LLSH Gp 2;
<L1 Géo Aménagement><TD Anglais>Anglais L1 LLSH Gp 3;
<L1 Géo Aménagement><TD Anglais>Anglais L1 LLSH Gp 4;
<L1 Géo Aménagement><TD Anglais>Anglais L1 LLSH Gp 5;
<L1 Géo Aménagement><TD Anglais>Anglais L1 LLSH Gp 6;
<L1 Géo Aménagement><TD Anglais>Anglais L1 LLSH Gp 7;
<L1 Géo Aménagement><TD Anglais>Anglais L1 LLSH Gp 8;
<L1 Géo Aménagement><TD Anglais>Anglais L1 LLSH Gp 9;
<L1 Géo Aménagement><TD Espagnol>Espagnol L1 LLSH GR 1;
<L1 Géo Aménagement><TD Espagnol>Espagnol L1 LLSH GR 2;
<L1 Géo Aménagement><TD Espagnol>Espagnol L1 LLSH GR 3;
<L1 Géo Aménagement><TD Espagnol>Espagnol L1 LLSH GR 4;
<L1 Géo Aménagement><TD Espagnol>Espagnol L1 LLSH GR 5;
<L1 HAA>0 Rattrapage CC Art grec antique du 16 octobre;
<L1 HAA>0 Rattrapage CC MTU du 24 octobre;
<L1 HAA>2S-Découverte : découvrir la géographie;
<L1 HAA>2S-Découverte : Sociologie générale;
<L1 HAA>2S-Découverte Anglais;
<L1 HAA>2S-Découverte Espagnole;
<L1 HAA>2S-Découverte Histoire;
<L1 HAA>2S-Découverte Lettres;
<L1 HAA>2S-EC Arts plastiques;
<L1 HAA><Groupe TD L1 S1 HAA>TD 1 L1 HAA;
<L1 HAA><Groupe TD L1 S1 HAA>TD 2 L1 HAA;
<L1 HAA><Groupe TD L1 S2 HAA>TD 1 L1 HAA;
<L1 HAA><Groupe TD L1 S2 HAA>TD 2 L1 HAA;
<L1 HAA><TD Anglais>Anglais L1 LLSH Gp 1;
<L1 HAA><TD Anglais>Anglais L1 LLSH Gp 10;
<L1 HAA><TD Anglais>Anglais L1 LLSH Gp 11;
<L1 HAA><TD Anglais>Anglais L1 LLSH Gp 12;
<L1 HAA><TD Anglais>Anglais L1 LLSH Gp 2;
<L1 HAA><TD Anglais>Anglais L1 LLSH Gp 3;
<L1 HAA><TD Anglais>Anglais L1 LLSH Gp 4;
<L1 HAA><TD Anglais>Anglais L1 LLSH Gp 5;
<L1 HAA><TD Anglais>Anglais L1 LLSH Gp 6;
<L1 HAA><TD Anglais>Anglais L1 LLSH Gp 7;
<L1 HAA><TD Anglais>Anglais L1 LLSH Gp 8;
<L1 HAA><TD Anglais>Anglais L1 LLSH Gp 9;
<L1 HAA><TD Espagnol>Espagnol L1 LLSH GR 1;
<L1 HAA><TD Espagnol>Espagnol L1 LLSH GR 2;
<L1 HAA><TD Espagnol>Espagnol L1 LLSH GR 3;
<L1 HAA><TD Espagnol>Espagnol L1 LLSH GR 4;
<L1 HAA><TD Espagnol>Espagnol L1 LLSH GR 5;
<L1 HAA>Découverte Histoire-CM S1;
<L1 HAA>Découverte Histoire-TD1 S1;
<L1 HAA>Découverte Histoire-TD2 S1;
<L1 HAA>Introduction à la géographie-CM S1;
<L1 HAA>Introduction à la géographie-TD1 S1;
<L1 HAA>Introduction à la géographie-TD2 S1;
<L1 HAA>Introduction à la sociologie-CM S1;
<L1 HAA>Introduction à la sociologie-TD1 S1;
<L1 HAA>Introduction à la sociologie-TD2 S1;
<L1 Histoire>2S Découverte Anglais;
<L1 Histoire>2S Découverte Espagnol;
<L1 Histoire>2S Découverte Géographie;
<L1 Histoire>2S Découverte HAA;
<L1 Histoire>2S Découverte Lettres;
<L1 Histoire>2S Découverte Socio;
<L1 Histoire><L1 Histoire Sem1>TD1 Histoire Sem1;
<L1 Histoire><L1 Histoire Sem1>TD2 Histoire Sem1;
<L1 Histoire><L1 Histoire Sem1>TD3 Histoire Sem1;
<L1 Histoire><L1 Histoire Sem2>TD1 Sem2;
<L1 Histoire><L1 Histoire Sem2>TD2 Sem2;
<L1 Histoire><L1 Histoire Sem2>TD3 Sem2;
<L1 Histoire><TD Anglais>Anglais L1 LLSH Gp 1;
<L1 Histoire><TD Anglais>Anglais L1 LLSH Gp 10;
<L1 Histoire><TD Anglais>Anglais L1 LLSH Gp 11;
<L1 Histoire><TD Anglais>Anglais L1 LLSH Gp 12;
<L1 Histoire><TD Anglais>Anglais L1 LLSH Gp 2;
<L1 Histoire><TD Anglais>Anglais L1 LLSH Gp 3;
<L1 Histoire><TD Anglais>Anglais L1 LLSH Gp 4;
<L1 Histoire><TD Anglais>Anglais L1 LLSH Gp 5;
<L1 Histoire><TD Anglais>Anglais L1 LLSH Gp 6;
<L1 Histoire><TD Anglais>Anglais L1 LLSH Gp 7;
<L1 Histoire><TD Anglais>Anglais L1 LLSH Gp 8;
<L1 Histoire><TD Anglais>Anglais L1 LLSH Gp 9;
<L1 Histoire><TD Espagnol>Espagnol L1 LLSH GR 1;
<L1 Histoire><TD Espagnol>Espagnol L1 LLSH GR 2;
<L1 Histoire><TD Espagnol>Espagnol L1 LLSH GR 3;
<L1 Histoire><TD Espagnol>Espagnol L1 LLSH GR 4;
<L1 Histoire><TD Espagnol>Espagnol L1 LLSH GR 5;
<L1 Histoire>Découverte Géo CM Sem1;
<L1 Histoire>Découverte Géo TD1 Sem1;
<L1 Histoire>Découverte Géo TD2 Sem1;
<L1 Histoire>Découverte HAA CM Sem1;
<L1 Histoire>Découverte HAA TD1 Sem1;
<L1 Histoire>Découverte HAA TD2 Sem1;
<L1 Histoire>Découverte Socio CM Sem1;
<L1 Histoire>Découverte Socio TD1 Sem1;
<L1 Histoire>Découverte Socio TD2 Sem1;
<L1 Informatique><Groupes anglais>L1 Info anglais GR1;
<L1 Informatique><Groupes anglais>L1 Info anglais GR2;
<L1 Informatique><Groupes anglais>L1 Info anglais GR3;
<L1 Informatique><Groupes anglais>L1 Info anglais GR4;
<L1 Informatique><Groupes anglais>L1 Info anglais GR5;
<L1 Informatique><Groupes anglais>L1 Info anglais GR6;
<L1 Informatique><Groupes TD>L1 Info Gr1;
<L1 Informatique><Groupes TD>L1 Info Gr2;
<L1 Informatique><Groupes TD>L1 Info Gr3;
<L1 Informatique><Groupes TP>L1 Info  TP G A;
<L1 Informatique><Groupes TP>L1 Info  TP G B;
<L1 Informatique><Groupes TP>L1 Info  TP G C;
<L1 Informatique><Groupes TP>L1 Info  TP G D;
<L1 Informatique>L1 Info + PC LAS Puzzle du Climat GR4;
<L1 Informatique>L1 info - Erasmus Days;
<L1 Informatique>L1 Info Méthodo universitaire;
<L1 Informatique>L1 Info Puzzle du Climat GR1;
<L1 Informatique>L1 Info Puzzle du Climat GR2;
<L1 Informatique>L1 Info Puzzle du Climat GR3;
<L1 Informatique>L1 Info Tutorat Hors Maths;
<L1 Informatique>L1 Info Tutorat Maths Gr1;
<L1 Informatique>L1 Info Tutorat Maths Gr2;
<L1 LEA - AA - langues spé><TD Espagnol S1>Epagnol L1 LLSH GR 1;
<L1 LEA - AA - langues spé><TD Espagnol S1>Espagnol L1 LLSH GR 2;
<L1 LEA - AA - langues spé><TD Espagnol S1>Espagnol L1 LLSH GR 3;
<L1 LEA - AA - langues spé><TD Espagnol S1>Espagnol L1 LLSH GR 4;
<L1 LEA - AA - langues spé><TD Espagnol S1>Espagnol L1 LLSH GR 5;
<L1 LEA - AE - langues spé><L1 LEA Spé TD>L1 LEA Gpe A;
<L1 LEA - AE - langues spé><L1 LEA Spé TD>L1 LEA Gpe B;
<L1 LEA - AE - langues spé><L1 LEA Spé TD>L1 LEA Gpe C;
<L1 LEA - AE - langues spé><L1 LEA Spé TD>L1 LEA Gpe D;
<L1 Lettres - CTD><L1 CTD S1 Groupes de TD>L1 LCTD S1 TD1;
<L1 Lettres - CTD><L1 CTD S1 Groupes de TD>L1 LCTD S1 TD2;
<L1 Lettres - CTD><TD Anglais>Anglais L1 LLSH Gp 1;
<L1 Lettres - CTD><TD Anglais>Anglais L1 LLSH Gp 10;
<L1 Lettres - CTD><TD Anglais>Anglais L1 LLSH Gp 11;
<L1 Lettres - CTD><TD Anglais>Anglais L1 LLSH Gp 12;
<L1 Lettres - CTD><TD Anglais>Anglais L1 LLSH Gp 2;
<L1 Lettres - CTD><TD Anglais>Anglais L1 LLSH Gp 3;
<L1 Lettres - CTD><TD Anglais>Anglais L1 LLSH Gp 4;
<L1 Lettres - CTD><TD Anglais>Anglais L1 LLSH Gp 5;
<L1 Lettres - CTD><TD Anglais>Anglais L1 LLSH Gp 6;
<L1 Lettres - CTD><TD Anglais>Anglais L1 LLSH Gp 7;
<L1 Lettres - CTD><TD Anglais>Anglais L1 LLSH Gp 8;
<L1 Lettres - CTD><TD Anglais>Anglais L1 LLSH Gp 9;
<L1 Lettres - CTD><TD Espagnol>Espagnol L1 LLSH GR 1;
<L1 Lettres - CTD><TD Espagnol>Espagnol L1 LLSH GR 2;
<L1 Lettres - CTD><TD Espagnol>Espagnol L1 LLSH GR 3;
<L1 Lettres - CTD><TD Espagnol>Espagnol L1 LLSH GR 4;
<L1 Lettres - CTD><TD Espagnol>Espagnol L1 LLSH GR 5;
<L1 Lettres - CTD>Découverte Anglais S1 Gpe 1;
<L1 Lettres - CTD>Découverte Anglais S1 Gpe 2;
<L1 Lettres - CTD>Découverte Anglais S2;
<L1 Lettres - CTD>Découverte CM Anglais S1;
<L1 Lettres - CTD>Découverte CM Espagnol S1;
<L1 Lettres - CTD>Découverte Espagnol S1 Gpe 1;
<L1 Lettres - CTD>Découverte Espagnol S1 Gpe 2;
<L1 Lettres - CTD>Découverte Espagnol S2;
<L1 Lettres - CTD>Découverte Géographie S2;
<L1 Lettres - CTD>Découverte Histoire art S2;
<L1 Lettres - CTD>Découverte Histoire S2;
<L1 Lettres - CTD>Découverte Sociologie S2;
<L1 Lettres - CTD>S1 UE 9 Civi gréco latine;
<L1 Lettres - CTD>S1 UE9 Atelier lecteur;
<L1 Lettres - CTD>S1 UE9 Lecture analyse BD1;
<L1 Lettres - CTD>S2 UE17EC2 Ateliers pratique danse - groupe 1;
<L1 Lettres - CTD>S2 UE17EC2 Ateliers pratique danse - groupe 2;
<L1 Lettres - CTD>S2 UE19 Atelier lecteur;
<L1 Lettres - CTD>S2 UE19 Atelier écriture;
<L1 Lettres - CTD>S2 UE19 LLC latines;
<L1 Lettres Bayonne><Groupes d' Anglais>Groupe X;
<L1 Lettres Bayonne><Groupes d' Anglais>Groupe Y;
<L1 Lettres Bayonne><Groupes d' Espagnol>Groupe 5;
<L1 Lettres Bayonne><Groupes de Lang. française>Langue française Groupe A;
<L1 Lettres Bayonne><Groupes de Lang. française>Langue française Groupe B;
<L1 Lettres Bayonne><Groupes du lundi>Groupe 1;
<L1 Lettres Bayonne><Groupes du lundi>Groupe 2;
<L1 Lettres Bayonne>Atelier écriture;
<L1 Lettres Bayonne>Conférence laïcité;
<L1 Lettres Bayonne>Découverte langue basque;
<L1 Lettres Bayonne>LV allemand;
<L1 Lettres Bayonne>LV basque;
<L1 Lettres Bayonne>Rencontre Itxaro Bord;
<L1 Lettres Bayonne>Théâtre;
<L1 Lettres Bayonne>UE5 Découverte Histoire du cinéma;
<L1 Lettres Bayonne>UECF Chinois;
<L1 Lettres Bayonne>UECF italien;
<L1 Lettres Bayonne>UET FabLab';
<L1 Lettres Bayonne>UET populations et sociétés;
<L1 Lettres Bayonne>Vie de campus;
<L1 Lettres class & modern><L1 LCM S1 Groupes de TD>L1 LCM S1 TD1;
<L1 Lettres class & modern><L1 LCM S1 Groupes de TD>L1 LCM S1 TD2;
<L1 Lettres class & modern><TD Anglais>Anglais L1 LLSH Gp 1;
<L1 Lettres class & modern><TD Anglais>Anglais L1 LLSH Gp 10;
<L1 Lettres class & modern><TD Anglais>Anglais L1 LLSH Gp 11;
<L1 Lettres class & modern><TD Anglais>Anglais L1 LLSH Gp 12;
<L1 Lettres class & modern><TD Anglais>Anglais L1 LLSH Gp 2;
<L1 Lettres class & modern><TD Anglais>Anglais L1 LLSH Gp 3;
<L1 Lettres class & modern><TD Anglais>Anglais L1 LLSH Gp 4;
<L1 Lettres class & modern><TD Anglais>Anglais L1 LLSH Gp 5;
<L1 Lettres class & modern><TD Anglais>Anglais L1 LLSH Gp 6;
<L1 Lettres class & modern><TD Anglais>Anglais L1 LLSH Gp 7;
<L1 Lettres class & modern><TD Anglais>Anglais L1 LLSH Gp 8;
<L1 Lettres class & modern><TD Anglais>Anglais L1 LLSH Gp 9;
<L1 Lettres class & modern><TD Espagnol>Espagnol L1 LLSH GR 1;
<L1 Lettres class & modern><TD Espagnol>Espagnol L1 LLSH GR 2;
<L1 Lettres class & modern><TD Espagnol>Espagnol L1 LLSH GR 3;
<L1 Lettres class & modern><TD Espagnol>Espagnol L1 LLSH GR 4;
<L1 Lettres class & modern><TD Espagnol>Espagnol L1 LLSH GR 5;
<L1 Lettres class & modern>Découverte Anglais S1 Gpe 1;
<L1 Lettres class & modern>Découverte Anglais S2;
<L1 Lettres class & modern>Découverte CM Anglais S1;
<L1 Lettres class & modern>Découverte CM Espagnol S1;
<L1 Lettres class & modern>Découverte Espagnol S1 Gpe 1;
<L1 Lettres class & modern>Découverte Espagnol S1 Gpe 2;
<L1 Lettres class & modern>Découverte Espagnol S2;
<L1 Lettres class & modern>Découverte Géographie S2;
<L1 Lettres class & modern>Découverte Histoire art S2;
<L1 Lettres class & modern>Découverte Histoire S2 Gpe 1;
<L1 Lettres class & modern>Découverte Sociologie S2;
<L1 Lettres class & modern>S1 UE9 Atelier lecteur;
<L1 Lettres class & modern>S1 UE9 Atelier écriture;
<L1 Lettres class & modern>S1 UE9 Histoire théâtre;
<L1 Lettres class & modern>S1 UE9 Lecture analyse BD1;
<L1 Lettres class & modern>S2 UE16 Litté comparée;
<L1 Lettres class & modern>S2 UE16 LLC Grecques 1;
<L1 Lettres class & modern>S2 UE19 Atelier lecteur;
<L1 Lettres class & modern>S2 UE19 Atelier écriture;
<L1 Lettres class & modern>S2 UE19 Histoire cinéma;
<L1 LLCER - EA><groupes TD>TD A;
<L1 LLCER - EA><groupes TD>TD B;
<L1 LLCER - EA><groupes TD>TD C;
<L1 LLCER - EA><groupes TP Labo>Groupe A1;
<L1 LLCER - EA><groupes TP Labo>Groupe A2;
<L1 LLCER - EA><groupes TP Labo>Groupe B1;
<L1 LLCER - EA><groupes TP Labo>Groupe B2;
<L1 LLCER - EA><groupes TP Labo>Groupe C1;
<L1 LLCER - EA><groupes TP Labo>Groupe C2;
<L1 LLCER - EA><groupes TP Labo>Groupe D1;
<L1 LLCER - EA><groupes TP Labo>Labo D2;
<L1 LLCER - EA><TD Espagnol>Espagnol L1 LLSH GR 1;
<L1 LLCER - EA><TD Espagnol>Espagnol L1 LLSH GR 2;
<L1 LLCER - EA><TD Espagnol>Espagnol L1 LLSH GR 3;
<L1 LLCER - EA><TD Espagnol>Espagnol L1 LLSH GR 4;
<L1 LLCER - EA><TD Espagnol>Espagnol L1 LLSH GR 5;
<L1 LLCER - EA>Découverte CM Espagnol S1;
<L1 LLCER - EA>Découverte CM Lettres S1;
<L1 LLCER - EA>Découverte espagnol S1 Gpe 1;
<L1 LLCER - EA>Découverte espagnol S1 Gpe 2;
<L1 LLCER - EA>Découverte Espagnol S2;
<L1 LLCER - EA>Découverte Géographie S2;
<L1 LLCER - EA>Découverte HAA S2;
<L1 LLCER - EA>Découverte Histoire S2;
<L1 LLCER - EA>Découverte Lettres S1 Gpe 1;
<L1 LLCER - EA>Découverte Lettres S1 Gpe 2;
<L1 LLCER - EA>Découverte Lettres S2;
<L1 LLCER - EA>Découverte Sociologie S2;
<L1 LLCER - EH>2S Découverte Anglais S2;
<L1 LLCER - EH>2S Découverte Géographie S2;
<L1 LLCER - EH>2S Découverte Histoire de l'art S2;
<L1 LLCER - EH>2S Découverte Histoire S2;
<L1 LLCER - EH>2S Découverte Lettres S2;
<L1 LLCER - EH>2S Découverte Sociologie S2;
<L1 LLCER - EH><Groupes L1 Espagnol>L1 Esp Groupe 1;
<L1 LLCER - EH><TD Anglais>Anglais L1 LLSH Gp 1;
<L1 LLCER - EH><TD Anglais>Anglais L1 LLSH Gp 10;
<L1 LLCER - EH><TD Anglais>Anglais L1 LLSH Gp 11;
<L1 LLCER - EH><TD Anglais>Anglais L1 LLSH Gp 12;
<L1 LLCER - EH><TD Anglais>Anglais L1 LLSH Gp 2;
<L1 LLCER - EH><TD Anglais>Anglais L1 LLSH Gp 3;
<L1 LLCER - EH><TD Anglais>Anglais L1 LLSH Gp 4;
<L1 LLCER - EH><TD Anglais>Anglais L1 LLSH Gp 5;
<L1 LLCER - EH><TD Anglais>Anglais L1 LLSH Gp 6;
<L1 LLCER - EH><TD Anglais>Anglais L1 LLSH Gp 7;
<L1 LLCER - EH><TD Anglais>Anglais L1 LLSH Gp 8;
<L1 LLCER - EH><TD Anglais>Anglais L1 LLSH Gp 9;
<L1 LLCER - EH>Découverte Anglais S1 Gpe 2;
<L1 LLCER - EH>Découverte CM Anglais S1;
<L1 LLCER - EH>Découverte CM Lettres S1;
<L1 LLCER - EH>Découverte Lettres S1 Gpe 1;
<L1 LLCER - EH>Découverte Lettres S1 Gpe 2;
<L1 LLCER Basque>Conférence laïcité;
<L1 LLCER Basque>Découverte langue basque;
<L1 LLCER Basque>LV Allemand;
<L1 LLCER Basque>Rencontre Itxaro Bord;
<L1 LLCER Basque>Théâtre;
<L1 LLCER Basque>UE5 Découverte Histoire du cinéma;
<L1 LLCER Basque>UECF Chinois;
<L1 LLCER Basque>UECF Italien;
<L1 LLCER Basque>UET FabLab';
<L1 LLCER Basque>UET populations et sociétés;
<L1 LLCER Basque>Vie de campus;
<L1 Mathématiques - Info><Groupes Anglais>L1 Maths-Info anglais GR1;
<L1 Mathématiques - Info><Groupes Anglais>L1 Maths-Info anglais GR2;
<L1 Mathématiques - Info><Groupes Anglais>L1 Maths-Info anglais GR3;
<L1 Mathématiques - Info><Groupes Anglais>L1 Maths-Info anglais GR4;
<L1 Mathématiques - Info><Groupes Anglais>L1 Maths-Info anglais GR5;
<L1 Mathématiques - Info><Groupes Anglais>L1 Maths-Info anglais GR6;
<L1 Mathématiques - Info>L1 Info Tutorat Maths;
<L1 Mathématiques - Info>L1 Maths Info- TP Projet 1;
<L1 Mathématiques - Info>L1 Maths Info- TP Projet 2;
<L1 Mathématiques - Info>L1 maths-info Puzzle du climat Gr 1;
<L1 Mathématiques - Info>L1 Maths-Info Tutorat Hors Maths;
<L1 Mathématiques>< Parcours CMI>CMI-Maths et Ingé 1ère Année;
<L1 Mathématiques><Groupes anglais>L1 Maths anglais GR1;
<L1 Mathématiques><Groupes anglais>L1 Maths anglais GR2;
<L1 Mathématiques><Groupes anglais>L1 Maths anglais GR3;
<L1 Mathématiques><Groupes anglais>L1 Maths anglais GR4;
<L1 Mathématiques><Groupes anglais>L1 Maths anglais GR5;
<L1 Mathématiques><Groupes anglais>L1 Maths anglais GR6;
<L1 Mathématiques><Groupes TD>L1 MATHS Gr1;
<L1 Mathématiques><Groupes TD>L1 MATHS Gr2;
<L1 Mathématiques><Groupes TP Info>L1 Maths TP info Gr A;
<L1 Mathématiques><Groupes TP Info>L1 Maths TP info Gr B;
<L1 Mathématiques><Groupes TP Info>L1 Maths TP info Gr C;
<L1 Mathématiques>L1 Maths  Puzzle du climat Gr 2;
<L1 Mathématiques>L1 Maths  Puzzle du climat Gr 3;
<L1 Mathématiques>L1 Maths  Puzzle du climat Gr 4;
<L1 Mathématiques>L1 Maths + Maths-info Puzzle du climat Gr 1;
<L1 Mathématiques>L1 Maths - Conférence;
<L1 Mathématiques>L1 Maths - Entretien;
<L1 Mathématiques>L1 Maths - Entretiens;
<L1 Mathématiques>L1 Maths - Fête UPPA;
<L1 Mathématiques>L1 Maths - groupe Anglais Etoiles;
<L1 Mathématiques>L1 Maths - Math métiers enseignement;
<L1 Mathématiques>L1 Maths - Tutorat;
<L1 Mathématiques>L1 Maths - Tutorat Maths;
<L1 Mathématiques>L1 Maths Géométrie;
<L1 Mathématiques>L1 Maths Mécanique du point;
<L1 MIASHS - PPPE><Groupes TD>L1 MIASHS PPPE TD gr 1;
<L1 MIASHS - PPPE><Groupes TD>L1 MIASHS PPPE TD gr 2;
<L1 MIASHS - PPPE><Groupes TP>L1 MIASHS PPPE TP Gr 1;
<L1 MIASHS - PPPE><Groupes TP>L1 MIASHS PPPE TP Gr 2;
<L1 MIASHS><Groupes anglais>L1 MIASHS anglais GR1;
<L1 MIASHS><Groupes anglais>L1 MIASHS anglais GR2;
<L1 MIASHS><Groupes anglais>L1 MIASHS anglais GR3;
<L1 MIASHS><Groupes anglais>L1 MIASHS anglais GR4;
<L1 MIASHS><Groupes anglais>L1 MIASHS anglais GR5;
<L1 MIASHS><Groupes anglais>L1 MIASHS anglais GR6;
<L1 MIASHS><Groupes TP Info>L1 MIASHS TP Info G1;
<L1 MIASHS><Groupes TP Info>L1 MIASHS TP Info G2;
<L1 MIASHS>L1 MIASHS - Conférence;
<L1 MIASHS>L1 MIASHS - Erasmus DAY;
<L1 MIASHS>L1 MIASHS - Fête UPPA;
<L1 MIASHS>L1 MIASHS - Tutorat Maths;
<L1 MIASHS>L1 MIASHS Puzzle Climat Grp 1;
<L1 MIASHS>L1 MIASHS Puzzle Climat Grp 2;
<L1 PC - LAS filière Kiné><Groupes Anglais>L1 PC - LAS anglais Filière kiné GR1;
<L1 PC - LAS filière Kiné><Groupes Anglais>L1 PC - LAS anglais Filière kiné GR2;
<L1 PC - LAS filière Kiné><Groupes Anglais>L1 PC - LAS anglais Filière kiné GR3;
<L1 PC - LAS filière Kiné><Groupes Anglais>L1 PC - LAS anglais Filière kiné GR4;
<L1 PC - LAS filière Kiné><Groupes TD>L1 PC - LAS filière Kiné  GR1;
<L1 PC - LAS filière Kiné><Groupes TD>L1 PC - LAS filière Kiné  GR2;
<L1 PC - LAS filière Kiné>L1 PC et Las Puzzle du Climat GR1;
<L1 PC - LAS filière Kiné>L1 PC LAS + L1 Info Puzzle du Climat GR4;
<L1 PC - LAS filière Kiné>L1 PC Las Kiné Anglais groupe etoile;
<L1 PC - LAS filière Kiné>L1 PC Las Kiné Chimie des sol;
<L1 PC - LAS filière Kiné>L1 PC Las Kiné Chimie orga fond;
<L1 PC - LAS filière Kiné>L1 PC Las Kiné Entretien;
<L1 PC - LAS filière Kiné>L1 PC Las Kiné ERASMUS DAY;
<L1 PC - LAS filière Kiné>L1 PC Las Kiné Tutorat PC;
<L1 PC - LAS filière Maieu><Groupes Anglais>L1 PC - LAS anglais Filière Maieu GR1;
<L1 PC - LAS filière Maieu><Groupes Anglais>L1 PC - LAS anglais Filière Maieu GR2;
<L1 PC - LAS filière Maieu><Groupes Anglais>L1 PC - LAS anglais Filière Maieu GR3;
<L1 PC - LAS filière Maieu><Groupes Anglais>L1 PC - LAS anglais Filière Maieu GR4;
<L1 PC - LAS filière Maieu><Groupes TD>L1 PC - LAS filière Maieu GR1;
<L1 PC - LAS filière Maieu><Groupes TD>L1 PC - LAS filière Maieu GR2;
<L1 PC - LAS filière Maieu>L1 PC Las Maieu Anglais groupe etoile;
<L1 PC - LAS filière Maieu>L1 PC Las Maieu Chimie des sol;
<L1 PC - LAS filière Maieu>L1 PC Las Maieu Chimie orga fond;
<L1 PC - LAS filière Maieu>L1 PC Las Maieu Entretien;
<L1 PC - LAS filière Maieu>L1 PC Las Maieu ERASMUS DAY;
<L1 PC - LAS filière Maieu>L1 PC Las Maieu Tutorat PC;
<L1 PC - LAS filière Médec><Groupes Anglais>L1 PC - LAS anglais Filière Maieu GR2;
<L1 PC - LAS filière Médec><Groupes Anglais>L1 PC - LAS anglais Filière Maieu GR3;
<L1 PC - LAS filière Médec><Groupes Anglais>L1 PC - LAS anglais Filière Maieu GR4;
<L1 PC - LAS filière Médec><Groupes Anglais>L1 PC - LAS anglais Filière Médec GR1;
<L1 PC - LAS filière Médec><Groupes TD>L1 PC - LAS filière Médec GR1;
<L1 PC - LAS filière Médec><Groupes TD>L1 PC - LAS filière Médec GR2;
<L1 PC - LAS filière Médec>L1 PC et Las Puzzle du Climat GR1;
<L1 PC - LAS filière Médec>L1 PC LAS + L1 Info Puzzle du Climat GR4;
<L1 PC - LAS filière Médec>L1 PC Las Medec  Anglais groupe etoile;
<L1 PC - LAS filière Médec>L1 PC Las Medec Chimie des sol;
<L1 PC - LAS filière Médec>L1 PC Las Medec Chimie orga fond;
<L1 PC - LAS filière Médec>L1 PC Las Medec Entretien;
<L1 PC - LAS filière Médec>L1 PC Las Medec ERASMUS DAY;
<L1 PC - LAS filière Médec>L1 PC Las Médec Tutorat PC;
<L1 PC - LAS filière Odont><Groupe TD>L1 PC - LAS filière Odont GR1;
<L1 PC - LAS filière Odont><Groupe TD>L1 PC - LAS filière Odont GR2;
<L1 PC - LAS filière Odont><Groupes Anglais>L1 PC - LAS anglais Filière Odont GR1;
<L1 PC - LAS filière Odont><Groupes Anglais>L1 PC - LAS anglais Filière Odont GR2;
<L1 PC - LAS filière Odont><Groupes Anglais>L1 PC - LAS anglais Filière Odont GR3;
<L1 PC - LAS filière Odont><Groupes Anglais>L1 PC - LAS anglais Filière Odont GR4;
<L1 PC - LAS filière Odont>L1 PC  Las Odont Chimie des sol;
<L1 PC - LAS filière Odont>L1 PC  Las Odont Chimie orga fond;
<L1 PC - LAS filière Odont>L1 PC et Las Puzzle du Climat GR1;
<L1 PC - LAS filière Odont>L1 PC Las Odont Anglais groupe etoile;
<L1 PC - LAS filière Odont>L1 PC Las Odont Entretien;
<L1 PC - LAS filière Odont>L1 PC Las Odont ERASMUS DAY;
<L1 PC - LAS filière Odont>L1 PC Las Odont Tutorat PC;
<L1 PC - LAS filière Pharm><Groupe Anglais>L1 PC - LAS anglais Filière Pharm GR1;
<L1 PC - LAS filière Pharm><Groupe Anglais>L1 PC - LAS anglais Filière Pharm GR2;
<L1 PC - LAS filière Pharm><Groupe Anglais>L1 PC - LAS anglais Filière Pharm GR3;
<L1 PC - LAS filière Pharm><Groupe Anglais>L1 PC - LAS anglais Filière Pharm GR4;
<L1 PC - LAS filière Pharm><Groupe TD>L1 PC - LAS filière Pharm GR1;
<L1 PC - LAS filière Pharm><Groupe TD>L1 PC - LAS filière Pharm GR2;
<L1 PC - LAS filière Pharm>L1 PC et Las Puzzle du Climat GR1;
<L1 PC - LAS filière Pharm>L1 PC LAS + L1 Info Puzzle du Climat GR4;
<L1 PC - LAS filière Pharm>L1 PC Las Pharm Anglais groupe etoile;
<L1 PC - LAS filière Pharm>L1 PC Las Pharm Chimie des sol;
<L1 PC - LAS filière Pharm>L1 PC Las Pharm Chimie orga fond;
<L1 PC - LAS filière Pharm>L1 PC Las Pharm Entretien;
<L1 PC - LAS filière Pharm>L1 PC Las Pharm ERASMUS DAY;
<L1 PC - LAS filière Pharm>L1 PC Las Pharm Tutorat PC;
<L1 PC - LAS>L1 PC LAS Outils Num 1;
<L1 Phy Chimie - Anglet><L1 PC Animation Scientifique>L1 PC Animation Scientifique;
<L1 Phy Chimie - Anglet><L1 PC Ecologie, Evolution, Env>L1 PC Ecologie, Evolution, Env;
<L1 Phy Chimie - Anglet><L1 PC Groupe Anglais>L1 PC Groupe 1;
<L1 Phy Chimie - Anglet><L1 PC Groupe Anglais>L1 PC Groupe 2;
<L1 Phy Chimie - Anglet><L1 PC Groupe Anglais>L1 PC Groupe 3;
<L1 Phy Chimie - Anglet><L1 PC Groupe Anglais>L1 PC Groupe 4;
<L1 Phy Chimie - Anglet><L1 PC Groupe Anglais>L1 PC Groupe 5;
<L1 Phy Chimie - Anglet><L1 PC Groupe Anglais>L1 PC Groupe 6;
<L1 Phy Chimie - Anglet><L1 PC Histoire des Sciences>L1 PC Histoire des Sciences;
<L1 Phy Chimie - Anglet><L1 PC Probabilités Stat.>L1 PC Probabilités Stat.;
<L1 Phy Chimie - Anglet><L1 PC TD obligatoires>L1 PC TD obligatoires Gr 1.;
<L1 Phy Chimie - Anglet><L1 PC TD obligatoires>L1 PC TD obligatoires Gr 2.;
<L1 Phy Chimie - Anglet><L1 PC TP obligatoires>L1 PC TP chimie Gr A;
<L1 Phy Chimie - Anglet><L1 PC TP obligatoires>L1 PC TP chimie Gr B;
<L1 Phy Chimie - Anglet><L1 PC TP obligatoires>L1 PC TP chimie Gr C;
<L1 Phy Chimie - Anglet><L1 PC TP obligatoires>L1 PC TP chimie Gr D;
<L1 Phy Chimie - Anglet><L1 PC TP obligatoires>L1 PC TP Gr A;
<L1 Phy Chimie - Anglet><L1 PC TP obligatoires>L1 PC TP Gr B;
<L1 Phy Chimie - Anglet><L1 PC TP obligatoires>L1 PC TP Gr C;
<L1 Phy Chimie - Anglet><Puzzle du Climat>01Puzzle du Climat;
<L1 Phy Chimie - Anglet><Puzzle du Climat>02Puzzle du Climat;
<L1 Phy Chimie - Anglet><Puzzle du Climat>03Puzzle du Climat;
<L1 Phy Chimie - Anglet>L1 PC Enseignement scientifique;
<L1 Phy Chimie - Anglet>L1PC Histoire des sciences option;
<L1 Phy Chimie - Anglet>L1PC Proba stat option;
<L1 Phy Chimie - Anglet>Mathématiques approfondies;
<L1 Phy Chimie - Anglet>Phénomènes vibratoires;
<L1 Phy Chimie - Anglet>Rattrapage;
<L1 Phy Chimie - Anglet>Sciences environnementales;
<L1 Physique, Chimie>< Parcours CMI>CMI- GEM PC1 groupe 1;
<L1 Physique, Chimie>< Parcours CMI>CMI- GEM PC1 groupe 2;
<L1 Physique, Chimie><Groupes anglais>L1 PC anglais GR1;
<L1 Physique, Chimie><Groupes anglais>L1 PC anglais GR2;
<L1 Physique, Chimie><Groupes anglais>L1 PC anglais GR3;
<L1 Physique, Chimie><Groupes anglais>L1 PC anglais GR4;
<L1 Physique, Chimie><Groupes TD>L1 PC groupe 1;
<L1 Physique, Chimie><Groupes TD>L1 PC groupe 2;
<L1 Physique, Chimie><Groupes TD>L1 PC groupe A;
<L1 Physique, Chimie><Groupes TD>L1 PC groupe B;
<L1 Physique, Chimie><Groupes TP>L1 PC Gr A;
<L1 Physique, Chimie><Groupes TP>L1 PC Gr B;
<L1 Physique, Chimie><Groupes TP>L1 PC Gr C;
<L1 Physique, Chimie>L1 PC - groupe Anglais Etoiles;
<L1 Physique, Chimie>L1 PC Chimie des Sol 2;
<L1 Physique, Chimie>L1 PC Chimie des Sol 2 G1;
<L1 Physique, Chimie>L1 PC Chimie des Sol 2 G2;
<L1 Physique, Chimie>L1 PC Chimie Orga Fond;
<L1 Physique, Chimie>L1 PC Conférence;
<L1 Physique, Chimie>L1 PC Electro-cinétique;
<L1 Physique, Chimie>L1 PC Entretien Individuel;
<L1 Physique, Chimie>L1 PC Entretien Individuel GA;
<L1 Physique, Chimie>L1 PC Entretien Individuel GB;
<L1 Physique, Chimie>L1 PC Epreuve Substitution;
<L1 Physique, Chimie>L1 PC et Las Puzzle du Climat GR1;
<L1 Physique, Chimie>L1 PC Evaluations des Enseignements;
<L1 Physique, Chimie>L1 PC Fëte UPPA;
<L1 Physique, Chimie>L1 PC Intro Bio;
<L1 Physique, Chimie>L1 PC Intro Info;
<L1 Physique, Chimie>L1 PC Intro SDT;
<L1 Physique, Chimie>L1 PC Meca du point;
<L1 Physique, Chimie>L1 PC Ondes et Vibrations;
<L1 Physique, Chimie>L1 PC Outils Num 1;
<L1 Physique, Chimie>L1 PC Puzzle du Climat GR2;
<L1 Physique, Chimie>L1 PC Puzzle du Climat GR3;
<L1 Physique, Chimie>L1 PC Puzzle du Climat GR4;
<L1 Physique, Chimie>L1 PC Sécurité et instrum labo;
<L1 Physique, Chimie>L1 PC Tutorat Maths GR1;
<L1 Physique, Chimie>L1 PC Tutorat Maths GR2;
<L1 Physique, Chimie>L1 PC Tutorat PC;
<L1 Physique, Chimie>L1 PC Tutorat PC Chimie;
<L1 Physique, Chimie>L1 PC Tutorat PC Physique;
<L1 Sciences de la terre>< Parcours CMI>CMI-GEM SDT 1ère Année;
<L1 Sciences de la terre><Groupes anglais>L1 SDT anglais GR1;
<L1 Sciences de la terre><Groupes anglais>L1 SDT anglais GR2;
<L1 Sciences de la terre><Groupes anglais>L1 SDT anglais GR3;
<L1 Sciences de la terre><Groupes anglais>L1 SDT anglais GR4;
<L1 Sciences de la terre><Groupes anglais>L1 SDT anglais GR5;
<L1 Sciences de la terre><Groupes anglais>L1 SDT anglais GR6;
<L1 Sciences de la terre><Groupes anglais>L1 SDT anglais GR7;
<L1 Sciences de la terre><Groupes anglais>L1 SDT anglais GR8;
<L1 Sciences de la terre><Groupes TD>L1 SDT GR 1;
<L1 Sciences de la terre><Groupes TD>L1 SDT GR 2;
<L1 Sciences de la terre>L1 SDT - groupe Anglais Etoiles;
<L1 Sciences de la terre>L1 SDT - Intro Chimie géné;
<L1 Sciences de la terre>L1 SDT - Intro Phys géné;
<L1 Sciences de la terre>L1 SDT - Tutorat Maths;
<L1 Sciences de la terre>L1 SDT Conférence;
<L1 Sciences de la terre>L1 SDT Intro Bio;
<L1 Sciences de la terre>L1 SDT Intro info;
<L1 Sciences de la terre>L1 SDT Puzzle du Climat GR1;
<L1 Sciences de la terre>L1 SDT Puzzle du Climat GR2;
<L1 Sciences de la vie>< Parcours CMI>CMI- GEM SDV 1ère Année;
<L1 Sciences de la vie><Groupes anglais>L1 SDV anglais GR1;
<L1 Sciences de la vie><Groupes anglais>L1 SDV anglais GR2;
<L1 Sciences de la vie><Groupes anglais>L1 SDV anglais GR3;
<L1 Sciences de la vie><Groupes anglais>L1 SDV anglais GR4;
<L1 Sciences de la vie><Groupes anglais>L1 SDV anglais GR5;
<L1 Sciences de la vie><Groupes anglais>L1 SDV anglais GR6;
<L1 Sciences de la vie><Groupes anglais>L1 SDV anglais GR7;
<L1 Sciences de la vie><Groupes anglais>L1 SDV anglais GR8;
<L1 Sciences de la vie><Groupes TD>L1 SDV groupe 1;
<L1 Sciences de la vie><Groupes TD>L1 SDV groupe 2;
<L1 Sciences de la vie><Groupes TD>L1 SDV groupe 3;
<L1 Sciences de la vie><Groupes TD>L1 SDV groupe 4;
<L1 Sciences de la vie><Groupes TD>L1 SDV groupe 5;
<L1 Sciences de la vie><Groupes TP>L1 SDV TP G1A;
<L1 Sciences de la vie><Groupes TP>L1 SDV TP G1B;
<L1 Sciences de la vie><Groupes TP>L1 SDV TP G2A;
<L1 Sciences de la vie><Groupes TP>L1 SDV TP G2B;
<L1 Sciences de la vie><Groupes TP>L1 SDV TP G3A;
<L1 Sciences de la vie><Groupes TP>L1 SDV TP G3B;
<L1 Sciences de la vie><Groupes TP>L1 SDV TP G4A;
<L1 Sciences de la vie><Groupes TP>L1 SDV TP G4B;
<L1 Sciences de la vie>L1 SDV - groupe Anglais Etoiles;
<L1 Sciences de la vie>L1 SDV Chimie des sol 2;
<L1 Sciences de la vie>L1 SDV Conférence;
<L1 Sciences de la vie>L1 SDV Entretiens;
<L1 Sciences de la vie>L1 SDV Epreuve substitution;
<L1 Sciences de la vie>L1 SDV Fête UPPA;
<L1 Sciences de la vie>L1 SDV Intro Chimie Géné gr2;
<L1 Sciences de la vie>L1 SDV Intro Chimie Géné gr3;
<L1 Sciences de la vie>L1 SDV Intro Phys Géné;
<L1 Sciences de la vie>L1 SDV PEP'S 1;
<L1 Sciences de la vie>L1 SDV Présentation Bordeaux Sciences Agro;
<L1 Sciences de la vie>L1 SDV Puzzle du climat GR1;
<L1 Sciences de la vie>L1 SDV Puzzle du climat GR2;
<L1 Sciences de la vie>L1 SDV Puzzle du climat GR3;
<L1 Sciences de la vie>L1 SDV Puzzle du climat GR4;
<L1 Sciences de la vie>L1 SDV Puzzle du climat GR5;
<L1 Sciences de la vie>L1 SDV Puzzle du climat GR6;
<L1 Sciences de la vie>L1 SDV Puzzle du climat GR9;
<L1 Sciences de la vie>L1 SDV Roch et Chrono TD gr 1;
<L1 Sciences de la vie>L1 SDV Roch et Chrono TP gr 1a;
<L1 Sciences de la vie>L1 SDV Roch et Chrono TP gr 1b;
<L1 Sciences de la vie>L1 SDV Structures géologiques gr 1;
<L1 Sciences de la vie>L1 SDV Tutorat hors maths;
<L1 Sciences de la vie>L1 SDV Tutorat Maths Gr 1;
<L1 Sciences de la vie>L1 SDV Tutorat Maths Gr 2;
<L1 Sciences de la vie>L1 SDV Tutorat Maths Gr 3;
<L1 Sciences de la vie>L1 SDV Tutorat Maths Gr 4;
<L1 SDV - LAS filière Kiné><Groupes Anglais>L1 SDV - LAS anglais filière Kiné GR1;
<L1 SDV - LAS filière Kiné><Groupes Anglais>L1 SDV - LAS anglais filière Kiné GR2;
<L1 SDV - LAS filière Kiné><Groupes Anglais>L1 SDV - LAS anglais filière Kiné GR3;
<L1 SDV - LAS filière Kiné><Groupes Anglais>L1 SDV - LAS anglais filière Kiné GR4;
<L1 SDV - LAS filière Kiné><Groupes Anglais>L1 SDV - LAS anglais filière Kiné GR5;
<L1 SDV - LAS filière Kiné><Groupes Anglais>L1 SDV - LAS anglais filière Kiné GR6;
<L1 SDV - LAS filière Kiné><Groupes Anglais>L1 SDV - LAS anglais filière Kiné GR7;
<L1 SDV - LAS filière Kiné><Groupes Anglais>L1 SDV - LAS anglais filière Kiné GR8;
<L1 SDV - LAS filière Kiné><Groupes TD>L1 SDV-LAS Kiné groupe 4;
<L1 SDV - LAS filière Kiné><Groupes TP>L1 SDV-LAS Filère Kiné TP G4A;
<L1 SDV - LAS filière Kiné><Groupes TP>L1 SDV-LAS Filère Kiné TP G4B;
<L1 SDV - LAS filière Kiné>L1 SDV Las Kiné Anglais groupe etoile;
<L1 SDV - LAS filière Kiné>L1 SDV Las Kiné Chimie orga fond;
<L1 SDV - LAS filière Kiné>L1 SDV Las Kiné Entretien Individuel;
<L1 SDV - LAS filière Kiné>L1 SDV Las kiné Présentation Bordeaux Sciences Agro;
<L1 SDV - LAS filière Kiné>L1 SDV Las Kiné Puzzle Climat GR7;
<L1 SDV - LAS filière Kiné>L1 SDV Las Kiné Puzzle Climat GR8;
<L1 SDV - LAS filière Kiné>L1 SDV Las Kiné Puzzle Climat GR9;
<L1 SDV - LAS filière Kiné>L1 SDV- Las Kiné Structures géologiques;
<L1 SDV - LAS filière Maïe><Groupe TD>L1 SDV-LAS Maïeu groupe 1;
<L1 SDV - LAS filière Maïe><Groupe TD>L1 SDV-LAS Maïeu groupe 2;
<L1 SDV - LAS filière Maïe><Groupe TD>L1 SDV-LAS Maïeu groupe 3;
<L1 SDV - LAS filière Maïe><Groupe TD>L1 SDV-LAS Maïeu groupe 4;
<L1 SDV - LAS filière Maïe><Groupe TP>L1 SDV-LAS Filère Maieu TP G4A;
<L1 SDV - LAS filière Maïe><Groupe TP>L1 SDV-LAS Filère Maieu TP G4B;
<L1 SDV - LAS filière Maïe><Groupes Anglais>L1 SDV - LAS anglais filière Maieu GR1;
<L1 SDV - LAS filière Maïe><Groupes Anglais>L1 SDV - LAS anglais filière Maieu GR2;
<L1 SDV - LAS filière Maïe><Groupes Anglais>L1 SDV - LAS anglais filière Maieu GR3;
<L1 SDV - LAS filière Maïe><Groupes Anglais>L1 SDV - LAS anglais filière Maieu GR4;
<L1 SDV - LAS filière Maïe><Groupes Anglais>L1 SDV - LAS anglais filière Maieu GR5;
<L1 SDV - LAS filière Maïe><Groupes Anglais>L1 SDV - LAS anglais filière Maieu GR6;
<L1 SDV - LAS filière Maïe><Groupes Anglais>L1 SDV - LAS anglais filière Maieu GR7;
<L1 SDV - LAS filière Maïe><Groupes Anglais>L1 SDV - LAS anglais filière Maieu GR8;
<L1 SDV - LAS filière Maïe>L1 SDV Las Maieu Anglais groupe etoile;
<L1 SDV - LAS filière Maïe>L1 SDV Las Maieu Chimie orga fond;
<L1 SDV - LAS filière Maïe>L1 SDV Las Maieu Entretien Individuel;
<L1 SDV - LAS filière Maïe>L1 SDV Las Maieu Présentation Bordeaux Sciences Agro;
<L1 SDV - LAS filière Maïe>L1 SDV Las Maieu Puzzle Climat GR7;
<L1 SDV - LAS filière Maïe>L1 SDV Las Maieu Puzzle Climat GR8;
<L1 SDV - LAS filière Maïe>L1 SDV Las Maieu Puzzle Climat GR9;
<L1 SDV - LAS filière Maïe>L1 SDV Las Maieu Structure Géologique 1;
<L1 SDV - LAS filière Méde><Groupe TD>L1 SDV-LAS Medec groupe 1;
<L1 SDV - LAS filière Méde><Groupe TD>L1 SDV-LAS Medec groupe 2;
<L1 SDV - LAS filière Méde><Groupe TD>L1 SDV-LAS Medec groupe 3;
<L1 SDV - LAS filière Méde><Groupe TD>L1 SDV-LAS Medec groupe 4;
<L1 SDV - LAS filière Méde><Groupe TP>L1 SDV-LAS Filère Medec TP G4A;
<L1 SDV - LAS filière Méde><Groupe TP>L1 SDV-LAS Filère Medec TP G4B;
<L1 SDV - LAS filière Méde><Groupes Anglais>L1 SDV - LAS filière Anglais Médec GR1;
<L1 SDV - LAS filière Méde><Groupes Anglais>L1 SDV - LAS filière Anglais Médec GR2;
<L1 SDV - LAS filière Méde><Groupes Anglais>L1 SDV - LAS filière Anglais Médec GR3;
<L1 SDV - LAS filière Méde><Groupes Anglais>L1 SDV - LAS filière Anglais Médec GR4;
<L1 SDV - LAS filière Méde><Groupes Anglais>L1 SDV - LAS filière Anglais Médec GR5;
<L1 SDV - LAS filière Méde><Groupes Anglais>L1 SDV - LAS filière Anglais Médec GR6;
<L1 SDV - LAS filière Méde><Groupes Anglais>L1 SDV - LAS filière Anglais Médec GR7;
<L1 SDV - LAS filière Méde><Groupes Anglais>L1 SDV - LAS filière Anglais Médec GR8;
<L1 SDV - LAS filière Méde>L1 SDV Las Medec Anglais groupe etoile;
<L1 SDV - LAS filière Méde>L1 SDV Las Medec Chimie orga fond;
<L1 SDV - LAS filière Méde>L1 SDV Las Medec Entretien Individuel;
<L1 SDV - LAS filière Méde>L1 SDV Las Medec Puzzle Climat GR7;
<L1 SDV - LAS filière Méde>L1 SDV Las Medec Puzzle Climat GR8;
<L1 SDV - LAS filière Méde>L1 SDV Las Medec Puzzle Climat GR9;
<L1 SDV - LAS filière Méde>L1 SDV Las Medec Structure Géologique 1;
<L1 SDV - LAS filière Méde>L1 SDV Las Médec Présentation Bordeaux Sciences Agro;
<L1 SDV - LAS filière Odon><Groupe Anglais>L1 SDV - LAS anglais filière Odon GR1;
<L1 SDV - LAS filière Odon><Groupe Anglais>L1 SDV - LAS anglais filière Odon GR2;
<L1 SDV - LAS filière Odon><Groupe Anglais>L1 SDV - LAS anglais filière Odon GR3;
<L1 SDV - LAS filière Odon><Groupe Anglais>L1 SDV - LAS anglais filière Odon GR4;
<L1 SDV - LAS filière Odon><Groupe Anglais>L1 SDV - LAS anglais filière Odon GR5;
<L1 SDV - LAS filière Odon><Groupe Anglais>L1 SDV - LAS anglais filière Odon GR6;
<L1 SDV - LAS filière Odon><Groupe Anglais>L1 SDV - LAS anglais filière Odon GR7;
<L1 SDV - LAS filière Odon><Groupe Anglais>L1 SDV - LAS anglais filière Odon GR8;
<L1 SDV - LAS filière Odon><Groupe TP>L1 SDV-LAS Filère Odont TP G4A;
<L1 SDV - LAS filière Odon><Groupe TP>L1 SDV-LAS Filère Odont TP G4B;
<L1 SDV - LAS filière Odon><Groupes TD>L1 SDV-LAS Odont groupe 1;
<L1 SDV - LAS filière Odon><Groupes TD>L1 SDV-LAS Odont groupe 2;
<L1 SDV - LAS filière Odon><Groupes TD>L1 SDV-LAS Odont groupe 3;
<L1 SDV - LAS filière Odon><Groupes TD>L1 SDV-LAS Odont groupe 4;
<L1 SDV - LAS filière Odon>L1 SDV Las Odont  Anglais groupe etoile;
<L1 SDV - LAS filière Odon>L1 SDV Las Odont Chimie orga fond;
<L1 SDV - LAS filière Odon>L1 SDV Las Odont Entretien Individuel;
<L1 SDV - LAS filière Odon>L1 SDV Las Odont Présentation Bordeaux Sciences Agro;
<L1 SDV - LAS filière Odon>L1 SDV Las Odont Puzzle Climat GR7;
<L1 SDV - LAS filière Odon>L1 SDV Las Odont Puzzle Climat GR8;
<L1 SDV - LAS filière Odon>L1 SDV Las Odont Puzzle Climat GR9;
<L1 SDV - LAS filière Odon>L1 SDV Las Odont Structure Géologique 1;
<L1 SDV - LAS filière Phar><Groupes Anglais>L1 SDV - LAS angais filière Pharm GR1;
<L1 SDV - LAS filière Phar><Groupes Anglais>L1 SDV - LAS angais filière Pharm GR2;
<L1 SDV - LAS filière Phar><Groupes Anglais>L1 SDV - LAS angais filière Pharm GR3;
<L1 SDV - LAS filière Phar><Groupes Anglais>L1 SDV - LAS angais filière Pharm GR4;
<L1 SDV - LAS filière Phar><Groupes Anglais>L1 SDV - LAS angais filière Pharm GR5;
<L1 SDV - LAS filière Phar><Groupes Anglais>L1 SDV - LAS angais filière Pharm GR6;
<L1 SDV - LAS filière Phar><Groupes Anglais>L1 SDV - LAS angais filière Pharm GR7;
<L1 SDV - LAS filière Phar><Groupes Anglais>L1 SDV - LAS angais filière Pharm GR8;
<L1 SDV - LAS filière Phar><Groupes TD>L1 SDV-LAS Pharma groupe 1;
<L1 SDV - LAS filière Phar>L1 SDV Las Pharm  Anglais groupe etoile;
<L1 SDV - LAS filière Phar>L1 SDV Las Pharm Chimie orga fond;
<L1 SDV - LAS filière Phar>L1 SDV Las Pharm Entretien Individuel;
<L1 SDV - LAS filière Phar>L1 SDV Las Pharm Présentation Bordeaux Sciences Agro;
<L1 SDV - LAS filière Phar>L1 SDV Las Pharm Puzzle Climat GR7;
<L1 SDV - LAS filière Phar>L1 SDV Las Pharm Puzzle Climat GR8;
<L1 SDV - LAS filière Phar>L1 SDV Las Pharm Puzzle Climat GR9;
<L1 SDV - LAS filière Phar>L1 SDV Las Pharm Structure Géologique 1;
<L1 SDV - LAS><Groupes anglais>L1 SDV - LAS anglais GR1;
<L1 SDV - LAS><Groupes anglais>L1 SDV - LAS anglais GR2;
<L1 SDV - LAS><Groupes anglais>L1 SDV - LAS anglais GR3;
<L1 SDV - LAS><Groupes anglais>L1 SDV - LAS anglais GR4;
<L1 SDV - LAS><Groupes anglais>L1 SDV - LAS anglais GR5;
<L1 SDV - LAS><Groupes anglais>L1 SDV - LAS anglais GR6;
<L1 SDV - LAS><Groupes anglais>L1 SDV - LAS anglais GR7;
<L1 SDV - LAS><Groupes anglais>L1 SDV - LAS anglais GR8;
<L1 SDV - LAS><Groupes TP>L1 SDV-LAS TP G2A;
<L1 SDV - LAS><Groupes TP>L1 SDV-LAS TP G3B;
<L1 SDV - LAS><Groupes TP>L1 SDV-LAS TP G4A;
<L1 SDV - LAS><Groupes TP>L1 SDV-LAS TP G4B;
<L1 SDV - LAS>L1 SDV-LAS Chimie des sol 2;
<L1 SDV - LAS>L1 SDV-LAS Chimie orga fond;
<L1 SDV - LAS>L1 SDV-LAS Structures géologiques;
<L1 Sociologie>00-Tutorat_L1_Socio;
<L1 Sociologie>1S-Déc Histoire de l'art CM S1;
<L1 Sociologie>1S-Déc Histoire de l'art-TD1 S1;
<L1 Sociologie>1S-Déc Histoire de l'art-TD2 S1;
<L1 Sociologie>1S-Déc Histoire-CM S1;
<L1 Sociologie>1S-Déc Histoire-TD1 S1;
<L1 Sociologie>1S-Déc Histoire-TD2 S1;
<L1 Sociologie>1S-Introduction à la géographie-CM S1;
<L1 Sociologie>1S-Introduction à la géographie-TD1 S1;
<L1 Sociologie>1S-Introduction à la géographie-TD2 S1;
<L1 Sociologie>2S-Déc Anglais S2;
<L1 Sociologie>2S-Déc Espagnol S2;
<L1 Sociologie>2S-Déc Histoire de l'art S2;
<L1 Sociologie>2S-Déc Histoire S2;
<L1 Sociologie>2S-Déc Lettres S2;
<L1 Sociologie>2S-Découvrir la géographie;
<L1 Sociologie><Gpe TD L1S1 Sociologie>TD1 L1S1 Sociologie;
<L1 Sociologie><Gpe TD L1S1 Sociologie>TD2 L1S1 Sociologie;
<L1 Sociologie><Gpe TD L1S1 Sociologie>TD3 L1S1 Sociologie;
<L1 Sociologie><Gpe TD L1S2 Sociologie>TD1 L1S2 Sociologie;
<L1 Sociologie><Gpe TD L1S2 Sociologie>TD2 L1S2 Sociologie;
<L1 Sociologie><Gpe TD L1S2 Sociologie>TD3 L1S2 Sociologie;
<L1 Sociologie><Gpe TD L1S2 Sociologie>TD4 L1S2 Sociologie;
<L1 Sociologie><TD Anglais>Anglais L1 LLSH Gp 1;
<L1 Sociologie><TD Anglais>Anglais L1 LLSH Gp 10;
<L1 Sociologie><TD Anglais>Anglais L1 LLSH Gp 11;
<L1 Sociologie><TD Anglais>Anglais L1 LLSH Gp 12;
<L1 Sociologie><TD Anglais>Anglais L1 LLSH Gp 2;
<L1 Sociologie><TD Anglais>Anglais L1 LLSH Gp 3;
<L1 Sociologie><TD Anglais>Anglais L1 LLSH Gp 4;
<L1 Sociologie><TD Anglais>Anglais L1 LLSH Gp 5;
<L1 Sociologie><TD Anglais>Anglais L1 LLSH Gp 6;
<L1 Sociologie><TD Anglais>Anglais L1 LLSH Gp 7;
<L1 Sociologie><TD Anglais>Anglais L1 LLSH Gp 8;
<L1 Sociologie><TD Anglais>Anglais L1 LLSH Gp 9;
<L1 Sociologie><TD Espagnol>Espagnol L1 LLSH GR 1;
<L1 Sociologie><TD Espagnol>Espagnol L1 LLSH GR 2;
<L1 Sociologie><TD Espagnol>Espagnol L1 LLSH GR 3;
<L1 Sociologie><TD Espagnol>Espagnol L1 LLSH GR 4;
<L1 Sociologie><TD Espagnol>Espagnol L1 LLSH GR 5;
<L2 AES><TD Anglais>Anglais L2 DEG Gp 1;
<L2 AES><TD Anglais>Anglais L2 DEG Gp 2;
<L2 AES><TD Anglais>Anglais L2 DEG Gp 3;
<L2 AES><TD Anglais>Anglais L2 DEG Gp 4;
<L2 AES><TD Anglais>Anglais L2 DEG Gp 5;
<L2 AES><TD Anglais>Anglais L2 DEG Gp 6;
<L2 AES><TD Anglais>Anglais L2 DEG Gp 7;
<L2 AES><TD Anglais>Anglais L2 DEG Gp 8;
<L2 AES><TD Anglais>Anglais L2 DEG Gp 9;
<L2 AES><TD Comptabilité 2>Groupe 4;
<L2 AES><TD Comptabilité de gestion>Groupe 1;
<L2 AES><TD Droit administratif 1>Groupe 1;
<L2 AES><TD Droit des obligations 2>Groupe 1;
<L2 AES><TD Démographie économique>Groupe 3;
<L2 AES><TD Espagnol>Espagnol L2 DEG GR 1;
<L2 AES><TD Espagnol>Espagnol L2 DEG GR 2;
<L2 AES><TD Espagnol>Espagnol L2 DEG GR 3;
<L2 AES><TD Informatique>Groupe 1;
<L2 AES><TD Informatique>Groupe 2;
<L2 AES><TD Introduction à la croissanc>Groupe 2;
<L2 AES><TD MQASS>Groupe 1;
<L2 AES><TD MQASS>Groupe 2;
<L2 AES>Conférence laïcité;
<L2 AES>Dr collectivités territ;
<L2 AES>Droit commercial;
<L2 AES>Démographie économique;
<L2 AES>Eloquence et arts oratoires;
<L2 AES>ERASMUS DAY;
<L2 AES>Finances publiques;
<L2 AES>Hist inst contemp;
<L2 AES>Histoire éco de l'Europe;
<L2 AES>Intro à la croissance;
<L2 AES>Intro à la science politique;
<L2 AES>Introduction historique au droit;
<L2 AES>Pol protec soc europ;
<L2 AES>Réunion ERASMUS;
<L2 AES>Réunion information ERASMUS;
<L2 AES>Sociologie;
<L2 AES>Terrorisme;
<L2 AES>UECF Informatique - licences;
<L2 AES>XXX-Consultation copies Licence AES;
<L2 AES>XXX-Webinaire Présentation DU International;
<L2 Biologie Org.><L2 Bio Groupe Anglais>L2 Bio Groupe 1;
<L2 Biologie Org.><L2 Bio Groupe Anglais>L2 Bio Groupe 2;
<L2 Biologie Org.><L2 Bio Groupe Anglais>L2 Bio Groupe 3;
<L2 Biologie Org.><L2 Bio Groupe Anglais>L2 Bio Groupe 4;
<L2 Biologie Org.><L2 Bio TD obligatoires.>L2 Bio TD obligatoires Gr 1;
<L2 Biologie Org.><L2 Bio TD obligatoires.>L2 Bio TD obligatoires Gr 2;
<L2 Biologie Org.><L2 Bio TD obligatoires.>L2 Bio TD obligatoires Gr 3;
<L2 Biologie Org.><L2 Bio TP Microbiologie>L2 Bio Groupe TP Microbiologie 01;
<L2 Biologie Org.><L2 Bio TP Microbiologie>L2 Bio Groupe TP Microbiologie 02;
<L2 Biologie Org.><L2 Bio TP Microbiologie>L2 Bio Groupe TP Microbiologie 03;
<L2 Biologie Org.><L2 Bio TP Microbiologie>L2 Bio Groupe TP Microbiologie 04;
<L2 Biologie Org.><L2 Bio TP obligatoire>L2 Bio TP Gr 1;
<L2 Biologie Org.><L2 Bio TP obligatoire>L2 Bio TP Gr 2;
<L2 Biologie Org.><L2 Bio TP obligatoire>L2 Bio TP Gr 3;
<L2 Biologie Org.><L2 Bio TP obligatoire>L2 Bio TP Gr 4;
<L2 Biologie Org.><L2 Bio TP Physio/Génétique>L2 Bio Groupe TP Physio/Génétique A;
<L2 Biologie Org.><L2 Bio TP Physio/Génétique>L2 Bio Groupe TP Physio/Génétique B;
<L2 Biologie Org.><L2 Bio TP Physio/Génétique>L2 Bio Groupe TP Physio/Génétique C;
<L2 Biologie Org.><L2 Bio TP Physio/Génétique>L2 Bio Groupe TP Physio/Génétique D;
<L2 Biologie Org.><L2 Bio Tutorat>L2 Bio Tutorat Space;
<L2 Biologie Org.>L2 bio Anglet Conférence laïcité;
<L2 Biologie Org.>L2 bio Animation scientifique UECF;
<L2 Biologie Org.>L2 Bio Biologie de la Conservation;
<L2 Biologie Org.>L2 Bio Biologie de la Conservation Gp 01;
<L2 Biologie Org.>L2 Bio Biologie de la Conservation Gp 02;
<L2 Biologie Org.>L2 Bio Biomol Anglais 01;
<L2 Biologie Org.>L2 Bio Biomol Anglais 02;
<L2 Biologie Org.>L2 Bio Chimie des sol 2 option;
<L2 Biologie Org.>L2 bio Chimie Organique;
<L2 Biologie Org.>L2 Bio Commission paritaire;
<L2 Biologie Org.>L2 Bio Ecologie appliquée;
<L2 Biologie Org.>L2 Bio Enseignement scientifique en école;
<L2 Biologie Org.>L2 Bio Entretiens individuels;
<L2 Biologie Org.>L2 Bio Ethologie 1;
<L2 Biologie Org.>L2 Bio Ethologie 2;
<L2 Biologie Org.>L2 Bio FabLab;
<L2 Biologie Org.>L2 Bio Groupe TP Microbiologie 02 25/02;
<L2 Biologie Org.>L2 Bio Hydrologie option;
<L2 Biologie Org.>L2 Bio Immunology;
<L2 Biologie Org.>L2 Bio Perception option;
<L2 Biologie Org.>L2 Bio Pix option;
<L2 Biologie Org.>L2 Bio Radioactivité;
<L2 Biologie Org.>L2 Bio Sciences environnementales;
<L2 Biologie Org.>L2 Bio Semestre de retard;
<L2 Biologie Org.>L2 Bio sol et Agro option;
<L2 Biologie Org.>L2 Bio Strat Reproduction option;
<L2 Biologie Org.>L2 Bio Traitement statistiques Gp  01;
<L2 Biologie Org.>L2 Bio Traitement statistiques Gp  02;
<L2 Biologie Org.>L2 Bio Traitement statistiques Gp  03;
<L2 Biologie Org.>L2 Bio Transition Lycée-Université;
<L2 Biologie Org.>Rattrapage Biochimie L2 Bio.;
<L2 DEGI><Groupes de TD>TD1;
<L2 DEGI><Groupes de TD>TD2;
<L2 DEGI>Conférence;
<L2 DEGI>Conférences;
<L2 DEGI>Découverte langue basque;
<L2 DEGI>Espagnol Groupe 1;
<L2 DEGI>Espagnol Groupe 2;
<L2 DEGI>Evènement EEI;
<L2 DEGI>forum;
<L2 DEGI>IPM;
<L2 DEGI>LV allemand;
<L2 DEGI>LV basque;
<L2 DEGI>LV chinois débutant;
<L2 DEGI>LV chinois intermédiaire;
<L2 DEGI>LV italien débutant;
<L2 DEGI>LV italien intermédiaire;
<L2 DEGI>Réunion IPM 1;
<L2 DEGI>Soutient Mathématiques;
<L2 DEGI>UET FAB LAB CLINIQUE DU DROIT;
<L2 DEGI>Vie de campus;
<L2 Droit (Bayonne)><Groupes TD>Adm G1;
<L2 Droit (Bayonne)><Groupes TD>Adm G2;
<L2 Droit (Bayonne)><Groupes TD>Adm G3;
<L2 Droit (Bayonne)><Groupes TD>Adm G4;
<L2 Droit (Bayonne)><Groupes TD>Adm G5;
<L2 Droit (Bayonne)><Groupes TD>Adm G6;
<L2 Droit (Bayonne)><Groupes TD>Aff G1;
<L2 Droit (Bayonne)><Groupes TD>Aff G2;
<L2 Droit (Bayonne)><Groupes TD>Aff G3;
<L2 Droit (Bayonne)><Groupes TD>Ang G1;
<L2 Droit (Bayonne)><Groupes TD>Ang G2;
<L2 Droit (Bayonne)><Groupes TD>Ang G3;
<L2 Droit (Bayonne)><Groupes TD>Ang G4;
<L2 Droit (Bayonne)><Groupes TD>Esp G1;
<L2 Droit (Bayonne)><Groupes TD>Obl G1;
<L2 Droit (Bayonne)><Groupes TD>Obl G2;
<L2 Droit (Bayonne)><Groupes TD>Obl G3;
<L2 Droit (Bayonne)><Groupes TD>Obl G4;
<L2 Droit (Bayonne)><Groupes TD>Obl G5;
<L2 Droit (Bayonne)><Groupes TD>Obl G6;
<L2 Droit (Bayonne)><Groupes TD>Pén G1;
<L2 Droit (Bayonne)><Groupes TD>Pén G2;
<L2 Droit (Bayonne)><Groupes TD>Pén G3;
<L2 Droit (Bayonne)><Groupes TD>Pén G4;
<L2 Droit (Bayonne)>Conférence;
<L2 Droit (Bayonne)>Derecho;
<L2 Droit (Bayonne)>Découverte langue basque;
<L2 Droit (Bayonne)>Forum;
<L2 Droit (Bayonne)>LV allemand;
<L2 Droit (Bayonne)>LV basque;
<L2 Droit (Bayonne)>UET populations et sociétés;
<L2 Droit (Bayonne)>Vie de campus;
<L2 Droit><TD Anglais>Anglais L1-L2 DEG Gp Etoile;
<L2 Droit><TD Anglais>Anglais L2 DEG Gp 1;
<L2 Droit><TD Anglais>Anglais L2 DEG Gp 2;
<L2 Droit><TD Anglais>Anglais L2 DEG Gp 3;
<L2 Droit><TD Anglais>Anglais L2 DEG Gp 4;
<L2 Droit><TD Anglais>Anglais L2 DEG Gp 5;
<L2 Droit><TD Anglais>Anglais L2 DEG Gp 6;
<L2 Droit><TD Anglais>Anglais L2 DEG Gp 7;
<L2 Droit><TD Anglais>Anglais L2 DEG Gp 8;
<L2 Droit><TD Anglais>Anglais L2 DEG Gp 9;
<L2 Droit><TD droit administratif S2>Groupe 1;
<L2 Droit><TD droit administratif S2>Groupe 2;
<L2 Droit><TD droit administratif S2>Groupe 3;
<L2 Droit><TD droit administratif S2>Groupe 4;
<L2 Droit><TD droit administratif S2>Groupe 5;
<L2 Droit><TD droit administratif S2>Groupe 6;
<L2 Droit><TD droit administratif>Groupe 1;
<L2 Droit><TD droit administratif>Groupe 2;
<L2 Droit><TD droit administratif>Groupe 3;
<L2 Droit><TD droit administratif>Groupe 4;
<L2 Droit><TD droit administratif>Groupe 5;
<L2 Droit><TD droit administratif>Groupe 6;
<L2 Droit><TD droit des obligations S2>Groupe 1;
<L2 Droit><TD droit des obligations S2>Groupe 2;
<L2 Droit><TD droit des obligations S2>Groupe 3;
<L2 Droit><TD droit des obligations S2>Groupe 4;
<L2 Droit><TD droit des obligations S2>Groupe 5;
<L2 Droit><TD droit des obligations S2>Groupe 6;
<L2 Droit><TD droit des obligations>Groupe 1;
<L2 Droit><TD droit des obligations>Groupe 2;
<L2 Droit><TD droit des obligations>Groupe 3;
<L2 Droit><TD droit des obligations>Groupe 4;
<L2 Droit><TD droit des obligations>Groupe 5;
<L2 Droit><TD droit des obligations>Groupe 6;
<L2 Droit><TD Espagnol>Espagnol L2 DEG GR 1;
<L2 Droit><TD Espagnol>Espagnol L2 DEG GR 2;
<L2 Droit><TD Espagnol>Espagnol L2 DEG GR 3;
<L2 Droit>Divers;
<L2 Droit>Eloquence et arts oratoires;
<L2 Droit>Enquête évaluation des enseignements - L2 Droit;
<L2 Droit>Erasmus day;
<L2 Droit>Histoire du droit des obligations;
<L2 Droit>Introduction aux sciences criminelles;
<L2 Droit>Introduction historique au droit;
<L2 Droit>Introduction sciences politiques;
<L2 Droit>L2 Conférences;
<L2 Droit>Rattrapage CC;
<L2 Droit>Réunion ERASMUS;
<L2 Droit>Terrorisme;
<L2 Eco Gestion (Bayonne)><Groupes de langue>Anglais A1;
<L2 Eco Gestion (Bayonne)><Groupes de langue>Anglais A2;
<L2 Eco Gestion (Bayonne)><Groupes de langue>Anglais A3;
<L2 Eco Gestion (Bayonne)><Groupes de langue>Anglais A4;
<L2 Eco Gestion (Bayonne)><Groupes de langue>Anglais A5;
<L2 Eco Gestion (Bayonne)><Groupes de langue>Anglais A6;
<L2 Eco Gestion (Bayonne)><Groupes de langue>Espagnol E1;
<L2 Eco Gestion (Bayonne)><Groupes de langue>Espagnol E2;
<L2 Eco Gestion (Bayonne)><Groupes de langue>TOEIC 2;
<L2 Eco Gestion (Bayonne)><Groupes de TD>TD1;
<L2 Eco Gestion (Bayonne)><Groupes de TD>TD2;
<L2 Eco Gestion (Bayonne)>Comptabilité, Contrôle, Finance;
<L2 Eco Gestion (Bayonne)>Conférence laïcité;
<L2 Eco Gestion (Bayonne)>Découverte langue basque;
<L2 Eco Gestion (Bayonne)>Environnement des affaires;
<L2 Eco Gestion (Bayonne)>Forum;
<L2 Eco Gestion (Bayonne)>Gestion de projet;
<L2 Eco Gestion (Bayonne)>LV allemand;
<L2 Eco Gestion (Bayonne)>LV basque;
<L2 Eco Gestion (Bayonne)>LV chinois;
<L2 Eco Gestion (Bayonne)>LV italien;
<L2 Eco Gestion (Bayonne)>Vie de campus;
<L2 Economie Gestion CMI><TD Anglais>Anglais L1-L2 DEG Gp Etoile;
<L2 Economie Gestion CMI><TD Anglais>Anglais L2 DEG Gp 1;
<L2 Economie Gestion CMI><TD Anglais>Anglais L2 DEG Gp 2;
<L2 Economie Gestion CMI><TD Anglais>Anglais L2 DEG Gp 3;
<L2 Economie Gestion CMI><TD Anglais>Anglais L2 DEG Gp 4;
<L2 Economie Gestion CMI><TD Anglais>Anglais L2 DEG Gp 5;
<L2 Economie Gestion CMI><TD Anglais>Anglais L2 DEG Gp 6;
<L2 Economie Gestion CMI><TD Anglais>Anglais L2 DEG Gp 7;
<L2 Economie Gestion CMI><TD Anglais>Anglais L2 DEG Gp 8;
<L2 Economie Gestion CMI><TD Anglais>Anglais L2 DEG Gp 9;
<L2 Economie Gestion CMI><TD Espagnol>Espagnol L2 DEG GR 1;
<L2 Economie Gestion CMI><TD Espagnol>Espagnol L2 DEG GR 2;
<L2 Economie Gestion CMI><TD Espagnol>Espagnol L2 DEG GR 3;
<L2 Economie Gestion CMI><TD Macroéconomie>Groupe 1;
<L2 Economie Gestion CMI><TD Maths financières>Gp 1;
<L2 Economie Gestion CMI>Rzo Figures;
<L2 Economie Gestion CMI>Économie bancaire 1;
<L2 Economie Gestion><TD Anglais>Anglais L1-L2 DEG Gp Etoile;
<L2 Economie Gestion><TD Anglais>Anglais L2 DEG Gp 1;
<L2 Economie Gestion><TD Anglais>Anglais L2 DEG Gp 2;
<L2 Economie Gestion><TD Anglais>Anglais L2 DEG Gp 3;
<L2 Economie Gestion><TD Anglais>Anglais L2 DEG Gp 4;
<L2 Economie Gestion><TD Anglais>Anglais L2 DEG Gp 5;
<L2 Economie Gestion><TD Anglais>Anglais L2 DEG Gp 6;
<L2 Economie Gestion><TD Anglais>Anglais L2 DEG Gp 7;
<L2 Economie Gestion><TD Anglais>Anglais L2 DEG Gp 8;
<L2 Economie Gestion><TD Anglais>Anglais L2 DEG Gp 9;
<L2 Economie Gestion><TD Comptabilité 2>Groupe 1;
<L2 Economie Gestion><TD Comptabilité 2>Groupe 2;
<L2 Economie Gestion><TD Comptabilité 2>Groupe 3;
<L2 Economie Gestion><TD Comptabilité 2>Groupe 4;
<L2 Economie Gestion><TD Comptabilité de gestion>Gp 3;
<L2 Economie Gestion><TD Comptabilité de gestion>Gp 4;
<L2 Economie Gestion><TD Economie bancaire>Gp 1;
<L2 Economie Gestion><TD Economie bancaire>Gp 2;
<L2 Economie Gestion><TD Espagnol>Espagnol L2 DEG GR 1;
<L2 Economie Gestion><TD Espagnol>Espagnol L2 DEG GR 2;
<L2 Economie Gestion><TD Espagnol>Espagnol L2 DEG GR 3;
<L2 Economie Gestion><TD Informatique>Groupe 1;
<L2 Economie Gestion><TD Informatique>Groupe 2;
<L2 Economie Gestion><TD Informatique>Groupe 3;
<L2 Economie Gestion><TD Informatique>Groupe 4;
<L2 Economie Gestion><TD Intro. à la croissance>Groupe 1;
<L2 Economie Gestion><TD Intro. à la croissance>Groupe 2;
<L2 Economie Gestion><TD Macroéconomie S4>Gp 1;
<L2 Economie Gestion><TD Macroéconomie S4>Gp 2;
<L2 Economie Gestion><TD Macroéconomie S4>Gp 3;
<L2 Economie Gestion><TD Macroéconomie S4>Gp 4;
<L2 Economie Gestion><TD Macroéconomie>Groupe 1;
<L2 Economie Gestion><TD Macroéconomie>Groupe 2;
<L2 Economie Gestion><TD Macroéconomie>Groupe 3;
<L2 Economie Gestion><TD Macroéconomie>Groupe 4;
<L2 Economie Gestion><TD Maths financières>Gp 1;
<L2 Economie Gestion><TD Maths financières>Gp 2;
<L2 Economie Gestion><TD Maths financières>Gp 3;
<L2 Economie Gestion><TD Maths pour éco gestion>Groupe 1;
<L2 Economie Gestion><TD Maths pour éco gestion>Groupe 2;
<L2 Economie Gestion><TD Maths pour éco gestion>Groupe 3;
<L2 Economie Gestion><TD Microéconomie 2>Groupe 1;
<L2 Economie Gestion><TD Microéconomie 2>Groupe 2;
<L2 Economie Gestion><TD Microéconomie 2>Groupe 3;
<L2 Economie Gestion><TD Microéconomie 3>Groupe 1;
<L2 Economie Gestion><TD Microéconomie 3>Groupe 3;
<L2 Economie Gestion><TD Probabilités>Groupe 1;
<L2 Economie Gestion><TD Probabilités>Groupe 2;
<L2 Economie Gestion><TD Probabilités>Groupe 3;
<L2 Economie Gestion><TD Relations internationales>GP 1;
<L2 Economie Gestion><TD Relations internationales>Gp 2;
<L2 Economie Gestion><TD Statistiques inférentielles>Gp 1;
<L2 Economie Gestion><TD Statistiques inférentielles>Gp 2;
<L2 Economie Gestion><TD Statistiques inférentielles>Gp 3;
<L2 Economie Gestion>Coloration comptabilité et management;
<L2 Economie Gestion>Coloration économie banque et finance;
<L2 Economie Gestion>Macroéconomie;
<L2 Economie Gestion>UECF Informatique - licences;
<L2 Economie Gestion>xxx-Réunion d'information ERASMUS;
<L2 Gestion Management><Examen>Rattrapage;
<L2 Gestion Management><Examen>Tiers-temps;
<L2 Gestion Management><Gestion de projet>AFTERCLASS;
<L2 Gestion Management><Gestion de projet>BDE;
<L2 Gestion Management><Gestion de projet>ECONOMIE CIRCULAIRE;
<L2 Gestion Management><Gestion de projet>H2O;
<L2 Gestion Management><Gestion de projet>MA PETITE PLANETE;
<L2 Gestion Management><Langues>Anglais 1;
<L2 Gestion Management><Langues>Anglais 2;
<L2 Gestion Management><Oraux MCDD>Groupe 1;
<L2 Gestion Management><Oraux MCDD>Groupe 10;
<L2 Gestion Management><Oraux MCDD>Groupe 2;
<L2 Gestion Management><Oraux MCDD>Groupe 3;
<L2 Gestion Management><Oraux MCDD>Groupe 4;
<L2 Gestion Management><Oraux MCDD>Groupe 5;
<L2 Gestion Management><Oraux MCDD>Groupe 6;
<L2 Gestion Management><Oraux MCDD>Groupe 7;
<L2 Gestion Management><Oraux MCDD>Groupe 8;
<L2 Gestion Management><Oraux MCDD>Groupe 9;
<L2 Gestion Management><PEP'S>Groupe 1;
<L2 Gestion Management><PEP'S>Groupe 2 (en séjour);
<L2 Gestion Management><TD>Groupe 1;
<L2 Gestion Management><TD>Groupe 2;
<L2 Gestion Management><TD>S4;
<L2 Gestion Management><TD>TD 1;
<L2 Gestion Management><TD>TD 2;
<L2 Géo Aménagement>3S-Du sol à la graine S3;
<L2 Géo Aménagement>3S-Mondes contemporains;
<L2 Géo Aménagement>3S-Tourisme, géographie et aménagement S3;
<L2 Géo Aménagement>4S-Géographie du tourisme S4;
<L2 Géo Aménagement>4S-Hist Mondes anciens S4;
<L2 Géo Aménagement>4S-Paysage et nature S4;
<L2 Géo Aménagement><Gpe TD L2S3 Géo-Améngt>TD1 L2S3;
<L2 Géo Aménagement><Gpe TD L2S3 Géo-Améngt>TD2 L2S3;
<L2 Géo Aménagement><Gpe TD L2S4 Géo-Améngt>TD1 L2S4 Géographie et Aménagement;
<L2 Géo Aménagement><Gpe TD L2S4 Géo-Améngt>TD2 L2S4 Géographie et Aménagement;
<L2 Géo Aménagement><TD Anglais>Anglais L2 LLSH Gp 1;
<L2 Géo Aménagement><TD Anglais>Anglais L2 LLSH Gp 2;
<L2 Géo Aménagement><TD Anglais>Anglais L2 LLSH Gp 3;
<L2 Géo Aménagement><TD Anglais>Anglais L2 LLSH Gp 4;
<L2 Géo Aménagement><TD Anglais>Anglais L2 LLSH Gp 5;
<L2 Géo Aménagement><TD Anglais>Anglais L2 LLSH Gp 6;
<L2 Géo Aménagement><TD Anglais>Anglais L2 LLSH Gp 7;
<L2 Géo Aménagement><TD Anglais>Anglais L2 LLSH Gp Etoile;
<L2 Géo Aménagement><TD Espagnol>Espagnol L2 LLSH GR 1;
<L2 Géo Aménagement><TD Espagnol>Espagnol L2 LLSH GR 2;
<L2 Géo Aménagement><TD Espagnol>Espagnol L2 LLSH GR 3;
<L2 Géo Aménagement><TD Espagnol>Espagnol L2 LLSH GR 4;
<L2 HAA><Groupe TD L2 S3 HAA>TD 1 L2 HAA;
<L2 HAA><TD Anglais>Anglais L2 LLSH Gp 1;
<L2 HAA><TD Anglais>Anglais L2 LLSH Gp 2;
<L2 HAA><TD Anglais>Anglais L2 LLSH Gp 3;
<L2 HAA><TD Anglais>Anglais L2 LLSH Gp 4;
<L2 HAA><TD Anglais>Anglais L2 LLSH Gp 5;
<L2 HAA><TD Anglais>Anglais L2 LLSH Gp 6;
<L2 HAA><TD Anglais>Anglais L2 LLSH Gp 7;
<L2 HAA><TD Espagnol>Espagnol L2 LLSH GR 1;
<L2 HAA><TD Espagnol>Espagnol L2 LLSH GR 2;
<L2 HAA><TD Espagnol>Espagnol L2 LLSH GR 3;
<L2 HAA><TD Espagnol>Espagnol L2 LLSH GR 4;
<L2 Histoire>0 Géo. De l'aménagement du territoire Sem3;
<L2 Histoire>0 Géo. Tourisme CM Sem3;
<L2 Histoire>0 Géo. Tourisme TD Sem3;
<L2 Histoire>0 HAA Art en Europe Sem3;
<L2 Histoire>0 HAA Villes de l'Ociident romain Sem3;
<L2 Histoire>0 Hist. des idées politiques Sem3;
<L2 Histoire>2S Géo Spatialités des aires culturelles et géopolitique;
<L2 Histoire>2S Géo. Dynamiques agricoles;
<L2 Histoire>2S HAA  Art grec classique;
<L2 Histoire>2S HAA Modernités et avant-gardes;
<L2 Histoire><Licence 2 Histoire Sem3>TD1 Histoire Sem3;
<L2 Histoire><Licence 2 Histoire Sem3>TD2 Histoire Sem3;
<L2 Histoire><Licence 2 Histoire Sem4>TD1 Sem4;
<L2 Histoire><Licence 2 Histoire Sem4>TD2 Sem4;
<L2 Histoire><TD Anglais>Anglais L2 LLSH Gp 1;
<L2 Histoire><TD Anglais>Anglais L2 LLSH Gp 2;
<L2 Histoire><TD Anglais>Anglais L2 LLSH Gp 3;
<L2 Histoire><TD Anglais>Anglais L2 LLSH Gp 4;
<L2 Histoire><TD Anglais>Anglais L2 LLSH Gp 5;
<L2 Histoire><TD Anglais>Anglais L2 LLSH Gp 6;
<L2 Histoire><TD Anglais>Anglais L2 LLSH Gp 7;
<L2 Histoire><TD Anglais>Anglais L2 LLSH Gp Etoile;
<L2 Histoire><TD Espagnol>Espagnol L2 LLSH GR 1;
<L2 Histoire><TD Espagnol>Espagnol L2 LLSH GR 2;
<L2 Histoire><TD Espagnol>Espagnol L2 LLSH GR 3;
<L2 Histoire><TD Espagnol>Espagnol L2 LLSH GR 4;
<L2 Informatique><Groupes anglais>L2 Info GR1;
<L2 Informatique><Groupes anglais>L2 Info GR2;
<L2 Informatique><Groupes anglais>L2 Info GR3;
<L2 Informatique><Groupes anglais>L2 Info GR4;
<L2 Informatique><Groupes TD>L2 Info Gr1;
<L2 Informatique><Groupes TD>L2 Info Gr2;
<L2 Informatique><Groupes TP>L2 Info Gr A;
<L2 Informatique><Groupes TP>L2 Info Gr B;
<L2 Informatique><Groupes TP>L2 Info Gr C;
<L2 Informatique>L2 Info Info Indus;
<L2 LEA - AA - FLE><TD Espagnol>Espagnol L2 LLSH GR 1;
<L2 LEA - AA - FLE><TD Espagnol>Espagnol L2 LLSH GR 3;
<L2 LEA - AA - FLE><TD Espagnol>Espagnol L2 LLSH GR 4;
<L2 LEA - AA - langues spé><TD Espagnol>Espagnol L2 LLSH GR 1;
<L2 LEA - AA - langues spé><TD Espagnol>Espagnol L2 LLSH GR 3;
<L2 LEA - AA - langues spé><TD Espagnol>Espagnol L2 LLSH GR 4;
<L2 LEA - AE - langues spé><L2 LEA Spé Esp>L2 LEA Gpe A;
<L2 LEA - AE - langues spé><L2 LEA Spé Esp>L2 LEA Gpe B;
<L2 LEA - AE - langues spé><L2 LEA Spé Esp>L2 LEA Gpe com 1;
<L2 LEA - AE - langues spé><L2 LEA Spé Esp>L2 LEA Gpe com 2;
<L2 Lettres - CTD><TD Anglais>Anglais L2 LLSH Gp 1;
<L2 Lettres - CTD><TD Anglais>Anglais L2 LLSH Gp 2;
<L2 Lettres - CTD><TD Anglais>Anglais L2 LLSH Gp 3;
<L2 Lettres - CTD><TD Anglais>Anglais L2 LLSH Gp 4;
<L2 Lettres - CTD><TD Anglais>Anglais L2 LLSH Gp 5;
<L2 Lettres - CTD><TD Anglais>Anglais L2 LLSH Gp 6;
<L2 Lettres - CTD><TD Anglais>Anglais L2 LLSH Gp 7;
<L2 Lettres - CTD><TD Anglais>Anglais L2 LLSH Gp Etoile;
<L2 Lettres - CTD><TD Espagnol>Espagnol L2 LLSH GR 1;
<L2 Lettres - CTD><TD Espagnol>Espagnol L2 LLSH GR 2;
<L2 Lettres - CTD><TD Espagnol>Espagnol L2 LLSH GR 3;
<L2 Lettres - CTD><TD Espagnol>Espagnol L2 LLSH GR 4;
<L2 Lettres - CTD>S3 UE3 Latin;
<L2 Lettres - CTD>S3 UE3 LV sur txt étrangers;
<L2 Lettres - CTD>S3 UE3 LV txt étrangers = Litté, arts, ciné;
<L2 Lettres - CTD>S4 UE11 Latin;
<L2 Lettres - CTD>S4 UE11 LV sur txt étrangers;
<L2 Lettres Bayonne>Atelier écriture;
<L2 Lettres Bayonne>Conférence laïcité;
<L2 Lettres Bayonne>Découverte langue basque;
<L2 Lettres Bayonne>LV allemand;
<L2 Lettres Bayonne>LV basque;
<L2 Lettres Bayonne>Rencontre Itxaro Bord;
<L2 Lettres Bayonne>Théâtre;
<L2 Lettres Bayonne>UECF Chinois;
<L2 Lettres Bayonne>UECF Italien;
<L2 Lettres Bayonne>UET FabLab';
<L2 Lettres Bayonne>UET populations et sociétés;
<L2 Lettres Bayonne>Vie de campus;
<L2 Lettres Bayonne>xxxXXX Forum Etud/entreprise;
<L2 Lettres classiques><TD Anglais>Anglais L2 LLSH Gp 1;
<L2 Lettres classiques><TD Anglais>Anglais L2 LLSH Gp 2;
<L2 Lettres classiques><TD Anglais>Anglais L2 LLSH Gp 3;
<L2 Lettres classiques><TD Anglais>Anglais L2 LLSH Gp 4;
<L2 Lettres classiques><TD Anglais>Anglais L2 LLSH Gp 5;
<L2 Lettres classiques><TD Anglais>Anglais L2 LLSH Gp 6;
<L2 Lettres classiques><TD Anglais>Anglais L2 LLSH Gp 7;
<L2 Lettres classiques><TD Anglais>Anglais L2 LLSH Gp Etoile;
<L2 Lettres classiques><TD Espagnol>Espagnol L2 LLSH GR 1;
<L2 Lettres classiques><TD Espagnol>Espagnol L2 LLSH GR 2;
<L2 Lettres classiques><TD Espagnol>Espagnol L2 LLSH GR 3;
<L2 Lettres classiques><TD Espagnol>Espagnol L2 LLSH GR 4;
<L2 Lettres modernes><TD Anglais>Anglais L2 LLSH Gp 1;
<L2 Lettres modernes><TD Anglais>Anglais L2 LLSH Gp 2;
<L2 Lettres modernes><TD Anglais>Anglais L2 LLSH Gp 3;
<L2 Lettres modernes><TD Anglais>Anglais L2 LLSH Gp 4;
<L2 Lettres modernes><TD Anglais>Anglais L2 LLSH Gp 5;
<L2 Lettres modernes><TD Anglais>Anglais L2 LLSH Gp 6;
<L2 Lettres modernes><TD Anglais>Anglais L2 LLSH Gp 7;
<L2 Lettres modernes><TD Anglais>Anglais L2 LLSH Gp Etoile;
<L2 Lettres modernes><TD Espagnol>Espagnol L2 LLSH GR 1;
<L2 Lettres modernes><TD Espagnol>Espagnol L2 LLSH GR 2;
<L2 Lettres modernes><TD Espagnol>Espagnol L2 LLSH GR 3;
<L2 Lettres modernes><TD Espagnol>Espagnol L2 LLSH GR 4;
<L2 Lettres modernes>S3 UE3 Latin;
<L2 Lettres modernes>S3 UE3 LV sur txt étrangers;
<L2 Lettres modernes>S3 UE3 LV txt étrangers = Litté, arts, ciné;
<L2 Lettres modernes>S3 UE7 App en linguistique;
<L2 Lettres modernes>S3 UE7 Auteur latin;
<L2 Lettres modernes>S3 UE8 Conte libertin;
<L2 Lettres modernes>S3 UE8 Hist livre;
<L2 Lettres modernes>S3 UE8 Hist mise en scène;
<L2 Lettres modernes>S4 UE11 Latin;
<L2 Lettres modernes>S4 UE11 LV sur txt étrangers;
<L2 Lettres modernes>S4 UE16 App hist lg fr;
<L2 Lettres modernes>S4 UE16 Auteur latin;
<L2 Lettres modernes>S4 UE17 BD;
<L2 Lettres modernes>S6 UE11 LV txt étrangers = Litté XXI;
<L2 LLCER - EA><groupes TD>TD A;
<L2 LLCER - EA><groupes TD>TD B;
<L2 LLCER - EA><groupes TP Labo>Groupe A1;
<L2 LLCER - EA><groupes TP Labo>Groupe A2;
<L2 LLCER - EA><groupes TP Labo>Groupe B1;
<L2 LLCER - EA><groupes TP Labo>Groupe B2;
<L2 LLCER - EA><TD Espagnol>Espagnol L2 LLSH GR 1;
<L2 LLCER - EA><TD Espagnol>Espagnol L2 LLSH GR 2;
<L2 LLCER - EA><TD Espagnol>Espagnol L2 LLSH GR 3;
<L2 LLCER - EA><TD Espagnol>Espagnol L2 LLSH GR 4;
<L2 LLCER - EH><TD Anglais>Anglais L2 LLSH Gp 1;
<L2 LLCER - EH><TD Anglais>Anglais L2 LLSH Gp 2;
<L2 LLCER - EH><TD Anglais>Anglais L2 LLSH Gp 3;
<L2 LLCER - EH><TD Anglais>Anglais L2 LLSH Gp 4;
<L2 LLCER - EH><TD Anglais>Anglais L2 LLSH Gp 5;
<L2 LLCER - EH><TD Anglais>Anglais L2 LLSH Gp 6;
<L2 LLCER - EH><TD Anglais>Anglais L2 LLSH Gp 7;
<L2 LLCER - EH><TD Anglais>Anglais L2 LLSH Gp Etoile;
<L2 LLCER Basque>Conférence laïcité;
<L2 LLCER Basque>Découverte langue basque;
<L2 LLCER Basque>LV allemand;
<L2 LLCER Basque>Rencontre Itxaro Bord;
<L2 LLCER Basque>Séminaire Elyse Ritchey;
<L2 LLCER Basque>Théâtre;
<L2 LLCER Basque>UECF Chinois;
<L2 LLCER Basque>UECF Italien;
<L2 LLCER Basque>UET FabLab';
<L2 LLCER Basque>UET populations et sociétés;
<L2 LLCER Basque>Vie de campus;
<L2 LLCER Basque>XXX Forum Etud/entreprise;
<L2 Mathématiques>< Parcours CMI>CMI-Maths et Ingé 2ème Année;
<L2 Mathématiques><Groupes anglais>L2 Maths GR1;
<L2 Mathématiques><Groupes anglais>L2 Maths GR2;
<L2 Mathématiques><Groupes anglais>L2 Maths GR3;
<L2 Mathématiques><Groupes anglais>L2 Maths GR4;
<L2 Mathématiques><Groupes TD>L2 MATHS Gr 1;
<L2 Mathématiques><Groupes TD>L2 MATHS Gr 2;
<L2 Mathématiques>L2 Maths - Bases de données I;
<L2 Mathématiques>L2 Maths - Conférence;
<L2 Mathématiques>L2 Maths - Courbes intégrale mult S4;
<L2 Mathématiques>L2 Maths - Electromagnétisme S4;
<L2 Mathématiques>L2 Maths - groupe Anglais Etoiles;
<L2 Mathématiques>L2 Maths - Géométrie;
<L2 Mathématiques>L2 Maths - Méca du solide;
<L2 Mathématiques>L2 Maths - Présentation Masters;
<L2 MIASHS><Groupes anglais>L2 MIASHS GR1;
<L2 MIASHS><Groupes anglais>L2 MIASHS GR2;
<L2 MIASHS><Groupes anglais>L2 MIASHS GR3;
<L2 MIASHS><Groupes anglais>L2 MIASHS GR4;
<L2 MIASHS>L2 MIASHS Classification auto méth;
<L2 MIASHS>L2 MIASHS Intro étud mil nat;
<L2 MIASHS>L2 MIASHS Micro économie;
<L2 PC - Chimie>< Parcours CMI>CMI- GEM Chimie 2ème Année;
<L2 PC - Chimie><Groupes anglais>L2 Chimie anglais GR1;
<L2 PC - Chimie><Groupes anglais>L2 Chimie anglais GR2;
<L2 PC - Chimie><Groupes TP Chimie des Sol>L2 Chimie GrA;
<L2 PC - Chimie><Groupes TP Chimie des Sol>L2 Chimie GrB;
<L2 PC - Chimie><Groupes TP>L2 Chimie Tp Gr1;
<L2 PC - Chimie><Groupes TP>L2 Chimie Tp Gr2;
<L2 PC - Chimie>L2 CHimie Conférence;
<L2 PC - Chimie>L2 Chimie Fond physico spectro;
<L2 PC - Chimie>L2 Chimie groupe Anglais Etoiles;
<L2 PC - Chimie>L2 Chimie Maths S3_2;
<L2 PC - Chimie>L2 Chimie minérale;
<L2 PC - Chimie>L2 Chimie Optique ondulatoire;
<L2 PC - Chimie>L2 Chimie Symétrie cristalline;
<L2 PC - Chimie>L2 Chimie Thermodynamique S3;
<L2 PC - LAS filière Kiné><Groupes Anglais>L2 PC - LAS  Kiné anglais GR1;
<L2 PC - LAS filière Kiné><Groupes Anglais>L2 PC - LAS  Kiné anglais GR2;
<L2 PC - LAS filière Kiné>L2 PC - Las filière Kiné Chimie Minérale;
<L2 PC - LAS filière Kiné>L2 PC - Las Filière Kiné Fond.physico chim spectro;
<L2 PC - LAS filière Kiné>L2 PC - Las filière Kiné Optique Ondulatoire;
<L2 PC - LAS filière Kiné>L2 PC Las Kiné Anglais groupe etoile;
<L2 PC - LAS filière Maïeu><Groupes Anglais>L2 PC - LAS  Maïeu anglais GR1;
<L2 PC - LAS filière Maïeu><Groupes Anglais>L2 PC - LAS  Maïeu anglais GR2;
<L2 PC - LAS filière Maïeu>L2 PC - Las Filière Maieu Chimie Minérale;
<L2 PC - LAS filière Maïeu>L2 PC - Las Filière Maieu Fond.physico chim spectro;
<L2 PC - LAS filière Maïeu>L2 PC Las Maieu Anglais groupe etoile;
<L2 PC - LAS filière Médec><Groupes Anglais>L2 PC - LAS Médec anglais GR1;
<L2 PC - LAS filière Médec><Groupes Anglais>L2 PC - LAS Médec anglais GR2;
<L2 PC - LAS filière Médec>L2 PC - Las Filière Médec Chime Minérale;
<L2 PC - LAS filière Médec>L2 PC - Las Filière Médec Fond.physico chim spectro;
<L2 PC - LAS filière Médec>L2 PC Las Medec Anglais groupe etoile;
<L2 PC - LAS filière Odont><Groupes Anglais>L2 PC - LAS Odont anglais GR1;
<L2 PC - LAS filière Odont><Groupes Anglais>L2 PC - LAS Odont anglais GR2;
<L2 PC - LAS filière Odont>L2 PC - Las Filière Odont Chimie Minérale;
<L2 PC - LAS filière Odont>L2 PC - Las Filière Odont Fond.physico chim spectro;
<L2 PC - LAS filière Odont>L2 PC Las odon Anglais groupe etoile;
<L2 PC - LAS filière Pharm><Groupes Anglais>L2 PC - LAS Pharm anglais GR1;
<L2 PC - LAS filière Pharm><Groupes Anglais>L2 PC - LAS Pharm anglais GR2;
<L2 PC - LAS filière Pharm>L2 PC - Las Filière Pharm Chimie Minérale;
<L2 PC - LAS filière Pharm>L2 PC - Las Filière Pharm Fond.physico chim spectro;
<L2 PC - LAS filière Pharm>L2 PC Las Pharm  Anglais groupe etoile;
<L2 PC - LAS><Groupes anglais>L2 PC - LAS anglais GR1;
<L2 PC - LAS><Groupes anglais>L2 PC - LAS anglais GR2;
<L2 PC - LAS>L2 PC LAS Chimie minérale;
<L2 PC - LAS>L2 PC LAS EC2 : Outils symétrie mol;
<L2 PC - LAS>L2 PC LAS Fond physico spectro;
<L2 PC - Physique>< Parcours CMI>CMI- GEM Physique 2ème Année;
<L2 PC - Physique><Groupes anglais>L2 Physique anglais GR1;
<L2 PC - Physique><Groupes anglais>L2 Physique anglais GR2;
<L2 PC - Physique>L2 Phys - Méca des Fluides;
<L2 PC - Physique>L2 Phys - Ondes et vibrations;
<L2 PC - Physique>L2 Phys - Outils Math Phys S4;
<L2 PC - Physique>L2 Phys Conférence;
<L2 PC - Physique>L2 Phys groupe Anglais Etoiles;
<L2 Phy Chimie - Anglet><L2 PC Cinétique Réactionelle>Cinétique réactionnelle;
<L2 Phy Chimie - Anglet><L2 PC Electromagnétisme>L2 Pc Eletromagnétisme;
<L2 Phy Chimie - Anglet><L2 PC Groupe Anglais>L2 PC Groupe 1;
<L2 Phy Chimie - Anglet><L2 PC Groupe Anglais>L2 PC Groupe 2;
<L2 Phy Chimie - Anglet><L2 PC Groupe Anglais>L2 PC Groupe 3;
<L2 Phy Chimie - Anglet><L2 PC Groupe Anglais>L2 PC Groupe 4;
<L2 Phy Chimie - Anglet><L2 PC P&C Exp 4>L2 PC P&C Exp 4 - 01;
<L2 Phy Chimie - Anglet><L2 PC P&C Exp 4>L2 PC P&C Exp 4 - 02;
<L2 Phy Chimie - Anglet><L2 PC TD obligatoires.>L2 PC Gr 1;
<L2 Phy Chimie - Anglet><L2 PC TD obligatoires.>L2 PC Gr 2;
<L2 Phy Chimie - Anglet><L2 PC Tutorat>L2 PC Tutorat Space;
<L2 Phy Chimie - Anglet>Analyse Spectro Masse;
<L2 Phy Chimie - Anglet>L2 PC Analyse chromato;
<L2 Phy Chimie - Anglet>L2 PC Anglet Conférence Laïcité;
<L2 Phy Chimie - Anglet>L2 PC Bases prog. 2;
<L2 Phy Chimie - Anglet>L2 PC Chimie orga 2;
<L2 Phy Chimie - Anglet>L2 PC Cristallo 2;
<L2 Phy Chimie - Anglet>L2 PC Electronique analogique;
<L2 Phy Chimie - Anglet>L2 PC Enseignement scientifique;
<L2 Phy Chimie - Anglet>L2 PC FabLab;
<L2 Phy Chimie - Anglet>L2 PC Liaison chimique;
<L2 Phy Chimie - Anglet>L2 PC Méca solide;
<L2 Phy Chimie - Anglet>rattrapage;
<L2 Physique, Chimie><Groupes anglais>L2 PC anglais GR1;
<L2 Physique, Chimie><Groupes anglais>L2 PC anglais GR2;
<L2 Physique, Chimie>L2 PC Chimie minérale;
<L2 Physique, Chimie>L2 PC EC2 : Outils symétrie mol;
<L2 Physique, Chimie>L2 PC Electricité-Electronique;
<L2 Physique, Chimie>L2 PC Fond physico spectro;
<L2 Physique, Chimie>L2 PC Intro Phy Quant;
<L2 Physique, Chimie>L2 PC Maths S3_2;
<L2 Physique, Chimie>L2 PC Méca des Fluides;
<L2 Physique, Chimie>L2 PC Ondes et vibrations;
<L2 Physique, Chimie>L2 PC Outils Math Phys S3;
<L2 Physique, Chimie>L2 PC Outils Math Phys S4;
<L2 Physique, Chimie>L2 PC Physique expérimentale;
<L2 Physique, Chimie>L2 PC Prog informatique;
<L2 Physique, Chimie>L2 PC Symétries cristallines;
<L2 Physique, Chimie>L2 PC Thermodynamique S3;
<L2 Physique, Chimie>L2 PC TP Chimie Sol;
<L2 Physique, Chimie>L2 PC Transf therm;
<L2 Sciences de la terre>< Parcours CMI>CMI- GEM SDT 2ème Année;
<L2 Sciences de la terre><Groupes anglais>L2 SDT anglais GR1;
<L2 Sciences de la terre><Groupes anglais>L2 SDT anglais GR2;
<L2 Sciences de la terre><Groupes anglais>L2 SDT anglais GR3;
<L2 Sciences de la terre><Groupes anglais>L2 SDT anglais GR4;
<L2 Sciences de la terre><Groupes TP>L2 SDT G A;
<L2 Sciences de la terre><Groupes TP>L2 SDT G B;
<L2 Sciences de la terre>L2 SDT - Conférence;
<L2 Sciences de la terre>L2 SDT - groupe Anglais Etoiles;
<L2 Sciences de la terre>L2 SDT Environnement Hydrochimie;
<L2 Sciences de la terre>L2 SDT Milieux sédimentaires 2;
<L2 Sciences de la vie>< Pacours CMI>CMI- GEM SDV 2ème Année;
<L2 Sciences de la vie><Groupes anglais>L2 SDV anglais GR1;
<L2 Sciences de la vie><Groupes anglais>L2 SDV anglais GR2;
<L2 Sciences de la vie><Groupes anglais>L2 SDV anglais GR3;
<L2 Sciences de la vie><Groupes anglais>L2 SDV anglais GR4;
<L2 Sciences de la vie><Groupes TD>L2 SDV  groupe A Chimiste;
<L2 Sciences de la vie><Groupes TD>L2 SDV  groupe C1 Chimiste;
<L2 Sciences de la vie><Groupes TD>L2 SDV  groupe C2 Chimiste;
<L2 Sciences de la vie><Groupes TD>L2 SDV groupe B Chimiste-Géol;
<L2 Sciences de la vie><Groupes TP S3>L2 SDV GR1 Chimiste;
<L2 Sciences de la vie><Groupes TP S3>L2 SDV GR2 Chimiste;
<L2 Sciences de la vie><Groupes TP S3>L2 SDV GR3 chimiste;
<L2 Sciences de la vie><Groupes TP S3>L2 SDV GR4 géol;
<L2 Sciences de la vie><Groupes TP S3>L2 SDV GR5 chimie géo;
<L2 Sciences de la vie><Groupes TP S4>L2 SDV GR1;
<L2 Sciences de la vie><Groupes TP S4>L2 SDV GR2;
<L2 Sciences de la vie><Groupes TP S4>L2 SDV GR3;
<L2 Sciences de la vie><Groupes TP S4>L2 SDV GR4;
<L2 Sciences de la vie><Groupes TP S4>L2 SDV GR5;
<L2 Sciences de la vie>L2 SDV - BIP;
<L2 Sciences de la vie>L2 SDV - Chimie des Sol 3 Gr A;
<L2 Sciences de la vie>L2 SDV - Chimie Orga;
<L2 Sciences de la vie>L2 SDV - Conférence;
<L2 Sciences de la vie>L2 SDV - groupe Anglais Etoiles;
<L2 Sciences de la vie>L2 SDV - Milieux Sédiment.;
<L2 Sciences de la vie>L2 SDV - Phys du Globe 1;
<L2 Sciences de la vie>L2 SDV - rattrapage CC;
<L2 Sciences de la vie>L2 SDV Présentation Bordeaux Sciences Agro;
<L2 SDV - LAS filière Kiné><Groupe TD>L2 SDV - LAS filière Kiné groupe C1 Chimiste;
<L2 SDV - LAS filière Kiné><Groupes Anglais>L2 SDV - LAS anglais filière Kiné GR1;
<L2 SDV - LAS filière Kiné><Groupes Anglais>L2 SDV - LAS anglais filière Kiné GR2;
<L2 SDV - LAS filière Kiné><Groupes Anglais>L2 SDV - LAS anglais filière Kiné GR3;
<L2 SDV - LAS filière Kiné><Groupes Anglais>L2 SDV - LAS anglais filière Kiné GR4;
<L2 SDV - LAS filière Kiné>L2 SDV Las kiné Présentation Bordeaux Sciences Agro;
<L2 SDV - LAS filière Kiné>L2 SDV-LAS filière Kiné - Chimie des Sol 3;
<L2 SDV - LAS filière Kiné>L2 SDV-LAS filière Kiné - Physique du globe 1;
<L2 SDV - LAS filière Kiné>L2 SDV-LAS fillière Kiné - Milieux Sédiment.;
<L2 SDV - LAS filière Kiné>L2 SDV-LAS Kiné - Chimie Orga fonct;
<L2 SDV - LAS filière Kiné>L2 SDVLas Kiné Anglais groupe etoile;
<L2 SDV - LAS filière Maïe><Groupes Anglais>L2 SDV - LAS anglais filière Maïeu Gr1;
<L2 SDV - LAS filière Maïe><Groupes Anglais>L2 SDV - LAS anglais filière Maïeu Gr2;
<L2 SDV - LAS filière Maïe><Groupes Anglais>L2 SDV - LAS anglais filière Maïeu Gr3;
<L2 SDV - LAS filière Maïe><Groupes Anglais>L2 SDV - LAS anglais filière Maïeu Gr4;
<L2 SDV - LAS filière Maïe>L2 SDV Las Maieu Anglais groupe etoile;
<L2 SDV - LAS filière Maïe>L2 SDV Las Maieu Présentation Bordeaux Sciences Agro;
<L2 SDV - LAS filière Maïe>L2 SDV-LAS filière Maïeu - Chimie des Sol 3;
<L2 SDV - LAS filière Maïe>L2 SDV-LAS filière Maïeu - Physique du globe 1;
<L2 SDV - LAS filière Maïe>L2 SDV-LAS fillière Maieu - Milieux Sédiment.;
<L2 SDV - LAS filière Maïe>L2 SDV-LAS Maieu - Chimie Orga fonct;
<L2 SDV - LAS filière Méde><Groupes Anglais>L2 SDV - LAS anglais filière Médec GR1;
<L2 SDV - LAS filière Méde><Groupes Anglais>L2 SDV - LAS anglais filière Médec GR2;
<L2 SDV - LAS filière Méde><Groupes Anglais>L2 SDV - LAS anglais filière Médec GR3;
<L2 SDV - LAS filière Méde><Groupes Anglais>L2 SDV - LAS anglais filière Médec GR4;
<L2 SDV - LAS filière Méde>L2 SDV  Las Médec Présentation Bordeaux Sciences Agro;
<L2 SDV - LAS filière Méde>L2 SDV Las Medec  Anglais groupe etoile;
<L2 SDV - LAS filière Méde>L2 SDV-LAS filière Médec - Chimie des Sol 3;
<L2 SDV - LAS filière Méde>L2 SDV-LAS filière Médec - Physique du globe 1;
<L2 SDV - LAS filière Méde>L2 SDV-LAS fillière Médec - Milieux Sédiment.;
<L2 SDV - LAS filière Méde>L2 SDV-LAS Médec - Chimie Orga fonct;
<L2 SDV - LAS filière Odon><Groupes Anglais>L2 SDV - LAS anglais filière Odont GR1;
<L2 SDV - LAS filière Odon><Groupes Anglais>L2 SDV - LAS anglais filière Odont GR2;
<L2 SDV - LAS filière Odon><Groupes Anglais>L2 SDV - LAS anglais filière Odont GR3;
<L2 SDV - LAS filière Odon><Groupes Anglais>L2 SDV - LAS anglais filière Odont GR4;
<L2 SDV - LAS filière Odon>L2 SDV  Las Odont Présentation Bordeaux Sciences Agro;
<L2 SDV - LAS filière Odon>L2 SDV Las Odont  Anglais groupe etoile;
<L2 SDV - LAS filière Odon>L2 SDV-LAS filière Odont - Chimie des Sol 3;
<L2 SDV - LAS filière Odon>L2 SDV-LAS filière Odont - Physique du globe 1;
<L2 SDV - LAS filière Odon>L2 SDV-LAS fillière Odont - Milieux Sédiment.;
<L2 SDV - LAS filière Odon>L2 SDV-LAS Odont- Chimie Orga fonct;
<L2 SDV - LAS filière Phar><Groupes Anglais>L2 SDV - LAS anglais filière Pharm GR1;
<L2 SDV - LAS filière Phar><Groupes Anglais>L2 SDV - LAS anglais filière Pharm GR2;
<L2 SDV - LAS filière Phar><Groupes Anglais>L2 SDV - LAS anglais filière Pharm GR3;
<L2 SDV - LAS filière Phar><Groupes Anglais>L2 SDV - LAS anglais filière Pharm GR4;
<L2 SDV - LAS filière Phar>L2 SDV  Las Pharm Présentation Bordeaux Sciences Agro;
<L2 SDV - LAS filière Phar>L2 SDV Las Pharm Anglais groupe etoile;
<L2 SDV - LAS filière Phar>L2 SDV-LAS filière Pharm - Chimie des Sol 3;
<L2 SDV - LAS filière Phar>L2 SDV-LAS filière Pharm - Physique du globe 1;
<L2 SDV - LAS>L2 SDV-LAS - Chimie des Sol 3;
<L2 SDV - LAS>L2 SDV-LAS - Chimie Orga;
<L2 SDV - LAS>L2 SDV-LAS - Milieux Sédiment.;
<L2 Sociologie><Gpe TD L2S3 Sociologie>TD1 L2S3 Sociologie;
<L2 Sociologie><Gpe TD L2S3 Sociologie>TD2 L2S3 Sociologie;
<L2 Sociologie><Gpe TD L2S4 Sociologie>TD1 L2S4 Sociologie;
<L2 Sociologie><Gpe TD L2S4 Sociologie>TD2 L2S4 Sociologie;
<L2 Sociologie><TD Anglais>Anglais L2 LLSH Gp 1;
<L2 Sociologie><TD Anglais>Anglais L2 LLSH Gp 2;
<L2 Sociologie><TD Anglais>Anglais L2 LLSH Gp 3;
<L2 Sociologie><TD Anglais>Anglais L2 LLSH Gp 4;
<L2 Sociologie><TD Anglais>Anglais L2 LLSH Gp 5;
<L2 Sociologie><TD Anglais>Anglais L2 LLSH Gp 6;
<L2 Sociologie><TD Anglais>Anglais L2 LLSH Gp 7;
<L2 Sociologie><TD Espagnol>Espagnol L2 LLSH GR 1;
<L2 Sociologie><TD Espagnol>Espagnol L2 LLSH GR 2;
<L2 Sociologie><TD Espagnol>Espagnol L2 LLSH GR 3;
<L2 Sociologie><TD Espagnol>Espagnol L2 LLSH GR 4;
<L2 STAPS APAS (Anglet)><Examens Terminaux>Groupe Delta;
<L2 STAPS APAS (Anglet)><Examens Terminaux>Groupe Gamma;
<L2 STAPS APAS (Anglet)><Groupes Anglais>L2 STAPS Groupe 3;
<L2 STAPS APAS (Anglet)><Groupes Anglais>L2 STAPS Groupe 4;
<L2 STAPS APAS (Anglet)><Groupes Anglais>L2 STAPS Groupe 5;
<L2 STAPS APAS (Anglet)><Groupes TD>TD Groupe 1;
<L2 STAPS APAS (Anglet)><Groupes TD>TD Groupe 2;
<L2 STAPS APAS (Anglet)>Option basket;
<L2 STAPS APAS (Anglet)>Option escalade;
<L2 STAPS APAS (Anglet)>Option natation;
<L2 STAPS EM (Tarbes)><Groupe TD>EM G5;
<L2 STAPS EM (Tarbes)><Groupe TD>EM G6;
<L2 STAPS EM (Tarbes)><Groupe TD>EM G7;
<L2 STAPS ES (Tarbes)><GROUPES TD>ES G2;
<L2 STAPS ES (Tarbes)><GROUPES TD>ES G3;
<L2 STAPS ES (Tarbes)><GROUPES TD>ES G4;
<L2 STAPS MS (Tarbes)><GROUPES TD>MS G1;
<L3 AES Adm géné & dév soc><TD Anglais>Anglais L3 Economie et marchés Gp1;
<L3 AES Adm géné & dév soc><TD Anglais>Anglais L3 Economie et marchés Gp2;
<L3 AES Adm géné & dév soc><TD Anglais>Anglais L3 Management Gp 1;
<L3 AES Adm géné & dév soc><TD Anglais>Anglais L3 Management Gp 2;
<L3 AES Adm géné & dév soc><TD Economie Internationale 1>Groupe 1;
<L3 AES Adm géné & dév soc><TD Economie Internationale 1>Groupe 3;
<L3 AES Adm géné & dév soc><TD Espagnol>Espagnol L3 DEG - AES Adm géné & dev soc;
<L3 AES Adm géné & dév soc><TD Gestion budgétaire et finan>Groupe 1;
<L3 AES Adm géné & dév soc><TD Grands problèm politiq cont>Groupe 1;
<L3 AES Adm géné & dév soc><TD Informatique>Groupe 1;
<L3 AES Adm géné & dév soc><TD Informatique>Groupe 2;
<L3 AES Adm géné & dév soc><TD Module de préprofessionnali>Groupe 1;
<L3 AES Adm géné & dév soc>Conjoncture et croissance;
<L3 AES Adm géné & dév soc>Economie Internationale 1;
<L3 AES Adm géné & dév soc>Eloquence et arts oratoires;
<L3 AES Adm géné & dév soc>Grands problèmes politiques contemporains 1;
<L3 AES Adm géné & dév soc>Introduction historique au droit;
<L3 AES Adm géné & dév soc>Marketing 1;
<L3 AES Adm géné & dév soc>Terrorisme;
<L3 AES Coord & gestion><TD Anglais>Anglais L3 AES Coord & gestion;
<L3 AES Gestion des entrep><TD Analyse financière>Groupe 3;
<L3 AES Gestion des entrep><TD Analyse financière>Groupe 6;
<L3 AES Gestion des entrep><TD Anglais>Anglais L3 Economie et marchés Gp 1;
<L3 AES Gestion des entrep><TD Anglais>Anglais L3 Economie et marchés Gp 2;
<L3 AES Gestion des entrep><TD Anglais>Anglais L3 Management Gp 1;
<L3 AES Gestion des entrep><TD Anglais>Anglais L3 Management Gp 2;
<L3 AES Gestion des entrep><TD Comptabilité des sociétés>Groupe 2;
<L3 AES Gestion des entrep><TD Conjoncture et croissance>Groupe 1;
<L3 AES Gestion des entrep><TD Conjoncture et croissance>Groupe 3;
<L3 AES Gestion des entrep><TD Contrôle de gestion>Groupe 3;
<L3 AES Gestion des entrep><TD Droit du travail>Groupe 3;
<L3 AES Gestion des entrep><TD Droit du travail>Groupe 4;
<L3 AES Gestion des entrep><TD Economie Internationale>Groupe 1;
<L3 AES Gestion des entrep><TD Economie Internationale>Groupe 3;
<L3 AES Gestion des entrep><TD Economie publique>Groupe 1;
<L3 AES Gestion des entrep><TD Espagnol>Espagnol L3 DEG - AES Gestion des Entrepri;
<L3 AES Gestion des entrep><TD Fiscalité appli aux ets 2>Groupe 1;
<L3 AES Gestion des entrep><TD Fiscalité appli aux ets 2>Groupe 2;
<L3 AES Gestion des entrep><TD Gds prob polit contemp TD 2>Groupe 1;
<L3 AES Gestion des entrep><TD Informatique>Groupe 1;
<L3 AES Gestion des entrep><TD Informatique>Groupe 2;
<L3 AES Gestion des entrep><TD Marketing 2(Mark.stratégie)>Groupe 3;
<L3 AES Gestion des entrep><TD Module de préprofessionnal.>Groupe 1;
<L3 AES Gestion des entrep><TD Stratégie des entreprises>Groupe 2;
<L3 AES Gestion des entrep>Comptabilité des sociétés;
<L3 AES Gestion des entrep>Conférence laïcité;
<L3 AES Gestion des entrep>Conjoncture et croissance;
<L3 AES Gestion des entrep>Droit des sociétés;
<L3 AES Gestion des entrep>Décision financière;
<L3 AES Gestion des entrep>Décision financière Groupe 1;
<L3 AES Gestion des entrep>Economie Publique;
<L3 AES Gestion des entrep>Eloquence et arts oratoires;
<L3 AES Gestion des entrep>ERASMUS DAY;
<L3 AES Gestion des entrep>Gds prob polit contemp 2;
<L3 AES Gestion des entrep>Grands problèmes politiques contemporains 1;
<L3 AES Gestion des entrep>Introduction aux sciences criminelles;
<L3 AES Gestion des entrep>Introduction historique au droit;
<L3 AES Gestion des entrep>Terrorisme;
<L3 Bio . Org.><L3 Bio soutenance>Soutenance;
<L3 Bio . Org.><L3 BIO TD Anglais>L3 Bio TD  01 Anglais;
<L3 Bio . Org.><L3 BIO TD Anglais>L3 Bio TD  02 Anglais;
<L3 Bio . Org.><L3 BIO TD-TP obligatoires.>L3 Bio TD-TP obligatoires Gr 1;
<L3 Bio . Org.><L3 BIO TD-TP obligatoires.>L3 Bio TD-TP obligatoires Gr 2;
<L3 Bio . Org.>L3 Bio Anglet Conférence laïcité;
<L3 Bio . Org.>L3 Bio Perception sensorielle;
<L3 Bio . Org.>L3 Bio Virologie;
<L3 Bio . Org.>L3 Bio épreuve de substitution;
<L3 DEGI><OPTIONS DE SPECIALISATION>ENTRETIEN ORIENTATION MASTER;
<L3 DEGI><OPTIONS DE SPECIALISATION>INTERNATIONAL BUSINESS LAW;
<L3 DEGI><OPTIONS DE SPECIALISATION>INTERNATIONAL CRIMINAL JUSTICE AND HUMANITARIAN AID;
<L3 DEGI><OPTIONS DE SPECIALISATION>INTERNATIONAL ECONOMICS;
<L3 DEGI><OPTIONS DE SPECIALISATION>INTERNATIONAL MANAGEMENT;
<L3 DEGI><OPTIONS DE SPECIALISATION>UET TRAVAIL A L'INTERNATIONAL;
<L3 DEGI>Conférence laïcité;
<L3 DEGI>LV ALLEMAND;
<L3 DEGI>LV BASQUE;
<L3 DEGI>LV CHINOIS;
<L3 DEGI>LV ESPAGNOL;
<L3 DEGI>LV ITALIEN;
<L3 DEGI>POP UP Master DIEM;
<L3 DEGI>Vie de campus;
<L3 Droit - DPublic- Sc Po><Groupes TD>Ang G1;
<L3 Droit - DPublic- Sc Po><Groupes TD>Ang G2;
<L3 Droit - DPublic- Sc Po><Groupes TD>Ang G3;
<L3 Droit - DPublic- Sc Po><Groupes TD>Ang G4;
<L3 Droit - DPublic- Sc Po><Groupes TD>DPSP_CT;
<L3 Droit - DPublic- Sc Po><Groupes TD>DPSP_DIP;
<L3 Droit - DPublic- Sc Po><Groupes TD>DPSP_Esp;
<L3 Droit - DPublic- Sc Po><Groupes TD>DPSP_LF;
<L3 Droit - DPublic- Sc Po><Groupes TD>DPSP_SJE;
<L3 Droit - DPublic- Sc Po>Conférence;
<L3 Droit - DPublic- Sc Po>DPSP_Compta;
<L3 Droit - DPublic- Sc Po>DPSP_DE3;
<L3 Droit - DPublic- Sc Po>DPSP_DU AHI;
<L3 Droit - DPublic- Sc Po>DPSP_EL3;
<L3 Droit - DPublic- Sc Po>DPSP_PIX;
<L3 Droit - DPublic- Sc Po>Découverte langue basque;
<L3 Droit - DPublic- Sc Po>Forum;
<L3 Droit - DPublic- Sc Po>LV allemand;
<L3 Droit - DPublic- Sc Po>LV basque;
<L3 Droit - DPublic- Sc Po>UET Histoire du cinéma;
<L3 Droit - DPublic- Sc Po>UET Sociologie;
<L3 Droit - DPublic- Sc Po>Vie de campus;
<L3 Droit- D. Privé Pénal><Groupes LV>DPP_Esp;
<L3 Droit- D. Privé Pénal><Groupes LV>DT3_Ang_G1;
<L3 Droit- D. Privé Pénal><Groupes LV>DT3_Ang_G2;
<L3 Droit- D. Privé Pénal><Groupes LV>DT3_Ang_G3;
<L3 Droit- D. Privé Pénal><Groupes TD>Ang G4;
<L3 Droit- D. Privé Pénal><Groupes TD>DPP_DJP_G1;
<L3 Droit- D. Privé Pénal><Groupes TD>DPP_DJP_G2;
<L3 Droit- D. Privé Pénal><Groupes TD>DPP_DPS_G1;
<L3 Droit- D. Privé Pénal><Groupes TD>DPP_DPS_G2;
<L3 Droit- D. Privé Pénal><Groupes TD>DPP_Esp;
<L3 Droit- D. Privé Pénal><Groupes TD>DPP_SJE;
<L3 Droit- D. Privé Pénal><Groupes TD>DPP_Sûr G2;
<L3 Droit- D. Privé Pénal>Conférence;
<L3 Droit- D. Privé Pénal>DIP;
<L3 Droit- D. Privé Pénal>DPP_Compta;
<L3 Droit- D. Privé Pénal>DPP_DE3;
<L3 Droit- D. Privé Pénal>DPP_DU AHI;
<L3 Droit- D. Privé Pénal>DPP_EL3;
<L3 Droit- D. Privé Pénal>DPP_PIX;
<L3 Droit- D. Privé Pénal>DPP_Trav;
<L3 Droit- D. Privé Pénal>Découverte langue basque;
<L3 Droit- D. Privé Pénal>Forum;
<L3 Droit- D. Privé Pénal>LV allemand;
<L3 Droit- D. Privé Pénal>LV basque;
<L3 Droit- D. Privé Pénal>UET Histoire du cinéma;
<L3 Droit- D. Privé Pénal>UET Sociologie;
<L3 Droit- D. Privé Pénal>Vie de campus;
<L3 Droit- Droit des aff><Groupes TD>Ang G1;
<L3 Droit- Droit des aff><Groupes TD>Ang G2;
<L3 Droit- Droit des aff><Groupes TD>Ang G3;
<L3 Droit- Droit des aff><Groupes TD>Ang G4;
<L3 Droit- Droit des aff><Groupes TD>DA_CS G1;
<L3 Droit- Droit des aff><Groupes TD>DA_CS G2;
<L3 Droit- Droit des aff><Groupes TD>DA_DS G1;
<L3 Droit- Droit des aff><Groupes TD>DA_DS G2;
<L3 Droit- Droit des aff><Groupes TD>DA_DT G1;
<L3 Droit- Droit des aff><Groupes TD>DA_DT G2;
<L3 Droit- Droit des aff><Groupes TD>DA_Esp;
<L3 Droit- Droit des aff><Groupes TD>DA_SJE G1;
<L3 Droit- Droit des aff><Groupes TD>DA_SJE G2;
<L3 Droit- Droit des aff><Groupes TD>DA_Sûr G1;
<L3 Droit- Droit des aff><Groupes TD>DA_Sûr G2;
<L3 Droit- Droit des aff>Conférence;
<L3 Droit- Droit des aff>DA_Compta;
<L3 Droit- Droit des aff>DA_DE3;
<L3 Droit- Droit des aff>DA_EL3;
<L3 Droit- Droit des aff>DA_PIX;
<L3 Droit- Droit des aff>Découverte langue basque;
<L3 Droit- Droit des aff>Forum;
<L3 Droit- Droit des aff>LV Allemand;
<L3 Droit- Droit des aff>LV Basque;
<L3 Droit- Droit des aff>UET Histoire du cinéma;
<L3 Droit- Droit des aff>UET Sociologie;
<L3 Droit- Droit des aff>Vie de campus;
<L3 Droit><TD Anglais>Anglais L3 métiers du Droit Gp 1;
<L3 Droit><TD Anglais>Anglais L3 métiers du Droit Gp 1, Gp 2, Gp 3;
<L3 Droit><TD Anglais>Anglais L3 métiers du Droit Gp 2;
<L3 Droit><TD Anglais>Anglais L3 métiers du Droit Gp 3;
<L3 Droit><TD Anglais>Anglais L3 métiers du Droit Gp 4;
<L3 Droit><TD Droit civil des biens>Groupe 1;
<L3 Droit><TD Droit civil des biens>Groupe 2;
<L3 Droit><TD Droit civil des biens>Groupe 3;
<L3 Droit><TD Droit de de l'UE>Groupe 1;
<L3 Droit><TD Droit de la famille S2>Groupe 1;
<L3 Droit><TD Droit de la famille S2>Groupe 2;
<L3 Droit><TD Droit de la famille S2>Groupe 3;
<L3 Droit><TD Droit des sociétés>Groupe 1;
<L3 Droit><TD Droit des sociétés>Groupe 2;
<L3 Droit><TD Droit des sociétés>Groupe 3;
<L3 Droit><TD Droit des sociétés>Groupe 4;
<L3 Droit><TD Droit du travail>Groupe 1;
<L3 Droit><TD Droit du travail>Groupe 2;
<L3 Droit><TD Droit du travail>Groupe 3;
<L3 Droit><TD Droit du travail>Groupe 4;
<L3 Droit><TD Droits fondamentaux>Groupe 1;
<L3 Droit><TD Droits fondamentaux>Groupe 2;
<L3 Droit><TD Espagnol>Espagnol L3 DEG - DROIT GR 1;
<L3 Droit><TD Espagnol>Espagnol L3 DEG - DROIT GR 2;
<L3 Droit><TD Gds pbs pol contemporains>Groupe 1;
<L3 Droit><TD Proc. Admin. Contentieuse>Groupe 1;
<L3 Droit><TD Procédure pénale>Groupe 1;
<L3 Droit><TD2 Gds pbs pol contemporains>Groupe 1;
<L3 Droit><TD2 Gds pbs pol contemporains>Groupe 2;
<L3 Droit>Colo action publique;
<L3 Droit>Colo droit civil;
<L3 Droit>Colo droit des affaires;
<L3 Droit>Colo droit pénal;
<L3 Droit>Colo droits et libertés;
<L3 Droit>Colo procédures;
<L3 Droit>Colo protection sociale;
<L3 Droit>Consultation copies L3 Droit;
<L3 Droit>Eloquence et arts oratoires;
<L3 Droit>Enquête évaluation des enseignements - L3 Droit;
<L3 Droit>Erasmus day;
<L3 Droit>Introduction aux sciences criminelles;
<L3 Droit>Introduction historique au droit;
<L3 Droit>L3 Conférences;
<L3 Droit>Rattrapage CC;
<L3 Droit>Séminaire entreprenarial;
<L3 Droit>Terrorisme;
<L3 Droit>UECF Informatique - licences;
<L3 Eco gestion entrep><Groupes de langue>Anglais A1;
<L3 Eco gestion entrep><Groupes de langue>Anglais A2;
<L3 Eco gestion entrep><Groupes de langue>Anglais A3;
<L3 Eco gestion entrep><Groupes de langue>Anglais A4;
<L3 Eco gestion entrep><Groupes de langue>Anglais A5;
<L3 Eco gestion entrep><Groupes de langue>Espagnol E1;
<L3 Eco gestion entrep><Groupes de langue>Espagnol E2;
<L3 Eco gestion entrep><Groupes de langue>TOEIC 1;
<L3 Eco gestion entrep><Groupes de TD>GA;
<L3 Eco gestion entrep><Groupes de TD>GB;
<L3 Eco gestion entrep><Groupes de TD>TD1;
<L3 Eco gestion entrep><Groupes de TD>TD2;
<L3 Eco gestion entrep>Comptabilité, contrôle, finance;
<L3 Eco gestion entrep>Conférence;
<L3 Eco gestion entrep>Conférence laïcité;
<L3 Eco gestion entrep>Découverte langue basque;
<L3 Eco gestion entrep>Enseignement, formation par la recherche;
<L3 Eco gestion entrep>forum;
<L3 Eco gestion entrep>Gestion des relations sociales;
<L3 Eco gestion entrep>LV allemand;
<L3 Eco gestion entrep>LV basque;
<L3 Eco gestion entrep>LV chinois;
<L3 Eco gestion entrep>LV italien;
<L3 Eco gestion entrep>Stratégie de vente;
<L3 Eco gestion entrep>Vie de campus;
<L3 Economie Gestion CMI><TD Anglais>Anglais L3 Economie et marchés Gp 2;
<L3 Economie Gestion CMI><TD Espagnol>Espagnol L3 DEG - Eco Gestion CMI;
<L3 Economie Gestion CMI><TD Finances de marché>Gp 1;
<L3 Economie Gestion CMI><TD Micro app>TD Micro app;
<L3 Economie Gestion CMI>Rzo Figures;
<L3 Economie Gestion CMI>Économie environnement et soutenabilité;
<L3 Economie Gestion><Statistiques appliquées>Groupe 1;
<L3 Economie Gestion><Statistiques appliquées>Groupe 2;
<L3 Economie Gestion><TD Analyse Financière>Groupe 3;
<L3 Economie Gestion><TD Analyse Financière>Groupe 4;
<L3 Economie Gestion><TD Analyse Financière>Groupe 5;
<L3 Economie Gestion><TD Analyse Financière>Groupe 6;
<L3 Economie Gestion><TD Anglais>Anglais L3 Economie et marchés Gp 1;
<L3 Economie Gestion><TD Anglais>Anglais L3 Economie et marchés Gp 2;
<L3 Economie Gestion><TD Anglais>Anglais L3 Management Gp 1;
<L3 Economie Gestion><TD Anglais>Anglais L3 Management Gp 2;
<L3 Economie Gestion><TD Comptabilité approfondie>Groupe1;
<L3 Economie Gestion><TD Comptabilité des sociétés>Groupe 1;
<L3 Economie Gestion><TD Comptabilité des sociétés>Groupe 2;
<L3 Economie Gestion><TD Conjoncture et Croissance>Groupe 1;
<L3 Economie Gestion><TD Conjoncture et Croissance>Groupe 2;
<L3 Economie Gestion><TD Conjoncture et Croissance>Groupe 3;
<L3 Economie Gestion><TD contrôle de gestion>Gp 1;
<L3 Economie Gestion><TD Droit social>Groupe 1;
<L3 Economie Gestion><TD Droit social>Groupe 2;
<L3 Economie Gestion><TD Décision financière>Gp 1;
<L3 Economie Gestion><TD Décision financière>Gp 2;
<L3 Economie Gestion><TD Economie Bancaire>Groupe 1;
<L3 Economie Gestion><TD Economie internationale>Groupe 1;
<L3 Economie Gestion><TD Economie internationale>Groupe 2;
<L3 Economie Gestion><TD Economie internationale>Groupe 3;
<L3 Economie Gestion><TD Economie internationale>Groupe 5;
<L3 Economie Gestion><TD Economie Publique>Groupe 1;
<L3 Economie Gestion><TD Econométrie>Groupe 1;
<L3 Economie Gestion><TD Econométrie>Groupe 2;
<L3 Economie Gestion><TD Espagnol>Espagnol L3 DEG - Economie et Gestion;
<L3 Economie Gestion><TD Finance de marché>Gp 1;
<L3 Economie Gestion><TD Fiscalité app aux ents 2>Groupe 2;
<L3 Economie Gestion><TD Fiscalités>Groupe 1;
<L3 Economie Gestion><TD Fiscalités>Groupe 2;
<L3 Economie Gestion><TD informatique L3 éco>Groupe 2;
<L3 Economie Gestion><TD informatique L3 éco>Groupe 3;
<L3 Economie Gestion><TD informatique L3 éco>Groupe 5;
<L3 Economie Gestion><TD informatique L3 éco>Groupe1;
<L3 Economie Gestion><TD Marketing stratégie>Gp 1;
<L3 Economie Gestion><TD Microéconomie appliquée>Gp 1;
<L3 Economie Gestion><TD Microéconomie appliquée>Gp 2;
<L3 Economie Gestion><TD Microéconomie appliquée>GP 3;
<L3 Economie Gestion><TD Stratégie des entreprises>Groupe 2;
<L3 Economie Gestion><TD Stratégie des entreprises>Groupe 3;
<L3 Economie Gestion><TD Stratégie des entreprises>Groupe 4;
<L3 Economie Gestion><TD Économie env. et soute.>Gp 1;
<L3 Economie Gestion><TD Économie env. et soute.>Gp 2;
<L3 Economie Gestion><Économétrie appliquée>Groupe 1;
<L3 Economie Gestion><Économétrie appliquée>Groupe 2;
<L3 Economie Gestion>Coloration banque et finance;
<L3 Economie Gestion>Coloration comptabilité & Audit;
<L3 Economie Gestion>Coloration Comptabilité et management;
<L3 Economie Gestion>Coloration Enseignement;
<L3 Economie Gestion>Coloration Management & Entrepreneuriat;
<L3 Economie Gestion>ERASMUS DAY;
<L3 Economie Gestion>UECF Informatique - licences;
<L3 EG M. international><Groupes de langue>Anglais A1;
<L3 EG M. international><Groupes de langue>Anglais A2;
<L3 EG M. international><Groupes de langue>Anglais A3;
<L3 EG M. international><Groupes de langue>Anglais A4;
<L3 EG M. international><Groupes de langue>Anglais A5;
<L3 EG M. international><Groupes de langue>Espagnol E1;
<L3 EG M. international><Groupes de langue>Espagnol E2;
<L3 EG M. international><Groupes de langue>TOEIC 1;
<L3 EG M. international><Groupes de TD>Communication et développement de sa visibilité digitale;
<L3 EG M. international><Groupes de TD>Eco industrielle;
<L3 EG M. international><Groupes de TD>Eco internationale;
<L3 EG M. international><Groupes de TD>Introduction to intercultural management;
<L3 EG M. international><Groupes de TD>Macroeconomie1;
<L3 EG M. international><Groupes de TD>Macroeconomie2;
<L3 EG M. international><Groupes de TD>STID A;
<L3 EG M. international><Groupes de TD>STID B;
<L3 EG M. international><Groupes de TD>TD1;
<L3 EG M. international><Groupes de TD>TD2;
<L3 EG M. international>Conférence;
<L3 EG M. international>Conférence laïcité;
<L3 EG M. international>Découverte langue basque;
<L3 EG M. international>LV allemand;
<L3 EG M. international>LV basque;
<L3 EG M. international>LV chinois;
<L3 EG M. international>LV italien;
<L3 EG M. international>Vie de campus;
<L3 GA - TDDTE>5S-Espaces montagnards S5;
<L3 GA - TDDTE>5S-Grammaire du français S5;
<L3 GA - TDDTE>5S-Histoire des idées politiques S5;
<L3 GA - TDDTE>5S-Introduction aux concours S5;
<L3 GA - TDDTE>5S-La mondialisation S5;
<L3 GA - TDDTE>5S-Mathématiques S5;
<L3 GA - TDDTE>5S-Méthode d'enquête S5;
<L3 GA - TDDTE>5S-Portrait de territoire S5;
<L3 GA - TDDTE>5S-Ruralités et système alimentaire S5;
<L3 GA - TDDTE>5S-Théorie du développement local S5;
<L3 GA - TDDTE>6S- Atelier Géographie des risques;
<L3 GA - TDDTE>6S- FPT (Méthodologie des concours);
<L3 GA - TDDTE>6S- Histoire des relations internationales S6;
<L3 GA - TDDTE>6S- Introduction concours de l'enseignement;
<L3 GA - TDDTE>6S-CAPES blanc_L3Géo;
<L3 GA - TDDTE>6S-Coloration Territoires & Recherches;
<L3 GA - TDDTE>6S-Espace et écritures filmiques;
<L3 GA - TDDTE>6S-France dans le contexte européen;
<L3 GA - TDDTE>6S-Grammaire du français S6;
<L3 GA - TDDTE>6S-Mathématiques S6;
<L3 GA - TDDTE>6S-SIG et analyse spatiale;
<L3 GA - TDDTE>6S-Sociétés, territoires et hydrosystèmes;
<L3 GA - TDDTE>6S-Transition environnementale des espaces urbains;
<L3 GA - TDDTE><01_Coloration Métiers>Coloration_Territoires et Recherche;
<L3 GA - TDDTE><Gpe TD L3S5 Géo-Améngt>TD1 L3S5;
<L3 GA - TDDTE><Gpe TD L3S5 Géo-Améngt>TD2 L3S5;
<L3 GA - TDDTE><Gpe TD L3S6 Géo-Améngt>TD1 L3S6 Géographie et Aménagement;
<L3 GA - TDDTE><Gpe TD L3S6 Géo-Améngt>TD2 L3S6 Géographie et Aménagement;
<L3 GA - TDDTE><TD Anglais>Anglais L3 Géographie/Sociologie Gp 4;
<L3 GA - TDDTE><TD Anglais>Anglais L3 LLSH Gp 1;
<L3 GA - TDDTE><TD Anglais>Anglais L3 LLSH Gp 2;
<L3 GA - TDDTE><TD Anglais>Anglais L3 LLSH Gp 3;
<L3 GA - TDDTE><TD Espagnol>Espagnol L3 LLSH GR 1;
<L3 GA - TDDTE><TD Espagnol>Espagnol L3 LLSH GR 2;
<L3 GA - TDDTE><TD Espagnol>Espagnol L3 LLSH GR 3;
<L3 HAA - AP>6S-EC Atelier de l'historien;
<L3 HAA - AP>6S-EC Histoire moderne;
<L3 HAA - AP>6S-EC Paysage et Nature;
<L3 HAA - AP><Groupe TD L3 S5 HAA - AP>TD 1 L3 HAA - AP;
<L3 HAA - AP><Groupe TD L3 S5 HAA - AP>TD 2 L3 HAA - AP;
<L3 HAA - AP><TD Anglais>Anglais L3 Histoire/Histoire de l'Art Gp 5;
<L3 HAA - AP><TD Anglais>Anglais L3 LLSH Gp 1;
<L3 HAA - AP><TD Anglais>Anglais L3 LLSH Gp 2;
<L3 HAA - AP><TD Anglais>Anglais L3 LLSH Gp 3;
<L3 HAA - AP><TD Espagnol>Espagnol L3 LLSH GR 1;
<L3 HAA - AP><TD Espagnol>Espagnol L3 LLSH GR 2;
<L3 HAA - AP><TD Espagnol>Espagnol L3 LLSH GR 3;
<L3 HAA - AP>Histoire ancienne S3;
<L3 HAA - AP>Histoire médiévale S3;
<L3 HAA - HA><Groupe TD L3 S5 HAA - HA>TD 1 L3 HAA - HA;
<L3 HAA - HA><Groupe TD L3 S5 HAA - HA>TD 2 L3 HAA - HA;
<L3 HAA - HA><TD Anglais>Anglais L3 Histoire/Histoire de l'Art Gp 5;
<L3 HAA - HA><TD Anglais>Anglais L3 LLSH Gp 1;
<L3 HAA - HA><TD Anglais>Anglais L3 LLSH Gp 2;
<L3 HAA - HA><TD Anglais>Anglais L3 LLSH Gp 3;
<L3 HAA - HA><TD Espagnol>Espagnol L3 LLSH GR 1;
<L3 HAA - HA><TD Espagnol>Espagnol L3 LLSH GR 2;
<L3 HAA - HA><TD Espagnol>Espagnol L3 LLSH GR 3;
<L3 Histoire - Art & Patri>6 Sem Option HAA Droit du patrimoine;
<L3 Histoire - Art & Patri>6Sem Option HAA Les arts en Europe;
<L3 Histoire - Art & Patri>6Sem Option HAA Métiers de la conservation;
<L3 Histoire - Art & Patri><L3 Histoire Art et Patri. Sem5>TD1 L3 Histoire Sem5;
<L3 Histoire - Art & Patri><L3 Histoire Art et Patri. Sem5>TD2 L3 Histoire Sem5;
<L3 Histoire - Art & Patri><TD Anglais>Anglais L3 Histoire/Histoire de l'Art Gp 5;
<L3 Histoire - Art & Patri><TD Anglais>Anglais L3 LLSH Gp 1;
<L3 Histoire - Art & Patri><TD Anglais>Anglais L3 LLSH Gp 2;
<L3 Histoire - Art & Patri><TD Anglais>Anglais L3 LLSH Gp 3;
<L3 Histoire - Art & Patri><TD Espagnol>Espagnol L3 LLSH GR 1;
<L3 Histoire - Art & Patri><TD Espagnol>Espagnol L3 LLSH GR 2;
<L3 Histoire - Art & Patri><TD Espagnol>Espagnol L3 LLSH GR 3;
<L3 Histoire - EJSP>6Sem. Histoire médiévale L3 Histoire Sciences po.;
<L3 Histoire - EJSP>6Sem.Histoire ancienne L3 Histoire Sciences Po.;
<L3 Histoire - EJSP><TD Anglais>Anglais L3 Histoire sciences politiques Gp 6;
<L3 Histoire - EJSP><TD Anglais>Anglais L3 Histoire/Histoire de l'Art Gp 5;
<L3 Histoire - EJSP><TD Anglais>Anglais L3 LLSH Gp 1;
<L3 Histoire - EJSP><TD Anglais>Anglais L3 LLSH Gp 2;
<L3 Histoire - EJSP><TD Anglais>Anglais L3 LLSH Gp 3;
<L3 Histoire - EJSP><TD Espagnol>Espagnol L3 LLSH GR 1;
<L3 Histoire - EJSP><TD Espagnol>Espagnol L3 LLSH GR 2;
<L3 Histoire - EJSP><TD Espagnol>Espagnol L3 LLSH GR 3;
<L3 Histoire - ER>6Sem Géo La France dans le contexte européen;
<L3 Histoire - ER>6Sem Option Atelier de l'historien ancienne;
<L3 Histoire - ER>6Sem Option Atelier de l'historien médiévale-moderne;
<L3 Histoire - ER>6Sem Option Environnement et société;
<L3 Histoire - ER>6Sem Option Français;
<L3 Histoire - ER>6Sem Option HAA  Archéologie du monde rural;
<L3 Histoire - ER>6Sem Option Histoire des relations internationales;
<L3 Histoire - ER>6Sem Option Introduction aux concours de l'enseignement;
<L3 Histoire - ER>6Sem Option Mathématiques;
<L3 Histoire - ER><L3 Histoire Ens-Rech Sem5>TD1 Histoire Sem5;
<L3 Histoire - ER><L3 Histoire Ens-Rech Sem5>TD2 Histoire Sem5;
<L3 Histoire - ER><TD Anglais>Anglais L3 Histoire/Histoire de l'Art Gp 5;
<L3 Histoire - ER><TD Anglais>Anglais L3 LLSH Gp 1;
<L3 Histoire - ER><TD Anglais>Anglais L3 LLSH Gp 2;
<L3 Histoire - ER><TD Anglais>Anglais L3 LLSH Gp 3;
<L3 Histoire - ER><TD Espagnol>Espagnol L3 LLSH GR 1;
<L3 Histoire - ER><TD Espagnol>Espagnol L3 LLSH GR 2;
<L3 Histoire - ER><TD Espagnol>Espagnol L3 LLSH GR 3;
<L3 Histoire - ER>Atelier de l'hist. Contemporaine Sem5;
<L3 Histoire - ER>Atelier de l'hist. Méd-Mod Sem5;
<L3 Histoire - ER>Géo. Mondialisation Sem5;
<L3 Histoire - ER>Introduction aux concours Ens. Sem5;
<L3 Histoire - ER>Mondes extra-européens Sem5;
<L3 Histoire - ER>Sociétés et religions Sem5;
<L3 Informatique><Groupes anglais>L3 Info GR1;
<L3 Informatique><Groupes anglais>L3 Info GR2;
<L3 Informatique><Groupes anglais>L3 Info GR3;
<L3 Informatique><Groupes anglais>L3 Info GR4;
<L3 Informatique><Groupes TP>L3 Info TP G A;
<L3 Informatique><Groupes TP>L3 Info TP G B;
<L3 Informatique>L3 Info Conception SI;
<L3 Informatique>L3 Info Recherche Opérat.;
<L3 LEA - AA - FLE><TD Espagnol>Espagnol L3 LLSH GR 1;
<L3 LEA - AA - FLE><TD Espagnol>Espagnol L3 LLSH GR 2;
<L3 LEA - AA - FLE><TD Espagnol>Espagnol L3 LLSH GR 3;
<L3 LEA - AA - langues spé><TD Espagnol>Espagnol L3 LLSH GR 1;
<L3 LEA - AA - langues spé><TD Espagnol>Espagnol L3 LLSH GR 2;
<L3 LEA - AA - langues spé><TD Espagnol>Espagnol L3 LLSH GR 3;
<L3 LEA - AA - écogestion><TD Espagnol>Espagnol L3 LLSH GR 1;
<L3 LEA - AA - écogestion><TD Espagnol>Espagnol L3 LLSH GR 2;
<L3 LEA - AA - écogestion><TD Espagnol>Espagnol L3 LLSH GR 3;
<L3 LEA - AA - écogestion><TD Marketing stratégie>Gp 1;
<L3 LEA - AE - langues spé><L3 LEA Spé Esp>L3 LEA Gpe A;
<L3 LEA - AE - langues spé><L3 LEA Spé Esp>L3 LEA Gpe B;
<L3 LEA - AE - langues spé><L3 LEA Spé Esp>L3 LEA interp 1;
<L3 LEA - AE - langues spé><L3 LEA Spé Esp>L3 LEA interp 2;
<L3 LEA - AE - écogestion><TD Marketing stratégie>Gp 1;
<L3 Lettres - CTD><Groupes de TD L3 CTD>L3 CTD TD1;
<L3 Lettres - CTD><Groupes de TD L3 CTD>L3 CTD TD2;
<L3 Lettres - CTD><TD Anglais>Anglais L3 Lettres/Espagnol Gp 7;
<L3 Lettres - CTD><TD Anglais>Anglais L3 LLSH Gp 1;
<L3 Lettres - CTD><TD Anglais>Anglais L3 LLSH Gp 2;
<L3 Lettres - CTD><TD Anglais>Anglais L3 LLSH Gp 3;
<L3 Lettres - CTD><TD Espagnol>Espagnol L3 LLSH GR 1;
<L3 Lettres - CTD><TD Espagnol>Espagnol L3 LLSH GR 2;
<L3 Lettres - CTD><TD Espagnol>Espagnol L3 LLSH GR 3;
<L3 Lettres - CTD>S5 L3CTD UE3 LV sur txt étrangers;
<L3 Lettres - CTD>S5 L3CTD UE3 LV txt étrangers = Litté XXIe;
<L3 Lettres - CTD>S6 L3CTD UE11 LV txt étrangers;
<L3 Lettres - CTD>S6 L3CTD UE11 LV txt étrangers = Litté XXIe;
<L3 Lettres - Doc édition><Groupes de TD L3 doc>L3 DOC TD1;
<L3 Lettres - Doc édition><Groupes de TD L3 doc>L3 DOC TD2;
<L3 Lettres - Doc édition><TD Anglais>Anglais L3 Lettres/Espagnol Gp 7;
<L3 Lettres - Doc édition><TD Anglais>Anglais L3 LLSH Gp 1;
<L3 Lettres - Doc édition><TD Anglais>Anglais L3 LLSH Gp 2;
<L3 Lettres - Doc édition><TD Anglais>Anglais L3 LLSH Gp 3;
<L3 Lettres - Doc édition><TD Espagnol>Espagnol L3 LLSH GR 1;
<L3 Lettres - Doc édition><TD Espagnol>Espagnol L3 LLSH GR 2;
<L3 Lettres - Doc édition><TD Espagnol>Espagnol L3 LLSH GR 3;
<L3 Lettres - Doc édition>DS CAPES;
<L3 Lettres - Doc édition>S5 L3DOC UE3 LV txt étrangers;
<L3 Lettres - Doc édition>S5 L3DOC UE3 LV txt étrangers = Litté XXIe;
<L3 Lettres - Doc édition>S6 L3DOC UE11 LV txt étrangers;
<L3 Lettres - Doc édition>S6 L3DOC UE11 LV txt étrangers = Litté XXIe;
<L3 Lettres - Doc édition>S6 L3DOCUE11 Latin;
<L3 Lettres - FLE><Groupes de TD L3 FLE>L3 FLE TD1;
<L3 Lettres - FLE><Groupes de TD L3 FLE>L3 FLE TD2;
<L3 Lettres - FLE><TD Anglais>Anglais L3 Lettres/Espagnol Gp 7;
<L3 Lettres - FLE><TD Anglais>Anglais L3 LLSH Gp 1;
<L3 Lettres - FLE><TD Anglais>Anglais L3 LLSH Gp 2;
<L3 Lettres - FLE><TD Anglais>Anglais L3 LLSH Gp 3;
<L3 Lettres - FLE><TD Espagnol>Espagnol L3 LLSH GR 1;
<L3 Lettres - FLE><TD Espagnol>Espagnol L3 LLSH GR 2;
<L3 Lettres - FLE><TD Espagnol>Espagnol L3 LLSH GR 3;
<L3 Lettres - FLE>DS CAPES;
<L3 Lettres - FLE>S5 L3FLE UE3 LV txt étrangers;
<L3 Lettres - FLE>S5 L3FLE UE3 LV txt étrangers = Litté XXIe;
<L3 Lettres - FLE>S6 L3FLE UE11 Latin;
<L3 Lettres - FLE>S6 L3FLE UE11 LV txt étrangers;
<L3 Lettres - FLE>S6 L3FLE UE11 LV txt étrangers = Litté XXIe;
<L3 Lettres Bayonne>Atelier écriture;
<L3 Lettres Bayonne>Conférence laïcité;
<L3 Lettres Bayonne>Découverte langue basque;
<L3 Lettres Bayonne>Etre tuteur;
<L3 Lettres Bayonne>LV allemand;
<L3 Lettres Bayonne>LV basque;
<L3 Lettres Bayonne>PIX;
<L3 Lettres Bayonne>Rencontre Itxaro Bord;
<L3 Lettres Bayonne>Réunion;
<L3 Lettres Bayonne>Théâtre;
<L3 Lettres Bayonne>UECF Chinois;
<L3 Lettres Bayonne>UECF FabLab';
<L3 Lettres Bayonne>UECF Italien;
<L3 Lettres Bayonne>UET Histoire du cinéma;
<L3 Lettres Bayonne>UET Sociologie;
<L3 Lettres Bayonne>Vie de campus;
<L3 Lettres Bayonne>xxxXXX Forum Etud/entreprise;
<L3 Lettres classiques><Groupes de TD L3 LC>L3 LC TD1;
<L3 Lettres classiques><Groupes de TD L3 LC>L3 LC TD2;
<L3 Lettres classiques><TD Anglais>Anglais L3 Lettres/Espagnol Gp 7;
<L3 Lettres classiques><TD Anglais>Anglais L3 LLSH Gp 1;
<L3 Lettres classiques><TD Anglais>Anglais L3 LLSH Gp 2;
<L3 Lettres classiques><TD Anglais>Anglais L3 LLSH Gp 3;
<L3 Lettres classiques><TD Espagnol>Espagnol L3 LLSH GR 1;
<L3 Lettres classiques><TD Espagnol>Espagnol L3 LLSH GR 2;
<L3 Lettres classiques><TD Espagnol>Espagnol L3 LLSH GR 3;
<L3 Lettres modernes><Groupes de TD L3 LM>L3 LM TD1;
<L3 Lettres modernes><Groupes de TD L3 LM>L3 LM TD2;
<L3 Lettres modernes><TD Anglais>Anglais L3 Lettres/Espagnol Gp 7;
<L3 Lettres modernes><TD Anglais>Anglais L3 LLSH Gp 1;
<L3 Lettres modernes><TD Anglais>Anglais L3 LLSH Gp 2;
<L3 Lettres modernes><TD Anglais>Anglais L3 LLSH Gp 3;
<L3 Lettres modernes><TD Espagnol>Espagnol L3 LLSH GR 1;
<L3 Lettres modernes><TD Espagnol>Espagnol L3 LLSH GR 2;
<L3 Lettres modernes><TD Espagnol>Espagnol L3 LLSH GR 3;
<L3 Lettres modernes>DS CAPES;
<L3 Lettres modernes>S5 L3LM UE3 LLC Latines;
<L3 Lettres modernes>S5 L3LM UE3 LV txt étrangers;
<L3 Lettres modernes>S5 L3LM UE3 LV txt étrangers = Litté XXIe;
<L3 Lettres modernes>S5 L3LM UE7A auteur latin;
<L3 Lettres modernes>S5 L3LM UE7A His lg fr;
<L3 Lettres modernes>S5 L3LM UE7A version latine;
<L3 Lettres modernes>S5 L3LM UE7B Culture image;
<L3 Lettres modernes>S5 L3LM UE7B LEJ;
<L3 Lettres modernes>S5 L3LM UE8A His lg fr;
<L3 Lettres modernes>S5 L3LM UE8B Culture image;
<L3 Lettres modernes>S5 L3LM UE8B LEJ;
<L3 Lettres modernes>S6 L3LM UE11 Latin;
<L3 Lettres modernes>S6 L3LM UE11 LV txt étrangers;
<L3 Lettres modernes>S6 L3LM UE11 LV txt étrangers = Litté XXIe;
<L3 Lettres modernes>S6 L3LM UE15A auteur latin;
<L3 Lettres modernes>S6 L3LM UE15A Enseigner orthographe;
<L3 Lettres modernes>S6 L3LM UE15A version latine;
<L3 Lettres modernes>S6 L3LM UE15B Le monde de l'édition;
<L3 Lettres modernes>S6 L3LM UE15B Transmettre LEJ;
<L3 Lettres modernes>S6 L3LM UE16A auteur latin;
<L3 Lettres modernes>S6 L3LM UE16A Enseigner orthographe;
<L3 Lettres modernes>S6 L3LM UE16A version latine;
<L3 Lettres modernes>S6 L3LM UE16B Le monde de l'édition;
<L3 Lettres modernes>S6 L3LM UE16B Transmettre LEJ;
<L3 Lettres PPPE><L3 Lettres PPPE / Groupes>Groupe 1;
<L3 Lettres PPPE><L3 Lettres PPPE / Groupes>Groupe 2;
<L3 LLCER - EA - ER><Groupes langue orale>TP 1 A1;
<L3 LLCER - EA - ER><Groupes langue orale>TP 1 A2;
<L3 LLCER - EA - ER><Groupes langue orale>TP 2 A1;
<L3 LLCER - EA - ER><Groupes langue orale>TP 2 A2;
<L3 LLCER - EA - ER><TD Espagnol>Espagnol L3 LLSH GR 1;
<L3 LLCER - EA - ER><TD Espagnol>Espagnol L3 LLSH GR 2;
<L3 LLCER - EA - ER><TD Espagnol>Espagnol L3 LLSH GR 3;
<L3 LLCER - EA - FLE><Groupes langue orale>TP 1 A1;
<L3 LLCER - EA - FLE><Groupes langue orale>TP 1 A2;
<L3 LLCER - EA - FLE><Groupes langue orale>TP 2 A1;
<L3 LLCER - EA - FLE><Groupes langue orale>TP 2 A2;
<L3 LLCER - EA - FLE><TD Espagnol>Espagnol L3 LLSH GR 1;
<L3 LLCER - EA - FLE><TD Espagnol>Espagnol L3 LLSH GR 2;
<L3 LLCER - EA - FLE><TD Espagnol>Espagnol L3 LLSH GR 3;
<L3 LLCER - EA - PE><Groupes langue orale>TP 1 A1;
<L3 LLCER - EA - PE><Groupes langue orale>TP 1 A2;
<L3 LLCER - EA - PE><Groupes langue orale>TP 2 A1;
<L3 LLCER - EA - PE><Groupes langue orale>TP 2 A2;
<L3 LLCER - EA - PE><TD Espagnol>Espagnol L3 LLSH GR 1;
<L3 LLCER - EA - PE><TD Espagnol>Espagnol L3 LLSH GR 2;
<L3 LLCER - EA - PE><TD Espagnol>Espagnol L3 LLSH GR 3;
<L3 LLCER - EH - ER><TD Anglais>Anglais L3 Lettres/Espagnol Gp 7;
<L3 LLCER - EH - ER><TD Anglais>Anglais L3 LLSH Gp 1;
<L3 LLCER - EH - ER><TD Anglais>Anglais L3 LLSH Gp 2;
<L3 LLCER - EH - ER><TD Anglais>Anglais L3 LLSH Gp 3;
<L3 LLCER - EH - ER>Théâtre espagnol L3;
<L3 LLCER - EH - FLE><TD Anglais>Anglais L3 Lettres/Espagnol Gp 7;
<L3 LLCER - EH - FLE><TD Anglais>Anglais L3 LLSH Gp 1;
<L3 LLCER - EH - FLE><TD Anglais>Anglais L3 LLSH Gp 2;
<L3 LLCER - EH - FLE><TD Anglais>Anglais L3 LLSH Gp 3;
<L3 LLCER - EH - Mét A&C><TD Anglais>Anglais L3 Lettres/Espagnol Gp 7;
<L3 LLCER - EH - Mét A&C><TD Anglais>Anglais L3 LLSH Gp 1;
<L3 LLCER - EH - Mét A&C><TD Anglais>Anglais L3 LLSH Gp 2;
<L3 LLCER - EH - Mét A&C><TD Anglais>Anglais L3 LLSH Gp 3;
<L3 LLCER Basque>Conférence laïcité;
<L3 LLCER Basque>Découverte langue basque;
<L3 LLCER Basque>Etre tuteur;
<L3 LLCER Basque>LV allemand;
<L3 LLCER Basque>PIX;
<L3 LLCER Basque>Rencontre Itxaro Bord;
<L3 LLCER Basque>Réunion;
<L3 LLCER Basque>Séminaire Elyse Ritchey;
<L3 LLCER Basque>Théâtre;
<L3 LLCER Basque>UECF Chinois;
<L3 LLCER Basque>UECF FabLab';
<L3 LLCER Basque>UECF Italien;
<L3 LLCER Basque>UET Histoire du cinéma;
<L3 LLCER Basque>UET Sociologie;
<L3 LLCER Basque>Vie de campus;
<L3 LLCER Basque>XXX Forum Etud/entreprise;
<L3 Mathématiques - CAPES><Groupes Anglais>L3 Maths CAPES GR1;
<L3 Mathématiques - CAPES><Groupes Anglais>L3 Maths CAPES GR2;
<L3 Mathématiques - CAPES><Groupes Anglais>L3 Maths CAPES GR4;
<L3 Mathématiques>< Parcours CMI>CMI-Maths et Ingé 3ème Année;
<L3 Mathématiques><Groupes anglais>L3 Maths GR1;
<L3 Mathématiques><Groupes anglais>L3 Maths GR2;
<L3 Mathématiques><Groupes anglais>L3 Maths GR3;
<L3 Mathématiques><Groupes anglais>L3 Maths GR4;
<L3 Mathématiques><Groupes TD>L3 Maths G 1;
<L3 Mathématiques><Groupes TD>L3 Maths G 2;
<L3 Mathématiques>L3 MATHS  Bases de données;
<L3 Mathématiques>L3 MATHS Algorit math 4 python S5;
<L3 Mathématiques>L3 MATHS Algorit math 5 python S6 Groupe 1;
<L3 Mathématiques>L3 MATHS Algorit math 5 python S6 Groupe 2;
<L3 Mathématiques>L3 MATHS Analyse Complexe;
<L3 Mathématiques>L3 MATHS Electromagnétisme (L3 PC);
<L3 Mathématiques>L3 MATHS Maths pour l'enseignement;
<L3 Mathématiques>L3 Maths Méca des fluides S6 groupe 2;
<L3 Mathématiques>L3 MATHS Sensib  Gest Prof;
<L3 Mathématiques>L3 MATHS Statistiques;
<L3 MIASHS - MID><Groupes anglais>L3 MIASHS MID GR1;
<L3 MIASHS - MID><Groupes anglais>L3 MIASHS MID GR2;
<L3 MIASHS - MID><Groupes anglais>L3 MIASHS MID GR3;
<L3 MIASHS - MID><Groupes anglais>L3 MIASHS MID GR4;
<L3 MIASHS - MID>L3 MIASGS MID - Inform géo & métrologie;
<L3 MIASHS - MID>L3 MIASHS MID - Analyse financière;
<L3 MIASHS - MID>L3 MIASHS MID - Arbres de décision;
<L3 MIASHS - MID>L3 MIASHS MID - Economie internationale;
<L3 MIASHS - MID>L3 MIASHS MID - Econométrie;
<L3 MIASHS - MID>L3 MIASHS MID - Finance de marché;
<L3 MIASHS - MID>L3 MIASHS MID - Microéconomie appliquée;
<L3 MIASHS - MID>L3 MIASHS MID - Politiques environnementales;
<L3 MIASHS - MID>L3 MIASHS MID - SIG1;
<L3 MIASHS - MID>L3 MIASHS MID - SIG2;
<L3 MIASHS - Pluriel>L3 MIASHS Pluriel - France contexte européen;
<L3 MIASHS - PPPE>L3 MIASHS PPPE Stage intensif Anglais;
<L3 MIASHS - PPPE>L3 MIASHS PPPE Stage intensif Espagnol;
<L3 Numérique><L3 NEC TD obligatoires.>L3 NEC TD obligatoires Gr 1;
<L3 Numérique>L3 NEC Anglet Conférence laïcité;
<L3 PC - Chimie>< Parcours CMI>CMI- GEM Chimie 3ème Année;
<L3 PC - Chimie><Groupes anglais>L3 Chimie GR1;
<L3 PC - Chimie><Groupes anglais>L3 Chimie GR2;
<L3 PC - Chimie><Groupes anglais>L3 Chimie GR3;
<L3 PC - Chimie><Groupes TD Stratégie synth>L3 Chimie Stratégie synth gr2;
<L3 PC - Chimie><Groupes TP Fond physico spect>L3 Chimie Stratégie synth gr1;
<L3 PC - Chimie><Groupes TP Fond physico spect>L3 Chimie Stratégie synth gr2;
<L3 PC - Chimie><Groupes TP Outils Num>L3 Chimie Outils Num TP Gr1;
<L3 PC - Chimie><Groupes TP Outils Num>L3 Chimie Outils Num TP Gr2;
<L3 PC - Chimie><Groupes TP S2>L3 Chimie GR1 TP S2;
<L3 PC - Chimie><Groupes TP S2>L3 Chimie GR2 TP S2;
<L3 PC - Chimie><Groupes TP S2>L3 Chimie GR3 TP S2;
<L3 PC - Chimie><Groupes TP Stratégie synt>L3 Chimie Stratégie synth TP Gr A;
<L3 PC - Chimie><Groupes TP Stratégie synt>L3 Chimie Stratégie synth TP Gr B;
<L3 PC - Chimie><Groupes TP>L3 Chimie Gr1 TP;
<L3 PC - Chimie><Groupes TP>L3 Chimie Gr2 TP;
<L3 PC - Chimie>L3 Chimie Catalyse et cinétique 2;
<L3 PC - Chimie>L3 Chimie Champ cristallin;
<L3 PC - Chimie>L3 Chimie Fond physico chim spect;
<L3 PC - Chimie>L3 Chimie Méca des fluides S6;
<L3 PC - Chimie>L3 Chimie Stratégie synth Chim Orga;
<L3 PC - LAS><Groupes anglais>L3 PC-LAS GR1;
<L3 PC - LAS><Groupes anglais>L3 PC-LAS GR2;
<L3 PC - LAS><Groupes anglais>L3 PC-LAS GR3;
<L3 PC - LAS>L3 PC - LAS Catalyse et cinétique 2;
<L3 PC - LAS>L3 PC - LAS Champ cristallin;
<L3 PC - LAS>L3 PC - LAS Electrochimie;
<L3 PC - LAS>L3 PC - LAS Fond Chimie des Poly;
<L3 PC - LAS>L3 PC - LAS Fond physico chim spect;
<L3 PC - LAS>L3 PC - LAS Méca des fluides S6;
<L3 PC - LAS>L3 PC - LAS Outils Num 3;
<L3 PC - LAS>L3 PC - LAS Stratég synth Chimie Orga;
<L3 PC - Physique, Chimie><Groupes anglais>L3 PC GR1;
<L3 PC - Physique, Chimie><Groupes anglais>L3 PC GR2;
<L3 PC - Physique, Chimie><Groupes anglais>L3 PC GR3;
<L3 PC - Physique, Chimie>L3 PC 1.1 Maîtrise discilp Chimie;
<L3 PC - Physique, Chimie>L3 PC 1.1 Maîtrise discilp Physique;
<L3 PC - Physique, Chimie>L3 PC 1.2 Strat MEEF Approche;
<L3 PC - Physique, Chimie>L3 PC 1.2 Strat MEEF Connaître;
<L3 PC - Physique, Chimie>L3 PC 2..2 Strat MEEF Approche;
<L3 PC - Physique, Chimie>L3 PC 2.1 Maîtrise discilp Chimie;
<L3 PC - Physique, Chimie>L3 PC 2.1 Maîtrise discilp Physique;
<L3 PC - Physique, Chimie>L3 PC 2.2 Strat MEEF Connaître;
<L3 PC - Physique, Chimie>L3 PC 4.2 Planifier Scéna Physique;
<L3 PC - Physique, Chimie>L3 PC Analyse Chimique 2;
<L3 PC - Physique, Chimie>L3 PC CAPES BLANC;
<L3 PC - Physique, Chimie>L3 PC Catalyse homogène;
<L3 PC - Physique, Chimie>L3 PC Couleur et Matériaux;
<L3 PC - Physique, Chimie>L3 PC Defaults dans les cristaux;
<L3 PC - Physique, Chimie>L3 PC Diag état Thermo mélanges;
<L3 PC - Physique, Chimie>L3 PC Electrochimie;
<L3 PC - Physique, Chimie>L3 PC Electromagnétisme;
<L3 PC - Physique, Chimie>L3 PC Epreuves ecrites Capes;
<L3 PC - Physique, Chimie>L3 PC Méca Analyt : Fondements;
<L3 PC - Physique, Chimie>L3 PC Méca Milieux Cont;
<L3 PC - Physique, Chimie>L3 PC Mécanique des fluides S6;
<L3 PC - Physique, Chimie>L3 PC Optique physique S6;
<L3 PC - Physique, Chimie>L3 PC Prop diélectriques S6;
<L3 PC - Physique, Chimie>L3 PC Prop Thermophys mat S6;
<L3 PC - Physique, Chimie>L3 PC Propagation;
<L3 PC - Physique, Chimie>L3 PC Prépa Capes Python;
<L3 PC - Physique, Chimie>L3 PC Résistance matériaux S6;
<L3 PC - Physique, Chimie>L3 PC Réunion second Semestre;
<L3 PC - Physique, Chimie>L3 PC Stratégie synth chim orga;
<L3 PC - Physique, Chimie>L3 PC Struc et réactivité des mol;
<L3 PC - Physique>< Parcours CMI>CMI- GEM Physique 3ème Année;
<L3 PC - Physique><Groupes anglais>L3 Physique GR1;
<L3 PC - Physique><Groupes anglais>L3 Physique GR2;
<L3 PC - Physique><Groupes anglais>L3 Physique GR3;
<L3 PC - Physique>L3 Phys - Méca des fluides S6;
<L3 PC - Physique>L3 Phys - Mécan anal & Phys quantique;
<L3 PC - Physique>L3 Phys - Physique atomique;
<L3 PC - Physique>L3 Phys - Prop diélec S6;
<L3 PC - Physique>L3 Phys - Prop Thermophys mat S6;
<L3 PC - Physique>L3 Phys - Résistance matériaux;
<L3 PC - Physique>L3 Phys - Transferts matières;
<L3 PC - SGM><Groupes anglais>L3 PC-SGM GR1;
<L3 PC - SGM><Groupes anglais>L3 PC-SGM GR2;
<L3 PC - SGM><Groupes anglais>L3 PC-SGM GR3;
<L3 PC - SGM><Parcours Alternants>L3 PC - SGM Alternants;
<L3 PC - SGM>L3 SGM - Couleurs et Materiaux;
<L3 Phy Chimie Anglet><L3 PC TD obligatoires>L3 PC TD obligatoires Gr 1;
<L3 Phy Chimie Anglet><L3 PC TP obligatoires>L3 PC TP Gr A.;
<L3 Phy Chimie Anglet><L3 PC TP obligatoires>L3 PC TP Gr B.;
<L3 Phy Chimie Anglet>Groupe Ana Envir;
<L3 Phy Chimie Anglet>Groupe Chimie Orga 3;
<L3 Phy Chimie Anglet>Groupe Chimie Organique 4;
<L3 Phy Chimie Anglet>Groupe Cinétique Catalyse;
<L3 Phy Chimie Anglet>Groupe Convection thermique;
<L3 Phy Chimie Anglet>Groupe Etude de cas en chimie appliquée;
<L3 Phy Chimie Anglet>Groupe FabLab;
<L3 Phy Chimie Anglet>Groupe Initiation Réactivité;
<L3 Phy Chimie Anglet>Groupe Matériaux Polymères;
<L3 Phy Chimie Anglet>Groupe Methodes numériques;
<L3 Phy Chimie Anglet>Groupe Méca des Milieux continues;
<L3 Phy Chimie Anglet>Groupe Méca Fluide 1;
<L3 Phy Chimie Anglet>Groupe Méca fluide 2;
<L3 Phy Chimie Anglet>Groupe Optic Appli;
<L3 Phy Chimie Anglet>Groupe PC Mat Inorganiques;
<L3 Phy Chimie Anglet>Groupe projet Chimie;
<L3 Phy Chimie Anglet>Groupe projet Physique;
<L3 Phy Chimie Anglet>Groupe Radioact-radioprotect;
<L3 Phy Chimie Anglet>Groupe Rayonnement thermique;
<L3 Phy Chimie Anglet>Groupe Relativité restreinte;
<L3 Phy Chimie Anglet>Groupe Resistance Matériaux;
<L3 Phy Chimie Anglet>Groupe Risques chimiques;
<L3 Phy Chimie Anglet>Groupe Thermo Matériaux;
<L3 Phy Chimie Anglet>Groupe thermodyn microcospique;
<L3 Phy Chimie Anglet>L3 PC Anglet Conférence laïcité;
<L3 Phy Chimie Anglet>L3 PC Rattrapage;
<L3 Sciences de la terre>< Parcours CMI>CMI- GEM SDT 3ème Année;
<L3 Sciences de la terre><Groupes anglais>L3 SDT GR1;
<L3 Sciences de la terre><Groupes anglais>L3 SDT GR2;
<L3 Sciences de la terre><Groupes anglais>L3 SDT GR3;
<L3 Sciences de la terre><Groupes TD>L3 SDT Gr1;
<L3 Sciences de la terre><Groupes TD>L3 SDT Gr2;
<L3 SDV - BCM>< Parcours CMI>CMI - GEM BCM 3ème Année;
<L3 SDV - BCM><Groupes anglais>L3 BCM GR1;
<L3 SDV - BCM><Groupes anglais>L3 BCM GR2;
<L3 SDV - BCM><Groupes anglais>L3 BCM GR3;
<L3 SDV - BCM><Groupes TD L3 BCM>L3 BCM G1 BCM;
<L3 SDV - BCM><Groupes TD L3 BCM>L3 BCM G2 BCM;
<L3 SDV - BCM><Groupes TP L3 BCM>L3 BCM TP GR1 BCM;
<L3 SDV - BCM><Groupes TP L3 BCM>L3 BCM TP GR1 BCM BE;
<L3 SDV - BCM><Groupes TP L3 BCM>L3 BCM TP GR1 BCM BM;
<L3 SDV - BCM><Groupes TP L3 BCM>L3 BCM TP GR1 BCM OUMOBIO/PV;
<L3 SDV - BCM><Groupes TP L3 BCM>L3 BCM TP GR1 BCM PA;
<L3 SDV - BCM><Groupes TP L3 BCM>L3 BCM TP GR2 BCM;
<L3 SDV - BCM><Groupes TP L3 BCM>L3 BCM TP GR2 BCM BE;
<L3 SDV - BCM><Groupes TP L3 BCM>L3 BCM TP GR2 BCM BM;
<L3 SDV - BCM><Groupes TP L3 BCM>L3 BCM TP GR2 BCM OUMOBIO/PV;
<L3 SDV - BCM><Groupes TP L3 BCM>L3 BCM TP GR2 BCM PA;
<L3 SDV - BCM><Groupes TP L3 BCM>L3 BCM TP GR3 BCM BE;
<L3 SDV - BCM><Groupes TP L3 BCM>L3 BCM TP GR3 BCM BM;
<L3 SDV - BCM>L3 BCM Biodiversité en montagne;
<L3 SDV - BCM>L3 BCM Etude biodiversité terrain;
<L3 SDV - BCM>L3 BCM Génétique bactérienne;
<L3 SDV - BCM>L3 BCM Génétique des pop;
<L3 SDV - BCM>L3 BCM Microbio environnementale;
<L3 SDV - BCM>L3 BCM Outils biblio;
<L3 SDV - BCM>L3 BCM Physio végétale 2;
<L3 SDV - BCM>L3 BCM Présentation Bordeaux Sciences Agro;
<L3 SDV - BCM>L3 BCM Stage;
<L3 SDV - BCM>L3 BCM TIB;
<L3 SDV - BGST><Groupe TD>L3 BGST TD G2;
<L3 SDV - BGST><Groupe TP>L3 BGST TP GR2;
<L3 SDV - BGST><Groupe TP>L3 BGST TP GR3 Bio Mol;
<L3 SDV - BGST><Groupes anglais>L3 BGST GR1;
<L3 SDV - BGST><Groupes anglais>L3 BGST GR2;
<L3 SDV - BGST><Groupes anglais>L3 BGST GR3;
<L3 SDV - BGST>L3 BGST Bioch des protéines;
<L3 SDV - BGST>L3 BGST Biodiversité en montagne;
<L3 SDV - BGST>L3 BGST Biologie moléculaire 3;
<L3 SDV - BGST>L3 BGST Etude biodiversité terrain;
<L3 SDV - BGST>L3 BGST Marges chaines de Mont;
<L3 SDV - BGST>L3 BGST Microbio environnementale;
<L3 SDV - BGST>L3 BGST Milieux sédimentaires;
<L3 SDV - BGST>L3 BGST OUMOBIO 3;
<L3 SDV - BGST>L3 BGST Outils biblio;
<L3 SDV - BGST>L3 BGST Physio végétale 2;
<L3 SDV - BGST>L3 BGST Présentation Bordeaux Sciences Agro;
<L3 SDV - BGST>L3 BGST Roches endo;
<L3 SDV - BGST>L3 BGST Stage;
<L3 SDV - BGST>L3 BGST TIB;
<L3 SDV - BGST>L3 BGST UE prépa enseignement 2;
<L3 SDV - LAS><Groupes anglais>L3 SDV-LAS GR1;
<L3 SDV - LAS><Groupes anglais>L3 SDV-LAS GR2;
<L3 SDV - LAS><Groupes anglais>L3 SDV-LAS GR3;
<L3 SDV - LAS>L3 SDV LAS Présentation Bordeaux Sciences Agro;
<L3 SDV - LAS>L3 SDV-LAS Etude biodiversité terrain;
<L3 SDV - LAS>L3 SDV-LAS Génétique des pop;
<L3 SDV - LAS>L3 SDV-LAS Microbio environnementale;
<L3 SDV - LAS>L3 SDV-LAS Outils biblio;
<L3 SDV - LAS>L3 SDV-LAS Physio végétale 2;
<L3 SDV - LAS>L3 SDV-LAS Stage;
<L3 SDV - LAS>L3 SDV-LAS TIB;
<L3 Sociologie>00-CAPES blanc_L3Socio;
<L3 Sociologie><0-Séminaires thématiques>Gpe 1 avec M. Mattern;
<L3 Sociologie><0-Séminaires thématiques>Gpe 2 avec Mme Dechezelles;
<L3 Sociologie><0-Séminaires thématiques>Gpe 2 avec Mme Ledroit;
<L3 Sociologie><0-Séminaires thématiques>Gpe 3 avec Mme Barthou;
<L3 Sociologie><0-Séminaires thématiques>Gpe 4 avec M. Lans;
<L3 Sociologie><0-Séminaires thématiques>Gpe 5 avec M. Przygoda;
<L3 Sociologie><Gpe TD L3S5 Sociologie>TD1 L3S5 Sociologie;
<L3 Sociologie><Gpe TD L3S5 Sociologie>TD2 L3S5 Sociologie;
<L3 Sociologie><Gpe TD L3S6 Sociologie>TD1 L3S6 Sociologie;
<L3 Sociologie><Gpe TD L3S6 Sociologie>TD2 L3S6 Sociologie;
<L3 Sociologie><TD Anglais>Anglais L3 Géographie/Sociologie Gp 4;
<L3 Sociologie><TD Anglais>Anglais L3 LLSH Gp 1;
<L3 Sociologie><TD Anglais>Anglais L3 LLSH Gp 2;
<L3 Sociologie><TD Anglais>Anglais L3 LLSH Gp 3;
<L3 Sociologie><TD Espagnol>Espagnol L3 LLSH GR 1;
<L3 Sociologie><TD Espagnol>Espagnol L3 LLSH GR 2;
<L3 Sociologie><TD Espagnol>Espagnol L3 LLSH GR 3;
<L3 STAPS APAS (Anglet)><Examens Terminaux>Groupe Oméga;
<L3 STAPS APAS (Anglet)><Examens Terminaux>Groupe Zéta;
<L3 STAPS APAS (Anglet)><Groupes ETP>ETP Groupe A;
<L3 STAPS APAS (Anglet)><Groupes ETP>ETP Groupe B;
<L3 STAPS APAS (Anglet)><Groupes ETP>ETP Groupe C;
<L3 STAPS APAS (Anglet)><Groupes TD>TD Groupe 1;
<L3 STAPS APAS (Anglet)><Groupes TD>TD Groupe 2;
<L3 STAPS APAS (Anglet)>Option basket;
<L3 STAPS APAS (Anglet)>Option escalade;
<L3 STAPS APAS (Anglet)>Option natation;
<L3 STAPS EM (Tarbes)><GROUPES TD>EM G5;
<L3 STAPS EM (Tarbes)><GROUPES TD>EM G6;
<L3 STAPS EM (Tarbes)><GROUPES TD>EM G7;
<L3 STAPS ES (Tarbes)><GROUPES TD>ES G2;
<L3 STAPS ES (Tarbes)><GROUPES TD>ES G3;
<L3 STAPS ES (Tarbes)><GROUPES TD>ES G4;
<L3 STAPS MS (Tarbes)><GROUPES TD>MS G1;
<LP Biologie Appliquée><LP BAEE>LP BAEE;
<LP Biologie Appliquée>LP BAEE Conférence laïcité;
<LP Gestion prod. indus.><Lic PRO Groupes Tp>Lic Pro GPI Gr1;
<LP Gestion prod. indus.><Lic PRO Groupes Tp>Lic Pro GPI Gr2;
<LP IS - Education enseign><LANGUE P1>Anglais P1;
<LP IS - Education enseign><LANGUE P1>Espagnol P1;
<LP IS - Insertion - FLI><LANGUE P4>Anglais P4;
<LP IS - Insertion - FLI><LANGUE P4>Espagnol P4;
<LP IS- Insertion comp pro><LANGUE P3>Anglais P3;
<LP IS- Insertion comp pro><LANGUE P3>Espagnol P3;
<LP Métiers bois - Récolte><Groupes de TP>TP1;
<LP Métiers bois - Récolte><Groupes de TP>TP2;
<LP Métiers bois - Récolte><Groupes de TP>TP3;
<LP Métiers bois - Récolte><Groupes de TP>TP4;
<LP Métiers du bois - Bois><Groupes de TP>TP1;
<LP Métiers du bois - Bois><Groupes de TP>TP2;
<LP Métiers du bois - Bois><Groupes de TP>TP3;
<LP Métiers du bois - Bois><Groupes de TP>TP4;
<LP VAR - Produits terroir><TD Anglais>Anglais LP VAR - Produits terroir - Groupe 1;
<LP VAR - Produits terroir><TD Anglais>Anglais LP VAR - Produits terroir - Groupe 2;
<M1 ALI><Anglais S1 ALI1>Grpe 1/S1 Anglais ALI1 GPE 1 NILES;
<M1 ALI><Anglais S1 ALI1>Grpe 2/S1 Anglais ALI1 GPE 2 NILES;
<M1 ALI><Anglais S1 ALI1>Grpe 3/S1 Anglais ALI1 GPE 3 MIGUELGORRY;
<M1 ALI><Anglais S1 ALI1>PREPARATION TOEIC ALI1/ MM;
<M1 ALI><Gpe Gest° Projet/FRENCH CLASS>8- BASKOLAB 1 / SM/ MAISON ARGAUD;
<M1 ALI><Gpe Gest° Projet/FRENCH CLASS>9- BASKOLAB 2 / FC/ PRIM'LAND;
<M1 ALI><INSCRIPT TOEIC TEST ALI1 11/12>INSCRIPT TOEIC TEST ALI1 11/12;
<M1 ALI><M1 ALI - AUTONOMIE GP8>M1 ALI - AUTONOMIE GP8;
<M1 ALI><M1 ALI - AUTONOMIE GP9>M1 ALI - AUTONOMIE GP9;
<M1 Cadre Sanit. Social><TD Anglais>Anglais M1 C3S;
<M1 Cadre Sanit. Social><TD Espagnol>Espagnol M1 Cadre Sani. Social  C3S;
<M1 Cadre Sanit. Social>Espagnol M1 Cadre Sani.Social C3S;
<M1 CGAO><Groupes>Alternants;
<M1 CGAO><Groupes>Etudiants FI;
<M1 CGAO><Groupes>Groupe 1;
<M1 CGAO><Groupes>Groupe 2;
<M1 Commun Éco appliquée><TD Anglais>Anglais M1 ECO;
<M1 Commun Éco appliquée><TD Anglais>Anglais M1 ECO et M2 ECO;
<M1 Commun Éco appliquée><TD Anglais>Anglais M2 ECO et M1 ECO;
<M1 Commun Éco appliquée>CEEM;
<M1 Commun Éco appliquée>Conférence;
<M1 Commun Éco appliquée>EIED;
<M1 Commun Éco appliquée>M1 CMI-N. CORDEBOEUF;
<M1 Commun Éco appliquée>M1 ECO - sans CMI;
<M1 Commun Éco appliquée>UECF Informatique;
<M1 Compta ctrl audit><TD ANGLAIS DES AFFAIRES>TD GPE 1 - Anglais des affaires;
<M1 Compta ctrl audit><TD ANGLAIS DES AFFAIRES>TD GPE 2 - Anglais des affaires;
<M1 Compta ctrl audit><TD SYSTEME D'INFORMATION>TD GPE 1 - Système d'information;
<M1 Compta ctrl audit><TD SYSTEME D'INFORMATION>TD GPE 2 - Système d'information;
<M1 Compta ctrl audit><TD TECH DE COM>TD GPE 1 - Tech. de com;
<M1 Compta ctrl audit><TD TECH DE COM>TD GPE 2 - Tech.de com;
<M1 Coopérations Transfron><COURS DE LANGUE>Anglais A2-B1;
<M1 Coopérations Transfron><COURS DE LANGUE>Anglais B1;
<M1 Coopérations Transfron><COURS DE LANGUE>Anglais B1-B2;
<M1 Coopérations Transfron><COURS DE LANGUE>Anglais B2;
<M1 Coopérations Transfron><COURS DE LANGUE>Anglais B2-C1;
<M1 Coopérations Transfron><COURS DE LANGUE>Anglais B2-C1 Bis;
<M1 Coopérations Transfron><COURS DE LANGUE>Anglais C1-C2;
<M1 Coopérations Transfron><COURS DE LANGUE>Espagnol A1-A2;
<M1 Coopérations Transfron><COURS DE LANGUE>Espagnol A2-B1;
<M1 Coopérations Transfron><COURS DE LANGUE>Espagnol B1-B2;
<M1 Coopérations Transfron><COURS DE LANGUE>Espagnol B2-C1;
<M1 Coopérations Transfron>Droit humanitaire;
<M1 Coopérations Transfron>Découverte langue basque;
<M1 Coopérations Transfron>Evènement EEI;
<M1 Coopérations Transfron>Forum;
<M1 Coopérations Transfron>LV allemand;
<M1 Coopérations Transfron>LV basque;
<M1 Coopérations Transfron>Webinaire BAIP;
<M1 CSV - BME><Groupes Anglais>M1 BME anglais GR 1;
<M1 CSV - BME><Groupes Anglais>M1 BME anglais GR 2;
<M1 CSV - BME><Groupes Anglais>M1 BME anglais GR 3;
<M1 CSV - BME><Groupes Anglais>M1 BME anglais GR 4;
<M1 CSV - BME><Groupes Harmonisation>M1 BME Harmonisation G1;
<M1 CSV - BME><Groupes Harmonisation>M1 BME Harmonisation G2;
<M1 CSV - BME><Parcours CMI>CMI- GEM BME 4ème Année;
<M1 CSV - BME>M1 BME Bionalytical chemistry;
<M1 CSV - BME>M1 BME Intro à l'environnement;
<M1 CSV - BME>M1 BME TP Analyse de l'eau paramètres globaux;
<M1 CSV - EACM- GREEN><Groupes Anglais>M1 Green EACM anglais GR 1;
<M1 CSV - EACM- GREEN><Groupes Anglais>M1 Green EACM anglais GR 2;
<M1 CSV - EACM- GREEN><Groupes Anglais>M1 Green EACM anglais GR 3;
<M1 CSV - EACM- GREEN><Groupes Anglais>M1 Green EACM anglais GR 4;
<M1 CSV - EACM- GREEN><Groupes Harmonisation>M1 GREEN EACM Harmonisation G1;
<M1 CSV - EACM- GREEN><Groupes Harmonisation>M1 GREEN EACM Harmonisation G2;
<M1 CSV - EACM- GREEN>M1 EACM Conférence laïcité;
<M1 CSV - EACM- GREEN>M1 GREEN EACM Conférences;
<M1 CSV - EACM- GREEN>M1 GREEN EACM Entrepreneuriat;
<M1 CSV - EACM- GREEN>M1 GREEN EACM Envir Mineralogic tech;
<M1 CSV - EACM- GREEN>M1 GREEN EACM Méthodes éléctroanalyse;
<M1 CSV - EACM- GREEN>M1 GREEN EACM Practice in Analytical Chemistry;
<M1 CSV - EACM- GREEN>M1 GREEN EACM Project Management;
<M1 CSV - EACM- GREEN>M1 GREEN EACM Sep tech mechanism;
<M1 CSV - EACM- GREEN>M1 GREEN EACM Thematic Culture;
<M1 CSV - EGTP><Groupes Anglais>M1 EGTP anglais GR 1;
<M1 CSV - EGTP><Groupes Anglais>M1 EGTP anglais GR 2;
<M1 CSV - EGTP><Groupes Anglais>M1 EGTP anglais GR 3;
<M1 CSV - EGTP><Groupes Anglais>M1 EGTP anglais GR 4;
<M1 CSV - EGTP><Groupes Harmonisation>M1 EGTP Harmonisation G1;
<M1 CSV - EGTP><Groupes Harmonisation>M1 EGTP Harmonisation G2;
<M1 CSV - EGTP>M1 EGTP Entrepreneuriat;
<M1 CSV - EGTP>M1 EGTP Intro à l'environnement;
<M1 CSV - EGTP>M1 EGTP Molecular Mass spectro;
<M1 CSV - EGTP>M1 EGTP Méca fluides;
<M1 CSV - EGTP>M1 EGTP SIG;
<M1 CSV - EGTP>M1 EGTP Techniques d'imagerie du sous-sol;
<M1 CSV - EGTP>M1 EGTP TP Analyse de l'eau paramètres globaux;
<M1 CSV - EGTP>M1 EGTP Tp cycles Biogéochimiques;
<M1 CSV - SAVE><Groupes Anglais>M1 SAVE anglais GR 1;
<M1 CSV - SAVE><Groupes Anglais>M1 SAVE anglais GR 2;
<M1 CSV - SAVE><Groupes Anglais>M1 SAVE anglais GR 3;
<M1 CSV - SAVE><Groupes Anglais>M1 SAVE anglais GR 4;
<M1 CSV - SAVE><Groupes Harmonisation>M1 SAVE Harmonisation G1;
<M1 CSV - SAVE><Groupes Harmonisation>M1 SAVE Harmonisation G2;
<M1 CSV - SAVE>M1 SAVE Analyse de l'eau;
<M1 CSV - SAVE>M1 SAVE Entrepreneuriat;
<M1 CSV - SAVE>M1 SAVE Méth électroanalyse;
<M1 CSV - SAVE>M1 SAVE Practice in Analytical Chemistry 1;
<M1 CSV - SAVE>M1 SAVE TP cycles biogéochimiques;
<M1 Droit consommation><TD Anglais>Anglais M1 Droit Mutualisé Gp 2;
<M1 Droit consommation><TD Droit civil>Groupe 1;
<M1 Droit consommation><TD Droit civil>Groupe 2;
<M1 Droit consommation><TD Droit civil>Groupe 3;
<M1 Droit consommation><TD Droit des contrats>Groupe 1;
<M1 Droit consommation><TD Droit des contrats>Groupe 2;
<M1 Droit consommation><TD Droit des sociétés>Groupe 1;
<M1 Droit consommation><TD Droit des sociétés>Groupe 2;
<M1 Droit consommation><TD Droit des sûretés>Groupe 1;
<M1 Droit consommation><TD Droit des sûretés>Groupe 2;
<M1 Droit consommation><TD Droit des sûretés>Groupe 3;
<M1 Droit consommation><TD Entreprises en difficultés>Groupe 1;
<M1 Droit consommation><TD Espagnol>Espagnol M1 Conso GR 1;
<M1 Droit consommation><TD Espagnol>Espagnol M1 Conso GR 2;
<M1 Droit consommation>Comptabilité;
<M1 Droit consommation>DIP 2;
<M1 Droit consommation>Divers;
<M1 Droit consommation>Droit comparé;
<M1 Droit consommation>Droit des assurances;
<M1 Droit consommation>Droit des contrats;
<M1 Droit consommation>Droit des procédures collectives;
<M1 Droit consommation>Droit pénal des affaires;
<M1 Droit consommation>Procédure civile d'exécution;
<M1 Droit consommation>UECF Informatique;
<M1 Droit Euro. Act. Pub.><COURS DE LANGUE>Anglais A2-B1;
<M1 Droit Euro. Act. Pub.><COURS DE LANGUE>Anglais B1;
<M1 Droit Euro. Act. Pub.><COURS DE LANGUE>Anglais B1-B2;
<M1 Droit Euro. Act. Pub.><COURS DE LANGUE>Anglais B2;
<M1 Droit Euro. Act. Pub.><COURS DE LANGUE>Anglais B2-C1;
<M1 Droit Euro. Act. Pub.><COURS DE LANGUE>Anglais B2-C1 Bis;
<M1 Droit Euro. Act. Pub.><COURS DE LANGUE>Anglais C1-C2;
<M1 Droit Euro. Act. Pub.><COURS DE LANGUE>Espagnol A1-A2;
<M1 Droit Euro. Act. Pub.><COURS DE LANGUE>Espagnol A2-B1;
<M1 Droit Euro. Act. Pub.><COURS DE LANGUE>Espagnol B1-B2;
<M1 Droit Euro. Act. Pub.><COURS DE LANGUE>Espagnol B2-C1;
<M1 Droit Euro. Act. Pub.>Droit Humanitaire;
<M1 Droit Euro. Act. Pub.>Découverte langue basque;
<M1 Droit Euro. Act. Pub.>Evènement EEI;
<M1 Droit Euro. Act. Pub.>Forum;
<M1 Droit Euro. Act. Pub.>LV allemand;
<M1 Droit Euro. Act. Pub.>LV basque;
<M1 Droit Euro. Act. Pub.>QJC;
<M1 Droit Euro. Act. Pub.>révision TD;
<M1 Droit Euro. Act. Pub.>Webinaire BAIP;
<M1 Droit Euro. Aff. Num.><COURS DE LANGUE>Anglais A2-B1;
<M1 Droit Euro. Aff. Num.><COURS DE LANGUE>Anglais B1;
<M1 Droit Euro. Aff. Num.><COURS DE LANGUE>Anglais B1-B2;
<M1 Droit Euro. Aff. Num.><COURS DE LANGUE>Anglais B2;
<M1 Droit Euro. Aff. Num.><COURS DE LANGUE>Anglais B2-C1;
<M1 Droit Euro. Aff. Num.><COURS DE LANGUE>Anglais B2-C1 Bis;
<M1 Droit Euro. Aff. Num.><COURS DE LANGUE>Anglais C1-C2;
<M1 Droit Euro. Aff. Num.><COURS DE LANGUE>Espagnol A1-A2;
<M1 Droit Euro. Aff. Num.><COURS DE LANGUE>Espagnol A2-B1;
<M1 Droit Euro. Aff. Num.><COURS DE LANGUE>Espagnol B1-B2;
<M1 Droit Euro. Aff. Num.><COURS DE LANGUE>Espagnol B2-C1;
<M1 Droit Euro. Aff. Num.>Droit Humanitaire;
<M1 Droit Euro. Aff. Num.>Découverte langue basque;
<M1 Droit Euro. Aff. Num.>Evènement EEI;
<M1 Droit Euro. Aff. Num.>Forum;
<M1 Droit Euro. Aff. Num.>LV allemand;
<M1 Droit Euro. Aff. Num.>LV basque;
<M1 Droit Euro. Aff. Num.>QJC;
<M1 Droit Euro. Aff. Num.>Webinaire BAIP;
<M1 Droit exécution peines><TD Anglais>Anglais M1 PSI et Exécution des peines;
<M1 Droit exécution peines><TD Droit de la sanction pénale>Groupe 2;
<M1 Droit exécution peines><TD Espagnol>Espagnol M1 Droit Exécution des peines GP 1;
<M1 Droit exécution peines><TD Espagnol>Espagnol M1 Droit Exécution des peines GP 2;
<M1 Droit exécution peines>Autorités admninistratives indépendantes;
<M1 Droit exécution peines>Conférences;
<M1 Droit exécution peines>Consultation de copie;
<M1 Droit exécution peines>Droit comparé;
<M1 Droit exécution peines>Droit pénal et procédure pénale;
<M1 Droit exécution peines>Droit rural;
<M1 Droit exécution peines>Problème contemporain;
<M1 Droit exécution peines>Tiers temps;
<M1 Droit interne (DIEM)><COURS DE LANGUE>Anglais A2-B1;
<M1 Droit interne (DIEM)><COURS DE LANGUE>Anglais B1;
<M1 Droit interne (DIEM)><COURS DE LANGUE>Anglais B1-B2;
<M1 Droit interne (DIEM)><COURS DE LANGUE>Anglais B2;
<M1 Droit interne (DIEM)><COURS DE LANGUE>Anglais B2-C1;
<M1 Droit interne (DIEM)><COURS DE LANGUE>Anglais B2-C1 Bis;
<M1 Droit interne (DIEM)><COURS DE LANGUE>Anglais C1-C2;
<M1 Droit interne (DIEM)><COURS DE LANGUE>Espagnol A1-A2;
<M1 Droit interne (DIEM)><COURS DE LANGUE>Espagnol A2-B1;
<M1 Droit interne (DIEM)><COURS DE LANGUE>Espagnol B1-B2;
<M1 Droit interne (DIEM)><COURS DE LANGUE>Espagnol B2-C1;
<M1 Droit interne (DIEM)>Droit Humanitaire;
<M1 Droit interne (DIEM)>Découverte langue basque;
<M1 Droit interne (DIEM)>Evènement EEI;
<M1 Droit interne (DIEM)>Forum;
<M1 Droit interne (DIEM)>LV allemand;
<M1 Droit interne (DIEM)>LV basque;
<M1 Droit interne (DIEM)>Webinaire BAIP;
<M1 Droit Notarial><TD Anglais>Anglais M1 Droit Mutualisé Gp 3;
<M1 Droit Notarial><TD Anglais>Anglais M1 Droit Mutualisé Gp 4;
<M1 Droit Notarial><TD Droit civil>Groupe 1;
<M1 Droit Notarial><TD Droit civil>Groupe 2;
<M1 Droit Notarial><TD Droit civil>Groupe 3;
<M1 Droit Notarial><TD Droit de sûretés>GR1;
<M1 Droit Notarial><TD Droit de sûretés>GR2;
<M1 Droit Notarial><TD Droit des contrats>Groupe 1;
<M1 Droit Notarial><TD Droit des contrats>Groupe 2;
<M1 Droit Notarial><TD Droit des sociétés>Groupe 1;
<M1 Droit Notarial><TD Droit des sociétés>Groupe 2;
<M1 Droit Notarial><TD Espagnol>Espagnol M1 Droit Notarial GR 1;
<M1 Droit Notarial><TD Espagnol>Espagnol M1 Droit notarial GR 2;
<M1 Droit Notarial>Comptabilité;
<M1 Droit Notarial>Criminologie;
<M1 Droit Notarial>DIP;
<M1 Droit Notarial>Droit bancaire;
<M1 Droit Notarial>Droit de l'environnement;
<M1 Droit Notarial>Droit des assurances;
<M1 Droit Notarial>Droit des contrats;
<M1 Droit Notarial>Droit des procédures collectives;
<M1 Droit Notarial>Rattrapage;
<M1 Droit Notarial>UECF Informatique;
<M1 Droit privé général><TD Anglais>Anglais M1 Droit Mutualisé Gp 4;
<M1 Droit privé général><TD Droit civil>Groupe 1;
<M1 Droit privé général><TD Droit civil>Groupe 2;
<M1 Droit privé général><TD Droit civil>Groupe 3;
<M1 Droit privé général><TD Droit de la sanction pénale>Groupe 1;
<M1 Droit privé général><TD Droit de la sanction pénale>Groupe 2;
<M1 Droit privé général><TD Droit des contrats>Groupe 1;
<M1 Droit privé général><TD Droit des contrats>Groupe 2;
<M1 Droit privé général><TD Droit des sociétés>Groupe 1;
<M1 Droit privé général><TD Droit des sociétés>Groupe 2;
<M1 Droit privé général><TD Droit des sûretés>GR1;
<M1 Droit privé général><TD Droit des sûretés>GR2;
<M1 Droit privé général><TD Droit des sûretés>GR3;
<M1 Droit privé général><TD Droit pénal>Groupe 1;
<M1 Droit privé général><TD Entreprises en difficultés>Groupe 1;
<M1 Droit privé général><TD Espagnol>Espagnol M1 Droit privé général GR 1;
<M1 Droit privé général><TD Espagnol>Espagnol M1 Droit privé général GR 2;
<M1 Droit privé général>Consultation de copies;
<M1 Droit privé général>Consultation de copies DEDH;
<M1 Droit privé général>Criminologie;
<M1 Droit privé général>Culture générale et note de synthèse;
<M1 Droit privé général>DEDH;
<M1 Droit privé général>DIP;
<M1 Droit privé général>Droit bancaire;
<M1 Droit privé général>Droit comparé;
<M1 Droit privé général>Droit de la sanction pénale CM;
<M1 Droit privé général>Droit des contrats;
<M1 Droit privé général>Droit des procédures collectives;
<M1 Droit privé général>Droit des sociétés;
<M1 Droit privé général>Droit des sûretés;
<M1 Droit privé général>Droit pénal et procédure pénale approfondis;
<M1 Droit privé général>Tiers temps;
<M1 Droit privé général>UECF Informatique;
<M1 Droit pénal><COURS DE LANGUE>Anglais A2-B1;
<M1 Droit pénal><COURS DE LANGUE>Anglais B1;
<M1 Droit pénal><COURS DE LANGUE>Anglais B1-B2;
<M1 Droit pénal><COURS DE LANGUE>Anglais B2;
<M1 Droit pénal><COURS DE LANGUE>Anglais B2-C1;
<M1 Droit pénal><COURS DE LANGUE>Anglais B2-C1 Bis;
<M1 Droit pénal><COURS DE LANGUE>Anglais C1-C2;
<M1 Droit pénal><COURS DE LANGUE>Espagnol A1-A2;
<M1 Droit pénal><COURS DE LANGUE>Espagnol A2-B1;
<M1 Droit pénal><COURS DE LANGUE>Espagnol B1-B2;
<M1 Droit pénal><COURS DE LANGUE>Espagnol B2-C1;
<M1 Droit pénal>droit humanitaire;
<M1 Droit pénal>Découverte langue basque;
<M1 Droit pénal>Evènement EEI;
<M1 Droit pénal>Evénement M2 DPEI;
<M1 Droit pénal>Forum;
<M1 Droit pénal>LV allemand;
<M1 Droit pénal>LV basque;
<M1 Droit pénal>Webinaire BAIP;
<M1 Droit transitions EE><TD Anglais>Anglais M1 Droit Mutualisé Gp 3;
<M1 Droit transitions EE><TD droit de l'énergie>Groupe 1;
<M1 Droit transitions EE><TD Droit des sociétés>Groupe 1;
<M1 Droit transitions EE><TD Droit des sociétés>Groupe 2;
<M1 Droit transitions EE><TD Droit des sûretés>GR3;
<M1 Droit transitions EE>Colloque;
<M1 Droit transitions EE>Coloration Droit privé;
<M1 Droit transitions EE>Coloration Droit public;
<M1 Droit transitions EE>Droit de l'Urbanisme;
<M1 Droit transitions EE>Droit des contrats;
<M1 Droit transitions EE>UECF;
<M1 Drt Act Publique loc><TD Anglais>Anglais M1 Droit Mutualisé Gp 1;
<M1 Drt Act Publique loc><TD Espagnol>Espagnol M1 Drt Act Publique loc GR 1;
<M1 Drt Act Publique loc><TD Espagnol>Espagnol M1 Drt Act Publique loc GR 2;
<M1 Dt cont des libertés><TD Anglais>Anglais M1 Droit Mutualisé Gp 1;
<M1 Dt cont des libertés><TD Espagnol>Espagnol M1 Dt & Cont des libertés GR 1;
<M1 Dt cont des libertés><TD Espagnol>Espagnol M1 Dt & Cont des libertés GR 2;
<M1 Dt cont des libertés>coloration DPA;
<M1 Dt cont des libertés>coloration DPL;
<M1 Dt cont des libertés>UECF Informatique;
<M1 EIBS><EIBS GP 1-2+AUTONMIENGLISHCLAS>1-EIBS- GP1- +AUTONMIE -WORLD PERPECTIVES;
<M1 EIBS><EIBS GP 1-2+AUTONMIENGLISHCLAS>2--EIBS- GP2 +AUTONMIE-ISN-INTERNATIONAL STUDENT NETWORK;
<M1 EIBS><EIBS--GP5 FRENCH--G5 +AUTONMIE>EIBS1-GP5 GP+AUTONMIE-GP5;
<M1 Etudes anglophones><TD Espagnol>Espagnol M1 EA;
<M1 Etudes hispaniques><TD Anglais>Anglais M1 LILAC (ALC);
<M1 FLE><TD Anglais>Anglais M1 FLE;
<M1 FLE><TD Espagnol>Espagnol M1 FLE;
<M1 GREEN-ASSET - DROIT>M1 ASSET Droit - Conférences;
<M1 GREEN-ASSET - DROIT>M1 ASSET Droit - Journée cohésion;
<M1 GREEN-ASSET - DROIT>M1 ASSET Droit Conférence laïcité;
<M1 GREEN-ASSET - DROIT>M1 ASSET Droit environnement;
<M1 GREEN-ASSET - DROIT>M1 ASSET Droit Science durabilité;
<M1 GREEN-ASSET - DROIT>M1 ASSET Droit Transitions & Chgts globaux;
<M1 GREEN-ASSET - DROIT>M1 ASSET Droit Éval pol. publiques;
<M1 GREEN-ASSET - GÉO>M1 ASSET Géo Conférence laïcité;
<M1 GREEN-ASSET - GÉO>M1 ASSET Géo Conférences;
<M1 GREEN-ASSET - GÉO>M1 ASSET Géo Problématiques paysage;
<M1 GREEN-ASSET - GÉO>M1 ASSET Géo Relations homme-animal;
<M1 GREEN-ASSET - GÉO>M1 ASSET Géo Science durabilité;
<M1 GREEN-ASSET - GÉO>M1 ASSET Géo SIG et analyse spatiale;
<M1 GREEN-ASSET - GÉO>M1 ASSET Géo SIG_GR1;
<M1 GREEN-ASSET - GÉO>M1 ASSET Géo SIG_GR2;
<M1 GREEN-ASSET - GÉO>M1 ASSET Géo Transitions agro et territ;
<M1 GREEN-ASSET - GÉO>M1 GREEN-ASSET Journée ED;
<M1 GREEN-ASSET - SOCIO>M1 ASSET Journée cohésion;
<M1 GREEN-ASSET - SOCIO>M1 ASSET Socio - Conférences;
<M1 GREEN-ASSET - SOCIO>M1 ASSET Socio - Enjeux contemporains;
<M1 GREEN-ASSET - SOCIO>M1 ASSET Socio - Milieux professionnels;
<M1 GREEN-ASSET - SOCIO>M1 ASSET Socio - Project Management;
<M1 GREEN-ASSET - SOCIO>M1 ASSET Socio - Research Skills;
<M1 GREEN-ASSET - SOCIO>M1 ASSET Socio Conférence laïcité;
<M1 GREEN-ASSET - SOCIO>M1 ASSET Socio Culture thématique;
<M1 GREEN-ASSET - SOCIO>M1 ASSET Socio Gpe Recherche;
<M1 GREEN-ASSET - SOCIO>M1 ASSET Socio Science durabilité;
<M1 GREEN-ASSET - ÉCO>CMI - Journées Réseau Figure;
<M1 GREEN-ASSET - ÉCO>M1 ASSET Éco - Anglais;
<M1 GREEN-ASSET - ÉCO>M1 ASSET Éco - Conférences;
<M1 GREEN-ASSET - ÉCO>M1 ASSET Éco - Energy Law;
<M1 GREEN-ASSET - ÉCO>M1 ASSET Éco - Global Climate Change;
<M1 GREEN-ASSET - ÉCO>M1 ASSET Éco - Territorial issues;
<M1 GREEN-ASSET - ÉCO>M1 ASSET Éco - UECF/CMI;
<M1 GREEN-ASSET - ÉCO>M1 ASSET Éco Analyse conjoncture;
<M1 GREEN-ASSET - ÉCO>M1 ASSET Éco Analyse données;
<M1 GREEN-ASSET - ÉCO>M1 ASSET Éco Conférence laïcité;
<M1 GREEN-ASSET - ÉCO>M1 ASSET Éco Project Management;
<M1 GREEN-ASSET - ÉCO>M1 ASSET Éco Research Skills;
<M1 GREEN-ASSET - ÉCO>M1 ASSET Éco Science durabilité;
<M1 GREEN-ASSET - ÉCO>M1 ASSET Éco Stats appliquées;
<M1 GREEN-ASSET - ÉCO>M1 ASSET Éco Éval polit publiques;
<M1 Génie Indus - Eco Ingé><M1 MAGI>M1 MAGI;
<M1 Génie Indus - Eco Ingé>M1 MAGI Alternance;
<M1 Génie Indus - Eco Ingé>M1 MAGI Conférence laïcité;
<M1 Génie Indus - Eco Ingé>M1 MAGI Formation initiale;
<M1 Génie Indus - Eco Ingé>Rattrapage;
<M1 Géo. - SIG - Alt>M1 GEO SG  Alt Corrosion;
<M1 Géo. - SIG - Alt>M1 GEO SG  Alt Ecoulement Poreux et simulation;
<M1 Géo. - SIG - Alt>M1 GEO SG  Alt Interfaces;
<M1 Géo. - SIG - Alt>M1 GEO SG Alt Ecoulement Puits et simulation;
<M1 Géo. - SIG - Alt>M1 GEO SG Alt Géochimie 2;
<M1 Géo. - SIG - Alt>M1 GEO SG Alt Géomécanique 2;
<M1 Géo. - SIG - Alt>M1 GEO SG Alt Ingénierie réservoirs 2;
<M1 Géo. - SIG - Alt>M1 GEO SG Alt Projets experimentaux;
<M1 Géo. - SIG - Alt>M1 GEO SG Alt Tests de puits;
<M1 Géoénergies - G3 - ALT><Groupes Anglais>M1 Géo G3 Alt anglais GR 2;
<M1 Géoénergies - G3 - ALT>M1 GEO G3 Alt Géodynamique réservoirs;
<M1 Géoénergies - G3 - ALT>M1 GEO G3 Alt Observ caractér réser géo;
<M1 Géoénergies - G3 - ALT>M1 GEO G3 Alt Outils num géosciences;
<M1 Géoénergies - G3 - ALT>M1 GEO G3 Alt Physique Roches Réservoir;
<M1 Géoénergies - G3 - ALT>M1 GEO G3 Alt Traitement signal géoscie;
<M1 Géoénergies - G3><Groupes Anglais>M1 Géo G3 anglais GR 1;
<M1 Géoénergies - G3><Groupes Anglais>M1 Géo G3 anglais GR 2;
<M1 Géoénergies - G3><Groupes Anglais>M1 Géo G3 anglais GR 3;
<M1 Géoénergies - G3><Groupes Anglais>M1 Géo G3 anglais GR 4;
<M1 Géoénergies - G3><Parcours CMI>CMI-GEM G3 4ème Année;
<M1 Géoénergies - G3>M1 GEO G3 Conférence;
<M1 Géoénergies - G3>M1 GEO G3 en entreprise;
<M1 Géoénergies - G3>M1 GEO G3 Gestion de projet;
<M1 Géoénergies - G3>M1 GEO G3 Géodynamique réservoirs;
<M1 Géoénergies - G3>M1 GEO G3 Observ caractér réser géo;
<M1 Géoénergies - G3>M1 GEO G3 Outils num géosciences;
<M1 Géoénergies - G3>M1 GEO G3 Physique Roches Réservoir;
<M1 Géoénergies - G3>M1 GEO G3 Prés SPE Student Chapter;
<M1 Géoénergies - G3>M1 GEO G3 TER Projet Alternance G3;
<M1 Géoénergies - G3>M1 GEO G3 Traitement signal géoscie;
<M1 Géoénergies - SAGE><Liste nominative>GARCIA CASTRO Samuel;
<M1 Géoénergies - SAGE><Liste nominative>SANCHEZ Mariana;
<M1 Géoénergies - SAGE><M1 Green SAGE Anglais>M1 Green SAGE Anglais GR1;
<M1 Géoénergies - SAGE><M1 Green SAGE Anglais>M1 Green SAGE Anglais GR2;
<M1 Géoénergies - SAGE><M1 Green SAGE Anglais>M1 Green SAGE Anglais GR3;
<M1 Géoénergies - SAGE><M1 Green SAGE Anglais>M1 Green SAGE Anglais GR4;
<M1 Géoénergies - SAGE>M1 SAGE  Conférences;
<M1 Géoénergies - SAGE>M1 SAGE Computing tools;
<M1 Géoénergies - SAGE>M1 SAGE Conférence laïcité;
<M1 Géoénergies - SAGE>M1 SAGE Flow simulations for pipes (Ecoulement ds les puits);
<M1 Géoénergies - SAGE>M1 SAGE Fonda. de la géomécanique;
<M1 Géoénergies - SAGE>M1 SAGE Geodynamics and Reservoirs;
<M1 Géoénergies - SAGE>M1 SAGE Geological folds and faults (Plis et failles);
<M1 Géoénergies - SAGE>M1 SAGE Geomechanics 2;
<M1 Géoénergies - SAGE>M1 SAGE Géochimie 2;
<M1 Géoénergies - SAGE>M1 SAGE Heat and mass transfers;
<M1 Géoénergies - SAGE>M1 SAGE Ingénierie réservoirs;
<M1 Géoénergies - SAGE>M1 SAGE Microstructures and Rock Damage;
<M1 Géoénergies - SAGE>M1 SAGE Monitoring ang chara of géol reservoirs;
<M1 Géoénergies - SAGE>M1 SAGE Numericals methods;
<M1 Géoénergies - SAGE>M1 SAGE Porous flow models (Ecoulement poreux);
<M1 Géoénergies - SAGE>M1 SAGE production and storage systems;
<M1 Géoénergies - SAGE>M1 SAGE Programiming with Python;
<M1 Géoénergies - SAGE>M1 SAGE Project Management;
<M1 Géoénergies - SAGE>M1 SAGE Projet expérimental;
<M1 Géoénergies - SAGE>M1 SAGE Scientific computing (Calcul scientifique);
<M1 Géoénergies - SAGE>M1 SAGE Signal processing in geosciences;
<M1 Géoénergies - SAGE>M1 SAGE Sortie terrain;
<M1 Géoénergies - SIG><Groupes Anglais>M1 Géo SG anglais GR 1;
<M1 Géoénergies - SIG><Groupes Anglais>M1 Géo SG anglais GR 2;
<M1 Géoénergies - SIG><Groupes Anglais>M1 Géo SG anglais GR 3;
<M1 Géoénergies - SIG><Groupes Anglais>M1 Géo SG anglais GR 4;
<M1 Géoénergies - SIG><Parcours CMI>CMI-GEM SG PROD 4ème Année;
<M1 Géoénergies - SIG><Parcours CMI>CMI-GEM SG RES  4ème Année;
<M1 Géoénergies - SIG>M1 GEO SG Calcul scientifique;
<M1 Géoénergies - SIG>M1 GEO SG Capillarité;
<M1 Géoénergies - SIG>M1 GEO SG Conférence;
<M1 Géoénergies - SIG>M1 GEO SG Corrosion;
<M1 Géoénergies - SIG>M1 GEO SG Ecoulement Poreux et simulation;
<M1 Géoénergies - SIG>M1 GEO SG Ecoulement Puits et simulation;
<M1 Géoénergies - SIG>M1 GEO SG Entreprise;
<M1 Géoénergies - SIG>M1 GEO SG Forage / Fluides de forage;
<M1 Géoénergies - SIG>M1 GEO SG Gestion de projet;
<M1 Géoénergies - SIG>M1 GEO SG Géochimie 2;
<M1 Géoénergies - SIG>M1 GEO SG Géomécanique 2;
<M1 Géoénergies - SIG>M1 GEO SG Ingénierie réservoirs 2;
<M1 Géoénergies - SIG>M1 GEO SG Interfaces;
<M1 Géoénergies - SIG>M1 GEO SG Mécanique des fluides;
<M1 Géoénergies - SIG>M1 GEO SG Méthodes numériques;
<M1 Géoénergies - SIG>M1 GEO SG Outils informatique;
<M1 Géoénergies - SIG>M1 GEO SG Projets experimentaux;
<M1 Géoénergies - SIG>M1 GEO SG Prés SPE Student Chapter;
<M1 Géoénergies - SIG>M1 GEO SG Tests de puits;
<M1 Géoénergies - SIG>M1 GEO SG Thermodynamique 1;
<M1 Géoénergies - SIG>M1 GEO SG Transferts de masse et thermique;
<M1 HCP - Arts archéo><TD Anglais>Anglais M1 Hist., Civi, patri. (HCP) Gp 1;
<M1 HCP - Arts archéo><TD Anglais>Anglais M1 Hist., Civi, patri. (HCP) Gp 2;
<M1 HCP - Arts archéo><TD Espagnol>Espagnol M1 HCP- Arts archéo;
<M1 HCP - Arts archéo>GR Actu Recherce M1 AAP;
<M1 HCP - Arts archéo>GR EAM M1 AAP;
<M1 HCP - Arts archéo>GR Ecrits archives AAP;
<M1 HCP - Arts archéo>GR Ecrits propos AAP;
<M1 HCP - Arts archéo>GR MTC M1 AAP;
<M1 HCP - Arts archéo>GR Outils analyse archi AAP;
<M1 HCP - Arts archéo>GR SIG AAP;
<M1 HCP - Arts archéo>GR Sources orales AAP;
<M1 HCP - Arts archéo>GR ST EC1 M1 AAP;
<M1 HCP - Arts archéo>GR ST EC2 M1 AAP;
<M1 HCP - Arts archéo>GR ST EC3 M1 AAP;
<M1 HCP - Arts archéo>Spé Archéo;
<M1 HCP - Arts archéo>Spé Arts;
<M1 HCP- Histoire Anthropo><TD Anglais>Anglais M1 Hist., Civi, patri. (HCP) Gp 1;
<M1 HCP- Histoire Anthropo><TD Anglais>Anglais M1 Hist., Civi, patri. (HCP) Gp 2;
<M1 HCP- Histoire Anthropo><TD Espagnol>Espagnol M1 HCP - Histoire et Anthropo;
<M1 HCP- Histoire Anthropo>GR Actu Recherche HA;
<M1 HCP- Histoire Anthropo>GR EAM M1 HA;
<M1 HCP- Histoire Anthropo>GR Ecrits archives HA;
<M1 HCP- Histoire Anthropo>GR Ecrits propos HA;
<M1 HCP- Histoire Anthropo>GR MTC M1 HA;
<M1 HCP- Histoire Anthropo>GR Outils analyse archi HA;
<M1 HCP- Histoire Anthropo>GR SIG HA;
<M1 HCP- Histoire Anthropo>GR Sources orale HA;
<M1 HCP- Histoire Anthropo>GR ST EC1 M1 HA;
<M1 HCP- Histoire Anthropo>GR ST EC2 M1 HA;
<M1 HCP- Histoire Anthropo>GR ST EC3 M1 HA;
<M1 HCP- Histoire Anthropo>Spé Histoire;
<M1 Informatique - TI><Groupes Anglais>M1 TI anglais GR 1;
<M1 Informatique - TI><Groupes Anglais>M1 TI anglais GR 2;
<M1 Informatique - TI><Groupes Anglais>M1 TI anglais GR 3;
<M1 Informatique - TI>M1 TI Prog orientée agents;
<M1 IT><Anglais S1 IT  PREPA TOEIC>IT1 S1 PREPA TOEIC-MIGUELGORRY;
<M1 IT><Anglais S1 IT>Anglais S1 IT1/ GPE1 CNILES;
<M1 IT><Anglais S1 IT>Anglais S1 IT1/ GPE2 CNILES;
<M1 IT><Anglais S1 IT>Anglais S1 IT1/ GPE3 MMIGUELGORRY;
<M1 IT><Anglais S2 IT  PREPA TOEIC>IT1 S2 PREPA TOEIC-MIGUELGORRY;
<M1 IT><Anglais S2 IT>Anglais S2 IT1/ GPE1 CNILES;
<M1 IT><Anglais S2 IT>Anglais S2 IT1/ GPE2MMIGUELGORRY;
<M1 IT><Espagnol S1-IT1>IT1-S1-Grpe 1 Espagnol S1/ Dupont;
<M1 IT><Espagnol S1-IT1>IT1-S1-Grpe 2 Espagnol  S1/Uriarte;
<M1 IT><INSCRIPT TOEIC TEST IT -11/12>INSCRIPT TOEIC TEST IT DU 11/12;
<M1 IT><IT1- GP+ AUTON1 à 2- ENGLCLASS>IT1- GP2-AUTON-ISN-INTERNATIONAL STUDENT NETWORK;
<M1 IT><IT1-GP3-4-5-6-7+GP+ AUTO-FRCH>IT1- GP+AUTO 3- LATINO VIBES / J-MI;
<M1 IT><IT1-GP3-4-5-6-7+GP+ AUTO-FRCH>IT1- GP+AUTO 4- BDS - BUREAU DES SPORTS/OM;
<M1 IT><IT1-GP3-4-5-6-7+GP+ AUTO-FRCH>IT1- GP+AUTO 5- PARTAGE SOLIDARITE IAE/ SC;
<M1 IT><IT1-GP3-4-5-6-7+GP+ AUTO-FRCH>IT1- GP+AUTO 6- FONDS DOTATION HOPITAL/ SC;
<M1 IT><IT1-GP3-4-5-6-7+GP+ AUTO-FRCH>IT1- GP+AUTO 7- MPP- MA P'TITE PLANETE/ SM;
<M1 IT><IT1-GP3-4-5-6-7+GP+ AUTO-FRCH>NE PAS UTILISER;
<M1 juriste d'affaires F/E><TD Anglais>Anglais M1 Droit Mutualisé Gp 2;
<M1 juriste d'affaires F/E><TD Droit civil>Groupe 1;
<M1 juriste d'affaires F/E><TD Droit civil>Groupe 2;
<M1 juriste d'affaires F/E><TD Droit civil>Groupe 3;
<M1 juriste d'affaires F/E><TD Droit des contrats>Groupe 1;
<M1 juriste d'affaires F/E><TD Droit des contrats>Groupe 2;
<M1 juriste d'affaires F/E><TD Droit des sociétés>Groupe 1;
<M1 juriste d'affaires F/E><TD Droit des sociétés>Groupe 2;
<M1 juriste d'affaires F/E><TD Droit des suretés>Groupe 1;
<M1 juriste d'affaires F/E><TD Droit des suretés>Groupe 2;
<M1 juriste d'affaires F/E><TD Droit des suretés>Groupe 3;
<M1 juriste d'affaires F/E><TD Entreprises en difficultés>Groupe 1;
<M1 juriste d'affaires F/E><TD Espagnol>Espagnol M1 Juriste d'affaires F/E GR 1;
<M1 juriste d'affaires F/E><TD Espagnol>Espagnol M1 Juriste d'affaires F/E GR 2;
<M1 juriste d'affaires F/E>Comptabilité;
<M1 juriste d'affaires F/E>DIP 2;
<M1 juriste d'affaires F/E>Divers;
<M1 juriste d'affaires F/E>Droit comparé;
<M1 juriste d'affaires F/E>Droit des contrats;
<M1 juriste d'affaires F/E>Droit des procédures collectives;
<M1 juriste d'affaires F/E>Droit fiscal approfondi;
<M1 juriste d'affaires F/E>Droit pénal des affaires;
<M1 juriste d'affaires F/E>Procédure civile d'exécution;
<M1 juriste d'affaires F/E>UECF Informatique;
<M1 Juriste d'affaires><TD Anglais>Anglais M1 Droit Mutualisé Gp 2;
<M1 Juriste d'affaires><TD Droit civil>Groupe 1;
<M1 Juriste d'affaires><TD Droit civil>Groupe 2;
<M1 Juriste d'affaires><TD Droit civil>Groupe 3;
<M1 Juriste d'affaires><TD Droit de suretés>Groupe 1;
<M1 Juriste d'affaires><TD Droit de suretés>Groupe 2;
<M1 Juriste d'affaires><TD Droit de suretés>Groupe 3;
<M1 Juriste d'affaires><TD Droit des contrats>Groupe 1;
<M1 Juriste d'affaires><TD Droit des contrats>Groupe 2;
<M1 Juriste d'affaires><TD Droit des sociétés>Groupe 1;
<M1 Juriste d'affaires><TD Droit des sociétés>Groupe 2;
<M1 Juriste d'affaires><TD Entreprises en difficultés>Groupe 1;
<M1 Juriste d'affaires><TD ESPAGNOL>Espagnol M1 Juriste d'affaires GP 1;
<M1 Juriste d'affaires><TD ESPAGNOL>Espagnol M1 Juriste d'affaires GP 2;
<M1 Juriste d'affaires>Comptabilité;
<M1 Juriste d'affaires>DIP 2;
<M1 Juriste d'affaires>Divers;
<M1 Juriste d'affaires>Droit comparé;
<M1 Juriste d'affaires>Droit des contrats;
<M1 Juriste d'affaires>Droit des procédures collectives;
<M1 Juriste d'affaires>Droit fiscal approfondi;
<M1 Juriste d'affaires>Droit pénal des affaires;
<M1 Juriste d'affaires>Procédure civile d'exécution;
<M1 Juriste d'affaires>UECF Informatique;
<M1 Lettres et arts><Journée D'étude>Journée d'Etude;
<M1 Lettres et arts><TD Anglais>Anglais M1 LILAC (ALC);
<M1 Lettres et arts><TD Espagnol>Espagnol M1 LILAC (ALC);
<M1 Management santé><M1 MOS-GP-FRCHCLAS-4-5-6-7>GP4- M1 MOS-GP-4-5-6-7-FRENCH-CLASS-BDS/ OM;
<M1 Management santé><M1 MOS-GP-FRCHCLAS-4-5-6-7>GP5- M1 MOS-GP-4-5-6-7-FRENCH-CLASS-SOLID PARTAGE IAE/ SC;
<M1 Management santé><M1 MOS-GP-FRCHCLAS-4-5-6-7>GP6- M1 MOS-GP-4-5-6-7-FRENCH-CLASS-HOPITAL/ SC;
<M1 Management santé><M1 MOS-GP-FRCHCLAS-4-5-6-7>GP7- M1 MOS-GP-4-5-6-7-FRENCH-CLASS-MPP/ SM;
<M1 Management santé><NE PLU UTIL-M1 MOS-GP4-4-5-6-7>NE-PLUS-UTILISER-M1 MOS- GP4-GP+AUTONOMIE GP4-5-6-7;
<M1 Management SI><Groupes>Groupe Angalis Intermédiaire;
<M1 Management SI><Groupes>Groupe Anglais Avancé;
<M1 Math et Appli - MMS><Groupe TP>Groupe 1;
<M1 Math et Appli - MMS><Groupe TP>Groupe 2;
<M1 Math et Appli - MMS><Groupes Anglais>M1 MMS anglais GR 1;
<M1 Math et Appli - MMS><Groupes Anglais>M1 MMS anglais GR 2;
<M1 Math et Appli - MMS><Groupes Anglais>M1 MMS anglais GR 3;
<M1 Math et Appli - MMS><Parcours CMI>CMI- MI-Maths 4ème Année MMS;
<M1 Math et Appli - MMS>M1 MMS Conférence;
<M1 Math et Appli - MMS>M1 MMS Proba avancées;
<M1 Math et Appli - MMS>M1 MMS Visite Total Energie;
<M1 Math et appli - MSID><  Parcours CMI>CMI- MI-Maths 4ème Année MSID;
<M1 Math et appli - MSID><Groupes Anglais>M1 MSID anglais GR 1;
<M1 Math et appli - MSID><Groupes Anglais>M1 MSID anglais GR 2;
<M1 Math et appli - MSID><Groupes Anglais>M1 MSID anglais GR 3;
<M1 Math et Appli-Big Data><Groupes Anglais>M1 BiG Data anglais GR 1;
<M1 Math et Appli-Big Data><Groupes Anglais>M1 BiG Data anglais GR 2;
<M1 Math et Appli-Big Data><Groupes Anglais>M1 BiG Data anglais GR 3;
<M1 Maths et Appli - M2A2E><Groupe Anglais>M1 MA2A2E anglais GR 1;
<M1 Maths et Appli - M2A2E><Groupe Anglais>M1 MA2A2E anglais GR 2;
<M1 Maths et Appli - M2A2E><Groupe Anglais>M1 MA2A2E anglais GR 3;
<M1 Maths et Appli - M2A2E><Liste nominative>DUHAA Mattis;
<M1 Maths et Appli - M2A2E><Liste nominative>GARCIA Chloe;
<M1 Maths et Appli - M2A2E><Liste nominative>MACHATI HAMADANI Mohamad Rida;
<M1 Maths et Appli - M2A2E><Parcours CMI>CMI- MI-Maths 4ème Année M2A2E;
<M1 Maths et Appli - M2A2E>M1 M2A2E Analyse EDP 2;
<M1 Maths et Appli - M2A2E>M1 M2A2E Analyse EDP S1;
<M1 Maths et Appli - M2A2E>M1 M2A2E Analyse numérique;
<M1 Maths et Appli - M2A2E>M1 M2A2E Analyse numérique 2 S2;
<M1 Maths et Appli - M2A2E>M1 M2A2E Calcul scientif;
<M1 Maths et Appli - M2A2E>M1 M2A2E Calcul scientifique 2;
<M1 Maths et Appli - M2A2E>M1 M2A2E Carbon Footprint;
<M1 Maths et Appli - M2A2E>M1 M2A2E Chaînes et processus de Markov;
<M1 Maths et Appli - M2A2E>M1 M2A2E Conférence laïcité;
<M1 Maths et Appli - M2A2E>M1 M2A2E Conférences;
<M1 Maths et Appli - M2A2E>M1 M2A2E Journée cohésion;
<M1 Maths et Appli - M2A2E>M1 M2A2E Méthodes de Monte-Carlo S8;
<M1 Maths et Appli - M2A2E>M1 M2A2E Project Management;
<M1 Maths et Appli - M2A2E>M1 M2A2E Python;
<M1 Maths et Appli - M2A2E>M1 M2A2E Stat inférentielle;
<M1 MEEF - Mathématiques>M1 MEEF Math Ens Anglais;
<M1 MEEF - Mathématiques>M1 MEEF Math Ens Espagnol;
<M1 MEEF - Physique Chimie>M1 MEEF PC  Ens Anglais;
<M1 MEEF EPS><GROUPES TD>MEEF 1 G1;
<M1 MEEF EPS><GROUPES TD>MEEF 1 G2;
<M1 MEEF Histoire Géo><Langue vivante>Anglais HG1;
<M1 MEEF Histoire Géo><Langue vivante>Espagnol HG1;
<M1 MEEF Lettres><langue vivante>Anglais LE1;
<M1 MEEF Lettres><langue vivante>Espagnol LE1;
<M1 MEEF Lettres><option LM LC>lettres classiques M1;
<M1 MEEF Lettres><option LM LC>lettres modernes M1;
<M1 MEEF Lettres>Option latin pour LM;
<M1 MEEF LV Anglais><Seminaire>Séminaire mutualisé MEEF AN;
<M1 MEEF LV Anglais><Seminaire>Séminaire spécifique MEEF AN;
<M1 MIAL><Anglais S1  MIAL1 PREPA TOEIC>PREPA TOEIC S1 MIAL;
<M1 MIAL><Anglais S1-MIAL1>Anglais S1 MIAL1/ GPE1 CNILES;
<M1 MIAL><Anglais S1-MIAL1>Anglais S1 MIAL1/ GPE2 CNILES;
<M1 MIAL><Anglais S1-MIAL1>Anglais S1 MIAL1/ GPE3 MIGUELGORRY;
<M1 MIAL><Anglais S2  MIAL1 PREPA TOEIC>Anglais S2 MIAL1 PREPA TOEIC;
<M1 MIAL><Anglais S2-MIAL1>Anglais S2 MIAL1/ GPE2 MMIGUELGORRY;
<M1 MIAL><INSCRIPT TOEIC TEST MIAL 11/12>INSCRIPT TOEIC TEST MIAL 11/12;
<M1 MIAL><INSCRIPT TOEIC TEST MIAL 12/12>INSCRIPT TOEIC TEST MIAL 12/12;
<M1 MIAL><MIAL-GP-2-ENGL-CLAS-GP+AUTONOM>MIAL-GP2-ENGL-CLAS-GP2-GP+AUTONOMIE-ISN;
<M1 MIAL><MIAL-GP-3-4-6-7-FR-CLAS+AUTONO>MIAL1- GP6- GP+AUTO-HOPITAL-3-4-6-7;
<M1 MIAL><MIAL-GP-3-4-6-7-FR-CLAS+AUTONO>MIAL1-GP3- GP+AUTO-LATINOVIBES3-4-6-7;
<M1 MIAL><MIAL-GP-3-4-6-7-FR-CLAS+AUTONO>MIAL1-GP4- GP+AUTO- BDS -3-4-6-7-;
<M1 MIAL><MIAL-GP-3-4-6-7-FR-CLAS+AUTONO>MIAL1-GP7- GP+AUTO MPP- 3-4-6-7;
<M1 MIAL><RATTRAP CC MARK STRAT MIAL1 S2>RATTRAPAGE MARKETING STRATEGIQUE S2 MIAL 1(AD);
<M1 MOT><Groupe  Anglais>Groupe Anglais Avancé;
<M1 MOT><Groupe  Anglais>Groupe Anglais Intermédiaire;
<M1 Patrim & musées Alt><TD Espagnol>Espagnol M1 Patrimoine et Musée (PM);
<M1 Patrim & musées><TD Espagnol>Espagnol M1 Patrimoine et Musée (PM);
<M1 Police et Sécu inté><TD Anglais>Anglais M1 PSI et Exécution des peines;
<M1 Police et Sécu inté><TD Droit de la sanction pénale>Groupe 2;
<M1 Police et Sécu inté><TD Droit pénal des affaires>Groupe 1;
<M1 Police et Sécu inté><TD Espagnol>Espagnol M1 PSI;
<M1 Police et Sécu inté>Conférences;
<M1 Police et Sécu inté>Consultation de copies;
<M1 Police et Sécu inté>Culture générale et note de synthèse;
<M1 Police et Sécu inté>DEDH;
<M1 Police et Sécu inté>Droit comparé;
<M1 Police et Sécu inté>Droit des sûretés;
<M1 Police et Sécu inté>Histoire des droits de l'Homme;
<M1 Procédures contentieux><TD Anglais>Anglais M1 Droit Mutualisé Gp 3;
<M1 Procédures contentieux><TD Anglais>Anglais M1 Droit Mutualisé Gp 4;
<M1 Procédures contentieux><TD Droit civil>Groupe 1;
<M1 Procédures contentieux><TD Droit civil>Groupe 2;
<M1 Procédures contentieux><TD Droit civil>Groupe 3;
<M1 Procédures contentieux><TD Droit de la sanction pénale>Groupe 2;
<M1 Procédures contentieux><TD Droit des contrats>Groupe 1;
<M1 Procédures contentieux><TD Droit des contrats>Groupe 2;
<M1 Procédures contentieux><TD Droit des sociétés>Groupe 1;
<M1 Procédures contentieux><TD Droit des sociétés>Groupe 2;
<M1 Procédures contentieux><TD Droit des sûretés>GR1;
<M1 Procédures contentieux><TD Droit des sûretés>GR2;
<M1 Procédures contentieux><TD Droit pénal>Groupe 1;
<M1 Procédures contentieux><TD Entreprises en difficulutés>Groupe 1;
<M1 Procédures contentieux><TD Espagnol>Espagnol M1 Procédures contentieux GP 1;
<M1 Procédures contentieux><TD Espagnol>Espagnol M1 Procédures contentieux GP 2;
<M1 Procédures contentieux>Comptabilité;
<M1 Procédures contentieux>Consultation de copies;
<M1 Procédures contentieux>Consultation de copies DEDH;
<M1 Procédures contentieux>Criminologie;
<M1 Procédures contentieux>Culture générale et note de synthèse;
<M1 Procédures contentieux>DEDH;
<M1 Procédures contentieux>DIP 2;
<M1 Procédures contentieux>Droit bancaire;
<M1 Procédures contentieux>Droit comparé;
<M1 Procédures contentieux>Droit de l'urbanisme;
<M1 Procédures contentieux>Droit de la sanction pénale;
<M1 Procédures contentieux>Droit des contrats;
<M1 Procédures contentieux>Droit des procédures collectives;
<M1 Procédures contentieux>Droit des sociétés;
<M1 Procédures contentieux>Droit des sûretés;
<M1 Procédures contentieux>Droit pénal et procédure pénale approfondis;
<M1 Procédures contentieux>UECF Informatique;
<M1 Sciences de l'eau><M1 SDE Anglais>TD Anglais 01;
<M1 Sciences de l'eau><M1 SDE Anglais>TD Anglais 02;
<M1 Sciences de l'eau>DynEA;
<M1 Sciences de l'eau>M1 SDE Conférence laïcité;
<M1 Sciences de l'eau>QuaMA;
<M1 SGM - BIM><Groupes Anglais>M1 BIM anglais GR 1;
<M1 SGM - BIM><Groupes Anglais>M1 BIM anglais GR 2;
<M1 SGM - BIM><Groupes Anglais>M1 BIM anglais GR 3;
<M1 SGM - BIM><Groupes Anglais>M1 BIM anglais GR 4;
<M1 SGM - BIM>M1 BIM 3D printing;
<M1 SGM - BIM>M1 BIM Biochemistry;
<M1 SGM - BIM>M1 BIM Different kinds of materials and their properties;
<M1 SGM - BIM>M1 BIM Env fr design of mat;
<M1 SGM - BIM>M1 BIM Forum Transition;
<M1 SGM - BIM>M1 BIM Green chemistry;
<M1 SGM - BIM>M1 BIM introduction composit s7;
<M1 SGM - BIM>M1 BIM Mechan. prop.composites 1;
<M1 SGM - BIM>M1 BIM Microscopie;
<M1 SGM - BIM>M1 BIM Projet BIM;
<M1 SGM - BIM>M1 BIM Scientific communication;
<M1 SGM - CPCM - Alt><Groupes Anglais>M1 CPCM Alt anglais GR 1;
<M1 SGM - CPCM - Alt><Groupes Anglais>M1 CPCM Alt anglais GR 2;
<M1 SGM - CPCM - Alt><Groupes Anglais>M1 CPCM Alt anglais GR 3;
<M1 SGM - CPCM - Alt><Groupes Anglais>M1 CPCM Alt anglais GR 4;
<M1 SGM - CPCM - Alt>M1 CPCM Alt Forum Transition;
<M1 SGM - CPCM - Alt>M1 CPCM Alt Heteroelements, metal-org;
<M1 SGM - CPCM - Alt>M1 CPCM Alt Introduction composit s7;
<M1 SGM - CPCM - Alt>M1 CPCM Alt management de projets s7;
<M1 SGM - CPCM - Alt>M1 CPCM Alt Matériaux HQE;
<M1 SGM - CPCM - Alt>M1 CPCM Alt Mechan. prop.composites 1;
<M1 SGM - CPCM - Alt>M1 CPCM Alt Sep Tech mechanisms;
<M1 SGM - CPCM><Groupes Anglais>M1 CPCM anglais GR 1;
<M1 SGM - CPCM><Groupes Anglais>M1 CPCM anglais GR 2;
<M1 SGM - CPCM><Groupes Anglais>M1 CPCM anglais GR 3;
<M1 SGM - CPCM><Groupes Anglais>M1 CPCM anglais GR 4;
<M1 SGM - CPCM><Parcours CMI>CMI- SGM 4ème Année CPCM;
<M1 SGM - CPCM>M1 CPCM Forum Transition;
<M1 SGM - CPCM>M1 CPCM Heteroelements, metal-org;
<M1 SGM - CPCM>M1 CPCM introduction composit s7;
<M1 SGM - CPCM>M1 CPCM management de projets s7;
<M1 SGM - CPCM>M1 CPCM Matériaux HQE;
<M1 SGM - CPCM>M1 CPCM Mechan. prop.composites 1;
<M1 SGM - CPCM>M1 CPCM Sep Tech mechanisms;
<M1 SGM - IMECA - Alt><Groupes Anglais>M1 IMECA Alt anglais GR 1;
<M1 SGM - IMECA - Alt><Groupes Anglais>M1 IMECA Alt anglais GR 2;
<M1 SGM - IMECA - Alt><Groupes Anglais>M1 IMECA Alt anglais GR 3;
<M1 SGM - IMECA - Alt><Groupes Anglais>M1 IMECA Alt anglais GR 4;
<M1 SGM - IMECA - Alt>M1 IMECA  Alt  Diff TYp Matériaux;
<M1 SGM - IMECA - Alt>M1 IMECA  Alt  Green Chemistry;
<M1 SGM - IMECA - Alt>M1 IMECA  Alt Env fr design of mat;
<M1 SGM - IMECA - Alt>M1 IMECA  Alt Forum Transition;
<M1 SGM - IMECA - Alt>M1 IMECA  Alt Viscoélastici linéaire s8;
<M1 SGM - IMECA - Alt>M1 IMECA Alt Essais et qualif s8;
<M1 SGM - IMECA - Alt>M1 IMECA Alt Li-ion battery project;
<M1 SGM - IMECA - Alt>M1 IMECA Alt Microscopie;
<M1 SGM - IMECA - Alt>M1 IMECA Alt Structural analysis s7;
<M1 SGM - IMECA>< Parcours CMI>CMI- SGM 4ème Année IMECA;
<M1 SGM - IMECA><Groupes Anglais>M1 IMECA anglais GR 1;
<M1 SGM - IMECA><Groupes Anglais>M1 IMECA anglais GR 2;
<M1 SGM - IMECA><Groupes Anglais>M1 IMECA anglais GR 3;
<M1 SGM - IMECA><Groupes Anglais>M1IMECA anglais GR 4;
<M1 SGM - IMECA>M1 IMECA  Green Chemistry;
<M1 SGM - IMECA>M1 IMECA Diff TYp Matériaux;
<M1 SGM - IMECA>M1 IMECA Env fr design of mat;
<M1 SGM - IMECA>M1 IMECA Essais et qualif s8;
<M1 SGM - IMECA>M1 IMECA Forum Transition;
<M1 SGM - IMECA>M1 IMECA Li-ion battery project;
<M1 SGM - IMECA>M1 IMECA Microscopie;
<M1 SGM - IMECA>M1 IMECA Viscoélastici linéaire s8;
<M1 SGM - MINEST - GREEN><Groupes Anglais>M1 Green MINE anglais GR 1;
<M1 SGM - MINEST - GREEN><Groupes Anglais>M1 Green MINE anglais GR 2;
<M1 SGM - MINEST - GREEN><Groupes Anglais>M1 Green MINE anglais GR 3;
<M1 SGM - MINEST - GREEN><Groupes Anglais>M1 Green MINE anglais GR 4;
<M1 SGM - MINEST - GREEN>M1 GREEN MIinest Biochemistry;
<M1 SGM - MINEST - GREEN>M1 GREEN Minest Conférences;
<M1 SGM - MINEST - GREEN>M1 GREEN Minest Projet Bim;
<M1 SGM - MINEST - GREEN>M1 GREEN Minest Scientific communication;
<M1 SIGLIS><M1 SIGLIS>M1 SIGLIS;
<M1 SIGLIS>M1 SIGLIS ALTERNANTS;
<M1 SIGLIS>M1 SIGLIS FORMATION INITIALE;
<M1 SIGLIS>M1 SIGLIS UECF Entrepreunariat;
<M1 SIGLIS>Rattrapage;
<M1 socio jeun mobil env><TD Anglais S7>Anglais M1 Sociologie (JEME);
<M1 socio jeun mobil env>GR1 M1 SOCIO SR;
<M1 socio jeun mobil env>GR2 M1 SOCIO SD;
<M1 socio jeun mobil env>GR3 M1 SOCIO JM;
<M1 socio jeun mobil env>GR4 M1 SOCIO EB;
<M1 Tourisme><TD Anglais>Anglais M1 Tourisme (LTDT);
<M1 Tourisme><TD Espagnol>Espagnol M1 Tourisme (LTDT) GR 1;
<M1 Tourisme><TD Espagnol>Espagnol M1 Tourisme (LTDT) GR 2;
<M1 Transitions env.><TD Anglais>Anglais M1 TEST;
<M1 Transitions env.><TD Espagnol>Espagnol M1 TEST GR 1;
<M1 Transitions env.><TD Espagnol>Espagnol M1 TEST GR 2;
<M1 Transitions env.>GR1 M1 TEST;
<M1 Transitions env.>GR2 M1 TEST;
<M2  Cadre Sanit. Social><SUIVI MEMOIRE>SUIVI MEMO M. PIGNY;
<M2  Cadre Sanit. Social><SUIVI MEMOIRE>SUIVI MEMO M. PORTOLAN;
<M2  Cadre Sanit. Social><SUIVI MEMOIRE>SUIVI MEMO Mme DUBOIS;
<M2  Cadre Sanit. Social><SUIVI MEMOIRE>SUIVI MEMO Mme RABILLER;
<M2  Cadre Sanit. Social><TD Anglais>Anglais M2 C3S - IFCS-Gp1;
<M2  Cadre Sanit. Social><TD Anglais>Anglais M2 C3S - IFCS-Gp2;
<M2  Cadre Sanit. Social><TD Anglais>Anglais M2 C3S-Gp1;
<M2  Cadre Sanit. Social><TD Anglais>Anglais M2 C3S-Gp2;
<M2  Cadre Sanit. Social><TD Espagnol S10>Espagnol M2 C3S;
<M2  Cadre Sanit. Social><TD Espagnol S9>Espagnol M2 C3S;
<M2 Cadre du sect sani soc><TD Anglais>Anglais M2 C3S - IFCS-Gp1;
<M2 Cadre du sect sani soc><TD Anglais>Anglais M2 C3S - IFCS-Gp2;
<M2 Chargé d'études><TD Anglais>Anglais M1 ECO et M2 ECO;
<M2 Chargé d'études><TD Anglais>Anglais M2 ECO et M1 ECO;
<M2 Chargé de Clientèle><OPTION>Spé PAT;
<M2 Chargé de Clientèle><OPTION>Spé PRO;
<M2 Coopérations transfron><COURS DE LANGUE>Anglais A2-B1;
<M2 Coopérations transfron><COURS DE LANGUE>Anglais B1;
<M2 Coopérations transfron><COURS DE LANGUE>Anglais B1-B2;
<M2 Coopérations transfron><COURS DE LANGUE>Anglais B2;
<M2 Coopérations transfron><COURS DE LANGUE>Anglais B2-C1;
<M2 Coopérations transfron><COURS DE LANGUE>Anglais B2-C1 Bis;
<M2 Coopérations transfron><COURS DE LANGUE>Anglais C1-C2;
<M2 Coopérations transfron><COURS DE LANGUE>Espagnol  A2-B1;
<M2 Coopérations transfron><COURS DE LANGUE>Espagnol A1-A2;
<M2 Coopérations transfron><COURS DE LANGUE>Espagnol B1-B2;
<M2 Coopérations transfron><COURS DE LANGUE>Espagnol B2-C1;
<M2 Coopérations transfron>BAIP;
<M2 Coopérations transfron>Coopération policière et judiciaire;
<M2 Coopérations transfron>Découverte langue basque;
<M2 Coopérations transfron>EUROTEMIS;
<M2 Coopérations transfron>Evènement EEI;
<M2 Coopérations transfron>LV allemand;
<M2 Coopérations transfron>LV basque;
<M2 Coopérations transfron>MASTER-CLASS;
<M2 Coopérations transfron>Projet collectif;
<M2 Coopérations transfron>Voyage aux institutions;
<M2 CSV -  BME Alternance>M2 BME Alt HSE;
<M2 CSV -  BME Alternance>M2 BME Alt M2 BME Molecular ecology;
<M2 CSV -  BME Alternance>M2 BME Alt Quality Assurance for Analysis;
<M2 CSV -  BME Alternance>M2 BME Alt Trends and challenges in microbiology;
<M2 CSV - BME>M2 BME Anglais;
<M2 CSV - BME>M2 BME Biological macromolecules characterization;
<M2 CSV - BME>M2 BME HSE;
<M2 CSV - BME>M2 BME Molecular ecology;
<M2 CSV - BME>M2 BME Quality Assurance for Analysis;
<M2 CSV - BME>M2 BME Speciation concepts and analysis;
<M2 CSV - BME>M2 BME Trace elements biogeochem;
<M2 CSV - BME>M2 BME Trends and challenges in microbiology;
<M2 CSV - CMCEI>M2 CMCEI  Adv spectro tech coup;
<M2 CSV - CMCEI>M2 CMCEI  Advanced separation techn;
<M2 CSV - CMCEI>M2 CMCEI  Analytical methods perfo;
<M2 CSV - CMCEI>M2 CMCEI  Anglais;
<M2 CSV - CMCEI>M2 CMCEI Biological macromolecules characterization;
<M2 CSV - CMCEI>M2 CMCEI Imag tech for env and mat;
<M2 CSV - CMCEI>M2 CMCEI Microbial bio : project;
<M2 CSV - CMCEI>M2 CMCEI Microbial biot: conf;
<M2 CSV - CMCEI>M2 CMCEI Molecular biology;
<M2 CSV - CMCEI>M2 CMCEI Molecular ecology;
<M2 CSV - CMCEI>M2 CMCEI Organic contaminants analysis;
<M2 CSV - CMCEI>M2 CMCEI Quality Assurance for Analysis;
<M2 CSV - CMCEI>M2 CMCEI Speciation concepts and analysis;
<M2 CSV - CMCEI>M2 CMCEI Statistical tools - project;
<M2 CSV - CMCEI>M2 CMCEI Trace elements biogeochem;
<M2 CSV - CMCEI>M2 CMCEI Trends and challenges;
<M2 CSV - EACM -GREEN>M2 GREEN EACM Culture thématique;
<M2 CSV - EACM -GREEN>M2 GREEN EACM Entrepreneuriat;
<M2 CSV - EACM -GREEN>M2 GREEN EACM Forum UPPA Entreprises;
<M2 CSV - EACM -GREEN>M2 GREEN EACM Interdis Project;
<M2 CSV - EACM -GREEN>M2 GREEN EACM Journée cohésion;
<M2 CSV - EACM -GREEN>M2 GREEN EACM Microbial biotrans conf;
<M2 CSV - EACM -GREEN>M2 GREEN EACM Molecular biology;
<M2 CSV - EACM -GREEN>M2 GREEN EACM Molecular Ecology;
<M2 CSV - EACM -GREEN>M2 GREEN EACM Speciation concepts;
<M2 CSV - EACM -GREEN>M2 GREEN EACM Stat tools;
<M2 CSV - EACM -GREEN>M2 GREEN EACM Trace elements;
<M2 CSV - EACM -GREEN>M2 GREEN EACM Trends challenges;
<M2 CSV - EGTP><Parcours Alternants>M2 EGTP Alternants;
<M2 CSV - EGTP>M2 EGTP HSE;
<M2 CSV - EGTP>M2 EGTP Microbial bio : project;
<M2 CSV - EGTP>M2 EGTP Qualité environnementale;
<M2 CSV - EGTP>M2 EGTP Risques industriels;
<M2 CSV - EGTP>M2 EGTP Trace elements biogeochem;
<M2 CSV - SAVE Alternance>M2 SAVE Alt HSE;
<M2 CSV - SAVE Alternance>M2 SAVE Alt Qualité environnementale;
<M2 CSV - SAVE>M2 SAVE Biological macromolecules characterization;
<M2 CSV - SAVE>M2 SAVE HSE;
<M2 CSV - SAVE>M2 SAVE Législation environnementale;
<M2 CSV - SAVE>M2 SAVE Microbial bio : project;
<M2 CSV - SAVE>M2 SAVE Qualité environnementale;
<M2 CSV - SAVE>M2 SAVE Risques industriels;
<M2 Droit consommation><TD Anglais>Anglais M2 JA-Conso;
<M2 Droit consommation><TD Espagnol>Espagnol M2 JA-Conso;
<M2 Droit consommation>Alternants;
<M2 Droit consommation>Non alternants;
<M2 Droit Euro. Act. Pub.><COURS DE LANGUE>Anglais A2-B1;
<M2 Droit Euro. Act. Pub.><COURS DE LANGUE>Anglais B1;
<M2 Droit Euro. Act. Pub.><COURS DE LANGUE>Anglais B1-B2;
<M2 Droit Euro. Act. Pub.><COURS DE LANGUE>Anglais B2;
<M2 Droit Euro. Act. Pub.><COURS DE LANGUE>Anglais B2-C1;
<M2 Droit Euro. Act. Pub.><COURS DE LANGUE>Anglais B2-C1 Bis;
<M2 Droit Euro. Act. Pub.><COURS DE LANGUE>Anglais C1-C2;
<M2 Droit Euro. Act. Pub.><COURS DE LANGUE>Espagnol A1-A2;
<M2 Droit Euro. Act. Pub.><COURS DE LANGUE>Espagnol A2-B1;
<M2 Droit Euro. Act. Pub.><COURS DE LANGUE>Espagnol B1-B2;
<M2 Droit Euro. Act. Pub.><COURS DE LANGUE>Espagnol B2-C1;
<M2 Droit Euro. Act. Pub.>BAIP;
<M2 Droit Euro. Act. Pub.>COURS;
<M2 Droit Euro. Act. Pub.>Découverte langue basque;
<M2 Droit Euro. Act. Pub.>Evènement EEI;
<M2 Droit Euro. Act. Pub.>LV allemand;
<M2 Droit Euro. Act. Pub.>LV basque;
<M2 Droit Euro. Act. Pub.>Voyage aux institutions;
<M2 Droit Euro. Aff. Num.><COURS DE LANGUE>Anglais A2-B1;
<M2 Droit Euro. Aff. Num.><COURS DE LANGUE>Anglais B1;
<M2 Droit Euro. Aff. Num.><COURS DE LANGUE>Anglais B1-B2;
<M2 Droit Euro. Aff. Num.><COURS DE LANGUE>Anglais B2;
<M2 Droit Euro. Aff. Num.><COURS DE LANGUE>Anglais B2-C1;
<M2 Droit Euro. Aff. Num.><COURS DE LANGUE>Anglais B2-C1 Bis;
<M2 Droit Euro. Aff. Num.><COURS DE LANGUE>Anglais C1-C2;
<M2 Droit Euro. Aff. Num.><COURS DE LANGUE>Espagnol A1-A2;
<M2 Droit Euro. Aff. Num.><COURS DE LANGUE>Espagnol A2-B1;
<M2 Droit Euro. Aff. Num.><COURS DE LANGUE>Espagnol B1-B2;
<M2 Droit Euro. Aff. Num.><COURS DE LANGUE>Espagnol B2-C1;
<M2 Droit Euro. Aff. Num.>BAIP;
<M2 Droit Euro. Aff. Num.>COURS;
<M2 Droit Euro. Aff. Num.>Découverte langue basque;
<M2 Droit Euro. Aff. Num.>Evènement EEI;
<M2 Droit Euro. Aff. Num.>Forum;
<M2 Droit Euro. Aff. Num.>LV allemand;
<M2 Droit Euro. Aff. Num.>LV basque;
<M2 Droit Euro. Aff. Num.>Voyage aux institutions;
<M2 Droit interne -D.I.E.M><COURS DE LANGUE>Anglais A2-B1;
<M2 Droit interne -D.I.E.M><COURS DE LANGUE>Anglais B1;
<M2 Droit interne -D.I.E.M><COURS DE LANGUE>Anglais B1-B2;
<M2 Droit interne -D.I.E.M><COURS DE LANGUE>Anglais B2;
<M2 Droit interne -D.I.E.M><COURS DE LANGUE>Anglais B2-C1;
<M2 Droit interne -D.I.E.M><COURS DE LANGUE>Anglais B2-C1 Bis;
<M2 Droit interne -D.I.E.M><COURS DE LANGUE>Anglais C1-C2;
<M2 Droit interne -D.I.E.M><COURS DE LANGUE>Espagnol A1-A2;
<M2 Droit interne -D.I.E.M><COURS DE LANGUE>Espagnol A2-B1;
<M2 Droit interne -D.I.E.M><COURS DE LANGUE>Espagnol B1-B2;
<M2 Droit interne -D.I.E.M><COURS DE LANGUE>Espagnol B2-C1;
<M2 Droit interne -D.I.E.M><Réunion>Réunion;
<M2 Droit interne -D.I.E.M>BAIP;
<M2 Droit interne -D.I.E.M>Cours;
<M2 Droit interne -D.I.E.M>Découverte langue basque;
<M2 Droit interne -D.I.E.M>Evènement EEI;
<M2 Droit interne -D.I.E.M>LV allemand;
<M2 Droit interne -D.I.E.M>LV basque;
<M2 Droit interne -D.I.E.M>Réunion;
<M2 Droit interne -D.I.E.M>Voyage aux institutions;
<M2 Droit Notarial><TD Anglais>Anglais M2 Droit Notarial;
<M2 Droit Notarial><TD Espagnol>Espagnol M2 Droit Notarial;
<M2 Droit Notarial>Oral Droit rural Groupe 1;
<M2 Droit Notarial>Oral Droit rural Groupe 2;
<M2 Droit Notarial>Tiers temps;
<M2 Droit pénal européen><COURS DE LANGUE>Anglais A2-B1;
<M2 Droit pénal européen><COURS DE LANGUE>Anglais B1;
<M2 Droit pénal européen><COURS DE LANGUE>Anglais B1-B2;
<M2 Droit pénal européen><COURS DE LANGUE>Anglais B2;
<M2 Droit pénal européen><COURS DE LANGUE>Anglais B2-C1;
<M2 Droit pénal européen><COURS DE LANGUE>Anglais B2-C1 Bis;
<M2 Droit pénal européen><COURS DE LANGUE>Anglais C1-C2;
<M2 Droit pénal européen><COURS DE LANGUE>Espagnol A1-A2;
<M2 Droit pénal européen><COURS DE LANGUE>Espagnol B1-B2;
<M2 Droit pénal européen><COURS DE LANGUE>Espagnol B2-C1;
<M2 Droit pénal européen>Découverte langue basque;
<M2 Droit pénal européen>Evènement EEI;
<M2 Droit pénal européen>LV allemand;
<M2 Droit pénal européen>Voyage aux institutions;
<M2 Droit transitions EE><TD Anglais>Anglais M2 DTEE;
<M2 Droit transitions EE>Colloque;
<M2 Drt Act publique loc><TD Anglais>Anglais M2 Droit Public;
<M2 Drt Act publique loc><TD Espagnol>Espagnol M2 Droit Public;
<M2 Drt Act publique loc>Etude;
<M2 Dt cont des libertés><TD Anglais>Anglais M2 Droit Public;
<M2 Dt cont des libertés><TD Espagnol>Espagnol M2 Droit Public;
<M2 Dt cont des libertés>coloration affaires;
<M2 Dt cont des libertés>coloration libertés;
<M2 Dt cont des libertés>Conférence;
<M2 Dt cont des libertés>Examens Jury 1;
<M2 Dt cont des libertés>Examens Jury 2;
<M2 Dynamique écosystèmes><M2 DYNEA>M2 DYNEA;
<M2 Dynamique écosystèmes>M2 DYNEA Conférence laïcité;
<M2 Dynamique écosystèmes>Op Ecologie évolutive, approfondissement;
<M2 EIBS ESTIA><ESTIA-PROJ/ENGLISH CLASS-GP1>EIBS-ESTIA-GP1-WORLD PERPECTIVES;
<M2 EIBS ESTIA><NEPLUSUTILMPP-GP7-EIBS ESTIA>NE PAS UTILISER;
<M2 Etudes anglophones><TD Espagnol>Espagnol M2 EA;
<M2 Etudes hispaniques><TD Anglais>Anglais M2 LILAC (ALC);
<M2 Eur Inter Env Dév><TD Anglais>Anglais M1 ECO et M2 ECO;
<M2 Eur Inter Env Dév><TD Anglais>Anglais M2 ECO et M1 ECO;
<M2 FLE><TD Anglais>Anglais M2FLE;
<M2 FLE><TD Espagnol S9>Espagnol M2 FLE;
<M2 GREEN - EEAE>M2 EEAE Anglais;
<M2 GREEN - EEAE>M2 EEAE Thematic Culture;
<M2 GREEN-ASSET - DROIT>M2 ASSET Droit - Journée cohésion;
<M2 GREEN-ASSET - DROIT>M2 ASSET Droit - Mise en situation;
<M2 GREEN-ASSET - DROIT>M2 ASSET Droit - Régulations;
<M2 GREEN-ASSET - DROIT>M2 ASSET Droit - Thematic Culture;
<M2 GREEN-ASSET - GÉO>M2 ASSET Géo Projet interdisciplinaire;
<M2 GREEN-ASSET - GÉO>M2 ASSET Géo Préserver biodiversité;
<M2 GREEN-ASSET - GÉO>M2 ASSET Géo Questionner nature;
<M2 GREEN-ASSET - GÉO>M2 ASSET Géo SIG et analyse spatiale;
<M2 GREEN-ASSET - SOCIO>M2 ASSET Socio - Mise situation pratique;
<M2 GREEN-ASSET - SOCIO>M2 ASSET Socio - Socio mobilisations;
<M2 GREEN-ASSET - SOCIO>M2 ASSET Socio - Youth Empl Global South;
<M2 GREEN-ASSET - SOCIO>M2 ASSET Socio Restitution visite;
<M2 GREEN-ASSET - ÉCO><Liste nominative>BOUYARMANE Taoufiq;
<M2 GREEN-ASSET - ÉCO><Liste nominative>NAVARRO SEVILLA Salvador;
<M2 GREEN-ASSET - ÉCO>M2 ASSET Eco Restitution visite;
<M2 GREEN-ASSET - ÉCO>M2 ASSET-Eco Conférences;
<M2 GREEN-ASSET - ÉCO>M2 ASSET-Eco NO-GO;
<M2 GREEN-ASSET - ÉCO>M2 ASSET-Eco Projet interdisciplinaire;
<M2 GREEN-ASSET - ÉCO>M2 GREEN-ASSET Eco UECF;
<M2 Génie Indus - Eco Ingé><M2 MAGI>M2 MAGI;
<M2 Génie Indus - Eco Ingé><Soutenance 25 fev>LHOMME&MELESI;
<M2 Génie Indus - Eco Ingé>M2 MAGI Alternants;
<M2 Génie Indus - Eco Ingé>M2 MAGI Conférence laïcité;
<M2 Génie Indus - Eco Ingé>M2 MAGI Formation initiale;
<M2 Génie Indus - Eco Ingé>Rattrapage;
<M2 Géo - Geoengineering>M2  Geoengineering Cas d'application production;
<M2 Géo - Geoengineering>M2 Geoengineering Cas d'application Géoscie;
<M2 Géo - Geoengineering>M2 Geoengineering Cas d'application réservoirs;
<M2 Géo - Geoengineering>M2 Geoengineering Codes industriels;
<M2 Géo - Geoengineering>M2 Geoengineering Damage of the reservoir;
<M2 Géo - Geoengineering>M2 Geoengineering Diagraphie/well logging;
<M2 Géo - Geoengineering>M2 Geoengineering Geostatiques;
<M2 Géo - Geoengineering>M2 Geoengineering Modélisation multi-échelles;
<M2 Géo - Geoengineering>M2 Geoengineering Outils informatiques avancés;
<M2 Géo - Geoengineering>M2 Geoengineering Performance de puits;
<M2 Géo - Geoengineering>M2 Geoengineering Stockage Géologique et Environnement;
<M2 Géo - Geoengineering>M2 Geoengineering Terrain Réservoir;
<M2 Géo - Geoengineering>M2 Geoengineering Traitement des données et inversion;
<M2 Géoenergies - SIG>M2 GEO SG Cas d'application production;
<M2 Géoenergies - SIG>M2 GEO SG Cas d'application réservoirs;
<M2 Géoenergies - SIG>M2 GEO SG Codes industriels;
<M2 Géoenergies - SIG>M2 GEO SG Conférence Enrgies, climat, ressources;
<M2 Géoenergies - SIG>M2 GEO SG Controle de l'écoulement Prod;
<M2 Géoenergies - SIG>M2 GEO SG Entreprise;
<M2 Géoenergies - SIG>M2 GEO SG Formation Forage;
<M2 Géoenergies - SIG>M2 GEO SG Modélisation mutli-échelles;
<M2 Géoenergies - SIG>M2 GEO SG Outils informatiques avancés;
<M2 Géoenergies - SIG>M2 GEO SG Performance de puits;
<M2 Géoenergies - SIG>M2 GEO SG Procédés;
<M2 Géoenergies - SIG>M2 GEO SG Présentation SPE Student Chapter;
<M2 Géoenergies - SIG>M2 GEO SG Stockage Géologique et Environnement;
<M2 Géoenergies - SIG>M2 GEO SG Séminaire Ledaflow;
<M2 Géoenergies - SIG>M2 GEO SG Thermodynamique 2;
<M2 Géoénergies - G3>M2 GEO G3 Cas d'application Géoscie;
<M2 Géoénergies - G3>M2 GEO G3 characterisation macro;
<M2 Géoénergies - G3>M2 GEO G3 Diagraphie/well logging;
<M2 Géoénergies - G3>M2 GEO G3 Fluides géoressources 2;
<M2 Géoénergies - G3>M2 GEO G3 Geostatiques;
<M2 Géoénergies - G3>M2 GEO G3 Imagerie sismique profond;
<M2 Géoénergies - G3>M2 GEO G3 Présentation SPE Student Chapter;
<M2 Géoénergies - G3>M2 GEO G3 Rocks physics for geoenergy 2;
<M2 Géoénergies - G3>M2 GEO G3 Terrain Réservoirs;
<M2 Géoénergies - G3>M2 GEO G3 Traitement des données et inversion;
<M2 Géoénergies - G3>M2 GEO G3 Traitement sismique avancé;
<M2 HCP - Arts Archéo><TD Anglais>Anglais M2 Hist., Civi, patri. (HCP);
<M2 HCP - Arts Archéo><TD Espagnol>Espagnol M2 Hist, Civi, patr (HCP);
<M2 HCP - Arts Archéo>GR Actu Recherche M2 AAP;
<M2 HCP - Arts Archéo>GR EAM M2 AAP;
<M2 HCP - Arts Archéo>GR MTC M2 AAP;
<M2 HCP - Arts Archéo>GR ST EC1 M2 AAP;
<M2 HCP - Arts Archéo>GR ST EC2 M2 AAP;
<M2 HCP - Arts Archéo>GR ST EC3 M2 AAP;
<M2 HCP - Arts Archéo>Option Métiers Musées AAP;
<M2 HCP - Arts Archéo>Option Métiers recherche AAP;
<M2 HCP - Arts Archéo>Spé Archéo;
<M2 HCP - Arts Archéo>Spé Arts;
<M2 HCP Histoire Anthropo><TD Anglais>Anglais M2 Hist., Civi, patri. (HCP);
<M2 HCP Histoire Anthropo><TD Espagnol>Espagnol M2 Hist., Civi, patri. (HCP);
<M2 HCP Histoire Anthropo>GR Actu Recherche M2 HA;
<M2 HCP Histoire Anthropo>GR EAM M2 HA;
<M2 HCP Histoire Anthropo>GR MTC M2 HA;
<M2 HCP Histoire Anthropo>GR ST EC1 M2 HA;
<M2 HCP Histoire Anthropo>GR ST EC2 M2 HA;
<M2 HCP Histoire Anthropo>GR ST EC3 M2 HA;
<M2 HCP Histoire Anthropo>Option Métiers Recherche HA;
<M2 HCP Histoire Anthropo>Options Métiers Archéologie HA;
<M2 Industry 4.0><FLE intermédiaires>FLE intermédiaire M2 industry 4.0;
<M2 Industry 4.0><M2 Industry 4.0>M2 Industry 4.0;
<M2 Industry 4.0>DT Anglet;
<M2 Industry 4.0>M2 Industry 4.0 Anglais;
<M2 Industry 4.0>M2 Industry 4.0 UECF ENTREPEUNARIAT;
<M2 Industry 4.0>MT Tarbes;
<M2 Informatique - TI>M2 TI Architecture Avancée;
<M2 Informatique - TI>M2 TI Compo Services Logiciel;
<M2 Informatique - TI>M2 TI Ingénierie Des Modèles;
<M2 Informatique - TI>M2 TI Modélisation et Vérification;
<M2 Informatique - TI>M2 TI Numérique responsable;
<M2 Informatique - TI>M2 TI Program mobile android;
<M2 Informatique - TI>M2 TI Sécurité Syst Info;
<M2 Juriste d'affaires><Intelligence artificielle>Groupe 1;
<M2 Juriste d'affaires><Intelligence artificielle>Groupe 2;
<M2 Juriste d'affaires><TD Anglais>Anglais M2 JA-Conso;
<M2 Juriste d'affaires><TD Espagnol>Espagnol M2 JA-Conso;
<M2 Juriste d'affaires>Alternants;
<M2 Juriste d'affaires>Non-alternants;
<M2 Lettres et arts><TD Anglais>Anglais M2 LILAC (ALC);
<M2 Lettres et arts><TD Espagnol>Espagnol M2 LILAC (ALC);
<M2 Math et Appli - M2A2E>M2 M2A2E - Anglais;
<M2 Math et Appli - M2A2E>M2 M2A2E - Journée cohésion;
<M2 Math et Appli - M2A2E>M2 M2A2E - Problème inverse bayésien;
<M2 Math et Appli - M2A2E>M2 M2A2E - Thematic Culture 3;
<M2 Math et Appli - M2A2E>M2 M2A2E Entrepreneuriat;
<M2 Math et Appli - M2A2E>M2 M2A2E Projet interdisciplinaire;
<M2 Math et Appli - M2A2E>M2 M2A2E- Analyse EDP 3;
<M2 Math et Appli - M2A2E>M2 M2A2E- Analyse numérique 3;
<M2 Math et Appli - M2A2E>M2 M2A2E- Calcul scientifique 3;
<M2 Math et Appli - M2A2E>M2 M2A2E- Optimisation avancée;
<M2 Math et Appli - M2A2E>M2 M2A2E- Réseaux neurones modélisation;
<M2 Math et Appli - MMS>M2 MMS Calcul Haute performance;
<M2 Math et Appli - MMS>M2 MMS en Entreprise;
<M2 Math et Appli - MMS>M2 MMS Optimisation;
<M2 Math et Appli - MMS>M2 MMS Travail tutoré;
<M2 Math et Appli-Big Data>M2 BD Implé tâches archi hyb;
<M2 MEEF - Mathématiques>M2 MEEF Math Ens Anglais;
<M2 MEEF - Mathématiques>M2 MEEF Math Ens Espagnol;
<M2 MEEF - Physique Chimie>M2 MEEF PC Ens Anglais;
<M2 MEEF EDU PHY SPORT><GROUPES TD>MEEF 2 G2;
<M2 MEEF EDU PHY SPORT><GROUPES TD>MEEF2 G1;
<M2 MEEF Histoire Géo><langue vivante>Anglais H2;
<M2 MEEF Histoire Géo><langue vivante>Espagnol  HG2;
<M2 MEEF Lettres><Langue vivante>Anglais LE2;
<M2 MEEF Lettres><Langue vivante>Espagnol LE2;
<M2 MEEF Lettres><Option LM LC>Lettres classiques M2;
<M2 MEEF Lettres><Option LM LC>Lettres modernes M2;
<M2 MEEF LV Anglais><Recherche>MEEF 2 Mut;
<M2 MEEF LV Anglais><Recherche>MEEF 2 Spé;
<M2 MM-MSID-International>M2 MSID Intern Mathematical Engineering of deep learning;
<M2 Police et Sécu inté><TD Anglais>Anglais M2 PSI;
<M2 Police et Sécu inté><TD Espagnol>Esapgnol M2 Police & Sécurité Intérieure;
<M2 Police et Sécu inté>Conférence;
<M2 Police et Sécu inté>Maintien de l'ordre;
<M2 Police et Sécu inté>Tiers-temps;
<M2 Procédures contentieux>Contentieux pénal;
<M2 Procédures contentieux>Examen Arbitrages ou mesures collectives Ecrit;
<M2 Procédures contentieux>Examen Arbitrages ou mesures collectives Oral;
<M2 Procédures contentieux>Examen contentieux de procédures pénales Ecrit;
<M2 Procédures contentieux>Examens Contentieux de procédures pénales oral;
<M2 Procédures contentieux>Procédure Civile Ecrit;
<M2 Procédures contentieux>Procédure Civile Oral;
<M2 Procédures contentieux>Procédure pénale Ecrit;
<M2 Procédures contentieux>Procédure pénale Oral;
<M2 Qualité milieux aqua><M2 QUAMA>M2 QUAMA;
<M2 Qualité milieux aqua>M2 QUAMA Alternants;
<M2 Qualité milieux aqua>M2 QUAMA Conférence laïcité;
<M2 Qualité milieux aqua>M2 QUAMA Formation initiale;
<M2 Qualité milieux aqua>M2 QUAMA option Statistiques;
<M2 SGM - BIM><Parcours CMI>CMI- GEM BIM 5ème Année;
<M2 SGM - BIM>M2 BIM Adhesion & Adhesives;
<M2 SGM - BIM>M2 BIM Composites based on biore;
<M2 SGM - BIM>M2 BIM Copolymers Amphiphiles;
<M2 SGM - BIM>M2 BIM Industrial copolymers;
<M2 SGM - BIM>M2 BIM Nanocomposites;
<M2 SGM - BIM>M2 BIM Nanomaterials;
<M2 SGM - BIM>M2 BIM Projet BIM;
<M2 SGM - CPCM Alt><Parcours CMI>CMI- SGM 5ème Année CPCM Alt;
<M2 SGM - CPCM Alt>M2 CPCM Alt  Adhesion & adhesives;
<M2 SGM - CPCM Alt>M2 CPCM Alt  Intro biological soft mat;
<M2 SGM - CPCM Alt>M2 CPCM Alt Copolymers Amphiphiles;
<M2 SGM - CPCM Alt>M2 CPCM Alt Industrial copolymers;
<M2 SGM - CPCM Alt>M2 CPCM Alt Nanocomposites;
<M2 SGM - CPCM Alt>M2 CPCM Alt Nanomaterials;
<M2 SGM - CPCM Alt>M2 CPCM Alt Natural Polymers - Biomass Valorization;
<M2 SGM - CPCM><Parcours CMI>CMI- SGM 5ème Année CPCM;
<M2 SGM - CPCM>M2 CPCM Adhesion & adhesives;
<M2 SGM - CPCM>M2 CPCM Copolymers Amphiphiles;
<M2 SGM - CPCM>M2 CPCM Imag tech for env and mat;
<M2 SGM - CPCM>M2 CPCM Industrial copolymers;
<M2 SGM - CPCM>M2 CPCM Intro biological soft mat;
<M2 SGM - CPCM>M2 CPCM Methods And Techniques For Polymer;
<M2 SGM - CPCM>M2 CPCM Nanocomposites;
<M2 SGM - CPCM>M2 CPCM Nanomaterials;
<M2 SGM - CPCM>M2 CPCM Natural Polymers - Biomass Valorization;
<M2 SGM - IMECA - Alt>M2 IMECA  Alt  Industrie 4.0 on thermopl;
<M2 SGM - IMECA - Alt>M2 IMECA Alt Composites based on biore;
<M2 SGM - IMECA - Alt>M2 IMECA alt Intro biological soft mat;
<M2 SGM - IMECA - Alt>M2 IMECA alt Polymer processing;
<M2 SGM - IMECA - Alt>M2 IMECA alt Tools and quality management;
<M2 SGM - IMECA>M2 IMECA Adhesion & Adhésives;
<M2 SGM - IMECA>M2 IMECA Composites based on biore;
<M2 SGM - IMECA>M2 IMECA Fillers, coupling agents,;
<M2 SGM - IMECA>M2 IMECA Industrie 4.0 on thermopl;
<M2 SGM - IMECA>M2 IMECA Intro biological soft mat;
<M2 SGM - IMECA>M2 IMECA Polymer processing;
<M2 SGM - IMECA>M2 IMECA Tools and quality management;
<M2 SIGLIS><Espagnol>G1 Espagnol M2 Siglis;
<M2 SIGLIS><M2 SIGLIS>M2 SIGLIS;
<M2 SIGLIS>M2 SIGLIS ALTERNANTS;
<M2 SIGLIS>M2 SIGLIS FORMATION INITIALE;
<M2 SIGLIS>M2 SIGLIS UECF ENTREPREUNARIAT;
<M2 SIGLIS>Rattrapage;
<M2 Sociologie - JME><TD Anglais>Anglais M2 Sociologie (JEME);
<M2 Sociologie - JME>GR1 M2 SOCIO SR;
<M2 Sociologie - JME>GR2 M2 SOCIO SD;
<M2 Sociologie - JME>GR3 M2 SOCIO JM;
<M2 Sociologie - JME>GR4 M2 SOCIO EB;
<M2 Tourisme><TD Anglais>Anglais M2 Tourisme (LTDT);
<M2 Tourisme><TD Anglais>Anglais M2 Tourisme (LTDT) PRO;
<M2 Tourisme><TD Espagnol>Espagnol M2 Tourisme (LTDT);
<M2 Tourisme><TD Espagnol>Espagnol M2 Tourisme (LTDT) PRO;
<M2 Transitions env><TD Anglais>Anglais M2 TEST;
<M2 Transitions env><TD Espagnol>Espagnol M2 TEST GR 1;
<M2 Transitions env><TD Espagnol>Espagnol M2 TEST GR 2;
<Préparation DCG 1>Comptabilité;
<Préparation DCG 1>Conférence laïcité;
<Préparation DCG 2>Conférence laïcité;
<Préparation DCG 2>Finance d'entreprise;
<Préparation DCG 3>oral UE13;
<UE transverses CRL>UET Allemand niveau A1 GR 1;
<UE transverses CRL>UET Allemand niveau A1 GR 2;
<UE transverses CRL>UET Allemand niveau A2;
<UE transverses CRL>UET Anglais Remise à niveau grands débutants SI;
<UE transverses CRL>UET Anglais Remise à niveau grands débutants SP;
<UE transverses CRL>UET Atelier d'écriture Espagnol (cours en ligne) SI;
<UE transverses CRL>UET Basque niveau A1 GR 1;
<UE transverses CRL>UET Basque niveau A1 GR 2;
<UE transverses CRL>UET Basque niveau A2 & niveau B1;
<UE transverses CRL>UET Certification Anglais Cambridge B2+C1 SI;
<UE transverses CRL>UET Chinois niveau A1 SI;
<UE transverses CRL>UET Chinois niveau A1 SP;
<UE transverses CRL>UET Chinois niveau A2 SI;
<UE transverses CRL>UET Chinois niveau A2 SP;
<UE transverses CRL>UET Italien A0/A1 SP;
<UE transverses CRL>UET Italien A1/A2 SI;
<UE transverses CRL>UET Langue des signes niveau 1 (cours en ligne) SP;
<UE transverses CRL>UET Langue des signes niveau 2 (cours en ligne) SI;
<UE transverses CRL>UET Occitan niveau A1;
<UE transverses CRL>UET Occitan niveau A2 & niveau B1;
<UE transverses CRL>UET Perfectionnement Anglais SP;
<UE transverses CRL>UET Portugais niveau A1 GR 1;
<UE transverses CRL>UET Portugais niveau A1 GR 2;
<UE transverses CRL>UET Portugais niveau A1 GR 3;
<UE transverses CRL>UET Portugais niveau A1 GR 4;
<UE transverses CRL>UET Portugais niveau B1;
<UE transverses CRL>UET Portugais niveau B2;
<UE transverses CRL>UET Russe niveau A1 GR 1;
<UE transverses CRL>UET Russe niveau A1 GR 2;
<UE transverses CRL>UET Russe niveau A1 GR 3;
<UE transverses CRL>UET Russe niveau A1.1;
<UE transverses CRL>UET Russe niveau A2;
<UE transverses CRL>UET Russe niveau B1-B1.1;
<UE transverses CRL>UET Tandem Anglais B1 (Réunion d'information + cours en ligne) SP;
<UE transverses CRL>UET Tandem Anglais B2-C (Réunion d'information+cours en ligne) SP;
<UE transverses service culturel>UET Création Graphique;
<UE transverses service culturel>UET Création Sonore;
<UE transverses service culturel>UET Création Vidéo;
<UE transverses service culturel>UET Land Art;
<UE transverses service culturel>UET Street Art;
<UE Transverses STEE>UET Biomimétisme;
<UE Transverses STEE>UET S1 Energies, climat;
<UE Transverses STEE>UET S1 Nombres géométrie CRPE;
<UE Transverses STEE>UET S2 Pollution Plastique;
<UE Transverses STEE>UET S2 Recherche et innovation;
<UE Transverses STEE>UET S2 Sciences en action;
<USAC>Option Français Médical;
<USAC>Option Histoire de l'Art;
"<UTLA>Option ""Allemand Mme Varrault conversation B1""";
"<UTLA>Option ""Approche démographique..."" A. Ayerbe (après-midi)";
"<UTLA>Option ""Approche démographique..."" A. Ayerbe (matin)";
"<UTLA>Option ""Approches théma. interdisci. des Afriques"" A. Kouvouama";
"<UTLA>Option ""Architecture"" C. Bouché";
"<UTLA>Option ""Archéologie et histoire antique"" Mme Roptin Neyron";
"<UTLA>Option ""Atelier création de parfum""";
"<UTLA>Option ""Commissions UTLA""";
"<UTLA>Option ""Courants de la pensée japonaise""J. Joly";
"<UTLA>Option ""Culture juridique"" R. Pineau";
"<UTLA>Option ""Cultures orales et écrites"" J-L. Poueyto";
"<UTLA>Option ""Géopolitique chaotique..."" J-L. Marsaud";
"<UTLA>Option ""Histoire de la représentation du nu..."" A. Faure";
"<UTLA>Option ""Histoire du manuscrit occidental"" F. Caroff";
"<UTLA>option ""l'oeil critique"" Galinon";
"<UTLA>Option ""L'oeil critique..."" C. bouvy";
"<UTLA>Option ""LAngue et littérature grecque ancienne"" E. Musset";
"<UTLA>Option ""Langue hiéroglyphique"" Mmes Loustalet et Bergounhou";
"<UTLA>option ""latin niv3 bis""";
"<UTLA>Option ""Les grands noms du jazz""  P-H Ardonceau";
"<UTLA>Option ""Les Pharaons Soleil"" A. Roptin-Neyron";
"<UTLA>Option ""processus d'émergence"" Jaussaud";
"<UTLA>Option ""Sociologie comparée des repré..."" A. Kouvouama";
"<UTLA>Option ""Tatouages et marqueurs corporels"" B. Duperrein";
<UTLA>Option AGO UTLA;
<UTLA>Option Allemand Mme Varrault A1;
<UTLA>Option Allemand Mme Varrault A2/B1/B2;
<UTLA>Option Anglais Mme Reid A1;
<UTLA>Option Anglais Mme Reid A2;
<UTLA>Option Anglais Mme Reid A2+;
<UTLA>Option Anglais Mme Reid B1;
<UTLA>Option Anglais Mme Reid B1+;
<UTLA>Option Anglais Mme Reid B2 oral;
<UTLA>Option anglais Mme Tisné cours regroupé jeudi;
<UTLA>Option anglais Mme Tisné cours regroupés mercredi;
<UTLA>Option Arabe débutant A1;
<UTLA>Option arabe Mme Al Mukdad A2;
<UTLA>Option Arabe Mme Al Mukdad débutant B1;
<UTLA>Option Atelier géologie;
<UTLA>Option Atelier initiation à la paléographie;
<UTLA>Option Atelier photographie;
<UTLA>Option Atelier pratiques plastiques;
<UTLA>Option Atelier Remue-méninges et mnémotechniques;
<UTLA>Option Atelier reportage photo/vidéo;
<UTLA>Option Atelier écriture littéraire;
<UTLA>Option Chinois Mme Cai Niv. 1;
<UTLA>Option Chinois Mme Cai Niv. 2;
<UTLA>Option Chinois Mme Cai Niv. 3 et 4;
<UTLA>Option Conférence hebdo UTLA;
<UTLA>Option Destins de la révolution française  F. Bidouze;
<UTLA>Option Espagnol A1 debutants 1ere partie Mme Boyer;
<UTLA>Option Espagnol A2 élémentaire Mme Boyer;
<UTLA>Option Espagnol B1/B2 conv Mme Boyer;
<UTLA>Option Espagnol B1/B2 gram Mme Boyer;
<UTLA>Option Espagnol C1 Mme Boyer;
<UTLA>Option Espagnol Mme Saez B1.1;
<UTLA>Option Espagnol Mme Saez B2/C1;
<UTLA>Option Espagnol Mme Saez Elémentaire A2;
<UTLA>Option Espagnol Mme Saez Intermédiaire B1.2;
<UTLA>Option Grec ancien Mme Guyon niv 2/3 bis;
<UTLA>Option Grec ancien Mme Guyon Niv. 2/3;
<UTLA>Option Intelligences artificielles V. Renault;
<UTLA>Option Italien Mme Guechchaoui A1;
<UTLA>Option Italien Mme Guechchaoui A2;
<UTLA>Option Italien Mme Guechchaoui B1;
<UTLA>Option Italien Mme Guechchaoui B2;
<UTLA>Option L'amour ? Le plus nécessaire des leurres;
<UTLA>Option La beauté à la rescousse J-M. Terrasse;
<UTLA>Option Latin Mme Guyon niv 1/2 bis;
<UTLA>Option latin Mme Guyon niv 3/4 bis;
<UTLA>Option Latin Mme Guyon Niv. 1/2;
<UTLA>Option Latin Mme Guyon Niv. 3/4;
<UTLA>Option Musique et poésie du MA à nos jours O. Campillo;
<UTLA>Option Occitan UTLA;
<UTLA>Option Portugais Mme Camara Costa A1/A2;
<UTLA>Option Portugais Mme Camara Costa B1/B2;
<UTLA>Option Russe Bérot-Inard - B1-B2;
<UTLA>Option Russe Mme Bérot-Inard Avancé A2/B1;
<UTLA>Option Russe Mme Bérot-Inard Intermédiaire A2;
<UTLA>Option Réunion Conseil d'Administration;
<UTLA>Option Réunion montagne;
"<UTLA>Option""Latin Mme Guyon Niv3";
<XXX-Réservation Salles - SSH>Option Conseil de collège;
[AUTONOMIE Gest° Proj 7- ONLY MPP];
[AUTONOMIE REGROUP Gest° Proj 1 & 2 WP+ ISN/ English (AD)];
[AUTONOMIE REGROUP Gest° Proj 3 LATINO VIBES/ French (JMI)];
[AUTONOMIE REGROUP Gest° Proj 4 BDS- BUREAU DES SPORTS/ French (OMI)];
[AUTONOMIE REGROUP Gest° Proj 5 & 6 SOLIDA PARTA 64 + FONDS DOT HOPITAL/ French (SC)];
[AUTONOMIE REGROUP Gest° Proj 7 & 8 -MPP + MAISON ARGAUD / French (SM)];
[AUTONOMIE REGROUP Gest° Proj 9 PRIM'LAND/ French (FC)];
[BUT 2 MTEE CM];
[BUT 2 MTEE TD1 FI];
[BUT 2 MTEE TD2 FA];
[BUT 2 MTEE TP1 FI];
[BUT 2 MTEE TP2 FI];
[BUT 2 MTEE TP3 FA];
[BUT 2 MTEE TP4 FA];
[BUT 3 MTEE];
[CM ENGINEERING PROJECT TOOLS];
[CM M1 MEEF];
[CM M2 MEEF];
[Cours ASUR];
[Cours Cyber/ASUR];
[Cours PilPro];
[Cours ROM];
[GEST PROJ REGROUP TD Gpe 5/Partage Solida 64 + Gpe6/ Fonds Dot Hopit (SC)];
[GEST° PROJ REGROUP GP 4/ BDS];
[GEST° PROJ REGROUP GP 9/ BASKOLAB 2- PRIM'LAND/ FC / French];
[GEST° PROJ REGROUP TD- GP 3/  LATINO VIBES / JMI / French];
[GEST° PROJ REGROUP TD- Gpe 1 + Gpe 2  / WP + GP 2 / ISN/ English (AD)];
[GEST° PROJ REGROUP TD- Gpe 5 + Gpe 6 / Partage Solida 64 + Gp 6/ Fonds Dot Hopit/French (SC)];
[GEST° PROJ REGROUP TD- Gpe 7 / MPP + Gpe 8 / MAISON ARGAUD/ french (SM)];
[GEST° PROJ S2 REGRP 1&2 GP+AUTONO ENGLCLASS-GP-1EIBS-ESTIA-+ G2--IT-MIAL-EIBS];
[GEST° PROJ S2 REGRP 3 & 4 GP+AUTONO FRNCH-CLASS-GP-3-IT-MIAL-ESTIA + GP-4-IT-MIAL-ESTIA-MOS];
[GEST° PROJ S2 REGRP 5 & 6 GP+AUTONO FRNCH-CLASS-GP-5-IT-ESTIA-EIBS-MOS+ GP 6 -IT-MIAL-MOS];
[GEST° PROJ S2 REGRP1 GP+AUTONO ENGLCLASS-GP-1--EIBS-ESTIA];
[GEST° PROJ S2 REGRP7 GP+AUTONO FRNCH-CLASS-GP-7-IT-MIAL-MOS-ESTIA];
[Gpe TD Gest° Proj 3 (JMI)-NE PAS UTILISER];
[Gpe TD Gest° Proj 9 (FC)];
[Gpes TD M1- GP 1 & 2- WORLD PERSPECTIVES & ISN (AD)];
[INGÉNIERIE DE PROJET OUTILS-CM IN FRENCH];
[ISA4 TP1 - BCR - GCM];
[ISA4 TP2 - H&E];
[ISA4 TP3 - RIS - MHS];
[ISA5 TD1-BCR sans Contrats Pro];
[ISA5 TD1-BCR];
[ISA5 TD2 - GCM sans Contrats Pro];
[ISA5 TD2-GCM-RIS];
[ISA5 TD3 - H&E sans Contrats Pro];
[ISA5 TD3-H&E];
[Option natation STAPS Anglet];
[REGROUP S2 CM  ENGLISH GEST° PROJ 1&2 ENGINEERING TOOLS];
[REGROUP S2 CM FRENCH GEST° PROJ 3-4-5-6-7- ENGINEERING TOOLS];
[RT2 S3 ALT Cours];
[RT2 S3 ALT TD];
[RT2 S3 ALT TP1];
[RT2 S3 ALT TP2];
[RT2 S3 Cours FI];
[RT2 S3 TD FI];
[RT2 S3 TP1 FI];
[RT2 S3 TP2 FI];
[RT2 S4 C/TD Cyber];
[RT2 S4 C/TD ROM];
[RT2 S4 TC];
[RT2 S4 TP Cyber];
[RT2 S4 TP Pilpro];
[RT2 S4 TP ROM];
[RT3 TC];
[TD ASUR];
[TD Cyber TC];
[TD Cyber/ASUR];
[TD M1 MEEF AN];
[TD M1 MEEF ES-MA-PC];
[TD M1 MEEF HG-LE];
[TD M2 MEEF AN-ES];
[TD M2 MEEF HG-PC];
[TD M2 MEEF LE-MA];
[TD PilPro];
[TD ROM/Pilpro TC];
[TD ROM];
[TP ASUR];
[TP Cyber];
[TP Pilpro];
[TP ROM];
APILS;
ARTICE;
BUT 1 - MTEE;
BUT 1 GB;
BUT 1 GEA;
BUT 1 GIM;
BUT 1 Informatique;
BUT 1 R&T;
BUT 1 SD;
BUT 1 SGM;
BUT 1 TC;
BUT 2 - GEA - GCFF;
BUT 2 - GEA - GEMA;
BUT 2 - GIM - ISP;
BUT 2 - Info- IAMSI;
BUT 2 GB;
BUT 2 Info.  - RACDV;
BUT 2 R&T - Cyberséc. ALT;
BUT 2 R&T - Cybersécurité;
BUT 2 R&T - PilPro;
BUT 2 R&T - PilPro ALT;
BUT 2 R&T - ROM ALT;
BUT 2 R&T - Réseaux Op.;
BUT 2 SD - Exploration;
BUT 2 SD - Visualisation;
BUT 2 SGM - MIMP;
BUT 2 SGM - MRVM;
BUT 2 Tech. de Co. - BD;
BUT 2 Tech. de Co. - MDEE;
BUT 2 Tech. de Co. - SME;
BUT 3 - GEA - GEMA;
BUT 3 - GIM - ISP;
BUT 3 - INFO - RACDV;
BUT 3 - Info- IAMSI;
BUT 3 GB;
BUT 3 GEA - GCFF;
BUT 3 MTEE - Optimisation;
BUT 3 MTEE - Réalisation;
BUT 3 R&T - Cyberséc. ALT;
BUT 3 R&T - Cybersécurité;
BUT 3 R&T - PilPro;
BUT 3 R&T - PilPro ALT;
BUT 3 R&T - ROM ALT;
BUT 3 SD - Exploration;
BUT 3 SD - Visualisation;
BUT 3 SGM - MRVM;
BUT 3 TC - BD - ABF;
BUT 3 Tech. de Co. - BD;
BUT 3 Tech. de Co. - MDEE;
BUT 3 Tech. de Co. - SME;
BUT2- Tech de Co - BI;
BUT3 - GEA - GCFF - GSRH;
BUT3 - GEA - GEMA - ABF;
BUT3 SGM - MIMP;
BUT3- Tech de Co - BI;
CAPA Droit 1e année (PAU);
CAPA Droit 2e année (PAU);
CERTIF SC CRIM;
Certificat Mob UNIT L SSH;
Certificat Mob UNIT L STE;
Certificat Mob UNIT M SAN;
Certificat Mob UNIT M SSH;
CMI L1 UE labels;
CMI L2 UE labels;
CMI L3 UE labels;
CMI M1 UE labels;
CMI M2 UE labels;
D.I.U Justice pénale;
D.U Autisme;
D.U CNC Mand judiciaire;
D.U Droit routier;
D.U Ethique soignante;
D.U Etudes franç. A2 S2;
D.U Etudes franç. B1 S1;
D.U Etudes franç. B1 S2;
D.U Etudes franç. B11 S2;
D.U Etudes franç. B2 S1;
D.U Etudes franç. B2 S2;
D.U Etudes franç. C1 S1;
D.U Etudes franç. C1 S2;
D.U Etudes franç. C2 S1;
D.U Etudes franç. C2 S2;
D.U integrat° master FLES;
D.U International;
D.U Métiers admin gen ter;
D.U Prépa CAPEPS;
D.U Qlté vie relat° trav;
D.U Renforcement CAPEPS;
D.U Resp logi transport;
D.U SAMPRE;
D.U Sc criminelles;
D.U Études franç. B11 S1;
DAEU Bayonne capitalisati;
DAEU Bayonne global;
DAEU MM (mode capitalis.);
DAEU Mont de Marsan globa;
DAEU Pau FOAD capitalisat;
DAEU Pau FOAD global;
DAEU Pau Mixte capitalisa;
DAEU Pau mixte global;
DAEU Pau prés glob alt;
DAEU Pau présentiel Alter;
DAEU Pau présentiel capit;
DAEU Pau présentiel globa;
DU 1000 1ers jours;
DU 1e Géoénerg. Env & mat;
DU 1èr Maths & Ingénierie;
DU 2e Géoénerg. Env & mat;
DU 2e Maths & Ingénierie;
DU 3e Géoénerg. Env & mat;
DU 3e Maths & Ingénierie;
DU 4e Géoénerg, Env & mat;
DU 4e Maths & Ingénierie;
DU 5e Géoénerg, Env & mat;
DU Acc & soins palliatifs;
DU Aide humani. intern.;
DU C.M.I ECO DEV 1 ère A;
DU C.M.I ECO DEV 2 ème A;
DU C.M.I ECO DEV 3 ème A;
DU CMI INTERRE 1;
DU Erasmus - IAE;
DU ERASMUS - SSH;
DU ERASMUS - STEE PAU;
DU ERASMUS ACI - ENS GTI;
DU Etudes franç. A1 S2;
DU Etudes franç. A2 S1;
DU Etudes françaises A1S1;
DU FLE;
DU Journalisme LB;
DU Outils pr entreprendre;
DU Prat coop coo usag CCQ;
DU Prat Coop Coo usag CPC;
DU Prépa CAPES ANG;
DU Prépa CAPES Esp;
DU Prépa CAPES HG;
DU Qual prat et parc soin;
DU TG 1ère Année;
DU TG 2ième Année;
DUPCCPU parcours complexe;
DUPCCPU qualités & parcou;
ENSGTI 1ère G.E.I.I;
ENSGTI 2ème G.E.I.I;
ENSGTI 3  Energ SB;
ENSGTI 3 Energ TEDDI;
ENSGTI 3 Energ. mobilité;
ENSGTI 3A Génie Proc-CPAO;
ENSGTI 3A Génie Proc-Mobi;
ENSGTI 3ème G.E.I.I;
ENSGTI SPE ENERG 1;
ENSGTI SPE ENERG 2;
ENSGTI SPE G PROC 1;
ENSGTI SPE G PROC 2;
ENSGTI3 A Génie Proc - PE;
Ingénieurs ISA BTP 1;
Ingénieurs ISA BTP 2;
Ingénieurs ISA4 FISE-BCR;
Ingénieurs ISA4 FISE-GCM;
Ingénieurs ISA4 FISE-H&E;
Ingénieurs ISA4 FISEA-MHS;
Ingénieurs ISA4 FISEA-RIS;
Ingénieurs ISA5 FISE-BCR;
Ingénieurs ISA5 FISE-GCM;
Ingénieurs ISA5 FISE-H&E;
Ingénieurs ISA5 FISEA-MHS;
Ingénieurs ISA5 FISEA-RIS;
Ingénieurs ISABTP3 - FISE;
Ingénieurs ISABTP3- FISEA;
ISA NUM 1ère année;
ISA NUM 2ème année;
L Pro Ass, Banque, Finan;
L1 - DEGI;
L1 AES;
L1 Biologie Org.;
L1 commune STAPS (Anglet);
L1 commune STAPS (Tarbes);
L1 DEGI;
L1 Droit (Bayonne);
L1 Droit (Pau);
L1 Eco Gestion (Bayonne);
L1 Ecogestion / LEA - AA;
L1 Ecogestion / LEA - AE;
L1 Economie et Gestion;
L1 Economie Gestion CMI;
L1 Gestion Management;
L1 Géo Aménagement;
L1 Géo Aménagement - CMI;
L1 HAA;
L1 Histoire;
L1 Informatique;
L1 Informatique - Math;
L1 LEA - AA - langues spé;
L1 LEA - AE - langues spé;
L1 LEA / Ecogestion - AA;
L1 LEA / Ecogestion - AE;
L1 Lettres - CTD;
L1 Lettres Bayonne;
L1 Lettres class & modern;
L1 Lettres PPPE;
L1 LLCER - EA;
L1 LLCER - EH;
L1 LLCER Basque;
L1 Mathématiques;
L1 Mathématiques - Info;
L1 MIASHS;
L1 MIASHS - PPPE;
L1 PC - LAS filière Kiné;
L1 PC - LAS filière Maieu;
L1 PC - LAS filière Médec;
L1 PC - LAS filière Odont;
L1 PC - LAS filière Pharm;
L1 Phy Chimie - Anglet;
L1 Physique, Chimie;
L1 Sciences de la terre;
L1 Sciences de la vie;
L1 SDV - LAS;
L1 SDV - LAS filière Kiné;
L1 SDV - LAS filière Maïe;
L1 SDV - LAS filière Méde;
L1 SDV - LAS filière Odon;
L1 SDV - LAS filière Phar;
L1 Sociologie;
L2 - DEGI;
L2 AES;
L2 Biologie Org.;
L2 DEGI;
L2 Droit;
L2 Droit (Bayonne);
L2 Eco Gestion (Bayonne);
L2 Economie Gestion;
L2 Economie Gestion CMI;
L2 Gestion Management;
L2 Géo Aménagement;
L2 HAA;
L2 Histoire;
L2 Informatique;
L2 LEA - AA - FLE;
L2 LEA - AA - langues spé;
L2 LEA - AA - écogestion;
L2 LEA - AE - FLE;
L2 LEA - AE - langues spé;
L2 LEA - AE - écogestion;
L2 Lettres - CTD;
L2 Lettres Bayonne;
L2 Lettres classiques;
L2 Lettres modernes;
L2 Lettres PPPE;
L2 LLCER - EA;
L2 LLCER - EH;
L2 LLCER Basque;
L2 Mathématiques;
L2 MIASHS;
L2 MIASHS - PPPE;
L2 Numérique;
L2 PC - Chimie;
L2 PC - LAS;
L2 PC - LAS filière Kiné;
L2 PC - LAS filière Maïeu;
L2 PC - LAS filière Médec;
L2 PC - LAS filière Odont;
L2 PC - LAS filière Pharm;
L2 PC - Physique;
L2 Phy Chimie - Anglet;
L2 Physique, Chimie;
L2 Sciences de la terre;
L2 Sciences de la vie;
L2 SDV - LAS;
L2 SDV - LAS filière Kiné;
L2 SDV - LAS filière Maïe;
L2 SDV - LAS filière Méde;
L2 SDV - LAS filière Odon;
L2 SDV - LAS filière Phar;
L2 Sociologie;
L2 STAPS APAS (Anglet);
L2 STAPS EM (Tarbes);
L2 STAPS ES (Tarbes);
L2 STAPS MS (Tarbes);
L2 ÉetG - CG;
L3 - DEGI;
L3 AES Adm géné & dév soc;
L3 AES Coord & gestion;
L3 AES Gestion des entrep;
L3 AES Sanit & Soc CESF;
L3 AES Sanit & Soc EFD;
L3 AES Sanit & Social ITS;
L3 AES Sanitaire & Social;
L3 Bio . Org.;
L3 DEGI;
L3 Droit;
L3 Droit - DPublic- Sc Po;
L3 Droit- D. Privé Pénal;
L3 Droit- Droit des aff;
L3 Eco gestion entrep;
L3 Economie Gestion;
L3 Economie Gestion CMI;
L3 EG M. international;
L3 GA - TDDTE;
L3 HAA - AP;
L3 HAA - HA;
L3 Histoire - Art & Patri;
L3 Histoire - EJSP;
L3 Histoire - ER;
L3 Informatique;
L3 LEA - AA - FLE;
L3 LEA - AA - langues spé;
L3 LEA - AA - écogestion;
L3 LEA - AE - FLE;
L3 LEA - AE - langues spé;
L3 LEA - AE - écogestion;
L3 Lettres - CTD;
L3 Lettres - Doc édition;
L3 Lettres - FLE;
L3 Lettres Bayonne;
L3 Lettres classiques;
L3 Lettres modernes;
L3 Lettres PPPE;
L3 LLCER - EA - ER;
L3 LLCER - EA - FLE;
L3 LLCER - EA - PE;
L3 LLCER - EH - ER;
L3 LLCER - EH - FLE;
L3 LLCER - EH - Mét A&C;
L3 LLCER Basque;
L3 Mathématiques;
L3 Mathématiques - CAPES;
L3 MIASHS - MID;
L3 MIASHS - PPPE;
L3 Numérique;
L3 PC - Chimie;
L3 PC - LAS;
L3 PC - Physique;
L3 PC - Physique, Chimie;
L3 PC - SGM;
L3 Phy Chimie Anglet;
L3 Sciences de la terre;
L3 SDV - BCM;
L3 SDV - BGST;
L3 SDV - LAS;
L3 Sociologie;
L3 STAPS APAS (Anglet);
L3 STAPS APAS (Anglet) AP;
L3 STAPS EM (Tarbes);
L3 STAPS ES (Tarbes);
L3 STAPS MS (Tarbes);
L3 Éco-Gest° - Comp Gest°;
LP Admin. Sécurité;
LP Aménag. gestion eau;
LP ASR;
LP Bio-indus biotech;
LP Biologie Appliquée;
LP Chimie industrielle;
LP commerce prodts/servic;
LP Communication;
LP Froid Condit. Air;
LP GEO 3D;
LP Gestion prod. indus.;
LP Ingénierie des façades;
LP IS - alternance & educ;
LP IS - Education enseign;
LP IS - Insertion - FLI;
LP IS- Insertion comp pro;
LP Management gestion;
LP MRC;
LP MT - Cont. et métroloq;
LP Métiers bois - Récolte;
LP Métiers de la GRH;
LP Métiers du bois - Bois;
LP Sécurité biens/person.;
LP VAR - Agroéco agrof;
LP VAR - Produits terroir;
LP VAR -Conseil & stratég;
LP WAMN;
M1 ALI;
M1 Cadre Sanit. Social;
M1 CGAO;
M1 Chargé de Clientèle;
M1 Commun Éco appliquée;
M1 Compta ctrl audit;
M1 Coopérations Transfron;
M1 CSV - BME;
M1 CSV - EACM- GREEN;
M1 CSV - EGTP;
M1 CSV - SAVE;
M1 Droit consommation;
M1 Droit Euro. Act. Pub.;
M1 Droit Euro. Aff. Num.;
M1 Droit exécution peines;
M1 Droit interne (DIEM);
M1 Droit Notarial;
M1 Droit privé général;
M1 Droit pénal;
M1 Droit transitions EE;
M1 Drt Act Publique loc;
M1 Dt cont des libertés;
M1 EIBS;
M1 Erasmus Mundus;
M1 Etudes anglophones;
M1 Etudes hispaniques;
M1 FLE;
M1 GREEN - EEAE;
M1 GREEN-ASSET - DROIT;
M1 GREEN-ASSET - GÉO;
M1 GREEN-ASSET - SOCIO;
M1 GREEN-ASSET - ÉCO;
M1 Génie Indus - Eco Ingé;
M1 Géo. - SIG - Alt;
M1 Géoénergies - G3;
M1 Géoénergies - G3 - ALT;
M1 Géoénergies - SAGE;
M1 Géoénergies - SIG;
M1 HCP - Arts archéo;
M1 HCP- Histoire Anthropo;
M1 Informatique - TI;
M1 IT;
M1 Juriste d'affaires;
M1 juriste d'affaires F/E;
M1 LEA;
M1 Lettres et arts;
M1 Management santé;
M1 Management SI;
M1 Math Appli-MMS Cytech;
M1 Math et Appli - MMS;
M1 Math et appli - MSID;
M1 Math et Appli-Big Data;
M1 Maths et Appli - M2A2E;
M1 MCL;
M1 MEEF - Mathématiques;
M1 MEEF - Physique Chimie;
M1 MEEF EPS;
M1 MEEF Histoire Géo;
M1 MEEF Lettres;
M1 MEEF LV Anglais;
M1 MEEF LV Espagnol;
M1 MIAL;
M1 MOT;
M1 Patrim & musées;
M1 Patrim & musées Alt;
M1 Police et Sécu inté;
M1 Procédures contentieux;
M1 Sciences de l'eau;
M1 SGM - BIM;
M1 SGM - CPCM;
M1 SGM - CPCM - Alt;
M1 SGM - IMECA;
M1 SGM - IMECA - Alt;
M1 SGM - MINEST - GREEN;
M1 SIGLIS;
M1 socio jeun mobil env;
M1 STAPS APAS;
M1 STAPS EPPM;
M1 Tourisme;
M1 Transitions env.;
M2  Cadre Sanit. Social;
M2 ALI;
M2 CAAE;
M2 Cadre du sect sani soc;
M2 CGAO;
M2 CGAO International;
M2 Chargé d'études;
M2 Chargé de Clientèle;
M2 Compta ctrl audit;
M2 Coopérations transfron;
M2 CSV -  BME Alternance;
M2 CSV - BME;
M2 CSV - CMCEI;
M2 CSV - EACM -GREEN;
M2 CSV - EGTP;
M2 CSV - EGTP - Alt;
M2 CSV - SAVE;
M2 CSV - SAVE Alternance;
M2 Droit consommation;
M2 Droit Euro. Act. Pub.;
M2 Droit Euro. Aff. Num.;
M2 Droit exécution peines;
M2 Droit interne -D.I.E.M;
M2 Droit Notarial;
M2 Droit privé général;
M2 Droit pénal européen;
M2 Droit transitions EE;
M2 Drt Act publique loc;
M2 Dt cont des libertés;
M2 Dynamique écosystèmes;
M2 EIBS;
M2 EIBS ESTIA;
M2 Entrepre & manag proj;
M2 Etudes anglophones;
M2 Etudes hispaniques;
M2 Eur Inter Env Dév;
M2 FLE;
M2 GREEN - EEAE;
M2 GREEN-ASSET - DROIT;
M2 GREEN-ASSET - GÉO;
M2 GREEN-ASSET - SOCIO;
M2 GREEN-ASSET - ÉCO;
M2 Génie Indus - Eco Ingé;
M2 Géo - Geoengineering;
M2 Géoenergies - SIG;
M2 Géoénergies - G3;
M2 Géoénergies - SAGE;
M2 HCP - Arts Archéo;
M2 HCP Histoire Anthropo;
M2 Industry 4.0;
M2 Informatique - TI;
M2 IT;
M2 Juriste affaires fr-es;
M2 Juriste d'affaires;
M2 LEA TTD;
M2 Lettres et arts;
M2 MAE ENSGTI;
M2 Management santé;
M2 Management SI;
M2 Math Appli-MMS CyTech;
M2 Math et appli -  MSID;
M2 Math et Appli - M2A2E;
M2 Math et Appli - MMS;
M2 Math et Appli-Big Data;
M2 MCL;
M2 MEEF - Mathématiques;
M2 MEEF - Physique Chimie;
M2 MEEF EDU PHY SPORT;
M2 MEEF Histoire Géo;
M2 MEEF Lettres;
M2 MEEF LV Anglais;
M2 MEEF LV Espagnol;
M2 MIAL;
M2 MICL;
M2 MM-Big Data-Alternance;
M2 MM-MSID-International;
M2 MMS - Double diplôme;
M2 MOT;
M2 Patrim & musées;
M2 Patrim & musées Alt;
M2 Police et Sécu inté;
M2 Procédures contentieux;
M2 Qualité milieux aqua;
M2 SGM  - MINEST - GREEN;
M2 SGM - BIM;
M2 SGM - CPCM;
M2 SGM - CPCM Alt;
M2 SGM - IMECA;
M2 SGM - IMECA - Alt;
M2 SIGLIS;
M2 Sociologie - JME;
M2 STAPS EPPM;
M2 TI - FAD Maroc;
M2 Tourisme;
M2 Transitions env;
PASS Min PC Parc. CHIMIE;
PREPA. AGREGAT. ESPAGNOL;
Prépa con officier police;
Prépa conc com justice;
Prépa conc com police;
Prépa conc Greffier;
Prépa concours CFPA;
Prépa concours ENM;
Prépa. CAPES LC & LM;
Préparation DCG 1;
Préparation DCG 2;
Préparation DCG 3;
SUAPS;
UE Partenariats IUT B;
UE Spécif. Intro STEE;
UE Transverses 2EI;
UE transverses SSH;
UE Transverses STEE;
UE transverses Université;
UEF - IUT Bayonne;
UEs mutualisées FLE;
UET STEE Anglet;
UPPASS 2EI Master;
UPPASS COMPETENCES L;
UPPASS Compétences ISA M;
UPPASS STEE Niveau L;
USAC;
UTLA;
