date;room;code;building;capacity;effect;unused;type;subject;diplomas;seriesOccurrences;replacement;replacementCode
2025-09-08;AMPHI STID (STI-00);24832;STI;165;32;133;Cours;R1.03 Bases trsfr chaleur;BUT 1 - MTEE;4;Salle de cours 508 (BA2-02);16629
2025-09-08;Amphi (STAP-00);18427;STAP;300;80;220;Cours;1 Optimisation mentale;L3 STAPS ES (Tarbes);5;Amphi 40 (EC3-00);17104
2025-09-08;Amphi (STAP-00);18427;STAP;300;80;220;Cours;1 Règlementation;L3 STAPS ES (Tarbes);6;Amphi 40 (EC3-00);17104
2025-09-08;Amphi 1 (LET-00);27353;LET;150;36;114;Cours;Intro géo des populations;L1 Géo Aménagement;10;Salle de cours 12 (LET-00);27321
2025-09-08;Amphi 2 (LET-00);27354;LET;140;65;75;Cours;Civi pays hispano S3;L2 LEA - AE - langues spé;12;Salle de cours 13 (LET-00);27322
2025-09-08;Amphi 2 (LET-00);27354;LET;140;17;123;Cours;Découverte Anglais S1;<L1 LLCER - EH>Découverte CM Anglais S1;12;Salle informatique 313 (LET-02);27510
2025-09-08;Amphi 3 (LET-02);27502;LET;300;104;196;Cours;Méthodo l'observation 1;L1 Sociologie;11;Amphi B (EC9-02);16035
2025-09-08;Amphi 3 (LET-02);27502;LET;300;104;196;Cours;Enjeux sociaux contempo;L1 Sociologie;10;Amphi B (EC9-02);16035
2025-09-08;Amphi 3 (LET-02);27502;LET;300;126;174;Cours;Civi pays hispano S1;L1 LEA - AE - langues spé;13;Amphi 1 (LET-00);27353
2025-09-08;Amphi 3 (LET-02);27502;LET;300;103;197;CM;Histoire comtemporaine;L1 Histoire;11;Amphi B (EC9-02);16035
2025-09-08;Amphi A_A300 (DEG-00);36276;DEG;300;119;181;Cours;Maths pr éco/gestion 2;L2 Economie Gestion CMI;12;Amphi B (EC9-02);16035
2025-09-08;Amphi A_A300 (DEG-00);36276;DEG;300;119;181;Cours;Maths pr éco/gestion 2;L2 Economie Gestion CMI;12;Amphi B (EC9-02);16035
2025-09-08;Amphi A_A400 (DEG-00);36274;DEG;400;33;367;Cours;Procédure pénale CM;CERTIF SC CRIM;10;Salle de cours C_C13 (DEG-01);36555
2025-09-08;Amphi B (SCI_R-00);85297;SCI_R;220;82;138;Cours;Biochimie générale;L2 Sciences de la vie;10;Amphi 40 (EC3-00);17104
2025-09-08;Amphi B (SCI_R-00);85297;SCI_R;220;110;110;Cours;Mathématiques s1;L1 Physique, Chimie;9;Amphi B (EC9-02);16035
2025-09-08;Amphi C (SCI_R-00);84869;SCI_R;192;84;108;Cours;Biologie végétale 2;L2 Sciences de la vie;7;Amphi 40 (EC3-00);17104
2025-09-08;Amphi C (SCI_R-00);84869;SCI_R;192;85;107;Cours;Maths pour la phys chim;L1 Physique, Chimie;4;Amphi 40 (EC3-00);17104
2025-09-08;Amphi C_A120 (DEG-00);36290;DEG;120;24;96;Cours;CONSOLIDATION IFRS;M2 Compta ctrl audit;3;Salle GREEN A_A01 (DEG-00);36278
2025-09-08;Amphi D (SCI_R-00);84870;SCI_R;192;42;150;Cours;Graphes;L3 Informatique;2;Amphi C (SCI_R-00);84869
2025-09-08;Amphi D (SCI_R-00);84870;SCI_R;192;48;144;Cours;Chim orga fonct, méca réa;L2 PC - LAS;5;Salle de Cours 003 (BA1-00);33458
2025-09-08;Amphi E (PAL-00);13842;PAL;75;15;60;CTD;Thermodynamique S3;L2 PC - Physique;20;Salle TP géochimie B330 (SCI_R-03);85206
2025-09-08;Amphi E (PAL-00);13842;PAL;75;32;43;CTD;EC1 Méca 1 s5;L3 PC - SGM;10;Salle de cours 508 (BA2-02);16629
2025-09-08;Amphi E (PAL-00);13842;PAL;75;22;53;Cours;Ana & algèbre 1 PPPE;L3 MIASHS - PPPE;11;Salle 15 (PAL-01);13885
2025-09-08;Amphi G (DUB-00);17228;DUB;140;53;87;Cours;Analyse 3 S3;L2 Mathématiques;16;Salle de cours 509 (BA2-02);16630
2025-09-08;Amphi G (DUB-00);17228;DUB;140;45;95;Cours;Physiologie animale 2;L3 SDV - BGST;4;Salle informatique I-206 (ISA-02);78619
2025-09-08;Amphi G (DUB-00);17228;DUB;140;45;95;Cours;Virologie;L3 SDV - BGST;5;Salle informatique I-206 (ISA-02);78619
2025-09-08;Amphi G (DUB-00);17228;DUB;140;63;77;Cours;Bases de données II;L3 MIASHS - MID;6;Salle de cours 127 (B2-01);16947
2025-09-08;Salle de cours 12 (LET-00);27321;LET;60;16;44;CM;Enjeux contemporains;L3 Histoire - EJSP;12;Salle informatique 313 (LET-02);27510
2025-09-08;Salle de cours 120 (LET-00);27333;LET;62;26;36;CM;CM Art en Europe XVIe S;L2 HAA;12;Salle multimedia UTLA 137 (LET-00);27300
2025-09-08;Salle de cours 14 (LET-00);27323;LET;98;3;95;Cours;Découverte espagnol S1;<L1 LLCER - EA>Découverte CM Espagnol S1;13;Salle informatique 313 (LET-02);27510
2025-09-08;Salle de cours 220 (LET-01);27254;LET;60;3;57;TD;Atelier Historien MÂ/mode;L3 Histoire - Art & Patri;11;Labo de Langues 312 (LET-02);27512
2025-09-08;Salle de cours 23 (LET-01);27248;LET;80;16;64;CM;L'Etat;L3 Histoire - EJSP;11;Salle informatique 313 (LET-02);27510
2025-09-08;Salle de cours 23 (LET-01);27248;LET;80;16;64;TD;L'Etat;L3 Histoire - EJSP;11;Salle informatique 313 (LET-02);27510
2025-09-08;Salle de cours B_B1 (DEG-00);36289;DEG;100;40;60;Cours;Droit des obligations;L2 AES;18;Salle Recherche (B3-00);15968
2025-09-08;Salle de cours B_B1 (DEG-00);36289;DEG;100;40;60;Cours;Droit des obligations;L2 AES;18;Salle Recherche (B3-00);15968
2025-09-08;Salle de cours B_B2 (DEG-00);36271;DEG;76;11;65;Cours;Économie publique;<L3 Economie Gestion>Coloration banque et finance;3;Salle immersive D_D20bis (DEG-00);83663
2025-09-08;Salle de cours B_B2 (DEG-00);36271;DEG;76;11;65;Cours;Éco. bancaire/éco. assura;<L3 Economie Gestion>Coloration banque et finance;4;Salle immersive D_D20bis (DEG-00);83663
2025-09-08;Salle de cours C_C03 (DEG-00);36287;DEG;50;8;42;Cours;Droit Civil Ecrit;CAPA Droit 1e année (PAU);21;Salle informatique B_BARETOUS (DEG-01);36548
2025-09-08;Salle de cours C_C04 (DEG-00);36292;DEG;50;6;44;Cours;Economie Politique Oral;CAPA Droit 2e année (PAU);14;Salle de réunion IAE CREG D_D210 (DEG-02);36444
2025-09-08;Salle de cours C_C19 (DEG-01);36561;DEG;52;19;33;Cours;Décision financière;M1 CGAO;12;Salle GREEN A_A01 (DEG-00);36278
2025-09-09;Amphi 1 (LET-00);27353;LET;150;60;90;Cours;Littérature S5;L3 LLCER - EA - FLE;4;Salle de cours 30 (LET-02);27513
2025-09-09;Amphi 1 (LET-00);27353;LET;150;51;99;CM;3 Histoire langue fr 3;L2 Lettres classiques;5;Salle de cours 10 (LET-00);27320
2025-09-09;Amphi 1 (LET-00);27353;LET;150;51;99;Cours;1 Linguistique française;L2 Lettres classiques;6;Salle de cours 10 (LET-00);27320
2025-09-09;Amphi 1 (LET-00);27353;LET;150;26;124;CM;CM Vill occid romain;L2 HAA;9;Salle de cours IEFE 128 (LET-00);27298
2025-09-09;Amphi 2 (LET-00);27354;LET;140;33;107;TD;1 Littérature française 1;<L1 Lettres - CTD><L1 CTD S1 Groupes de TD>L1 LCTD S1 TD1;6;Salle de cours 12 (LET-00);27321
2025-09-09;Amphi 3 (LET-02);27502;LET;300;43;257;Cours;Intro à la géographie-CM;L1 Géo Aménagement;12;Salle de cours 134 (LET-00);27341
2025-09-09;Amphi 3 (LET-02);27502;LET;300;104;196;Cours;Intro Sociologie S1;L1 Sociologie;11;Amphi B (EC9-02);16035
2025-09-09;Amphi 3 (LET-02);27502;LET;300;124;176;Cours;Civilisation S1;L1 LLCER - EA;12;Amphi B (EC9-02);16035
2025-09-09;Amphi 3 (LET-02);27502;LET;300;140;160;Cours;Civi pays anglo S1;L1 LEA - AE - langues spé;12;Amphi 400 (EC9-01);16026
2025-09-09;Amphi A (SCI_R-00);85316;SCI_R;216;104;112;Cours;Algorithmique I;L1 Informatique;6;Amphi B (EC9-02);16035
2025-09-09;Amphi A (SCI_R-00);85316;SCI_R;216;40;176;Cours;Intro à l'info;L1 MIASHS;2;Amphi D (SCI_R-00);84870
2025-09-09;Amphi A_A300 (DEG-00);36276;DEG;300;40;260;Cours;Droit administratif 1;L2 AES;16;Salle Recherche (B3-00);15968
2025-09-09;Amphi A_A300 (DEG-00);36276;DEG;300;40;260;Cours;Droit administratif 1;L2 AES;16;Salle Recherche (B3-00);15968
2025-09-09;Amphi A_A400 (DEG-00);36274;DEG;400;138;262;Cours;Analyse financière;L3 AES Gestion des entrep;14;Amphi 400 (EC9-01);16026
2025-09-09;Amphi A_A400 (DEG-00);36274;DEG;400;138;262;Cours;Analyse financière;L3 AES Gestion des entrep;14;Amphi 400 (EC9-01);16026
2025-09-09;Amphi A_A400 (DEG-00);36274;DEG;400;15;385;Cours;Management comptable 2;DU TG 2ième Année;1;Salle de réunion D_D04 (DEG-00);36235
2025-09-09;Amphi B (SCI_R-00);85297;SCI_R;220;82;138;Cours;Biochimie générale;L2 Sciences de la vie;10;Amphi 40 (EC3-00);17104
2025-09-09;Amphi B (SCI_R-00);85297;SCI_R;220;85;135;Cours;MTU;L1 Physique, Chimie;4;Amphi 40 (EC3-00);17104
2025-09-09;Amphi B (SCI_R-00);85297;SCI_R;220;80;140;Cours;OUMOBIO 1;L2 SDV - LAS;1;Salle de cours 11 (LET-00);27324
2025-09-09;Amphi C (SCI_R-00);84869;SCI_R;192;27;165;CTD;Analyse chimique 2;L3 PC - LAS;2;Salle TP Physique B118 (SCI_R-01);84964
2025-09-09;Amphi C (SCI_R-00);84869;SCI_R;192;48;144;Cours;Chim orga fonct, méca réa;L2 PC - LAS;5;Salle de Cours 003 (BA1-00);33458
2025-09-09;Amphi C (SCI_R-00);84869;SCI_R;192;59;133;Cours;Maths S3_1;L2 PC - Physique;4;Salle de cours 304 (BA2-00);16671
2025-09-09;Amphi C (SCI_R-00);84869;SCI_R;192;48;144;Cours;Chimie des solutions 3;L2 PC - LAS;2;Amphi B (SCI_R-00);85297
2025-09-09;Amphi C_A120 (DEG-00);36290;DEG;120;24;96;Cours;FISCALITE INTERNATIONALE;M2 Compta ctrl audit;2;Salle GREEN A_A01 (DEG-00);36278
2025-09-09;Amphi D (SCI_R-00);84870;SCI_R;192;85;107;Cours;Mécanique du point;L1 Physique, Chimie;7;Amphi 40 (EC3-00);17104
2025-09-09;Amphi D (SCI_R-00);84870;SCI_R;192;52;140;CTD;Structure cristalline;L3 PC - SGM;6;Salle de cours 509 (BA2-02);16630
2025-09-09;Amphi D (SCI_R-00);84870;SCI_R;192;47;145;TD;Roches et Chronologie;L1 Sciences de la terre;1;Amphi A (SCI_R-00);85316
2025-09-09;Amphi E (PAL-00);13842;PAL;75;15;60;CTD;Thermodynamique S3;L2 PC - Physique;20;Salle TP géochimie B330 (SCI_R-03);85206
2025-09-09;Amphi G (DUB-00);17228;DUB;140;45;95;Cours;Virologie;L3 SDV - BGST;5;Salle informatique I-206 (ISA-02);78619
2025-09-09;Amphi G (DUB-00);17228;DUB;140;53;87;Cours;Intro topologie;L2 Mathématiques;12;Salle de cours 509 (BA2-02);16630
2025-09-09;Amphi G (DUB-00);17228;DUB;140;40;100;Cours;Eléments d'algèbre;L1 MIASHS;7;Salle Recherche (B3-00);15968
2025-09-09;Amphi H (DUB-00);17229;DUB;140;26;114;TD;Mathématiques s1;<L1 Physique, Chimie><Groupes TD>L1 PC groupe 2;1;Salle 27 (DUB-00);17235
2025-09-09;Amphi H (DUB-00);17229;DUB;140;45;95;Cours;Physiologie animale 2;L3 SDV - BGST;3;Salle de Cours 003 (BA1-00);33458
2025-09-09;Salle de cours 11 (LET-00);27324;LET;80;38;42;Cours;Méthodo de l'entretien 1;L3 Sociologie;1;Salle de cours 223 (LET-01);27284
2025-09-09;Salle de cours 12 (LET-00);27321;LET;60;25;35;TD;Histoire moderne;L3 Histoire - ER;11;Salle de cours IEFE 128 (LET-00);27298
2025-09-09;Salle de cours 120 (LET-00);27333;LET;62;26;36;CM;Habitat et vie privée;L2 HAA;11;Salle de cours 144 (EC3-01);17123
2025-09-09;Salle de cours 14 (LET-00);27323;LET;98;28;70;TD;2 Fondamentaux en ortho 1;<L1 Lettres class & modern><L1 LCM S1 Groupes de TD>L1 LCM S1 TD2;10;Salle de cours 166 (B3-01);15984
2025-09-09;Salle de cours 220 (LET-01);27254;LET;60;27;33;Cours;Statistiques bivariées;L2 Géo Aménagement;1;Salle de cours 21 (LET-01);27247
2025-09-09;Salle de cours 30 (LET-02);27513;LET;60;28;32;TD;Introduction à la recherche;L3 LLCER - EA - ER;1;Salle de cours 21 (LET-01);27247
2025-09-09;Salle de cours 32 (LET-02);27514;LET;80;27;53;Cours;Mobilités humaines;L2 Géo Aménagement;11;Salle de cours 10 (LET-00);27320
2025-09-09;Salle de cours 32 (LET-02);27514;LET;80;17;63;CM;Tourisme, géographie amén;<L2 Géo Aménagement>3S-Tourisme, géographie et aménagement S3;4;Salle informatique 313 (LET-02);27510
2025-09-09;Salle de cours B_B1 (DEG-00);36289;DEG;100;11;89;Cours;Intro à la croissance;L2 Economie Gestion CMI;8;Salle immersive D_D20bis (DEG-00);83663
2025-09-09;Salle de cours B_B2 (DEG-00);36271;DEG;76;24;52;Cours;FUSIONS;M2 Compta ctrl audit;1;Salle GREEN A_A01 (DEG-00);36278
2025-09-09;Salle de cours C_C03 (DEG-00);36287;DEG;50;8;42;Cours;Droit Public Ecrit;CAPA Droit 1e année (PAU);22;Salle informatique B_BARETOUS (DEG-01);36548
2025-09-09;Salle de cours C_C04 (DEG-00);36292;DEG;50;12;38;Cours;Hist. des dts de l'H.;M1 Droit exécution peines;24;Salle GREEN A_A01 (DEG-00);36278
2025-09-09;Salle de cours C_C04 (DEG-00);36292;DEG;50;12;38;Cours;Hist. des dts de l'H.;M1 Droit exécution peines;24;Salle GREEN A_A01 (DEG-00);36278
2025-09-09;Salle de cours C_C04 (DEG-00);36292;DEG;50;5;45;Cours;Dt Adm Spécial Ecrit;CAPA Droit 2e année (PAU);13;Salle informatique B_BARETOUS (DEG-01);36548
2025-09-09;Salle de cours C_C19 (DEG-01);36561;DEG;52;19;33;Cours;Anglais des Affaires;M1 CGAO;7;Salle de cours 007 (BA1-00);33446
2025-09-09;Salle de cours C_C19 (DEG-01);36561;DEG;52;19;33;Cours;Outils informatiques;M1 CGAO;2;Salle GREEN A_A01 (DEG-00);36278
2025-09-10;AMPHI STID (STI-00);24832;STI;165;32;133;Cours;R1.08 Mesure et instrum.;BUT 1 - MTEE;6;Salle de cours 508 (BA2-02);16629
2025-09-10;Amphi 1 (LET-00);27353;LET;150;68;82;CM;1 Littérature comparée 5;L3 Lettres modernes;10;Salle de cours 131 (B2-01);16957
2025-09-10;Amphi 1 (LET-00);27353;LET;150;40;110;CM;1 Littérature comparée 1;L1 Lettres class & modern;11;Salle de cours 133 (LET-00);27338
2025-09-10;Amphi 2 (LET-00);27354;LET;140;68;72;CM;Culture historique;L1 HAA;11;Salle de cours 131 (B2-01);16957
2025-09-10;Amphi 3 (LET-02);27502;LET;300;126;174;Cours;Gram esp S1 CM;L1 LEA - AE - langues spé;7;Amphi B (EC9-02);16035
2025-09-10;Amphi A_A150 (DEG-00);36279;DEG;150;44;106;Cours;Informatique;L3 AES Adm géné & dév soc;14;Salle 7 (PAL-00);13839
2025-09-10;Amphi A_A400 (DEG-00);36274;DEG;400;159;241;Cours;Comptabilité 2;L2 Economie Gestion CMI;11;Amphi (STAP-00);18427
2025-09-10;Amphi C (SCI_R-00);84869;SCI_R;192;47;145;TD;Roches et Chronologie;L1 Sciences de la terre;1;Amphi B (SCI_R-00);85297
2025-09-10;Amphi D (SCI_R-00);84870;SCI_R;192;47;145;Cours;Roches et Chronologie;L1 Sciences de la terre;3;Amphi A (SCI_R-00);85316
2025-09-10;Amphi E (PAL-00);13842;PAL;75;27;48;TD;Structure réactivité molé;L3 PC - LAS;1;Salle 16 (PAL-01);13883
2025-09-10;Amphi F (PAL-00);13841;PAL;75;21;54;Cours;Marges & Chaînes de mont;L2 Sciences de la terre;1;Salle 14 (PAL-01);13886
2025-09-10;Amphi G (DUB-00);17228;DUB;140;60;80;Cours;Réseaux I;L2 Informatique;8;Salle de cours 304 (BA2-00);16671
2025-09-10;Amphi G (DUB-00);17228;DUB;140;48;92;TD;Chim orga fonct, méca réa;L2 PC - Chimie;3;Salle 20 (DUB-00);17232
2025-09-10;Amphi H (DUB-00);17229;DUB;140;53;87;Cours;Analyse 3 S3;L2 Mathématiques;3;Salle de cours 509 (BA2-02);16630
2025-09-10;Salle de cours 107 (LET-00);27308;LET;68;16;52;TD;Gram esp S1 TD;<L1 LEA - AE - langues spé><L1 LEA Spé TD>L1 LEA Gpe A;12;Salle informatique 313 (LET-02);27510
2025-09-10;Salle de cours 12 (LET-00);27321;LET;60;29;31;TD;Compétences rédactionelle;<L1 Histoire><L1 Histoire Sem1>TD3 Histoire Sem1;11;Salle de cours 105 (LET-00);27306
2025-09-10;Salle de cours 13 (LET-00);27322;LET;70;28;42;TD;Gram & thème esp S3 TD;L2 LEA - AE - écogestion;12;Salle de cours 10 (LET-00);27320
2025-09-10;Salle de cours 14 (LET-00);27323;LET;98;5;93;Cours;Agreg. Espagnol Chirbes S1;PREPA. AGREGAT. ESPAGNOL;1;Salle informatique 201 (LET-01);27266
2025-09-10;Salle de cours 220 (LET-01);27254;LET;60;26;34;CM;Archéo ville au MÂ;L2 HAA;8;Salle de cours 144 (EC3-01);17123
2025-09-10;Salle de cours 220 (LET-01);27254;LET;60;16;44;TD;Méthodologie des concours;L3 Histoire - EJSP;12;Salle informatique 314 (LET-02);27509
2025-09-10;Salle de cours 23 (LET-01);27248;LET;80;25;55;CM;Histoire moderne;L3 Histoire - ER;12;Salle GREEN A_A01 (DEG-00);36278
2025-09-10;Salle de cours 32 (LET-02);27514;LET;80;20;60;Cours;Portrait de territoire;<L3 GA - TDDTE>5S-Portrait de territoire S5;1;Salle informatique 215 (LET-01);27272
2025-09-10;Salle de cours 32 (LET-02);27514;LET;80;7;73;TD;Intro. aux concours Sem5;<L3 GA - TDDTE>5S-Introduction aux concours S5;11;Salle informatique 313 (LET-02);27510
2025-09-10;Salle de cours B_B1 (DEG-00);36289;DEG;100;44;56;Cours;Informatique;L3 AES Adm géné & dév soc;2;Salle de cours C_C01 (DEG-00);36291
2025-09-10;Salle de cours C_C19 (DEG-01);36561;DEG;52;19;33;Cours;Compta de Gestion Appro.;M1 CGAO;10;Salle GREEN A_A01 (DEG-00);36278
2025-09-11;AMPHI STID (STI-00);24832;STI;165;32;133;Cours;R1.08 Mesure et instrum.;BUT 1 - MTEE;6;Salle de cours 508 (BA2-02);16629
2025-09-11;AMPHI STID (STI-00);24832;STI;165;23;142;TD;R1.04 Bases thermodyn.;<BUT 1 - MTEE><Groupes TD>TD1;4;Salle de cours 167 (B3-01);15986
2025-09-11;AMPHI STID (STI-00);24832;STI;165;9;156;TD;R1.04 Bases thermodyn.;<BUT 1 - MTEE><Groupes TD>TD2;8;Salle informatique B_BARETOUS (DEG-01);36548
2025-09-11;AMPHI STID (STI-00);24832;STI;165;28;137;Cours;R5.06 Filières énergét.;BUT 3 MTEE - Optimisation;2;Salle TP Physique B118 (SCI_R-01);84964
2025-09-11;Amphi (STAP-00);18427;STAP;300;100;200;Cours;1 Sciences Sociales;L3 STAPS EM (Tarbes);2;Salle de cours B_B1 (DEG-00);36289
2025-09-11;Amphi 1 (LET-00);27353;LET;150;74;76;CM;1 Littérature française 1;L1 Lettres - CTD;11;Salle de cours 23 (LET-01);27248
2025-09-11;Amphi 3 (LET-02);27502;LET;300;51;249;Cours;Criminologie;D.U Sc criminelles;2;Salle de cours 220 (LET-01);27254
2025-09-11;Amphi 3 (LET-02);27502;LET;300;51;249;Cours;Criminologie;D.U Sc criminelles;2;Salle de cours 220 (LET-01);27254
2025-09-11;Amphi A_A150 (DEG-00);36279;DEG;150;33;117;Cours;Procédure pénale CM;CERTIF SC CRIM;3;Salle TD I-102 (ISA-01);78600
2025-09-11;Amphi A_A150 (DEG-00);36279;DEG;150;45;105;CM;Dt pénal inter.;D.U Sc criminelles;1;Salle de cours C_C01 (DEG-00);36291
2025-09-11;Amphi A_A400 (DEG-00);36274;DEG;400;189;211;Cours;Maths microéconomie;L1 Economie et Gestion;6;Amphi 3 (LET-02);27502
2025-09-11;Amphi A_A600 (DEG-00);36275;DEG;600;269;331;Cours;Méthodologie juridique;L1 Droit (Pau);10;Amphi 400 (EC9-01);16026
2025-09-11;Amphi B (SCI_R-00);85297;SCI_R;220;47;173;Cours;Maths pour SDT;L1 Sciences de la terre;1;Salle 22 (DUB-00);17233
2025-09-11;Amphi B (SCI_R-00);85297;SCI_R;220;60;160;Cours;Intro phys géné;L1 Mathématiques;3;Salle de cours 304 (BA2-00);16671
2025-09-11;Amphi C (SCI_R-00);84869;SCI_R;192;53;139;Cours;Analyse 3 S3;L2 Mathématiques;1;Salle de cours 509 (BA2-02);16630
2025-09-11;Amphi C (SCI_R-00);84869;SCI_R;192;87;105;Cours;UE Découverte II: MMI;L1 Informatique;11;Amphi 40 (EC3-00);17104
2025-09-11;Amphi D (SCI_R-00);84870;SCI_R;192;45;147;Cours;Virologie;L3 SDV - BGST;4;Salle 18 (PAL-01);13877
2025-09-11;Amphi E (PAL-00);13842;PAL;75;22;53;Cours;Electricité-Electroniq s3;L2 PC - Physique;1;Salle 14 (PAL-01);13886
2025-09-11;Amphi F (PAL-00);13841;PAL;75;15;60;CTD;Thermodynamique S3;L2 PC - Physique;1;Salle 14 (PAL-01);13886
2025-09-11;Amphi G (DUB-00);17228;DUB;140;60;80;Cours;Compléments Math 1 S1;L1 Mathématiques;8;Salle de cours 304 (BA2-00);16671
2025-09-11;Amphi G (DUB-00);17228;DUB;140;21;119;Cours;Marges & Chaînes de mont;L2 Sciences de la terre;3;Salle 27 (DUB-00);17235
2025-09-11;Amphi G (DUB-00);17228;DUB;140;11;129;CM;Thematic culture 1;<M1 CSV - EACM- GREEN>M1 GREEN EACM Thematic Culture;2;Salle TP Informatique indus 38 (DUB-01);17153
2025-09-11;Amphi H (DUB-00);17229;DUB;140;27;113;Cours;Structure réactivité molé;L3 PC - LAS;10;Salle de cours 144 (EC3-01);17123
2025-09-11;Amphi H (DUB-00);17229;DUB;140;42;98;TD;Chim orga structure moléc;L1 SDV - LAS;1;Salle 24 (DUB-00);17227
2025-09-11;Amphi H (DUB-00);17229;DUB;140;12;128;CM;Thematic culture 3;M2 GREEN-ASSET - GÉO;1;Salle TP Informatique indus 38 (DUB-01);17153
2025-09-11;Salle de cours 107 (LET-00);27308;LET;68;23;45;TD;4 Expression Française;M1 LEA;10;Salle de cours 167 (B3-01);15986
2025-09-11;Salle de cours 120 (LET-00);27333;LET;62;27;35;TD;Mobilités humaines;L2 Géo Aménagement;1;Salle de cours IEFE 132 (LET-00);27339
2025-09-11;Salle de cours 23 (LET-01);27248;LET;80;3;77;TD;Atelier Historien contemp;L3 Histoire - Art & Patri;13;Labo de Langues 312 (LET-02);27512
2025-09-11;Salle de cours 32 (LET-02);27514;LET;80;38;42;TD;Sociologie des migrations;L3 Sociologie;5;Salle de cours 220 (LET-01);27254
2025-09-11;Salle de cours B_B1 (DEG-00);36289;DEG;100;40;60;Cours;Droit de l'urbanisme;M1 Droit transitions EE;8;Salle Recherche (B3-00);15968
2025-09-11;Salle de cours B_B2 (DEG-00);36271;DEG;76;11;65;Cours;L'inclusion dans la cité;D.U SAMPRE;1;Salle immersive D_D20bis (DEG-00);83663
2025-09-11;Salle de cours C_C04 (DEG-00);36292;DEG;50;6;44;Cours;Proc Civ/Voies exéc Ecrit;CAPA Droit 2e année (PAU);12;Salle informatique B_BARETOUS (DEG-01);36548
2025-09-11;Salle de cours C_C18 (DEG-01);36560;DEG;50;24;26;CM;Intro drt collectivés ter;D.U Métiers admin gen ter;2;Salle GREEN A_A01 (DEG-00);36278
2025-09-11;Salle de cours C_C18 (DEG-01);36560;DEG;50;24;26;CM;Le cadre institutionnel;D.U Métiers admin gen ter;3;Salle GREEN A_A01 (DEG-00);36278
2025-09-11;Salle de cours C_C19 (DEG-01);36561;DEG;52;19;33;Cours;Fondamentaux Compta-fisca;M1 CGAO;12;Salle de cours 007 (BA1-00);33446
2025-09-11;Salle de cours C_C19 (DEG-01);36561;DEG;52;19;33;Cours;Fondamentaux Compta-fisca;M1 CGAO;12;Salle de cours 007 (BA1-00);33446
2025-09-12;Amphi 1 (LET-00);27353;LET;150;53;97;Cours;Géographie &environnement;L1 Géo Aménagement;8;Salle de cours 12 (LET-00);27321
2025-09-12;Amphi 1 (LET-00);27353;LET;150;51;99;Cours;2 Stylistique 1;L2 Lettres classiques;6;Amphi 2 (LET-00);27354
2025-09-12;Amphi A (SCI_R-00);85316;SCI_R;216;47;169;Cours;Physique du globe 1;L1 Sciences de la terre;1;Amphi B (SCI_R-00);85297
2025-09-12;Amphi A_A300 (DEG-00);36276;DEG;300;119;181;Cours;Informatique 2;L2 Economie Gestion CMI;2;I-006 Kompong Speu (ISA-00);78413
2025-09-12;Amphi A_A300 (DEG-00);36276;DEG;300;119;181;Cours;Informatique 2;L2 Economie Gestion CMI;2;I-006 Kompong Speu (ISA-00);78413
2025-09-12;Amphi A_A400 (DEG-00);36274;DEG;400;44;356;Cours;Droit du travail CM;L3 AES Adm géné & dév soc;23;Salle de Cours 003 (BA1-00);33458
2025-09-12;Amphi A_A400 (DEG-00);36274;DEG;400;44;356;Cours;Droit du travail CM;L3 AES Adm géné & dév soc;23;Salle de Cours 003 (BA1-00);33458
2025-09-12;Amphi B (SCI_R-00);85297;SCI_R;220;27;193;Cours;Anglais M1-S7;<M1 SGM - BIM><Groupes Anglais>M1 BIM anglais GR 1;1;Salle TP Physique B118 (SCI_R-01);84964
2025-09-12;Amphi C (SCI_R-00);84869;SCI_R;192;59;133;Cours;Maths S3_1;L2 PC - Physique;4;Salle de cours 304 (BA2-00);16671
2025-09-12;Amphi C (SCI_R-00);84869;SCI_R;192;85;107;Cours;Maths pour la phys chim;L1 Physique, Chimie;4;Amphi 40 (EC3-00);17104
2025-09-12;Amphi D (SCI_R-00);84870;SCI_R;192;27;165;CTD;Analyse chimique 2;L3 PC - LAS;7;Salle TP Physique B118 (SCI_R-01);84964
2025-09-12;Amphi G (DUB-00);17228;DUB;140;63;77;Cours;Bases de données II;L3 MIASHS - MID;6;Salle de cours 127 (B2-01);16947
2025-09-12;Amphi G (DUB-00);17228;DUB;140;27;113;Cours;Réact. chim organique;L3 PC - LAS;2;Salle 27 (DUB-00);17235
2025-09-12;Amphi G (DUB-00);17228;DUB;140;16;124;Cours;Séries intro calcul proba;L2 MIASHS;5;Salle TP Electronique 39 (DUB-01);17156
2025-09-12;Amphi H (DUB-00);17229;DUB;140;42;98;TD;Proba approfondies &stat;L3 MIASHS - MID;5;Salle multimedia UTLA 137 (LET-00);27300
2025-09-12;Amphi H (DUB-00);17229;DUB;140;60;80;Cours;Calcul scientifique;L2 Informatique;8;Salle de cours 304 (BA2-00);16671
2025-09-12;Amphi H (DUB-00);17229;DUB;140;42;98;TD;Proba approfondies &stat;L3 MIASHS - MID;5;Salle multimedia UTLA 137 (LET-00);27300
2025-09-12;Salle de cours 107 (LET-00);27308;LET;68;30;38;TD;Gram angl S1 TD;L1 LEA - AA - langues spé;12;Salle de cours 22 (LET-01);27244
2025-09-12;Salle de cours 11 (LET-00);27324;LET;80;38;42;Cours;Sciences politiques;L3 Sociologie;10;Salle multimedia UTLA 137 (LET-00);27300
2025-09-12;Salle de cours 11 (LET-00);27324;LET;80;38;42;TD;Sociologie de l'art;L3 Sociologie;9;Salle de cours 406 (BA2-01);16739
2025-09-12;Salle de cours 13 (LET-00);27322;LET;70;35;35;TD;Vers angl S3 TD;L2 LEA - AA - écogestion;1;Salle de cours IEFE 131 (LET-00);27295
2025-09-12;Salle de cours 14 (LET-00);27323;LET;98;40;58;TD;Langue écrite S3- Version;<L2 LLCER - EA><groupes TD>TD A;2;Salle de cours 109 (LET-00);27289
2025-09-12;Salle de cours 23 (LET-01);27248;LET;80;29;51;TD;Histoire comtemporaine;<L1 Histoire><L1 Histoire Sem1>TD3 Histoire Sem1;11;Salle de cours 166 (B3-01);15984
2025-09-12;Salle de cours 23 (LET-01);27248;LET;80;32;48;TD;Histoire comtemporaine;<L1 Histoire><L1 Histoire Sem1>TD1 Histoire Sem1;11;Salle de cours 508 (BA2-02);16629
2025-09-12;Salle de cours 23 (LET-01);27248;LET;80;1;79;CM;Histoire des idées politi;<L2 Histoire>0 Hist. des idées politiques Sem3;10;Salle informatique 313 (LET-02);27510
2025-09-12;Salle de cours 301 (LET-02);27528;LET;70;24;46;CM;Nouv chps patrimoniaux;L3 HAA - HA;10;Salle 15 (PAL-01);13885
2025-09-12;Salle de cours 301 (LET-02);27528;LET;70;24;46;TD;Nouv chps patrimoniaux;L3 HAA - HA;10;Salle de cours 30 (LET-02);27513
2025-09-12;Salle de cours 301 (LET-02);27528;LET;70;5;65;CM;Agreg. Espagnol Version clasS1;PREPA. AGREGAT. ESPAGNOL;12;Labo de Langues 312 (LET-02);27512
2025-09-12;Salle de cours 31 (LET-02);27515;LET;60;5;55;CM;Agreg. Espagnol Ling. S1;PREPA. AGREGAT. ESPAGNOL;12;Salle informatique 201 (LET-01);27266
2025-09-12;Salle de cours 31 (LET-02);27515;LET;60;5;55;CM;Agreg. Espagnol Tirso S1;PREPA. AGREGAT. ESPAGNOL;9;Salle informatique 215 (LET-01);27272
2025-09-12;Salle de cours B_B1 (DEG-00);36289;DEG;100;24;76;Cours;GESTION JURIDIQUE SOCIALE;M2 Compta ctrl audit;1;Salle GREEN A_A01 (DEG-00);36278
2025-09-12;Salle de cours B_B1 (DEG-00);36289;DEG;100;17;83;Cours;Dt pén.et procéd.pén. CM;<M1 Procédures contentieux>Droit pénal et procédure pénale approfondis;21;Salle GREEN A_A01 (DEG-00);36278
2025-09-12;Salle de cours B_B1 (DEG-00);36289;DEG;100;17;83;Cours;Dt pén.et procéd.pén. CM;<M1 Procédures contentieux>Droit pénal et procédure pénale approfondis;21;Salle GREEN A_A01 (DEG-00);36278
2025-09-12;Salle de cours C_C18 (DEG-01);36560;DEG;50;24;26;CM;Le cadre institutionnel;D.U Métiers admin gen ter;3;Salle GREEN A_A01 (DEG-00);36278
2025-09-12;Salle de cours C_C18 (DEG-01);36560;DEG;50;24;26;CM;Le cadre institutionnel;D.U Métiers admin gen ter;3;Salle GREEN A_A01 (DEG-00);36278
2025-09-12;Salle de cours C_C19 (DEG-01);36561;DEG;52;19;33;Cours;Compta de Gestion Appro.;M1 CGAO;10;Salle GREEN A_A01 (DEG-00);36278
2025-09-12;Salle de cours C_C19 (DEG-01);36561;DEG;52;19;33;Cours;Management de la RSE;M1 CGAO;4;Salle GREEN A_A01 (DEG-00);36278
2025-09-15;AMPHI STID (STI-00);24832;STI;165;32;133;Cours;R1.03 Bases trsfr chaleur;BUT 1 - MTEE;4;Salle de cours 508 (BA2-02);16629
2025-09-15;Amphi (STAP-00);18427;STAP;300;80;220;Cours;1 Optimisation mentale;L3 STAPS ES (Tarbes);5;Amphi 40 (EC3-00);17104
2025-09-15;Amphi (STAP-00);18427;STAP;300;80;220;Cours;1 Règlementation;L3 STAPS ES (Tarbes);6;Amphi 40 (EC3-00);17104
2025-09-15;Amphi 1 (LET-00);27353;LET;150;43;107;Cours;Géographie & aménagement;L1 Géo Aménagement;11;Salle de cours 12 (LET-00);27321
2025-09-15;Amphi 1 (LET-00);27353;LET;150;43;107;Cours;Intro géo des populations;L1 Géo Aménagement;10;Salle de cours 12 (LET-00);27321
2025-09-15;Amphi 2 (LET-00);27354;LET;140;65;75;Cours;Civi pays hispano S3;L2 LEA - AE - langues spé;12;Salle de cours 13 (LET-00);27322
2025-09-15;Amphi 2 (LET-00);27354;LET;140;17;123;Cours;Découverte Anglais S1;<L1 LLCER - EH>Découverte CM Anglais S1;12;Salle informatique 313 (LET-02);27510
2025-09-15;Amphi 3 (LET-02);27502;LET;300;104;196;Cours;Méthodo l'observation 1;L1 Sociologie;11;Amphi B (EC9-02);16035
2025-09-15;Amphi 3 (LET-02);27502;LET;300;104;196;Cours;Enjeux sociaux contempo;L1 Sociologie;10;Amphi B (EC9-02);16035
2025-09-15;Amphi 3 (LET-02);27502;LET;300;126;174;Cours;Civi pays hispano S1;L1 LEA - AE - langues spé;13;Amphi 1 (LET-00);27353
2025-09-15;Amphi 3 (LET-02);27502;LET;300;103;197;CM;Histoire comtemporaine;L1 Histoire;11;Amphi B (EC9-02);16035
2025-09-15;Amphi A (SCI_R-00);85316;SCI_R;216;104;112;Cours;Algorithmique I;L1 Informatique;6;Amphi B (EC9-02);16035
2025-09-15;Amphi A (SCI_R-00);85316;SCI_R;216;87;129;Cours;Maths géné pour l'info;L1 Informatique;1;Amphi 40 (EC3-00);17104
2025-09-15;Amphi A_A150 (DEG-00);36279;DEG;150;40;110;Cours;Informatique;L2 AES;9;Salle Recherche (B3-00);15968
2025-09-15;Amphi A_A300 (DEG-00);36276;DEG;300;119;181;Cours;Maths pr éco/gestion 2;L2 Economie Gestion CMI;12;Amphi B (EC9-02);16035
2025-09-15;Amphi A_A300 (DEG-00);36276;DEG;300;119;181;Cours;Maths pr éco/gestion 2;L2 Economie Gestion CMI;12;Amphi B (EC9-02);16035
2025-09-15;Amphi A_A300 (DEG-00);36276;DEG;300;44;256;Cours;Droit du travail CM;L3 AES Gestion des entrep;1;Salle de cours B_B213 (DEG-02);36427
2025-09-15;Amphi A_A400 (DEG-00);36274;DEG;400;44;356;Cours;Droit du travail CM;L3 AES Adm géné & dév soc;23;Salle de Cours 003 (BA1-00);33458
2025-09-15;Amphi A_A400 (DEG-00);36274;DEG;400;33;367;Cours;Procédure pénale CM;CERTIF SC CRIM;10;Salle de cours C_C13 (DEG-01);36555
2025-09-15;Amphi A_A600 (DEG-00);36275;DEG;600;269;331;Cours;Méthodologie juridique;L1 Droit (Pau);10;Amphi 400 (EC9-01);16026
2025-09-15;Amphi B (SCI_R-00);85297;SCI_R;220;82;138;Cours;Biochimie générale;L2 Sciences de la vie;10;Amphi 40 (EC3-00);17104
2025-09-15;Amphi B (SCI_R-00);85297;SCI_R;220;110;110;Cours;Mathématiques s1;L1 Physique, Chimie;9;Amphi B (EC9-02);16035
2025-09-15;Amphi C (SCI_R-00);84869;SCI_R;192;84;108;Cours;Biologie végétale 2;L2 Sciences de la vie;7;Amphi 40 (EC3-00);17104
2025-09-15;Amphi D (SCI_R-00);84870;SCI_R;192;42;150;Cours;Graphes;L3 Informatique;2;Amphi C (SCI_R-00);84869
2025-09-15;Amphi D (SCI_R-00);84870;SCI_R;192;82;110;Cours;Biologie moléculaire;L2 Sciences de la vie;4;Amphi 40 (EC3-00);17104
2025-09-15;Amphi D (SCI_R-00);84870;SCI_R;192;85;107;Cours;Maths pour la phys chim;L1 Physique, Chimie;1;Amphi 40 (EC3-00);17104
2025-09-15;Amphi E (PAL-00);13842;PAL;75;15;60;CTD;Thermodynamique S3;L2 PC - Physique;20;Salle TP géochimie B330 (SCI_R-03);85206
2025-09-15;Amphi E (PAL-00);13842;PAL;75;32;43;CTD;EC1 Méca 1 s5;L3 PC - SGM;10;Salle de cours 508 (BA2-02);16629
2025-09-15;Amphi E (PAL-00);13842;PAL;75;22;53;Cours;Ana & algèbre 1 PPPE;L3 MIASHS - PPPE;11;Salle 15 (PAL-01);13885
2025-09-15;Amphi G (DUB-00);17228;DUB;140;53;87;Cours;Analyse 3 S3;L2 Mathématiques;16;Salle de cours 509 (BA2-02);16630
2025-09-15;Amphi G (DUB-00);17228;DUB;140;48;92;TD;Chim orga fonct, méca réa;L2 PC - LAS;7;Salle de Cours 003 (BA1-00);33458
2025-09-15;Amphi H (DUB-00);17229;DUB;140;47;93;Cours;Physique du globe 1;L1 Sciences de la terre;4;Salle de Cours 003 (BA1-00);33458
2025-09-15;Salle de cours 107 (LET-00);27308;LET;68;32;36;Cours;3 Ateliers méthodologique;M1 HCP - Arts archéo;1;Salle de cours 101 (LET-00);27328
2025-09-15;Salle de cours 12 (LET-00);27321;LET;60;16;44;CM;Enjeux contemporains;L3 Histoire - EJSP;12;Salle informatique 313 (LET-02);27510
2025-09-15;Salle de cours 120 (LET-00);27333;LET;62;20;42;CM;Arts déco et design;L3 HAA - HA;12;Salle informatique 313 (LET-02);27510
2025-09-15;Salle de cours 120 (LET-00);27333;LET;62;26;36;CM;CM Art en Europe XVIe S;L2 HAA;12;Salle multimedia UTLA 137 (LET-00);27300
2025-09-15;Salle de cours 14 (LET-00);27323;LET;98;3;95;Cours;Découverte espagnol S1;<L1 LLCER - EA>Découverte CM Espagnol S1;13;Salle informatique 313 (LET-02);27510
2025-09-15;Salle de cours 220 (LET-01);27254;LET;60;3;57;TD;Atelier Historien MÂ/mode;L3 Histoire - Art & Patri;11;Labo de Langues 312 (LET-02);27512
2025-09-15;Salle de cours 23 (LET-01);27248;LET;80;16;64;CM;L'Etat;L3 Histoire - EJSP;11;Salle informatique 313 (LET-02);27510
2025-09-15;Salle de cours 23 (LET-01);27248;LET;80;16;64;TD;L'Etat;L3 Histoire - EJSP;11;Salle informatique 313 (LET-02);27510
2025-09-15;Salle de cours B_B1 (DEG-00);36289;DEG;100;40;60;Cours;Droit des obligations;L2 AES;18;Salle Recherche (B3-00);15968
2025-09-15;Salle de cours B_B1 (DEG-00);36289;DEG;100;40;60;Cours;Droit des obligations;L2 AES;18;Salle Recherche (B3-00);15968
2025-09-15;Salle de cours B_B2 (DEG-00);36271;DEG;76;11;65;Cours;Économie publique;<L3 Economie Gestion>Coloration banque et finance;3;Salle immersive D_D20bis (DEG-00);83663
2025-09-15;Salle de cours B_B2 (DEG-00);36271;DEG;76;11;65;Cours;Éco. bancaire/éco. assura;<L3 Economie Gestion>Coloration banque et finance;4;Salle immersive D_D20bis (DEG-00);83663
2025-09-15;Salle de cours C_C03 (DEG-00);36287;DEG;50;8;42;Cours;Droit Civil Ecrit;CAPA Droit 1e année (PAU);21;Salle informatique B_BARETOUS (DEG-01);36548
2025-09-15;Salle de cours C_C04 (DEG-00);36292;DEG;50;6;44;Cours;Economie Politique Oral;CAPA Droit 2e année (PAU);14;Salle de réunion IAE CREG D_D210 (DEG-02);36444
2025-09-15;Salle de cours C_C19 (DEG-01);36561;DEG;52;9;43;TD;TD GPE 2 - TECHNIQUES DE COM.;<M1 Compta ctrl audit><TD TECH DE COM>TD GPE 2 - Tech.de com;2;Salle informatique B_BARETOUS (DEG-01);36548
2025-09-15;Salle de cours C_C19 (DEG-01);36561;DEG;52;10;42;TD;TD GPE 1 - TECHNIQUES DE COM.;<M1 Compta ctrl audit><TD TECH DE COM>TD GPE 1 - Tech. de com;2;Salle immersive D_D20bis (DEG-00);83663
2025-09-16;Amphi 1 (LET-00);27353;LET;150;60;90;Cours;Littérature S5;L3 LLCER - EA - FLE;4;Salle de cours 30 (LET-02);27513
2025-09-16;Amphi 1 (LET-00);27353;LET;150;51;99;CM;3 Histoire langue fr 3;L2 Lettres classiques;5;Salle de cours 10 (LET-00);27320
2025-09-16;Amphi 1 (LET-00);27353;LET;150;51;99;Cours;1 Linguistique française;L2 Lettres classiques;6;Salle de cours 10 (LET-00);27320
2025-09-16;Amphi 1 (LET-00);27353;LET;150;26;124;CM;CM Vill occid romain;L2 HAA;9;Salle de cours IEFE 128 (LET-00);27298
2025-09-16;Amphi 3 (LET-02);27502;LET;300;43;257;Cours;Intro à la géographie-CM;L1 Géo Aménagement;12;Salle de cours 134 (LET-00);27341
2025-09-16;Amphi 3 (LET-02);27502;LET;300;104;196;Cours;Intro Sociologie S1;L1 Sociologie;11;Amphi B (EC9-02);16035
2025-09-16;Amphi 3 (LET-02);27502;LET;300;124;176;Cours;Civilisation S1;L1 LLCER - EA;12;Amphi B (EC9-02);16035
2025-09-16;Amphi 3 (LET-02);27502;LET;300;140;160;Cours;Civi pays anglo S1;L1 LEA - AE - langues spé;12;Amphi 400 (EC9-01);16026
2025-09-16;Amphi A (SCI_R-00);85316;SCI_R;216;104;112;Cours;Systèmes d'exploitation I;L1 Informatique;1;Amphi B (SCI_R-00);85297
2025-09-16;Amphi A (SCI_R-00);85316;SCI_R;216;40;176;Cours;Intro à l'info;L1 MIASHS;2;Amphi D (SCI_R-00);84870
2025-09-16;Amphi A_A300 (DEG-00);36276;DEG;300;127;173;CM;DIP 1;M1 juriste d'affaires F/E;1;Amphi A_A600 (DEG-00);36275
2025-09-16;Amphi A_A300 (DEG-00);36276;DEG;300;40;260;Cours;Droit administratif 1;L2 AES;16;Salle Recherche (B3-00);15968
2025-09-16;Amphi A_A300 (DEG-00);36276;DEG;300;40;260;Cours;Droit administratif 1;L2 AES;16;Salle Recherche (B3-00);15968
2025-09-16;Amphi A_A400 (DEG-00);36274;DEG;400;138;262;Cours;Analyse financière;L3 AES Gestion des entrep;14;Amphi 400 (EC9-01);16026
2025-09-16;Amphi A_A400 (DEG-00);36274;DEG;400;138;262;Cours;Analyse financière;L3 AES Gestion des entrep;14;Amphi 400 (EC9-01);16026
2025-09-16;Amphi A_A600 (DEG-00);36275;DEG;600;269;331;Cours;Méthodologie juridique;L1 Droit (Pau);10;Amphi 400 (EC9-01);16026
2025-09-16;Amphi A_A600 (DEG-00);36275;DEG;600;269;331;Cours;Méthodologie juridique;L1 Droit (Pau);10;Amphi 400 (EC9-01);16026
2025-09-16;Amphi A_A600 (DEG-00);36275;DEG;600;269;331;Cours;Méthodologie juridique;L1 Droit (Pau);10;Amphi 400 (EC9-01);16026
2025-09-16;Amphi A_A600 (DEG-00);36275;DEG;600;269;331;Cours;Méthodologie juridique;L1 Droit (Pau);10;Amphi 400 (EC9-01);16026
2025-09-16;Amphi B (SCI_R-00);85297;SCI_R;220;82;138;Cours;Biochimie générale;L2 Sciences de la vie;10;Amphi 40 (EC3-00);17104
2025-09-16;Amphi B (SCI_R-00);85297;SCI_R;220;45;175;Cours;Virologie;L3 SDV - BGST;2;Amphi A (SCI_R-00);85316
2025-09-16;Amphi C (SCI_R-00);84869;SCI_R;192;84;108;Cours;Biologie végétale 2;L2 Sciences de la vie;7;Amphi 40 (EC3-00);17104
2025-09-16;Amphi C (SCI_R-00);84869;SCI_R;192;82;110;Cours;Biologie moléculaire;L2 Sciences de la vie;1;Amphi B (SCI_R-00);85297
2025-09-16;Amphi C (SCI_R-00);84869;SCI_R;192;48;144;Cours;Chim orga fonct, méca réa;L2 PC - LAS;5;Salle de Cours 003 (BA1-00);33458
2025-09-16;Amphi C (SCI_R-00);84869;SCI_R;192;59;133;Cours;Maths S3_1;L2 PC - Physique;4;Salle de cours 304 (BA2-00);16671
2025-09-16;Amphi C_A120 (DEG-00);36290;DEG;120;21;99;Cours;TECHNIQUE DE COM;M1 Compta ctrl audit;1;Salle GREEN A_A01 (DEG-00);36278
2025-09-16;Amphi D (SCI_R-00);84870;SCI_R;192;52;140;CTD;Structure cristalline;L3 PC - SGM;6;Salle de cours 509 (BA2-02);16630
2025-09-16;Amphi D (SCI_R-00);84870;SCI_R;192;45;147;Cours;Virologie;L3 SDV - BGST;4;Salle 18 (PAL-01);13877
2025-09-16;Amphi E (PAL-00);13842;PAL;75;15;60;CTD;Thermodynamique S3;L2 PC - Physique;20;Salle TP géochimie B330 (SCI_R-03);85206
2025-09-16;Amphi E (PAL-00);13842;PAL;75;14;61;Cours;OMP S3;L2 PC - Physique;11;Salle 18 (PAL-01);13877
2025-09-16;Amphi G (DUB-00);17228;DUB;140;53;87;Cours;Intro topologie;L2 Mathématiques;12;Salle de cours 509 (BA2-02);16630
2025-09-16;Amphi G (DUB-00);17228;DUB;140;40;100;Cours;Eléments d'algèbre;L1 MIASHS;7;Salle Recherche (B3-00);15968
2025-09-16;Amphi H (DUB-00);17229;DUB;140;27;113;CTD;Analyse chimique 2;L3 PC - LAS;6;Salle 35 (DUB-01);17160
2025-09-16;Amphi H (DUB-00);17229;DUB;140;42;98;Cours;Concept° d'appli internet;L3 Informatique;2;Salle multimedia UTLA 137 (LET-00);27300
2025-09-16;Amphi H (DUB-00);17229;DUB;140;42;98;Cours;Concept° d'appli internet;L3 Informatique;2;Salle multimedia UTLA 137 (LET-00);27300
2025-09-16;Salle de cours 11 (LET-00);27324;LET;80;38;42;Cours;Sociologie du travail;L3 Sociologie;9;Salle de cours 406 (BA2-01);16739
2025-09-16;Salle de cours 12 (LET-00);27321;LET;60;25;35;TD;Histoire moderne;L3 Histoire - ER;11;Salle de cours IEFE 128 (LET-00);27298
2025-09-16;Salle de cours 120 (LET-00);27333;LET;62;26;36;CM;Habitat et vie privée;L2 HAA;11;Salle de cours 144 (EC3-01);17123
2025-09-16;Salle de cours 120 (LET-00);27333;LET;62;30;32;CM;Hist art ibéri mod & cont;L2 HAA;12;Salle de cours 166 (B3-01);15984
2025-09-16;Salle de cours 14 (LET-00);27323;LET;98;33;65;TD;2 Ateliers pratiques 1;<L1 Lettres - CTD><L1 CTD S1 Groupes de TD>L1 LCTD S1 TD1;1;Salle de cours 229 (LET-01);27285
2025-09-16;Salle de cours 14 (LET-00);27323;LET;98;28;70;TD;2 Fondamentaux en ortho 1;<L1 Lettres class & modern><L1 LCM S1 Groupes de TD>L1 LCM S1 TD2;10;Salle de cours 166 (B3-01);15984
2025-09-16;Salle de cours 220 (LET-01);27254;LET;60;10;50;CM;UE3EC2 Question genres et gen;M1 Etudes hispaniques;8;Salle informatique 201 (LET-01);27266
2025-09-16;Salle de cours 32 (LET-02);27514;LET;80;27;53;Cours;Mobilités humaines;L2 Géo Aménagement;11;Salle de cours 10 (LET-00);27320
2025-09-16;Salle de cours 32 (LET-02);27514;LET;80;17;63;CM;Tourisme, géographie amén;<L2 Géo Aménagement>3S-Tourisme, géographie et aménagement S3;4;Salle informatique 313 (LET-02);27510
2025-09-16;Salle de cours B_B1 (DEG-00);36289;DEG;100;40;60;Cours;Informatique;L2 AES;5;Salle Recherche (B3-00);15968
2025-09-16;Salle de cours B_B1 (DEG-00);36289;DEG;100;31;69;Cours;Réunion Pré rentrée;M1 Droit transitions EE;1;Salle de cours B_B6 (DEG-00);36270
2025-09-16;Salle de cours B_B1 (DEG-00);36289;DEG;100;11;89;Cours;Intro à la croissance;L2 Economie Gestion CMI;8;Salle immersive D_D20bis (DEG-00);83663
2025-09-16;Salle de cours C_C03 (DEG-00);36287;DEG;50;8;42;Cours;Droit Public Ecrit;CAPA Droit 1e année (PAU);22;Salle informatique B_BARETOUS (DEG-01);36548
2025-09-16;Salle de cours C_C04 (DEG-00);36292;DEG;50;11;39;Cours;Éco. bancaire/éco. assura;<L3 Economie Gestion>Coloration banque et finance;2;Salle immersive D_D20bis (DEG-00);83663
2025-09-16;Salle de cours C_C04 (DEG-00);36292;DEG;50;11;39;Cours;Éco. bancaire/éco. assura;<L3 Economie Gestion>Coloration banque et finance;2;Salle immersive D_D20bis (DEG-00);83663
2025-09-16;Salle de cours C_C04 (DEG-00);36292;DEG;50;13;37;Cours;Hist. des dts de l'H.;M1 Droit exécution peines;24;Salle GREEN A_A01 (DEG-00);36278
2025-09-16;Salle de cours C_C04 (DEG-00);36292;DEG;50;13;37;Cours;Hist. des dts de l'H.;M1 Droit exécution peines;24;Salle GREEN A_A01 (DEG-00);36278
2025-09-16;Salle de cours C_C04 (DEG-00);36292;DEG;50;6;44;Cours;Dt Adm Spécial Ecrit;CAPA Droit 2e année (PAU);13;Salle informatique B_BARETOUS (DEG-01);36548
2025-09-16;Salle de cours C_C18 (DEG-01);36560;DEG;50;11;39;Cours;Anglais M2 DEG S9;<M2 Droit transitions EE><TD Anglais>Anglais M2 DTEE;4;Salle immersive D_D20bis (DEG-00);83663
2025-09-17;AMPHI STID (STI-00);24832;STI;165;32;133;Cours;R1.04 Bases thermodyn.;BUT 1 - MTEE;3;Salle de cours 508 (BA2-02);16629
2025-09-17;Amphi (STAP-00);18427;STAP;300;24;276;TD;1 Suivi de stage;<L2 STAPS MS (Tarbes)><GROUPES TD>MS G1;1;Salle de cours 167 (B3-01);15986
2025-09-17;Amphi 1 (LET-00);27353;LET;150;65;85;Cours;Méthodo quantitative 1;L2 Sociologie;9;Salle de cours 131 (B2-01);16957
2025-09-17;Amphi 1 (LET-00);27353;LET;150;68;82;CM;Art gr antiq et péléochré;L1 HAA;6;Salle de cours 301 (LET-02);27528
2025-09-17;Amphi 1 (LET-00);27353;LET;150;40;110;CM;1 Littérature comparée 1;L1 Lettres class & modern;11;Salle de cours 133 (LET-00);27338
2025-09-17;Amphi 2 (LET-00);27354;LET;140;68;72;CM;Culture historique;L1 HAA;11;Salle de cours 131 (B2-01);16957
2025-09-17;Amphi 3 (LET-02);27502;LET;300;140;160;Cours;Expr française S1 CM;L1 LEA - AE - langues spé;13;Amphi 400 (EC9-01);16026
2025-09-17;Amphi 3 (LET-02);27502;LET;300;124;176;Cours;Linguistique S1;L1 LLCER - EA;12;Amphi B (EC9-02);16035
2025-09-17;Amphi 3 (LET-02);27502;LET;300;124;176;Cours;Littérature S1;L1 LLCER - EA;12;Amphi B (EC9-02);16035
2025-09-17;Amphi 3 (LET-02);27502;LET;300;126;174;Cours;Gram esp S1 CM;L1 LEA - AE - langues spé;7;Amphi B (EC9-02);16035
2025-09-17;Amphi A (SCI_R-00);85316;SCI_R;216;104;112;Cours;Algorithmique I;L1 Informatique;6;Amphi B (EC9-02);16035
2025-09-17;Amphi A_A150 (DEG-00);36279;DEG;150;44;106;Cours;Informatique;L3 AES Adm géné & dév soc;14;Salle 7 (PAL-00);13839
2025-09-17;Amphi A_A300 (DEG-00);36276;DEG;300;32;268;Cours;Econométrie;L3 MIASHS - MID;2;Salle de cours B_B7 (DEG-00);36273
2025-09-17;Amphi A_A300 (DEG-00);36276;DEG;300;149;151;Cours;Économie internationale 1;L3 AES Gestion des entrep;13;Amphi 400 (EC9-01);16026
2025-09-17;Amphi A_A300 (DEG-00);36276;DEG;300;149;151;Cours;Économie internationale 1;L3 AES Gestion des entrep;13;Amphi 400 (EC9-01);16026
2025-09-17;Amphi A_A400 (DEG-00);36274;DEG;400;159;241;Cours;Comptabilité 2;L2 Economie Gestion CMI;11;Amphi (STAP-00);18427
2025-09-17;Amphi A_A400 (DEG-00);36274;DEG;400;105;295;Cours;Conjoncture et croissance;L3 Economie Gestion;3;Amphi C_A120 (DEG-00);36290
2025-09-17;Amphi B (SCI_R-00);85297;SCI_R;220;48;172;Cours;Chimie des solutions 3;L2 PC - LAS;2;Amphi A (SCI_R-00);85316
2025-09-17;Amphi B (SCI_R-00);85297;SCI_R;220;85;135;Cours;MTU;L1 Physique, Chimie;4;Amphi 40 (EC3-00);17104
2025-09-17;Amphi C (SCI_R-00);84869;SCI_R;192;87;105;Cours;Maths géné pour l'info;L1 Informatique;6;Amphi 40 (EC3-00);17104
2025-09-17;Amphi C_A120 (DEG-00);36290;DEG;120;45;75;Cours;Criminologie;D.U Sc criminelles;2;Salle de cours B_B213 (DEG-02);36427
2025-09-17;Amphi C_A120 (DEG-00);36290;DEG;120;45;75;Cours;Criminologie;D.U Sc criminelles;2;Salle de cours B_B213 (DEG-02);36427
2025-09-17;Amphi C_A120 (DEG-00);36290;DEG;120;43;77;TD;APP;L1 Géo Aménagement;2;Salle de cours C_C04 (DEG-00);36292
2025-09-17;Amphi D (SCI_R-00);84870;SCI_R;192;52;140;Cours;Cinétique Formelle;L2 PC - LAS;3;Amphi A (SCI_R-00);85316
2025-09-17;Amphi E (PAL-00);13842;PAL;75;27;48;Cours;Diagramme état thermo mél;L3 PC - LAS;10;Salle de cours 144 (EC3-01);17123
2025-09-17;Amphi E (PAL-00);13842;PAL;75;27;48;TD;Diagramme état thermo mél;L3 PC - LAS;11;Salle de cours 144 (EC3-01);17123
2025-09-17;Amphi G (DUB-00);17228;DUB;140;60;80;Cours;Réseaux I;L2 Informatique;8;Salle de cours 304 (BA2-00);16671
2025-09-17;Amphi G (DUB-00);17228;DUB;140;45;95;Cours;Génétique bactérienne;L3 SDV - BGST;3;Salle 19 (PAL-01);13876
2025-09-17;Amphi G (DUB-00);17228;DUB;140;42;98;TD;Chim orga structure moléc;<L1 Sciences de la vie><Groupes TD>L1 SDV groupe 4;1;Salle 21 (DUB-00);17234
2025-09-17;Amphi G (DUB-00);17228;DUB;140;45;95;Cours;Génétique bactérienne;L3 SDV - BGST;3;Salle 19 (PAL-01);13876
2025-09-17;Amphi H (DUB-00);17229;DUB;140;53;87;Cours;Analyse 3 S3;L2 Mathématiques;3;Salle de cours 509 (BA2-02);16630
2025-09-17;Salle de cours 107 (LET-00);27308;LET;68;16;52;TD;Gram esp S1 TD;<L1 LEA - AE - langues spé><L1 LEA Spé TD>L1 LEA Gpe A;12;Salle informatique 313 (LET-02);27510
2025-09-17;Salle de cours 12 (LET-00);27321;LET;60;29;31;TD;Compétences rédactionelle;<L1 Histoire><L1 Histoire Sem1>TD3 Histoire Sem1;11;Salle de cours 105 (LET-00);27306
2025-09-17;Salle de cours 120 (LET-00);27333;LET;62;15;47;TD;1 Méthodologie S7;M1 Lettres et arts;9;Salle informatique 202 (LET-01);27273
2025-09-17;Salle de cours 120 (LET-00);27333;LET;62;26;36;TD;TD Art en Europe XVIe S;L2 HAA;12;Salle de cours 144 (EC3-01);17123
2025-09-17;Salle de cours 13 (LET-00);27322;LET;70;12;58;TD;Expr française S1 TD;L1 LEA - AA - langues spé;12;Labo de Langues 316 (LET-02);27521
2025-09-17;Salle de cours 13 (LET-00);27322;LET;70;28;42;TD;Gram & thème esp S3 TD;L2 LEA - AE - écogestion;12;Salle de cours 10 (LET-00);27320
2025-09-17;Salle de cours 14 (LET-00);27323;LET;98;34;64;CM;UE12 EC1 Intro à l'esthétique;M2 Etudes hispaniques;3;Salle multimedia UTLA 137 (LET-00);27300
2025-09-17;Salle de cours 220 (LET-01);27254;LET;60;26;34;CM;Archéo ville au MÂ;L2 HAA;8;Salle de cours 144 (EC3-01);17123
2025-09-17;Salle de cours 220 (LET-01);27254;LET;60;16;44;TD;Méthodologie des concours;L3 Histoire - EJSP;12;Salle informatique 314 (LET-02);27509
2025-09-17;Salle de cours 23 (LET-01);27248;LET;80;25;55;CM;Histoire moderne;L3 Histoire - ER;12;Salle GREEN A_A01 (DEG-00);36278
2025-09-17;Salle de cours 301 (LET-02);27528;LET;70;5;65;Cours;Agreg. Espagnol Chirbes 2 S1;PREPA. AGREGAT. ESPAGNOL;8;Salle informatique 313 (LET-02);27510
2025-09-17;Salle de cours 32 (LET-02);27514;LET;80;20;60;TD;Portrait de territoire;<L3 GA - TDDTE>5S-Portrait de territoire S5;11;Labo de Langues 316 (LET-02);27521
2025-09-17;Salle de cours 32 (LET-02);27514;LET;80;24;56;CM;Statistiques bivariées;L2 Géo Aménagement;5;Salle de cours 105 (LET-00);27306
2025-09-17;Salle de cours 32 (LET-02);27514;LET;80;7;73;TD;Intro. aux concours Sem5;<L3 GA - TDDTE>5S-Introduction aux concours S5;11;Salle informatique 313 (LET-02);27510
2025-09-17;Salle de cours B_B1 (DEG-00);36289;DEG;100;12;88;Cours;Problé. cont. du dév. 1;M2 Eur Inter Env Dév;1;Salle immersive D_D20bis (DEG-00);83663
2025-09-17;Salle de cours C_C03 (DEG-00);36287;DEG;50;8;42;Cours;Droit Commercial Oral;CAPA Droit 1e année (PAU);12;Salle de réunion IAE CREG D_D210 (DEG-02);36444
2025-09-17;Salle de cours C_C04 (DEG-00);36292;DEG;50;6;44;Cours;Droit Fiscal Oral;CAPA Droit 2e année (PAU);14;Salle de réunion IAE CREG D_D210 (DEG-02);36444
2025-09-17;Salle de cours C_C19 (DEG-01);36561;DEG;52;21;31;Cours;PP AUDIT ET CONTROLE INT;M1 Compta ctrl audit;2;Salle GREEN A_A01 (DEG-00);36278
2025-09-18;AMPHI STID (STI-00);24832;STI;165;32;133;Cours;R1.08 Mesure et instrum.;BUT 1 - MTEE;6;Salle de cours 508 (BA2-02);16629
2025-09-18;AMPHI STID (STI-00);24832;STI;165;23;142;TD;R1.04 Bases thermodyn.;<BUT 1 - MTEE><Groupes TD>TD1;4;Salle de cours 167 (B3-01);15986
2025-09-18;AMPHI STID (STI-00);24832;STI;165;9;156;TD;R1.04 Bases thermodyn.;<BUT 1 - MTEE><Groupes TD>TD2;8;Salle informatique B_BARETOUS (DEG-01);36548
2025-09-18;Amphi (STAP-00);18427;STAP;300;100;200;Cours;1 Sciences Sociales;L3 STAPS EM (Tarbes);2;Salle de cours B_B1 (DEG-00);36289
2025-09-18;Amphi 3 (LET-02);27502;LET;300;104;196;Cours;Métier étud & découv univ;L1 Sociologie;4;Amphi 1 (LET-00);27353
2025-09-18;Amphi A_A150 (DEG-00);36279;DEG;150;68;82;CM;Droit bancaire;M1 juriste d'affaires F/E;2;Salle de cours B_B2 (DEG-00);36271
2025-09-18;Amphi A_A150 (DEG-00);36279;DEG;150;68;82;CM;Droit bancaire;M1 juriste d'affaires F/E;2;Salle de cours B_B2 (DEG-00);36271
2025-09-18;Amphi A_A400 (DEG-00);36274;DEG;400;189;211;Cours;Maths microéconomie;L1 Economie et Gestion;6;Amphi 3 (LET-02);27502
2025-09-18;Amphi A_A600 (DEG-00);36275;DEG;600;269;331;Cours;Méthodologie juridique;L1 Droit (Pau);10;Amphi 400 (EC9-01);16026
2025-09-18;Amphi A_A600 (DEG-00);36275;DEG;600;269;331;Cours;Méthodologie juridique;L1 Droit (Pau);10;Amphi 400 (EC9-01);16026
2025-09-18;Amphi A_A600 (DEG-00);36275;DEG;600;235;365;Cours;Macroéconomie 2;L2 Economie Gestion CMI;2;Amphi 400 (EC9-01);16026
2025-09-18;Amphi A_A600 (DEG-00);36275;DEG;600;269;331;Cours;Intro hist au droit;L1 Droit (Pau);7;Amphi 400 (EC9-01);16026
2025-09-18;Amphi B (SCI_R-00);85297;SCI_R;220;87;133;Cours;UE Découverte I: physique;L1 Informatique;5;Amphi 40 (EC3-00);17104
2025-09-18;Amphi B (SCI_R-00);85297;SCI_R;220;60;160;Cours;Intro phys géné;L1 Mathématiques;3;Salle de cours 304 (BA2-00);16671
2025-09-18;Amphi C (SCI_R-00);84869;SCI_R;192;60;132;Cours;Calcul scientifique;L2 Informatique;1;Salle de cours 304 (BA2-00);16671
2025-09-18;Amphi C (SCI_R-00);84869;SCI_R;192;87;105;Cours;UE Découverte II: MMI;L1 Informatique;11;Amphi 40 (EC3-00);17104
2025-09-18;Amphi D (SCI_R-00);84870;SCI_R;192;22;170;Cours;Electricité-Electroniq s3;L2 PC - Physique;1;Salle TP Physique B133 (SCI_R-01);84952
2025-09-18;Amphi F (PAL-00);13841;PAL;75;22;53;Cours;Mécanique du Solide s3;L2 PC - Physique;1;Salle 14 (PAL-01);13886
2025-09-18;Amphi F (PAL-00);13841;PAL;75;27;48;CTD;Analyse chimique 2;L3 PC - LAS;5;Salle de cours 144 (EC3-01);17123
2025-09-18;Amphi G (DUB-00);17228;DUB;140;60;80;Cours;Compléments Math 1 S1;L1 Mathématiques;8;Salle de cours 304 (BA2-00);16671
2025-09-18;Amphi G (DUB-00);17228;DUB;140;11;129;CM;Thematic culture 1;<M1 CSV - EACM- GREEN>M1 GREEN EACM Thematic Culture;2;Salle TP Informatique indus 38 (DUB-01);17153
2025-09-18;Amphi G (DUB-00);17228;DUB;140;17;123;Cours;Thematic culture 1;<M1 SGM - MINEST - GREEN>M1 GREEN Minest Conférences;1;Salle TP Electronique 39 (DUB-01);17156
2025-09-18;Amphi H (DUB-00);17229;DUB;140;27;113;Cours;Structure réactivité molé;L3 PC - LAS;10;Salle de cours 144 (EC3-01);17123
2025-09-18;Amphi H (DUB-00);17229;DUB;140;21;119;Cours;Marges & Chaînes de mont;L2 Sciences de la terre;2;Salle Info 26 (DUB-00);17238
2025-09-18;Amphi H (DUB-00);17229;DUB;140;21;119;Cours;Marges & Chaînes de mont;L2 Sciences de la terre;2;Salle Info 26 (DUB-00);17238
2025-09-18;Salle de cours 107 (LET-00);27308;LET;68;23;45;TD;4 Expression Française;M1 LEA;10;Salle de cours 167 (B3-01);15986
2025-09-18;Salle de cours 120 (LET-00);27333;LET;62;19;43;CM;UE14EC1 Id et altérité litté;M2 Etudes anglophones;8;Salle informatique 215 (LET-01);27272
2025-09-18;Salle de cours 23 (LET-01);27248;LET;80;3;77;TD;Atelier Historien contemp;L3 Histoire - Art & Patri;13;Labo de Langues 312 (LET-02);27512
2025-09-18;Salle de cours 31 (LET-02);27515;LET;60;28;32;TD;Introduction à la recherche;L3 LLCER - EA - ER;1;Salle de cours 113 (LET-00);27303
2025-09-18;Salle de cours B_B1 (DEG-00);36289;DEG;100;40;60;Cours;Droit de l'urbanisme;M1 Droit transitions EE;8;Salle Recherche (B3-00);15968
2025-09-18;Salle de cours C_C03 (DEG-00);36287;DEG;50;8;42;Cours;Droit Commercial Oral;CAPA Droit 1e année (PAU);12;Salle de réunion IAE CREG D_D210 (DEG-02);36444
2025-09-18;Salle de cours C_C18 (DEG-01);36560;DEG;50;17;33;Cours;Anglais;<M2 Drt Act publique loc><TD Anglais>Anglais M2 Droit Public;9;Salle informatique B_OSSAU (DEG-01);36551
2025-09-18;Salle de cours C_C18 (DEG-01);36560;DEG;50;24;26;CM;les grands principes;D.U Métiers admin gen ter;3;Salle GREEN A_A01 (DEG-00);36278
2025-09-18;Salle de cours C_C18 (DEG-01);36560;DEG;50;24;26;CM;les grands principes;D.U Métiers admin gen ter;3;Salle GREEN A_A01 (DEG-00);36278
2025-09-19;Amphi 1 (LET-00);27353;LET;150;53;97;Cours;Géographie &environnement;L1 Géo Aménagement;8;Salle de cours 12 (LET-00);27321
2025-09-19;Amphi 1 (LET-00);27353;LET;150;51;99;Cours;2 Stylistique 1;L2 Lettres classiques;6;Amphi 2 (LET-00);27354
2025-09-19;Amphi 3 (LET-02);27502;LET;300;104;196;Cours;Intro à l'anthropologie;L1 Sociologie;9;Amphi B (EC9-02);16035
2025-09-19;Amphi A (SCI_R-00);85316;SCI_R;216;21;195;Cours;Marges & Chaînes de mont;L2 Sciences de la terre;1;Salle TP Physique B133 (SCI_R-01);84952
2025-09-19;Amphi A_A400 (DEG-00);36274;DEG;400;44;356;Cours;Droit du travail CM;L3 AES Adm géné & dév soc;23;Salle de Cours 003 (BA1-00);33458
2025-09-19;Amphi A_A400 (DEG-00);36274;DEG;400;44;356;Cours;Droit du travail CM;L3 AES Adm géné & dév soc;23;Salle de Cours 003 (BA1-00);33458
2025-09-19;Amphi A_A400 (DEG-00);36274;DEG;400;33;367;Cours;Intro Sciences criminelle;CERTIF SC CRIM;14;Salle de cours 240 (EC3-02);73530
2025-09-19;Amphi A_A400 (DEG-00);36274;DEG;400;33;367;Cours;Intro Sciences criminelle;CERTIF SC CRIM;14;Salle de cours 240 (EC3-02);73530
2025-09-19;Amphi A_A600 (DEG-00);36275;DEG;600;119;481;Cours;Informatique 2;L2 Economie Gestion CMI;2;Amphi A_A150 (DEG-00);36279
2025-09-19;Amphi A_A600 (DEG-00);36275;DEG;600;119;481;Cours;Informatique 2;L2 Economie Gestion CMI;2;Amphi A_A150 (DEG-00);36279
2025-09-19;Amphi B (SCI_R-00);85297;SCI_R;220;47;173;Cours;Roches et Chronologie;L1 Sciences de la terre;2;Amphi A (SCI_R-00);85316
2025-09-19;Amphi C (SCI_R-00);84869;SCI_R;192;85;107;Cours;Maths pour la phys chim;L1 Physique, Chimie;4;Amphi 40 (EC3-00);17104
2025-09-19;Amphi C (SCI_R-00);84869;SCI_R;192;85;107;Cours;Maths pour la phys chim;L1 Physique, Chimie;4;Amphi 40 (EC3-00);17104
2025-09-19;Amphi D (SCI_R-00);84870;SCI_R;192;27;165;CTD;Analyse chimique 2;L3 PC - LAS;7;Salle TP Physique B118 (SCI_R-01);84964
2025-09-19;Amphi D (SCI_R-00);84870;SCI_R;192;48;144;Cours;Chim orga fonct, méca réa;L2 PC - LAS;5;Salle de Cours 003 (BA1-00);33458
2025-09-19;Amphi D (SCI_R-00);84870;SCI_R;192;22;170;Cours;Mécanique du Solide s3;L2 PC - Physique;1;Salle TP Physique B133 (SCI_R-01);84952
2025-09-19;Amphi E (PAL-00);13842;PAL;75;16;59;Cours;Séries intro calcul proba;L2 MIASHS;1;Salle 14 (PAL-01);13886
2025-09-19;Amphi F (PAL-00);13841;PAL;75;27;48;TD;Structure réactivité molé;L3 PC - LAS;3;Salle 18 (PAL-01);13877
2025-09-19;Amphi F (PAL-00);13841;PAL;75;32;43;CTD;EC1 Méca 1 s5;L3 PC - SGM;3;Salle 8 (PAL-00);13834
2025-09-19;Amphi G (DUB-00);17228;DUB;140;63;77;Cours;Bases de données II;L3 MIASHS - MID;6;Salle de cours 127 (B2-01);16947
2025-09-19;Amphi G (DUB-00);17228;DUB;140;27;113;Cours;Réact. chim organique;L3 PC - LAS;2;Salle 27 (DUB-00);17235
2025-09-19;Amphi G (DUB-00);17228;DUB;140;47;93;Cours;Physique du globe 1;L1 Sciences de la terre;4;Salle de Cours 003 (BA1-00);33458
2025-09-19;Amphi H (DUB-00);17229;DUB;140;42;98;TD;Proba approfondies &stat;L3 MIASHS - MID;5;Salle multimedia UTLA 137 (LET-00);27300
2025-09-19;Amphi H (DUB-00);17229;DUB;140;60;80;Cours;Calcul scientifique;L2 Informatique;8;Salle de cours 304 (BA2-00);16671
2025-09-19;Salle de cours 107 (LET-00);27308;LET;68;30;38;TD;Gram angl S1 TD;L1 LEA - AA - langues spé;12;Salle de cours 22 (LET-01);27244
2025-09-19;Salle de cours 11 (LET-00);27324;LET;80;38;42;Cours;Sciences politiques;L3 Sociologie;10;Salle multimedia UTLA 137 (LET-00);27300
2025-09-19;Salle de cours 11 (LET-00);27324;LET;80;38;42;TD;Sociologie de l'art;L3 Sociologie;9;Salle de cours 406 (BA2-01);16739
2025-09-19;Salle de cours 11 (LET-00);27324;LET;80;38;42;Cours;Actualités sociologiques;L3 Sociologie;8;Salle de cours 406 (BA2-01);16739
2025-09-19;Salle de cours 120 (LET-00);27333;LET;62;26;36;CM;Cult architectu & urbaine;L2 HAA;7;Amphi 3 (LET-02);27502
2025-09-19;Salle de cours 23 (LET-01);27248;LET;80;29;51;TD;Histoire comtemporaine;<L1 Histoire><L1 Histoire Sem1>TD3 Histoire Sem1;11;Salle de cours 166 (B3-01);15984
2025-09-19;Salle de cours 23 (LET-01);27248;LET;80;32;48;TD;Histoire comtemporaine;<L1 Histoire><L1 Histoire Sem1>TD1 Histoire Sem1;11;Salle de cours 508 (BA2-02);16629
2025-09-19;Salle de cours 23 (LET-01);27248;LET;80;1;79;CM;Histoire des idées politi;<L2 Histoire>0 Hist. des idées politiques Sem3;10;Salle informatique 313 (LET-02);27510
2025-09-19;Salle de cours 301 (LET-02);27528;LET;70;24;46;CM;Nouv chps patrimoniaux;L3 HAA - HA;10;Salle 15 (PAL-01);13885
2025-09-19;Salle de cours 301 (LET-02);27528;LET;70;24;46;TD;Nouv chps patrimoniaux;L3 HAA - HA;10;Salle de cours 30 (LET-02);27513
2025-09-19;Salle de cours 301 (LET-02);27528;LET;70;5;65;CM;Agreg. Espagnol Version clasS1;PREPA. AGREGAT. ESPAGNOL;12;Labo de Langues 312 (LET-02);27512
2025-09-19;Salle de cours 31 (LET-02);27515;LET;60;5;55;CM;Agreg. Espagnol Ling. S1;PREPA. AGREGAT. ESPAGNOL;12;Salle informatique 201 (LET-01);27266
2025-09-19;Salle de cours 31 (LET-02);27515;LET;60;5;55;CM;Agreg. Espagnol Tirso S1;PREPA. AGREGAT. ESPAGNOL;9;Salle informatique 215 (LET-01);27272
2025-09-19;Salle de cours B_B1 (DEG-00);36289;DEG;100;11;89;Cours;Econométrie;<L3 Economie Gestion>Coloration banque et finance;1;Salle immersive D_D20bis (DEG-00);83663
2025-09-19;Salle de cours B_B1 (DEG-00);36289;DEG;100;12;88;Cours;Dt pén.et procéd.pén. CM;<M1 Procédures contentieux>Droit pénal et procédure pénale approfondis;21;Salle GREEN A_A01 (DEG-00);36278
2025-09-19;Salle de cours B_B1 (DEG-00);36289;DEG;100;12;88;Cours;Dt pén.et procéd.pén. CM;<M1 Procédures contentieux>Droit pénal et procédure pénale approfondis;21;Salle GREEN A_A01 (DEG-00);36278
2025-09-19;Salle de cours C_C18 (DEG-01);36560;DEG;50;24;26;CM;les grands principes;D.U Métiers admin gen ter;3;Salle GREEN A_A01 (DEG-00);36278
2025-09-22;AMPHI STID (STI-00);24832;STI;165;32;133;Cours;R1.04 Bases thermodyn.;BUT 1 - MTEE;3;Salle de cours 508 (BA2-02);16629
2025-09-22;AMPHI STID (STI-00);24832;STI;165;32;133;Cours;R1.02 Chauffage-ECS-Vent.;BUT 1 - MTEE;4;Salle de cours 508 (BA2-02);16629
2025-09-22;Amphi (STAP-00);18427;STAP;300;80;220;Cours;1 Optimisation mentale;L3 STAPS ES (Tarbes);5;Amphi 40 (EC3-00);17104
2025-09-22;Amphi (STAP-00);18427;STAP;300;80;220;Cours;1 Optimisation de la perf;L3 STAPS ES (Tarbes);5;Amphi 40 (EC3-00);17104
2025-09-22;Amphi 1 (LET-00);27353;LET;150;43;107;Cours;Géographie & aménagement;L1 Géo Aménagement;11;Salle de cours 12 (LET-00);27321
2025-09-22;Amphi 1 (LET-00);27353;LET;150;43;107;Cours;Intro géo des populations;L1 Géo Aménagement;10;Salle de cours 12 (LET-00);27321
2025-09-22;Amphi 2 (LET-00);27354;LET;140;65;75;Cours;Civi pays hispano S3;L2 LEA - AE - langues spé;12;Salle de cours 13 (LET-00);27322
2025-09-22;Amphi 3 (LET-02);27502;LET;300;104;196;Cours;Méthodo l'observation 1;L1 Sociologie;11;Amphi B (EC9-02);16035
2025-09-22;Amphi 3 (LET-02);27502;LET;300;104;196;Cours;Enjeux sociaux contempo;L1 Sociologie;10;Amphi B (EC9-02);16035
2025-09-22;Amphi 3 (LET-02);27502;LET;300;126;174;Cours;Civi pays hispano S1;L1 LEA - AE - langues spé;13;Amphi 1 (LET-00);27353
2025-09-22;Amphi 3 (LET-02);27502;LET;300;103;197;CM;Histoire comtemporaine;L1 Histoire;11;Amphi B (EC9-02);16035
2025-09-22;Amphi A_A150 (DEG-00);36279;DEG;150;32;118;Cours;Econométrie;L3 MIASHS - MID;2;Salle de cours B_B6 (DEG-00);36270
2025-09-22;Amphi A_A150 (DEG-00);36279;DEG;150;63;87;Cours;Démarche qualité;M2  Cadre Sanit. Social;1;Salle de cours B_B2 (DEG-00);36271
2025-09-22;Amphi A_A300 (DEG-00);36276;DEG;300;119;181;Cours;Maths pr éco/gestion 2;L2 Economie Gestion CMI;12;Amphi B (EC9-02);16035
2025-09-22;Amphi A_A300 (DEG-00);36276;DEG;300;119;181;Cours;Maths pr éco/gestion 2;L2 Economie Gestion CMI;12;Amphi B (EC9-02);16035
2025-09-22;Amphi A_A600 (DEG-00);36275;DEG;600;269;331;Cours;Méthodologie juridique;L1 Droit (Pau);10;Amphi 400 (EC9-01);16026
2025-09-22;Amphi A_A600 (DEG-00);36275;DEG;600;269;331;Cours;Méthodologie juridique;L1 Droit (Pau);10;Amphi 400 (EC9-01);16026
2025-09-22;Amphi A_A600 (DEG-00);36275;DEG;600;33;567;Cours;Procédure pénale CM;CERTIF SC CRIM;1;Salle de cours B_B6 (DEG-00);36270
2025-09-22;Amphi B (SCI_R-00);85297;SCI_R;220;42;178;Cours;Concept° d'appli internet;L3 Informatique;2;Salle 4 (PAL-00);13840
2025-09-22;Amphi B (SCI_R-00);85297;SCI_R;220;82;138;Cours;Biochimie générale;L2 Sciences de la vie;10;Amphi 40 (EC3-00);17104
2025-09-22;Amphi B (SCI_R-00);85297;SCI_R;220;110;110;Cours;Mathématiques s1;L1 Physique, Chimie;9;Amphi B (EC9-02);16035
2025-09-22;Amphi C (SCI_R-00);84869;SCI_R;192;84;108;Cours;Biologie végétale 2;L2 Sciences de la vie;7;Amphi 40 (EC3-00);17104
2025-09-22;Amphi C (SCI_R-00);84869;SCI_R;192;48;144;Cours;Chimie des solutions 3;L2 PC - LAS;2;Amphi B (SCI_R-00);85297
2025-09-22;Amphi C_A120 (DEG-00);36290;DEG;120;15;105;Cours;Environnement économique;DU TG 1ère Année;10;Salle de réunion D_D04 (DEG-00);36235
2025-09-22;Amphi D (SCI_R-00);84870;SCI_R;192;48;144;Cours;Chim orga fonct, méca réa;L2 PC - LAS;5;Salle de Cours 003 (BA1-00);33458
2025-09-22;Amphi D (SCI_R-00);84870;SCI_R;192;60;132;Cours;Algèbre 1 S1;L1 Mathématiques;8;Salle de cours 304 (BA2-00);16671
2025-09-22;Amphi E (PAL-00);13842;PAL;75;15;60;CTD;Thermodynamique S3;L2 PC - Physique;20;Salle TP géochimie B330 (SCI_R-03);85206
2025-09-22;Amphi E (PAL-00);13842;PAL;75;32;43;CTD;EC1 Méca 1 s5;L3 PC - SGM;10;Salle de cours 508 (BA2-02);16629
2025-09-22;Amphi E (PAL-00);13842;PAL;75;22;53;Cours;Ana & algèbre 1 PPPE;L3 MIASHS - PPPE;11;Salle 15 (PAL-01);13885
2025-09-22;Amphi E (PAL-00);13842;PAL;75;14;61;CTD;Thermodynamique S3;L2 PC - Physique;20;Salle TP géochimie B330 (SCI_R-03);85206
2025-09-22;Amphi G (DUB-00);17228;DUB;140;53;87;Cours;Analyse 3 S3;L2 Mathématiques;16;Salle de cours 509 (BA2-02);16630
2025-09-22;Amphi G (DUB-00);17228;DUB;140;47;93;Cours;Physique du globe 1;L1 Sciences de la terre;4;Salle de Cours 003 (BA1-00);33458
2025-09-22;Amphi G (DUB-00);17228;DUB;140;47;93;Cours;Maths pour SDT;L1 Sciences de la terre;1;Salle 21 (DUB-00);17234
2025-09-22;Amphi H (DUB-00);17229;DUB;140;45;95;Cours;Physiologie animale 2;L3 SDV - BGST;3;Salle de Cours 003 (BA1-00);33458
2025-09-22;Salle de cours 107 (LET-00);27308;LET;68;1;67;TD;ALLEMAND A1 SI;<Autres langues et autres UE CRL><Autres langues>LV Allemand niveau A1 GR 2;1;Salle informatique 201 (LET-01);27266
2025-09-22;Salle de cours 12 (LET-00);27321;LET;60;16;44;CM;Enjeux contemporains;L3 Histoire - EJSP;12;Salle informatique 313 (LET-02);27510
2025-09-22;Salle de cours 120 (LET-00);27333;LET;62;20;42;CM;Arts déco et design;L3 HAA - HA;12;Salle informatique 313 (LET-02);27510
2025-09-22;Salle de cours 120 (LET-00);27333;LET;62;18;44;CM;UE3EC1 Linguistique de l'oral;M1 Etudes anglophones;6;Salle du conseil B11 (LET-01);27281
2025-09-22;Salle de cours 120 (LET-00);27333;LET;62;26;36;CM;CM Art en Europe XVIe S;L2 HAA;12;Salle multimedia UTLA 137 (LET-00);27300
2025-09-22;Salle de cours 14 (LET-00);27323;LET;98;3;95;Cours;Découverte espagnol S1;<L1 LLCER - EA>Découverte CM Espagnol S1;13;Salle informatique 313 (LET-02);27510
2025-09-22;Salle de cours 220 (LET-01);27254;LET;60;3;57;TD;Atelier Historien MÂ/mode;L3 Histoire - Art & Patri;11;Labo de Langues 312 (LET-02);27512
2025-09-22;Salle de cours 23 (LET-01);27248;LET;80;16;64;CM;L'Etat;L3 Histoire - EJSP;11;Salle informatique 313 (LET-02);27510
2025-09-22;Salle de cours 23 (LET-01);27248;LET;80;16;64;TD;L'Etat;L3 Histoire - EJSP;11;Salle informatique 313 (LET-02);27510
2025-09-22;Salle de cours 301 (LET-02);27528;LET;70;6;64;TD;Découverte espagnol S1;<L1 Lettres - CTD>Découverte Espagnol S1 Gpe 1;9;Salle multimedia UTLA 137 (LET-00);27300
2025-09-22;Salle de cours 301 (LET-02);27528;LET;70;7;63;TD;Découverte espagnol S1;<L1 LLCER - EA>Découverte espagnol S1 Gpe 2;9;Salle informatique 214 (LET-01);27271
2025-09-22;Salle de cours B_B1 (DEG-00);36289;DEG;100;31;69;Cours;Pbl contemp. dt pénal;M1 Police et Sécu inté;2;Salle informatique B_B209 (DEG-02);36423
2025-09-22;Salle de cours B_B1 (DEG-00);36289;DEG;100;31;69;Cours;Pbl contemp. dt pénal;M1 Police et Sécu inté;2;Salle informatique B_B209 (DEG-02);36423
2025-09-22;Salle de cours B_B1 (DEG-00);36289;DEG;100;37;63;Cours;Dt euro dts de l'H. CM;M1 Police et Sécu inté;3;Salle de cours C_C13 (DEG-01);36555
2025-09-22;Salle de cours B_B1 (DEG-00);36289;DEG;100;31;69;Cours;Dt euro dts de l'H. CM;M1 Droit exécution peines;1;Salle de cours B_B6 (DEG-00);36270
2025-09-22;Salle de cours B_B2 (DEG-00);36271;DEG;76;11;65;Cours;Éco. bancaire/éco. assura;<L3 Economie Gestion>Coloration banque et finance;4;Salle immersive D_D20bis (DEG-00);83663
2025-09-22;Salle de cours B_B2 (DEG-00);36271;DEG;76;11;65;Cours;Éco. bancaire/éco. assura;<L3 Economie Gestion>Coloration banque et finance;4;Salle immersive D_D20bis (DEG-00);83663
2025-09-22;Salle de cours C_C04 (DEG-00);36292;DEG;50;6;44;Cours;Economie Politique Oral;CAPA Droit 2e année (PAU);14;Salle de réunion IAE CREG D_D210 (DEG-02);36444
2025-09-23;Amphi 1 (LET-00);27353;LET;150;60;90;Cours;Littérature S5;L3 LLCER - EA - FLE;4;Salle de cours 30 (LET-02);27513
2025-09-23;Amphi 1 (LET-00);27353;LET;150;51;99;CM;3 Histoire langue fr 3;L2 Lettres classiques;5;Salle de cours 10 (LET-00);27320
2025-09-23;Amphi 1 (LET-00);27353;LET;150;51;99;Cours;1 Linguistique française;L2 Lettres classiques;6;Salle de cours 10 (LET-00);27320
2025-09-23;Amphi 1 (LET-00);27353;LET;150;26;124;CM;CM Vill occid romain;L2 HAA;9;Salle de cours IEFE 128 (LET-00);27298
2025-09-23;Amphi 2 (LET-00);27354;LET;140;33;107;TD;1 Littérature française 1;<L1 Lettres - CTD><L1 CTD S1 Groupes de TD>L1 LCTD S1 TD1;6;Salle de cours 12 (LET-00);27321
2025-09-23;Amphi 3 (LET-02);27502;LET;300;43;257;Cours;Intro à la géographie-CM;L1 Géo Aménagement;12;Salle de cours 134 (LET-00);27341
2025-09-23;Amphi 3 (LET-02);27502;LET;300;104;196;Cours;Intro Sociologie S1;L1 Sociologie;11;Amphi B (EC9-02);16035
2025-09-23;Amphi 3 (LET-02);27502;LET;300;124;176;Cours;Civilisation S1;L1 LLCER - EA;12;Amphi B (EC9-02);16035
2025-09-23;Amphi 3 (LET-02);27502;LET;300;140;160;Cours;Civi pays anglo S1;L1 LEA - AE - langues spé;12;Amphi 400 (EC9-01);16026
2025-09-23;Amphi A_A300 (DEG-00);36276;DEG;300;40;260;Cours;Droit administratif 1;L2 AES;16;Salle Recherche (B3-00);15968
2025-09-23;Amphi A_A300 (DEG-00);36276;DEG;300;40;260;Cours;Droit administratif 1;L2 AES;16;Salle Recherche (B3-00);15968
2025-09-23;Amphi A_A300 (DEG-00);36276;DEG;300;32;268;Cours;Econométrie;L3 MIASHS - MID;2;Salle de cours B_B7 (DEG-00);36273
2025-09-23;Amphi A_A400 (DEG-00);36274;DEG;400;138;262;Cours;Analyse financière;L3 AES Gestion des entrep;14;Amphi 400 (EC9-01);16026
2025-09-23;Amphi A_A400 (DEG-00);36274;DEG;400;138;262;Cours;Analyse financière;L3 AES Gestion des entrep;14;Amphi 400 (EC9-01);16026
2025-09-23;Amphi A_A600 (DEG-00);36275;DEG;600;47;553;CM;Droit comparé;<M1 Juriste d'affaires>Droit comparé;8;Salle de Cours 003 (BA1-00);33458
2025-09-23;Amphi A_A600 (DEG-00);36275;DEG;600;47;553;CM;Droit comparé;<M1 Juriste d'affaires>Droit comparé;8;Salle de Cours 003 (BA1-00);33458
2025-09-23;Amphi B (SCI_R-00);85297;SCI_R;220;82;138;Cours;Biochimie générale;L2 Sciences de la vie;10;Amphi 40 (EC3-00);17104
2025-09-23;Amphi B (SCI_R-00);85297;SCI_R;220;84;136;Cours;Biologie végétale 2;L2 Sciences de la vie;1;Amphi C (SCI_R-00);84869
2025-09-23;Amphi B (SCI_R-00);85297;SCI_R;220;82;138;Cours;Biologie moléculaire;L2 Sciences de la vie;1;Amphi A (SCI_R-00);85316
2025-09-23;Amphi B (SCI_R-00);85297;SCI_R;220;40;180;Cours;Intro à l'info;L1 MIASHS;1;Amphi C (SCI_R-00);84869
2025-09-23;Amphi C (SCI_R-00);84869;SCI_R;192;27;165;CTD;Analyse chimique 2;L3 PC - LAS;2;Salle TP Physique B118 (SCI_R-01);84964
2025-09-23;Amphi C (SCI_R-00);84869;SCI_R;192;59;133;Cours;Maths S3_1;L2 PC - Physique;4;Salle de cours 304 (BA2-00);16671
2025-09-23;Amphi C_A120 (DEG-00);36290;DEG;120;15;105;Cours;Environnement économique;DU TG 1ère Année;10;Salle de réunion D_D04 (DEG-00);36235
2025-09-23;Amphi D (SCI_R-00);84870;SCI_R;192;85;107;Cours;Mécanique du point;L1 Physique, Chimie;7;Amphi 40 (EC3-00);17104
2025-09-23;Amphi D (SCI_R-00);84870;SCI_R;192;52;140;CTD;Structure cristalline;L3 PC - SGM;6;Salle de cours 509 (BA2-02);16630
2025-09-23;Amphi D (SCI_R-00);84870;SCI_R;192;42;150;Cours;Génie logiciel;L3 Informatique;1;Amphi C (SCI_R-00);84869
2025-09-23;Amphi E (PAL-00);13842;PAL;75;15;60;CTD;Thermodynamique S3;L2 PC - Physique;20;Salle TP géochimie B330 (SCI_R-03);85206
2025-09-23;Amphi E (PAL-00);13842;PAL;75;14;61;Cours;OMP S3;L2 PC - Physique;11;Salle 18 (PAL-01);13877
2025-09-23;Amphi G (DUB-00);17228;DUB;140;52;88;Cours;Equations diff S5;L3 Mathématiques;5;Salle de cours 509 (BA2-02);16630
2025-09-23;Amphi G (DUB-00);17228;DUB;140;53;87;Cours;Intro topologie;L2 Mathématiques;12;Salle de cours 509 (BA2-02);16630
2025-09-23;Amphi G (DUB-00);17228;DUB;140;40;100;Cours;Eléments d'algèbre;L1 MIASHS;7;Salle Recherche (B3-00);15968
2025-09-23;Amphi G (DUB-00);17228;DUB;140;45;95;Cours;Physiologie animale 2;L3 SDV - BGST;4;Salle informatique I-206 (ISA-02);78619
2025-09-23;Amphi H (DUB-00);17229;DUB;140;27;113;Cours;Réact. chim organique;L3 PC - LAS;3;Salle 25 (DUB-00);17240
2025-09-23;Amphi H (DUB-00);17229;DUB;140;36;104;CTD;OUMOBIO 3;L3 SDV - LAS;3;Salle 35 (DUB-01);17160
2025-09-23;Salle de cours 11 (LET-00);27324;LET;80;38;42;Cours;Sociologie du travail;L3 Sociologie;9;Salle de cours 406 (BA2-01);16739
2025-09-23;Salle de cours 12 (LET-00);27321;LET;60;25;35;TD;Histoire moderne;L3 Histoire - ER;11;Salle de cours IEFE 128 (LET-00);27298
2025-09-23;Salle de cours 120 (LET-00);27333;LET;62;26;36;CM;Habitat et vie privée;L2 HAA;11;Salle de cours 144 (EC3-01);17123
2025-09-23;Salle de cours 120 (LET-00);27333;LET;62;30;32;CM;Hist art ibéri mod & cont;L2 HAA;12;Salle de cours 166 (B3-01);15984
2025-09-23;Salle de cours 14 (LET-00);27323;LET;98;28;70;TD;2 Fondamentaux en ortho 1;<L1 Lettres class & modern><L1 LCM S1 Groupes de TD>L1 LCM S1 TD2;10;Salle de cours 166 (B3-01);15984
2025-09-23;Salle de cours 220 (LET-01);27254;LET;60;10;50;CM;UE3EC2 Question genres et gen;M1 Etudes hispaniques;8;Salle informatique 201 (LET-01);27266
2025-09-23;Salle de cours 31 (LET-02);27515;LET;60;26;34;CM;Théorie art & esthétique;L2 HAA;1;Salle de cours IEFE 128 (LET-00);27298
2025-09-23;Salle de cours 32 (LET-02);27514;LET;80;27;53;Cours;Mobilités humaines;L2 Géo Aménagement;11;Salle de cours 10 (LET-00);27320
2025-09-23;Salle de cours B_B1 (DEG-00);36289;DEG;100;40;60;Cours;Informatique;L2 AES;5;Salle Recherche (B3-00);15968
2025-09-23;Salle de cours B_B1 (DEG-00);36289;DEG;100;23;77;Cours;Veille juridique;M2 Police et Sécu inté;1;Salle GREEN A_A01 (DEG-00);36278
2025-09-23;Salle de cours B_B2 (DEG-00);36271;DEG;76;18;58;Cours;Réunion d'information;D.U Sc criminelles;1;Salle GREEN A_A01 (DEG-00);36278
2025-09-23;Salle de cours C_C01 (DEG-00);36291;DEG;79;8;71;Cours;Contentieux administratif;M2 Dt cont des libertés;4;Salle informatique B_BARETOUS (DEG-01);36548
2025-09-23;Salle de cours C_C01 (DEG-00);36291;DEG;79;11;68;Cours;Intro à la croissance;L2 Economie Gestion CMI;1;Salle immersive D_D20bis (DEG-00);83663
2025-09-23;Salle de cours C_C03 (DEG-00);36287;DEG;50;23;27;Cours;Droit commercial;M2 Droit Notarial;2;Salle GREEN A_A01 (DEG-00);36278
2025-09-23;Salle de cours C_C04 (DEG-00);36292;DEG;50;13;37;Cours;Hist. des dts de l'H.;M1 Droit exécution peines;24;Salle GREEN A_A01 (DEG-00);36278
2025-09-23;Salle de cours C_C04 (DEG-00);36292;DEG;50;13;37;Cours;Hist. des dts de l'H.;M1 Droit exécution peines;24;Salle GREEN A_A01 (DEG-00);36278
2025-09-23;Salle de cours C_C04 (DEG-00);36292;DEG;50;6;44;Cours;Dt Adm Spécial Ecrit;CAPA Droit 2e année (PAU);13;Salle informatique B_BARETOUS (DEG-01);36548
2025-09-23;Salle de cours C_C19 (DEG-01);36561;DEG;52;9;43;TD;TD GPE 2 - TECHNIQUES DE COM.;<M1 Compta ctrl audit><TD TECH DE COM>TD GPE 2 - Tech.de com;2;Salle informatique B_BARETOUS (DEG-01);36548
2025-09-23;Salle de cours C_C19 (DEG-01);36561;DEG;52;10;42;TD;TD GPE 1 - TECHNIQUES DE COM.;<M1 Compta ctrl audit><TD TECH DE COM>TD GPE 1 - Tech. de com;2;Salle immersive D_D20bis (DEG-00);83663
2025-09-23;Salle de cours C_C19 (DEG-01);36561;DEG;52;21;31;Cours;FISCALITE AP DES AFFAIRES;M1 Compta ctrl audit;1;Salle GREEN A_A01 (DEG-00);36278
2025-09-24;AMPHI STID (STI-00);24832;STI;165;32;133;Cours;R1.02 Chauffage-ECS-Vent.;BUT 1 - MTEE;4;Salle de cours 508 (BA2-02);16629
2025-09-24;Amphi (STAP-00);18427;STAP;300;100;200;Cours;1 Sciences de l'éducation;L3 STAPS EM (Tarbes);4;Amphi B (EC9-02);16035
2025-09-24;Amphi 1 (LET-00);27353;LET;150;65;85;Cours;Méthodo quantitative 1;L2 Sociologie;9;Salle de cours 131 (B2-01);16957
2025-09-24;Amphi 1 (LET-00);27353;LET;150;68;82;CM;Art gr antiq et péléochré;L1 HAA;6;Salle de cours 301 (LET-02);27528
2025-09-24;Amphi 1 (LET-00);27353;LET;150;68;82;CM;1 Littérature comparée 5;L3 Lettres modernes;10;Salle de cours 131 (B2-01);16957
2025-09-24;Amphi 1 (LET-00);27353;LET;150;40;110;CM;1 Littérature comparée 1;L1 Lettres class & modern;11;Salle de cours 133 (LET-00);27338
2025-09-24;Amphi 2 (LET-00);27354;LET;140;65;75;Cours;Sociologie territoires;L2 Sociologie;8;Salle de cours 131 (B2-01);16957
2025-09-24;Amphi 2 (LET-00);27354;LET;140;68;72;CM;Culture historique;L1 HAA;11;Salle de cours 131 (B2-01);16957
2025-09-24;Amphi 3 (LET-02);27502;LET;300;140;160;Cours;Expr française S1 CM;L1 LEA - AE - langues spé;13;Amphi 400 (EC9-01);16026
2025-09-24;Amphi 3 (LET-02);27502;LET;300;124;176;Cours;Linguistique S1;L1 LLCER - EA;12;Amphi B (EC9-02);16035
2025-09-24;Amphi 3 (LET-02);27502;LET;300;124;176;Cours;Littérature S1;L1 LLCER - EA;12;Amphi B (EC9-02);16035
2025-09-24;Amphi 3 (LET-02);27502;LET;300;126;174;Cours;Gram esp S1 CM;L1 LEA - AE - langues spé;7;Amphi B (EC9-02);16035
2025-09-24;Amphi A_A150 (DEG-00);36279;DEG;150;44;106;Cours;Informatique;L3 AES Adm géné & dév soc;14;Salle 7 (PAL-00);13839
2025-09-24;Amphi A_A150 (DEG-00);36279;DEG;150;44;106;Cours;Informatique;L3 AES Adm géné & dév soc;14;Salle 7 (PAL-00);13839
2025-09-24;Amphi A_A300 (DEG-00);36276;DEG;300;149;151;Cours;Économie internationale 1;L3 AES Gestion des entrep;13;Amphi 400 (EC9-01);16026
2025-09-24;Amphi A_A300 (DEG-00);36276;DEG;300;149;151;Cours;Économie internationale 1;L3 AES Gestion des entrep;13;Amphi 400 (EC9-01);16026
2025-09-24;Amphi A_A400 (DEG-00);36274;DEG;400;159;241;Cours;Comptabilité 2;L2 Economie Gestion CMI;11;Amphi (STAP-00);18427
2025-09-24;Amphi A_A400 (DEG-00);36274;DEG;400;105;295;Cours;Conjoncture et croissance;L3 Economie Gestion;3;Amphi C_A120 (DEG-00);36290
2025-09-24;Amphi B (SCI_R-00);85297;SCI_R;220;45;175;Cours;Virologie;L3 SDV - BGST;2;Amphi A (SCI_R-00);85316
2025-09-24;Amphi C (SCI_R-00);84869;SCI_R;192;87;105;Cours;Maths géné pour l'info;L1 Informatique;6;Amphi 40 (EC3-00);17104
2025-09-24;Amphi C_A120 (DEG-00);36290;DEG;120;43;77;TD;APP;L1 Géo Aménagement;2;Salle de cours C_C04 (DEG-00);36292
2025-09-24;Amphi D (SCI_R-00);84870;SCI_R;192;52;140;Cours;Cinétique Formelle;L2 PC - LAS;3;Amphi A (SCI_R-00);85316
2025-09-24;Amphi D (SCI_R-00);84870;SCI_R;192;41;151;Cours;Couleur et matériaux;L3 PC - SGM;3;Salle de cours 06 (STAP-00);45522
2025-09-24;Amphi E (PAL-00);13842;PAL;75;27;48;Cours;Diagramme état thermo mél;L3 PC - LAS;10;Salle de cours 144 (EC3-01);17123
2025-09-24;Amphi E (PAL-00);13842;PAL;75;27;48;TD;Diagramme état thermo mél;L3 PC - LAS;11;Salle de cours 144 (EC3-01);17123
2025-09-24;Amphi E (PAL-00);13842;PAL;75;36;39;CTD;OUMOBIO 3;L3 SDV - LAS;3;Amphi F (PAL-00);13841
2025-09-24;Amphi F (PAL-00);13841;PAL;75;36;39;CTD;OUMOBIO 3;L3 SDV - LAS;1;Salle 16 (PAL-01);13883
2025-09-24;Amphi G (DUB-00);17228;DUB;140;60;80;Cours;Réseaux I;L2 Informatique;8;Salle de cours 304 (BA2-00);16671
2025-09-24;Amphi G (DUB-00);17228;DUB;140;53;87;Cours;Analyse 3 S3;L2 Mathématiques;16;Salle de cours 509 (BA2-02);16630
2025-09-24;Amphi G (DUB-00);17228;DUB;140;45;95;Cours;Génétique bactérienne;L3 SDV - BGST;3;Salle 19 (PAL-01);13876
2025-09-24;Amphi G (DUB-00);17228;DUB;140;48;92;TD;Chim orga fonct, méca réa;L2 PC - Chimie;3;Salle 20 (DUB-00);17232
2025-09-24;Amphi H (DUB-00);17229;DUB;140;48;92;TD;Chim orga fonct, méca réa;L2 PC - Chimie;2;Salle de Cours 003 (BA1-00);33458
2025-09-24;Salle de cours 10 (LET-00);27320;LET;60;24;36;Cours;2 Traduction littéraire 1;L3 Lettres modernes;11;Salle de cours IEFE 127 (LET-00);27296
2025-09-24;Salle de cours 107 (LET-00);27308;LET;68;16;52;TD;Gram esp S1 TD;<L1 LEA - AE - langues spé><L1 LEA Spé TD>L1 LEA Gpe A;12;Salle informatique 313 (LET-02);27510
2025-09-24;Salle de cours 12 (LET-00);27321;LET;60;29;31;TD;Compétences rédactionelle;<L1 Histoire><L1 Histoire Sem1>TD3 Histoire Sem1;11;Salle de cours 105 (LET-00);27306
2025-09-24;Salle de cours 120 (LET-00);27333;LET;62;15;47;TD;1 Méthodologie S7;M1 Lettres et arts;9;Salle informatique 202 (LET-01);27273
2025-09-24;Salle de cours 120 (LET-00);27333;LET;62;26;36;TD;TD Art en Europe XVIe S;L2 HAA;12;Salle de cours 144 (EC3-01);17123
2025-09-24;Salle de cours 13 (LET-00);27322;LET;70;12;58;TD;Expr française S1 TD;L1 LEA - AA - langues spé;12;Labo de Langues 316 (LET-02);27521
2025-09-24;Salle de cours 13 (LET-00);27322;LET;70;28;42;TD;Gram & thème esp S3 TD;L2 LEA - AE - écogestion;12;Salle de cours 10 (LET-00);27320
2025-09-24;Salle de cours 220 (LET-01);27254;LET;60;26;34;CM;Archéo ville au MÂ;L2 HAA;8;Salle de cours 144 (EC3-01);17123
2025-09-24;Salle de cours 220 (LET-01);27254;LET;60;16;44;TD;Méthodologie des concours;L3 Histoire - EJSP;12;Salle informatique 314 (LET-02);27509
2025-09-24;Salle de cours 23 (LET-01);27248;LET;80;25;55;CM;Histoire moderne;L3 Histoire - ER;12;Salle GREEN A_A01 (DEG-00);36278
2025-09-24;Salle de cours 301 (LET-02);27528;LET;70;5;65;Cours;Agreg. Espagnol Chirbes 2 S1;PREPA. AGREGAT. ESPAGNOL;8;Salle informatique 313 (LET-02);27510
2025-09-24;Salle de cours 32 (LET-02);27514;LET;80;20;60;TD;Portrait de territoire;<L3 GA - TDDTE>5S-Portrait de territoire S5;11;Labo de Langues 316 (LET-02);27521
2025-09-24;Salle de cours 32 (LET-02);27514;LET;80;27;53;CM;Statistiques bivariées;L2 Géo Aménagement;5;Salle de cours 105 (LET-00);27306
2025-09-24;Salle de cours 32 (LET-02);27514;LET;80;7;73;TD;Intro. aux concours Sem5;<L3 GA - TDDTE>5S-Introduction aux concours S5;11;Salle informatique 313 (LET-02);27510
2025-09-24;Salle de cours B_B1 (DEG-00);36289;DEG;100;40;60;Cours;Informatique;L2 AES;5;Salle Recherche (B3-00);15968
2025-09-24;Salle de cours C_C03 (DEG-00);36287;DEG;50;10;40;TD;Sciences de la durabilité;L1 Economie Gestion CMI;1;Salle immersive D_D20bis (DEG-00);83663
2025-09-24;Salle de cours C_C03 (DEG-00);36287;DEG;50;8;42;Cours;Droit Commercial Oral;CAPA Droit 1e année (PAU);12;Salle de réunion IAE CREG D_D210 (DEG-02);36444
2025-09-24;Salle de cours C_C04 (DEG-00);36292;DEG;50;6;44;Cours;Droit Fiscal Oral;CAPA Droit 2e année (PAU);14;Salle de réunion IAE CREG D_D210 (DEG-02);36444
2025-09-25;AMPHI STID (STI-00);24832;STI;165;32;133;Cours;R1.01 Contexte énergétiq.;BUT 1 - MTEE;1;Salle de cours 508 (BA2-02);16629
2025-09-25;Amphi (STAP-00);18427;STAP;300;100;200;Cours;1 Histoire;L3 STAPS EM (Tarbes);4;I-006 Kompong Speu (ISA-00);78413
2025-09-25;Amphi (STAP-00);18427;STAP;300;53;247;TD;Connaissance de l'éléve;M1 MEEF EPS;1;Salle de cours 509 (BA2-02);16630
2025-09-25;Amphi 1 (LET-00);27353;LET;150;74;76;CM;1 Littérature française 1;L1 Lettres - CTD;11;Salle de cours 23 (LET-01);27248
2025-09-25;Amphi A (SCI_R-00);85316;SCI_R;216;47;169;Cours;Roches et Chronologie;L1 Sciences de la terre;3;Salle de Cours 003 (BA1-00);33458
2025-09-25;Amphi A_A400 (DEG-00);36274;DEG;400;189;211;Cours;Maths microéconomie;L1 Economie et Gestion;6;Amphi 3 (LET-02);27502
2025-09-25;Amphi A_A600 (DEG-00);36275;DEG;600;280;320;Cours;Eco & Soutenabilité;L1 Economie et Gestion;8;Amphi 400 (EC9-01);16026
2025-09-25;Amphi A_A600 (DEG-00);36275;DEG;600;280;320;Cours;Eco & Soutenabilité;L1 Economie et Gestion;8;Amphi 400 (EC9-01);16026
2025-09-25;Amphi C (SCI_R-00);84869;SCI_R;192;22;170;Cours;Mécanique du Solide s3;L2 PC - Physique;7;Salle TP Physique B133 (SCI_R-01);84952
2025-09-25;Amphi C (SCI_R-00);84869;SCI_R;192;60;132;Cours;Intro phys géné;L1 Mathématiques;1;Amphi A (SCI_R-00);85316
2025-09-25;Amphi C (SCI_R-00);84869;SCI_R;192;87;105;Cours;UE Découverte II: MMI;L1 Informatique;11;Amphi 40 (EC3-00);17104
2025-09-25;Amphi D (SCI_R-00);84870;SCI_R;192;45;147;Cours;Physiologie animale 2;L3 SDV - BGST;1;Amphi B (SCI_R-00);85297
2025-09-25;Amphi F (PAL-00);13841;PAL;75;27;48;CTD;Analyse chimique 2;L3 PC - LAS;5;Salle de cours 144 (EC3-01);17123
2025-09-25;Amphi G (DUB-00);17228;DUB;140;60;80;Cours;Compléments Math 1 S1;L1 Mathématiques;8;Salle de cours 304 (BA2-00);16671
2025-09-25;Amphi G (DUB-00);17228;DUB;140;21;119;Cours;Marges & Chaînes de mont;L2 Sciences de la terre;3;Salle 27 (DUB-00);17235
2025-09-25;Amphi H (DUB-00);17229;DUB;140;27;113;Cours;Structure réactivité molé;L3 PC - LAS;10;Salle de cours 144 (EC3-01);17123
2025-09-25;Amphi H (DUB-00);17229;DUB;140;22;118;TD;Ana & algèbre 1 PPPE;L3 MIASHS - PPPE;3;Salle 27 (DUB-00);17235
2025-09-25;Salle de cours 107 (LET-00);27308;LET;68;23;45;TD;4 Expression Française;M1 LEA;10;Salle de cours 167 (B3-01);15986
2025-09-25;Salle de cours 14 (LET-00);27323;LET;98;28;70;TD;Introduction à la recherche;L3 LLCER - EA - ER;1;Salle de cours 113 (LET-00);27303
2025-09-25;Salle de cours 23 (LET-01);27248;LET;80;3;77;TD;Atelier Historien contemp;L3 Histoire - Art & Patri;13;Labo de Langues 312 (LET-02);27512
2025-09-25;Salle de cours B_B1 (DEG-00);36289;DEG;100;50;50;Cours;Criminologie;D.U Sc criminelles;14;Salle de Cours 003 (BA1-00);33458
2025-09-25;Salle de cours B_B1 (DEG-00);36289;DEG;100;50;50;Cours;Criminologie;D.U Sc criminelles;14;Salle de Cours 003 (BA1-00);33458
2025-09-25;Salle de cours B_B1 (DEG-00);36289;DEG;100;40;60;Cours;Droit de l'urbanisme;M1 Droit transitions EE;8;Salle Recherche (B3-00);15968
2025-09-25;Salle de cours B_B2 (DEG-00);36271;DEG;76;23;53;Cours;Dt urbanisme & construc.;M2 Droit Notarial;3;Salle GREEN A_A01 (DEG-00);36278
2025-09-25;Salle de cours B_B2 (DEG-00);36271;DEG;76;23;53;Cours;Dt urbanisme & construc.;M2 Droit Notarial;3;Salle GREEN A_A01 (DEG-00);36278
2025-09-25;Salle de cours C_C03 (DEG-00);36287;DEG;50;4;46;Cours;Libertés et société démoc;<M2 Dt cont des libertés>coloration libertés;1;Salle informatique B_BARETOUS (DEG-01);36548
2025-09-25;Salle de cours C_C04 (DEG-00);36292;DEG;50;6;44;Cours;Proc Civ/Voies exéc Ecrit;CAPA Droit 2e année (PAU);12;Salle informatique B_BARETOUS (DEG-01);36548
2025-09-25;Salle de cours C_C18 (DEG-01);36560;DEG;50;17;33;Cours;Anglais;<M2 Drt Act publique loc><TD Anglais>Anglais M2 Droit Public;9;Salle informatique B_OSSAU (DEG-01);36551
2025-09-26;Amphi 1 (LET-00);27353;LET;150;51;99;Cours;2 Stylistique 1;L2 Lettres classiques;6;Amphi 2 (LET-00);27354
2025-09-26;Amphi 3 (LET-02);27502;LET;300;104;196;Cours;Intro à l'anthropologie;L1 Sociologie;9;Amphi B (EC9-02);16035
2025-09-26;Amphi A (SCI_R-00);85316;SCI_R;216;42;174;TD;Proba approfondies &stat;L3 MIASHS - MID;1;Amphi C (SCI_R-00);84869
2025-09-26;Amphi A_A600 (DEG-00);36275;DEG;600;280;320;Cours;Comptabilité 1;L1 Economie et Gestion;8;Amphi 400 (EC9-01);16026
2025-09-26;Amphi A_A600 (DEG-00);36275;DEG;600;280;320;Cours;Comptabilité 1;L1 Economie et Gestion;8;Amphi 400 (EC9-01);16026
2025-09-26;Amphi B (SCI_R-00);85297;SCI_R;220;85;135;Cours;MTU;L1 Physique, Chimie;4;Amphi 40 (EC3-00);17104
2025-09-26;Amphi D (SCI_R-00);84870;SCI_R;192;27;165;CTD;Analyse chimique 2;L3 PC - LAS;7;Salle TP Physique B118 (SCI_R-01);84964
2025-09-26;Amphi D (SCI_R-00);84870;SCI_R;192;48;144;Cours;Chim orga fonct, méca réa;L2 PC - LAS;5;Salle de Cours 003 (BA1-00);33458
2025-09-26;Amphi F (PAL-00);13841;PAL;75;32;43;CTD;EC1 Méca 1 s5;L3 PC - SGM;3;Salle 8 (PAL-00);13834
2025-09-26;Amphi G (DUB-00);17228;DUB;140;48;92;Cours;Thermodynamique chimique;L2 PC - LAS;2;Salle 21 (DUB-00);17234
2025-09-26;Amphi G (DUB-00);17228;DUB;140;63;77;Cours;Bases de données II;L3 MIASHS - MID;6;Salle de cours 127 (B2-01);16947
2025-09-26;Amphi G (DUB-00);17228;DUB;140;16;124;Cours;Séries intro calcul proba;L2 MIASHS;5;Salle TP Electronique 39 (DUB-01);17156
2025-09-26;Amphi H (DUB-00);17229;DUB;140;42;98;TD;Proba approfondies &stat;L3 MIASHS - MID;5;Salle multimedia UTLA 137 (LET-00);27300
2025-09-26;Amphi H (DUB-00);17229;DUB;140;60;80;Cours;Calcul scientifique;L2 Informatique;8;Salle de cours 304 (BA2-00);16671
2025-09-26;Salle de cours 107 (LET-00);27308;LET;68;30;38;TD;Gram angl S1 TD;L1 LEA - AA - langues spé;12;Salle de cours 22 (LET-01);27244
2025-09-26;Salle de cours 11 (LET-00);27324;LET;80;38;42;Cours;Sciences politiques;L3 Sociologie;10;Salle multimedia UTLA 137 (LET-00);27300
2025-09-26;Salle de cours 11 (LET-00);27324;LET;80;38;42;TD;Sociologie de l'art;L3 Sociologie;9;Salle de cours 406 (BA2-01);16739
2025-09-26;Salle de cours 11 (LET-00);27324;LET;80;38;42;Cours;Actualités sociologiques;L3 Sociologie;8;Salle de cours 406 (BA2-01);16739
2025-09-26;Salle de cours 120 (LET-00);27333;LET;62;26;36;CM;Cult architectu & urbaine;L2 HAA;7;Amphi 3 (LET-02);27502
2025-09-26;Salle de cours 14 (LET-00);27323;LET;98;40;58;TD;Langue écrite S3- Version;<L2 LLCER - EA><groupes TD>TD A;2;Salle de cours 109 (LET-00);27289
2025-09-26;Salle de cours 220 (LET-01);27254;LET;60;16;44;CM;Environnement institution;L3 Histoire - EJSP;10;Salle informatique 215 (LET-01);27272
2025-09-26;Salle de cours 23 (LET-01);27248;LET;80;29;51;TD;Histoire comtemporaine;<L1 Histoire><L1 Histoire Sem1>TD3 Histoire Sem1;11;Salle de cours 166 (B3-01);15984
2025-09-26;Salle de cours 23 (LET-01);27248;LET;80;32;48;TD;Histoire comtemporaine;<L1 Histoire><L1 Histoire Sem1>TD1 Histoire Sem1;11;Salle de cours 508 (BA2-02);16629
2025-09-26;Salle de cours 23 (LET-01);27248;LET;80;1;79;CM;Histoire des idées politi;<L2 Histoire>0 Hist. des idées politiques Sem3;10;Salle informatique 313 (LET-02);27510
2025-09-26;Salle de cours 301 (LET-02);27528;LET;70;24;46;CM;Nouv chps patrimoniaux;L3 HAA - HA;10;Salle 15 (PAL-01);13885
2025-09-26;Salle de cours 301 (LET-02);27528;LET;70;24;46;TD;Nouv chps patrimoniaux;L3 HAA - HA;10;Salle de cours 30 (LET-02);27513
2025-09-26;Salle de cours 301 (LET-02);27528;LET;70;5;65;CM;Agreg. Espagnol Version clasS1;PREPA. AGREGAT. ESPAGNOL;12;Labo de Langues 312 (LET-02);27512
2025-09-26;Salle de cours 31 (LET-02);27515;LET;60;5;55;CM;Agreg. Espagnol Ling. S1;PREPA. AGREGAT. ESPAGNOL;12;Salle informatique 201 (LET-01);27266
2025-09-26;Salle de cours 31 (LET-02);27515;LET;60;5;55;CM;Agreg. Espagnol Tirso S1;PREPA. AGREGAT. ESPAGNOL;9;Salle informatique 215 (LET-01);27272
2025-09-26;Salle de cours B_B1 (DEG-00);36289;DEG;100;30;70;CM;Comptabilité;<M1 Droit Notarial>Comptabilité;16;Salle de cours 166 (B3-01);15984
2025-09-26;Salle de cours B_B1 (DEG-00);36289;DEG;100;30;70;CM;Comptabilité;<M1 Droit Notarial>Comptabilité;16;Salle de cours 166 (B3-01);15984
2025-09-26;Salle de cours B_B1 (DEG-00);36289;DEG;100;17;83;Cours;Dt pén.et procéd.pén. CM;<M1 Procédures contentieux>Droit pénal et procédure pénale approfondis;21;Salle GREEN A_A01 (DEG-00);36278
2025-09-26;Salle de cours B_B1 (DEG-00);36289;DEG;100;17;83;Cours;Dt pén.et procéd.pén. CM;<M1 Procédures contentieux>Droit pénal et procédure pénale approfondis;21;Salle GREEN A_A01 (DEG-00);36278
2025-09-26;Salle de cours B_B2 (DEG-00);36271;DEG;76;23;53;Cours;Procédure pénale;M2 Police et Sécu inté;3;Salle GREEN A_A01 (DEG-00);36278
2025-09-26;Salle de cours C_C04 (DEG-00);36292;DEG;50;10;40;CM;DER Actions pub. locales;M1 Drt Act Publique loc;2;Salle de réunion Direction C_SR1 (DEG-00);36286
2025-09-26;Salle de cours C_C04 (DEG-00);36292;DEG;50;10;40;CM;DER Actions pub. locales;M1 Drt Act Publique loc;2;Salle de réunion Direction C_SR1 (DEG-00);36286
2025-09-26;Salle de cours C_C18 (DEG-01);36560;DEG;50;24;26;CM;Intro drt collectivés ter;D.U Métiers admin gen ter;2;Salle GREEN A_A01 (DEG-00);36278
2025-09-29;AMPHI STID (STI-00);24832;STI;165;32;133;Cours;R1.08 Mesure et instrum.;BUT 1 - MTEE;6;Salle de cours 508 (BA2-02);16629
2025-09-29;AMPHI STID (STI-00);24832;STI;165;32;133;Cours;SAE1.04 Maint instal éner;BUT 1 - MTEE;3;Salle de cours 508 (BA2-02);16629
2025-09-29;AMPHI STID (STI-00);24832;STI;165;32;133;Cours;R1.02 Chauffage-ECS-Vent.;BUT 1 - MTEE;4;Salle de cours 508 (BA2-02);16629
2025-09-29;Amphi (STAP-00);18427;STAP;300;80;220;Cours;1 Optimisation mentale;L3 STAPS ES (Tarbes);5;Amphi 40 (EC3-00);17104
2025-09-29;Amphi (STAP-00);18427;STAP;300;80;220;Cours;1 Optimisation de la perf;L3 STAPS ES (Tarbes);5;Amphi 40 (EC3-00);17104
2025-09-29;Amphi 1 (LET-00);27353;LET;150;43;107;Cours;Géographie & aménagement;L1 Géo Aménagement;11;Salle de cours 12 (LET-00);27321
2025-09-29;Amphi 1 (LET-00);27353;LET;150;43;107;Cours;Intro géo des populations;L1 Géo Aménagement;10;Salle de cours 12 (LET-00);27321
2025-09-29;Amphi 2 (LET-00);27354;LET;140;65;75;Cours;Civi pays hispano S3;L2 LEA - AE - langues spé;12;Salle de cours 13 (LET-00);27322
2025-09-29;Amphi 2 (LET-00);27354;LET;140;17;123;Cours;Découverte Anglais S1;<L1 LLCER - EH>Découverte CM Anglais S1;12;Salle informatique 313 (LET-02);27510
2025-09-29;Amphi 3 (LET-02);27502;LET;300;104;196;Cours;Méthodo l'observation 1;L1 Sociologie;11;Amphi B (EC9-02);16035
2025-09-29;Amphi 3 (LET-02);27502;LET;300;104;196;Cours;Enjeux sociaux contempo;L1 Sociologie;10;Amphi B (EC9-02);16035
2025-09-29;Amphi 3 (LET-02);27502;LET;300;126;174;Cours;Civi pays hispano S1;L1 LEA - AE - langues spé;13;Amphi 1 (LET-00);27353
2025-09-29;Amphi 3 (LET-02);27502;LET;300;103;197;CM;Histoire comtemporaine;L1 Histoire;11;Amphi B (EC9-02);16035
2025-09-29;Amphi A (SCI_R-00);85316;SCI_R;216;59;157;Cours;Maths S3_1;L2 PC - Physique;1;Amphi B (SCI_R-00);85297
2025-09-29;Amphi A_A150 (DEG-00);36279;DEG;150;11;139;Cours;Econométrie;<L3 Economie Gestion>Coloration banque et finance;6;Salle immersive D_D20bis (DEG-00);83663
2025-09-29;Amphi A_A150 (DEG-00);36279;DEG;150;40;110;Cours;Informatique;L2 AES;9;Salle Recherche (B3-00);15968
2025-09-29;Amphi A_A300 (DEG-00);36276;DEG;300;119;181;Cours;Maths pr éco/gestion 2;L2 Economie Gestion CMI;12;Amphi B (EC9-02);16035
2025-09-29;Amphi A_A300 (DEG-00);36276;DEG;300;65;235;Cours;Hist dt oblig & dt pub 19;<L2 Droit>Histoire du droit des obligations;18;Salle de cours 131 (B2-01);16957
2025-09-29;Amphi A_A300 (DEG-00);36276;DEG;300;65;235;Cours;Hist dt oblig & dt pub 19;<L2 Droit>Histoire du droit des obligations;18;Salle de cours 131 (B2-01);16957
2025-09-29;Amphi A_A400 (DEG-00);36274;DEG;400;33;367;Cours;Procédure pénale CM;CERTIF SC CRIM;10;Salle de cours C_C13 (DEG-01);36555
2025-09-29;Amphi B (SCI_R-00);85297;SCI_R;220;110;110;Cours;Mathématiques s1;L1 Physique, Chimie;9;Amphi B (EC9-02);16035
2025-09-29;Amphi C (SCI_R-00);84869;SCI_R;192;84;108;Cours;Biologie végétale 2;L2 Sciences de la vie;7;Amphi 40 (EC3-00);17104
2025-09-29;Amphi C (SCI_R-00);84869;SCI_R;192;44;148;Cours;Physiologie animale 2;L3 SDV - BGST;2;Amphi D (SCI_R-00);84870
2025-09-29;Amphi C_A120 (DEG-00);36290;DEG;120;24;96;Cours;CONSOLIDATION IFRS;M2 Compta ctrl audit;3;Salle GREEN A_A01 (DEG-00);36278
2025-09-29;Amphi C_A120 (DEG-00);36290;DEG;120;56;64;Cours;CM Stratégie théorie orga;M1 Management SI;6;Salle de cours 163 (B3-01);15991
2025-09-29;Amphi D (SCI_R-00);84870;SCI_R;192;41;151;Cours;Couleur et matériaux;L3 PC - SGM;3;Salle de cours 06 (STAP-00);45522
2025-09-29;Amphi D (SCI_R-00);84870;SCI_R;192;80;112;Cours;OUMOBIO 1;L2 SDV - LAS;5;Amphi Elsa Serfass (BA1-00);33455
2025-09-29;Amphi D (SCI_R-00);84870;SCI_R;192;60;132;Cours;Algèbre 1 S1;L1 Mathématiques;8;Salle de cours 304 (BA2-00);16671
2025-09-29;Amphi E (PAL-00);13842;PAL;75;15;60;CTD;Thermodynamique S3;L2 PC - Physique;20;Salle TP géochimie B330 (SCI_R-03);85206
2025-09-29;Amphi E (PAL-00);13842;PAL;75;32;43;CTD;EC1 Méca 1 s5;L3 PC - SGM;10;Salle de cours 508 (BA2-02);16629
2025-09-29;Amphi E (PAL-00);13842;PAL;75;22;53;Cours;Ana & algèbre 1 PPPE;L3 MIASHS - PPPE;11;Salle 15 (PAL-01);13885
2025-09-29;Amphi G (DUB-00);17228;DUB;140;53;87;Cours;Analyse 3 S3;L2 Mathématiques;16;Salle de cours 509 (BA2-02);16630
2025-09-29;Amphi G (DUB-00);17228;DUB;140;42;98;Cours;Concept° d'appli internet;L3 Informatique;2;Salle multimedia UTLA 137 (LET-00);27300
2025-09-29;Amphi G (DUB-00);17228;DUB;140;45;95;Cours;Virologie;L3 SDV - BGST;5;Salle informatique I-206 (ISA-02);78619
2025-09-29;Amphi H (DUB-00);17229;DUB;140;35;105;TD;Mesure et intégration S5;L3 Mathématiques;1;Salle 35 (DUB-01);17160
2025-09-29;Salle de cours 107 (LET-00);27308;LET;68;1;67;TD;ALLEMAND A1 SI;<UE transverses CRL>UET Allemand niveau A1 GR 2;9;Salle informatique 201 (LET-01);27266
2025-09-29;Salle de cours 12 (LET-00);27321;LET;60;16;44;CM;Enjeux contemporains;L3 Histoire - EJSP;12;Salle informatique 313 (LET-02);27510
2025-09-29;Salle de cours 120 (LET-00);27333;LET;62;20;42;CM;Arts déco et design;L3 HAA - HA;12;Salle informatique 313 (LET-02);27510
2025-09-29;Salle de cours 120 (LET-00);27333;LET;62;18;44;CM;UE3EC1 Linguistique de l'oral;M1 Etudes anglophones;6;Salle du conseil B11 (LET-01);27281
2025-09-29;Salle de cours 120 (LET-00);27333;LET;62;26;36;CM;CM Art en Europe XVIe S;L2 HAA;12;Salle multimedia UTLA 137 (LET-00);27300
2025-09-29;Salle de cours 121 (LET-00);27332;LET;70;10;60;TD;Découverte anglais TD 2;<L1 Lettres - CTD>Découverte Anglais S1 Gpe 2;9;Salle informatique 214 (LET-01);27271
2025-09-29;Salle de cours 14 (LET-00);27323;LET;98;3;95;Cours;Découverte espagnol S1;<L1 LLCER - EA>Découverte CM Espagnol S1;13;Salle informatique 313 (LET-02);27510
2025-09-29;Salle de cours 23 (LET-01);27248;LET;80;16;64;CM;L'Etat;L3 Histoire - EJSP;11;Salle informatique 313 (LET-02);27510
2025-09-29;Salle de cours 23 (LET-01);27248;LET;80;16;64;TD;L'Etat;L3 Histoire - EJSP;11;Salle informatique 313 (LET-02);27510
2025-09-29;Salle de cours 301 (LET-02);27528;LET;70;6;64;TD;Découverte espagnol S1;<L1 Lettres - CTD>Découverte Espagnol S1 Gpe 1;9;Salle multimedia UTLA 137 (LET-00);27300
2025-09-29;Salle de cours 301 (LET-02);27528;LET;70;7;63;TD;Découverte espagnol S1;<L1 LLCER - EA>Découverte espagnol S1 Gpe 2;9;Salle informatique 214 (LET-01);27271
2025-09-29;Salle de cours B_B1 (DEG-00);36289;DEG;100;26;74;TD;Dt civil des biens TD;<L3 Droit><TD Droit civil des biens>Groupe 3;8;Salle de cours/informatique C_C02 (DEG-00);36288
2025-09-29;Salle de cours B_B1 (DEG-00);36289;DEG;100;28;72;TD;Dt civil des biens TD;<L3 Droit><TD Droit civil des biens>Groupe 2;1;Salle de cours/informatique C_C02 (DEG-00);36288
2025-09-29;Salle de cours B_B1 (DEG-00);36289;DEG;100;40;60;Cours;Droit des obligations;L2 AES;18;Salle Recherche (B3-00);15968
2025-09-29;Salle de cours B_B1 (DEG-00);36289;DEG;100;40;60;Cours;Droit des obligations;L2 AES;18;Salle Recherche (B3-00);15968
2025-09-29;Salle de cours B_B2 (DEG-00);36271;DEG;76;32;44;TD;Module de Prépro;<L3 AES Gestion des entrep><TD Module de préprofessionnal.>Groupe 1;10;Salle de cours 508 (BA2-02);16629
2025-09-29;Salle de cours B_B2 (DEG-00);36271;DEG;76;11;65;Cours;Économie publique;<L3 Economie Gestion>Coloration banque et finance;3;Salle immersive D_D20bis (DEG-00);83663
2025-09-29;Salle de cours B_B2 (DEG-00);36271;DEG;76;30;46;TD;Dt civil des biens TD;<L3 Droit><TD Droit civil des biens>Groupe 1;9;Salle de cours B_B3 (DEG-00);36272
2025-09-29;Salle de cours B_B2 (DEG-00);36271;DEG;76;34;42;TD;Droit du travail TD;<L3 Droit><TD Droit du travail>Groupe 1;1;Salle de cours B_B7 (DEG-00);36273
2025-09-29;Salle de cours B_B2 (DEG-00);36271;DEG;76;36;40;TD;TD Economie et Soutenabilité;<L1 Economie et Gestion><Economie et soutenabilité>Groupe 2;8;Salle de cours 406 (BA2-01);16739
2025-09-29;Salle de cours B_B2 (DEG-00);36271;DEG;76;28;48;TD;TD Comptabilités des sociétés;<L3 Economie Gestion>Coloration Comptabilité et management;8;Salle de cours B_B8 (DEG-00);36277
2025-09-29;Salle de cours C_C01 (DEG-00);36291;DEG;79;8;71;Cours;Contentieux administratif;M2 Dt cont des libertés;4;Salle informatique B_BARETOUS (DEG-01);36548
2025-09-29;Salle de cours C_C01 (DEG-00);36291;DEG;79;19;60;TD;TD Economie et Soutenabilité;L1 LEA / Ecogestion - AE;3;Salle GREEN A_A01 (DEG-00);36278
2025-09-29;Salle de cours C_C04 (DEG-00);36292;DEG;50;6;44;Cours;Economie Politique Oral;CAPA Droit 2e année (PAU);14;Salle de réunion IAE CREG D_D210 (DEG-02);36444
2025-09-29;Salle de cours C_C19 (DEG-01);36561;DEG;52;24;28;Cours;FUSIONS;M2 Compta ctrl audit;1;Salle GREEN A_A01 (DEG-00);36278
2025-09-29;Salle de cours C_C19 (DEG-01);36561;DEG;52;24;28;CM;CONTROLE DE GESTION;M2 Compta ctrl audit;3;Salle GREEN A_A01 (DEG-00);36278
2025-09-30;AMPHI STID (STI-00);24832;STI;165;9;156;TD;R1.04 Bases thermodyn.;<BUT 1 - MTEE><Groupes TD>TD2;8;Salle informatique B_BARETOUS (DEG-01);36548
2025-09-30;Amphi 1 (LET-00);27353;LET;150;60;90;Cours;Littérature S5;L3 LLCER - EA - FLE;4;Salle de cours 30 (LET-02);27513
2025-09-30;Amphi 1 (LET-00);27353;LET;150;51;99;Cours;1 Linguistique française;L2 Lettres classiques;6;Salle de cours 10 (LET-00);27320
2025-09-30;Amphi 1 (LET-00);27353;LET;150;26;124;CM;CM Vill occid romain;L2 HAA;9;Salle de cours IEFE 128 (LET-00);27298
2025-09-30;Amphi 3 (LET-02);27502;LET;300;43;257;Cours;Intro à la géographie-CM;L1 Géo Aménagement;12;Salle de cours 134 (LET-00);27341
2025-09-30;Amphi 3 (LET-02);27502;LET;300;104;196;Cours;Intro Sociologie S1;L1 Sociologie;11;Amphi B (EC9-02);16035
2025-09-30;Amphi 3 (LET-02);27502;LET;300;124;176;Cours;Civilisation S1;L1 LLCER - EA;12;Amphi B (EC9-02);16035
2025-09-30;Amphi 3 (LET-02);27502;LET;300;140;160;Cours;Civi pays anglo S1;L1 LEA - AE - langues spé;12;Amphi 400 (EC9-01);16026
2025-09-30;Amphi A (SCI_R-00);85316;SCI_R;216;84;132;Cours;Biologie végétale 2;L2 Sciences de la vie;1;Amphi C (SCI_R-00);84869
2025-09-30;Amphi A (SCI_R-00);85316;SCI_R;216;45;171;Cours;Physiologie animale 2;L3 SDV - BGST;2;Salle de cours 110 (LET-00);79980
2025-09-30;Amphi A (SCI_R-00);85316;SCI_R;216;47;169;Cours;Roches et Chronologie;L1 Sciences de la terre;3;Salle de Cours 003 (BA1-00);33458
2025-09-30;Amphi A_A300 (DEG-00);36276;DEG;300;40;260;Cours;Droit administratif 1;L2 AES;16;Salle Recherche (B3-00);15968
2025-09-30;Amphi A_A300 (DEG-00);36276;DEG;300;40;260;Cours;Droit administratif 1;L2 AES;16;Salle Recherche (B3-00);15968
2025-09-30;Amphi A_A400 (DEG-00);36274;DEG;400;138;262;Cours;Analyse financière;L3 AES Gestion des entrep;14;Amphi 400 (EC9-01);16026
2025-09-30;Amphi A_A600 (DEG-00);36275;DEG;600;34;566;CM;Droit comparé;<M1 Juriste d'affaires>Droit comparé;8;Salle de Cours 003 (BA1-00);33458
2025-09-30;Amphi A_A600 (DEG-00);36275;DEG;600;34;566;CM;Droit comparé;<M1 Juriste d'affaires>Droit comparé;8;Salle de Cours 003 (BA1-00);33458
2025-09-30;Amphi B (SCI_R-00);85297;SCI_R;220;82;138;Cours;Biochimie générale;L2 Sciences de la vie;10;Amphi 40 (EC3-00);17104
2025-09-30;Amphi B (SCI_R-00);85297;SCI_R;220;104;116;Cours;Systèmes d'exploitation I;L1 Informatique;2;I-006 Kompong Speu (ISA-00);78413
2025-09-30;Amphi C (SCI_R-00);84869;SCI_R;192;45;147;Cours;Biologie moléculaire prat;L3 SDV - BGST;2;Salle 1 (PAL-00);13836
2025-09-30;Amphi C (SCI_R-00);84869;SCI_R;192;48;144;Cours;Chim orga fonct, méca réa;L2 PC - LAS;5;Salle de Cours 003 (BA1-00);33458
2025-09-30;Amphi C_A120 (DEG-00);36290;DEG;120;24;96;Cours;CAC ET AUDIT;M2 Compta ctrl audit;3;Salle GREEN A_A01 (DEG-00);36278
2025-09-30;Amphi C_A120 (DEG-00);36290;DEG;120;24;96;Cours;CAC ET AUDIT;;2;Salle GREEN A_A01 (DEG-00);36278
2025-09-30;Amphi C_A120 (DEG-00);36290;DEG;120;15;105;Cours;Environnement économique;DU TG 1ère Année;10;Salle de réunion D_D04 (DEG-00);36235
2025-09-30;Amphi D (SCI_R-00);84870;SCI_R;192;85;107;Cours;Mécanique du point;L1 Physique, Chimie;7;Amphi 40 (EC3-00);17104
2025-09-30;Amphi D (SCI_R-00);84870;SCI_R;192;52;140;CTD;Structure cristalline;L3 PC - SGM;6;Salle de cours 509 (BA2-02);16630
2025-09-30;Amphi D (SCI_R-00);84870;SCI_R;192;27;165;CTD;Analyse chimique 2;L3 PC - LAS;7;Salle TP Physique B118 (SCI_R-01);84964
2025-09-30;Amphi D (SCI_R-00);84870;SCI_R;192;27;165;CTD;Analyse chimique 2;L3 PC - LAS;7;Salle TP Physique B118 (SCI_R-01);84964
2025-09-30;Amphi E (PAL-00);13842;PAL;75;15;60;CTD;Thermodynamique S3;L2 PC - Physique;20;Salle TP géochimie B330 (SCI_R-03);85206
2025-09-30;Amphi E (PAL-00);13842;PAL;75;32;43;CTD;EC1 Méca 1 s5;L3 PC - SGM;10;Salle de cours 508 (BA2-02);16629
2025-09-30;Amphi F (PAL-00);13841;PAL;75;14;61;TD;Chim orga structure moléc;L3 PC - SGM;1;Salle 14 (PAL-01);13886
2025-09-30;Amphi G (DUB-00);17228;DUB;140;52;88;Cours;Equations diff S5;L3 Mathématiques;5;Salle de cours 509 (BA2-02);16630
2025-09-30;Amphi G (DUB-00);17228;DUB;140;53;87;Cours;Intro topologie;L2 Mathématiques;12;Salle de cours 509 (BA2-02);16630
2025-09-30;Amphi G (DUB-00);17228;DUB;140;40;100;Cours;Eléments d'algèbre;L1 MIASHS;7;Salle Recherche (B3-00);15968
2025-09-30;Salle de cours 11 (LET-00);27324;LET;80;38;42;Cours;Sociologie du travail;L3 Sociologie;9;Salle de cours 406 (BA2-01);16739
2025-09-30;Salle de cours 12 (LET-00);27321;LET;60;25;35;TD;Histoire moderne;L3 Histoire - ER;11;Salle de cours IEFE 128 (LET-00);27298
2025-09-30;Salle de cours 120 (LET-00);27333;LET;62;26;36;CM;Habitat et vie privée;L2 HAA;11;Salle de cours 144 (EC3-01);17123
2025-09-30;Salle de cours 120 (LET-00);27333;LET;62;30;32;CM;Hist art ibéri mod & cont;L2 HAA;12;Salle de cours 166 (B3-01);15984
2025-09-30;Salle de cours 14 (LET-00);27323;LET;98;28;70;TD;Droit des obligations TD;<L2 Droit><TD droit des obligations>Groupe 6;2;Salle de cours 21 (LET-01);27247
2025-09-30;Salle de cours 220 (LET-01);27254;LET;60;10;50;CM;UE3EC2 Question genres et gen;M1 Etudes hispaniques;8;Salle informatique 201 (LET-01);27266
2025-09-30;Salle de cours 32 (LET-02);27514;LET;80;27;53;Cours;Mobilités humaines;L2 Géo Aménagement;11;Salle de cours 10 (LET-00);27320
2025-09-30;Salle de cours 32 (LET-02);27514;LET;80;17;63;CM;Tourisme, géographie amén;<L2 Géo Aménagement>3S-Tourisme, géographie et aménagement S3;4;Salle informatique 313 (LET-02);27510
2025-09-30;Salle de cours B_B1 (DEG-00);36289;DEG;100;40;60;Cours;Informatique;L2 AES;5;Salle Recherche (B3-00);15968
2025-09-30;Salle de cours B_B1 (DEG-00);36289;DEG;100;39;61;TD;TD Analyse financière;<L3 Economie Gestion><TD Analyse Financière>Groupe 6;9;Amphi A_A400 (DEG-00);36274
2025-09-30;Salle de cours B_B1 (DEG-00);36289;DEG;100;11;89;Cours;Intro à la croissance;L2 Economie Gestion CMI;8;Salle immersive D_D20bis (DEG-00);83663
2025-09-30;Salle de cours B_B1 (DEG-00);36289;DEG;100;40;60;TD;TD Economie et Soutenabilité;<L1 Economie et Gestion><Economie et soutenabilité>Groupe 5;10;Salle de Cours 003 (BA1-00);33458
2025-09-30;Salle de cours B_B1 (DEG-00);36289;DEG;100;40;60;TD;TD Comptabilité;L1 Economie Gestion CMI;7;Salle 16 (PAL-01);13883
2025-09-30;Salle de cours B_B2 (DEG-00);36271;DEG;76;32;44;TD;TD Economie et Soutenabilité;<L1 Economie et Gestion><Economie et soutenabilité>Groupe 4;6;Salle de cours 05 (STAP-00);45520
2025-09-30;Salle de cours B_B2 (DEG-00);36271;DEG;76;29;47;TD;Dt euro dts de l'H. TD;M1 Police et Sécu inté;2;Salle de cours/informatique C_C02 (DEG-00);36288
2025-09-30;Salle de cours C_C01 (DEG-00);36291;DEG;79;19;60;TD;TD Mathématiques pour la micro;L1 LEA / Ecogestion - AE;1;Salle GREEN A_A01 (DEG-00);36278
2025-09-30;Salle de cours C_C03 (DEG-00);36287;DEG;50;24;26;TD;TD Mathématiques pour la micro;<L1 Economie et Gestion><TD Mathématiques pour la micro>Groupe 2;2;Salle GREEN A_A01 (DEG-00);36278
2025-09-30;Salle de cours C_C03 (DEG-00);36287;DEG;50;15;35;Cours;Management comptable 2;DU TG 2ième Année;1;Salle de réunion D_D04 (DEG-00);36235
2025-09-30;Salle de cours C_C04 (DEG-00);36292;DEG;50;13;37;Cours;Hist. des dts de l'H.;M1 Droit exécution peines;24;Salle GREEN A_A01 (DEG-00);36278
2025-09-30;Salle de cours C_C04 (DEG-00);36292;DEG;50;13;37;Cours;Hist. des dts de l'H.;M1 Droit exécution peines;24;Salle GREEN A_A01 (DEG-00);36278
2025-09-30;Salle de cours C_C04 (DEG-00);36292;DEG;50;6;44;Cours;Dt Adm Spécial Ecrit;CAPA Droit 2e année (PAU);13;Salle informatique B_BARETOUS (DEG-01);36548
2025-09-30;Salle de cours C_C18 (DEG-01);36560;DEG;50;11;39;Cours;Anglais M2 DEG S9;<M2 Droit transitions EE><TD Anglais>Anglais M2 DTEE;4;Salle immersive D_D20bis (DEG-00);83663
2025-09-30;Salle de cours C_C19 (DEG-01);36561;DEG;52;24;28;Cours;CAC ET AUDIT;M2 Compta ctrl audit;3;Salle GREEN A_A01 (DEG-00);36278
2025-10-01;AMPHI STID (STI-00);24832;STI;165;23;142;TD;R1.04 Bases thermodyn.;<BUT 1 - MTEE><Groupes TD>TD1;4;Salle de cours 167 (B3-01);15986
2025-10-01;AMPHI STID (STI-00);24832;STI;165;32;133;Cours;R1.08 Mesure et instrum.;BUT 1 - MTEE;6;Salle de cours 508 (BA2-02);16629
2025-10-01;AMPHI STID (STI-00);24832;STI;165;32;133;Cours;SAE1.02 Instrum. Bâtiment;BUT 1 - MTEE;1;Salle de cours 508 (BA2-02);16629
2025-10-01;Amphi (STAP-00);18427;STAP;300;100;200;Cours;1 Sciences de l'éducation;L3 STAPS EM (Tarbes);4;Amphi B (EC9-02);16035
2025-10-01;Amphi 1 (LET-00);27353;LET;150;65;85;Cours;Méthodo quantitative 1;L2 Sociologie;9;Salle de cours 131 (B2-01);16957
2025-10-01;Amphi 1 (LET-00);27353;LET;150;68;82;CM;Art gr antiq et péléochré;L1 HAA;6;Salle de cours 301 (LET-02);27528
2025-10-01;Amphi 1 (LET-00);27353;LET;150;68;82;CM;1 Littérature comparée 5;L3 Lettres modernes;10;Salle de cours 131 (B2-01);16957
2025-10-01;Amphi 1 (LET-00);27353;LET;150;40;110;CM;1 Littérature comparée 1;L1 Lettres class & modern;11;Salle de cours 133 (LET-00);27338
2025-10-01;Amphi 2 (LET-00);27354;LET;140;65;75;Cours;Sociologie territoires;L2 Sociologie;8;Salle de cours 131 (B2-01);16957
2025-10-01;Amphi 3 (LET-02);27502;LET;300;140;160;Cours;Expr française S1 CM;L1 LEA - AE - langues spé;13;Amphi 400 (EC9-01);16026
2025-10-01;Amphi 3 (LET-02);27502;LET;300;124;176;Cours;Linguistique S1;L1 LLCER - EA;12;Amphi B (EC9-02);16035
2025-10-01;Amphi 3 (LET-02);27502;LET;300;124;176;Cours;Littérature S1;L1 LLCER - EA;12;Amphi B (EC9-02);16035
2025-10-01;Amphi 3 (LET-02);27502;LET;300;126;174;Cours;Gram esp S1 CM;L1 LEA - AE - langues spé;7;Amphi B (EC9-02);16035
2025-10-01;Amphi A (SCI_R-00);85316;SCI_R;216;104;112;Cours;Algorithmique I;L1 Informatique;6;Amphi B (EC9-02);16035
2025-10-01;Amphi A_A150 (DEG-00);36279;DEG;150;44;106;Cours;Informatique;L3 AES Adm géné & dév soc;14;Salle 7 (PAL-00);13839
2025-10-01;Amphi A_A300 (DEG-00);36276;DEG;300;149;151;Cours;Économie internationale 1;L3 AES Gestion des entrep;13;Amphi 400 (EC9-01);16026
2025-10-01;Amphi A_A400 (DEG-00);36274;DEG;400;159;241;Cours;Comptabilité 2;L2 Economie Gestion CMI;11;Amphi (STAP-00);18427
2025-10-01;Amphi A_A400 (DEG-00);36274;DEG;400;119;281;Cours;Microéconomie 2;L2 Economie Gestion CMI;6;Amphi B (EC9-02);16035
2025-10-01;Amphi C (SCI_R-00);84869;SCI_R;192;87;105;Cours;Maths géné pour l'info;L1 Informatique;6;Amphi 40 (EC3-00);17104
2025-10-01;Amphi C_A120 (DEG-00);36290;DEG;120;24;96;TD;Travaux de groupes - CAC&Audit;;3;Salle GREEN A_A01 (DEG-00);36278
2025-10-01;Amphi C_A120 (DEG-00);36290;DEG;120;24;96;Cours;CAC ET AUDIT;M2 Compta ctrl audit;3;Salle GREEN A_A01 (DEG-00);36278
2025-10-01;Amphi D (SCI_R-00);84870;SCI_R;192;52;140;Cours;Cinétique Formelle;L2 PC - LAS;3;Amphi A (SCI_R-00);85316
2025-10-01;Amphi D (SCI_R-00);84870;SCI_R;192;48;144;Cours;Chimie des solutions 3;L2 PC - LAS;8;Salle de Cours 003 (BA1-00);33458
2025-10-01;Amphi E (PAL-00);13842;PAL;75;27;48;Cours;Diagramme état thermo mél;L3 PC - LAS;10;Salle de cours 144 (EC3-01);17123
2025-10-01;Amphi E (PAL-00);13842;PAL;75;27;48;TD;Diagramme état thermo mél;L3 PC - LAS;11;Salle de cours 144 (EC3-01);17123
2025-10-01;Amphi G (DUB-00);17228;DUB;140;60;80;Cours;Réseaux I;L2 Informatique;8;Salle de cours 304 (BA2-00);16671
2025-10-01;Amphi G (DUB-00);17228;DUB;140;53;87;Cours;Analyse 3 S3;L2 Mathématiques;16;Salle de cours 509 (BA2-02);16630
2025-10-01;Amphi G (DUB-00);17228;DUB;140;48;92;TD;Chim orga fonct, méca réa;L2 PC - Chimie;3;Salle 20 (DUB-00);17232
2025-10-01;Amphi H (DUB-00);17229;DUB;140;47;93;Cours;Physique du globe 1;L1 Sciences de la terre;4;Salle de Cours 003 (BA1-00);33458
2025-10-01;Salle de cours 10 (LET-00);27320;LET;60;24;36;Cours;2 Traduction littéraire 1;L3 Lettres modernes;11;Salle de cours IEFE 127 (LET-00);27296
2025-10-01;Salle de cours 107 (LET-00);27308;LET;68;16;52;TD;Gram esp S1 TD;<L1 LEA - AE - langues spé><L1 LEA Spé TD>L1 LEA Gpe A;12;Salle informatique 313 (LET-02);27510
2025-10-01;Salle de cours 12 (LET-00);27321;LET;60;29;31;TD;Compétences rédactionelle;<L1 Histoire><L1 Histoire Sem1>TD3 Histoire Sem1;11;Salle de cours 105 (LET-00);27306
2025-10-01;Salle de cours 120 (LET-00);27333;LET;62;15;47;TD;1 Méthodologie S7;M1 Lettres et arts;9;Salle informatique 202 (LET-01);27273
2025-10-01;Salle de cours 120 (LET-00);27333;LET;62;26;36;TD;TD Art en Europe XVIe S;L2 HAA;12;Salle de cours 144 (EC3-01);17123
2025-10-01;Salle de cours 13 (LET-00);27322;LET;70;12;58;TD;Expr française S1 TD;L1 LEA - AA - langues spé;12;Labo de Langues 316 (LET-02);27521
2025-10-01;Salle de cours 13 (LET-00);27322;LET;70;28;42;TD;Gram & thème esp S3 TD;L2 LEA - AE - écogestion;12;Salle de cours 10 (LET-00);27320
2025-10-01;Salle de cours 14 (LET-00);27323;LET;98;34;64;CM;UE12 EC1 Intro à l'esthétique;M2 Etudes hispaniques;3;Salle multimedia UTLA 137 (LET-00);27300
2025-10-01;Salle de cours 220 (LET-01);27254;LET;60;26;34;CM;Archéo ville au MÂ;L2 HAA;8;Salle de cours 144 (EC3-01);17123
2025-10-01;Salle de cours 220 (LET-01);27254;LET;60;16;44;TD;Méthodologie des concours;L3 Histoire - EJSP;12;Salle informatique 314 (LET-02);27509
2025-10-01;Salle de cours 23 (LET-01);27248;LET;80;25;55;CM;Histoire moderne;L3 Histoire - ER;12;Salle GREEN A_A01 (DEG-00);36278
2025-10-01;Salle de cours 301 (LET-02);27528;LET;70;5;65;Cours;Agreg. Espagnol Chirbes 2 S1;PREPA. AGREGAT. ESPAGNOL;8;Salle informatique 313 (LET-02);27510
2025-10-01;Salle de cours 32 (LET-02);27514;LET;80;20;60;TD;Portrait de territoire;<L3 GA - TDDTE>5S-Portrait de territoire S5;11;Labo de Langues 316 (LET-02);27521
2025-10-01;Salle de cours 32 (LET-02);27514;LET;80;7;73;TD;Intro. aux concours Sem5;<L3 GA - TDDTE>5S-Introduction aux concours S5;11;Salle informatique 313 (LET-02);27510
2025-10-01;Salle de cours B_B1 (DEG-00);36289;DEG;100;31;69;TD;TD Comptabilité;<L1 Economie et Gestion><Comptabilité>Groupe 3;8;Amphi A_A150 (DEG-00);36279
2025-10-01;Salle de cours B_B1 (DEG-00);36289;DEG;100;21;79;TD;Dt fondamentaux TD;<L3 Droit><TD Droits fondamentaux>Groupe 1;8;Salle GREEN A_A01 (DEG-00);36278
2025-10-01;Salle de cours B_B1 (DEG-00);36289;DEG;100;20;80;TD;Dt fondamentaux TD;<L3 Droit><TD Droits fondamentaux>Groupe 2;8;Salle GREEN A_A01 (DEG-00);36278
2025-10-01;Salle de cours B_B2 (DEG-00);36271;DEG;76;21;55;TD;Intro gestion TD;<L1 Economie et Gestion><TD Intro à la Gestion>Groupe 7;1;Salle GREEN A_A01 (DEG-00);36278
2025-10-01;Salle de cours B_B2 (DEG-00);36271;DEG;76;35;41;TD;Pocédure pénale TD;<L3 Droit><TD Procédure pénale>Groupe 1;10;Amphi A_A400 (DEG-00);36274
2025-10-01;Salle de cours C_C01 (DEG-00);36291;DEG;79;24;55;Cours;CAC ET AUDIT;;2;Salle GREEN A_A01 (DEG-00);36278
2025-10-01;Salle de cours C_C03 (DEG-00);36287;DEG;50;8;42;Cours;Droit Commercial Oral;CAPA Droit 1e année (PAU);12;Salle de réunion IAE CREG D_D210 (DEG-02);36444
2025-10-01;Salle de cours C_C04 (DEG-00);36292;DEG;50;13;37;Cours;Anglais M1 DEG S7;<M1 Droit privé général><TD Anglais>Anglais M1 Droit Mutualisé Gp 4;8;Salle GREEN A_A01 (DEG-00);36278
2025-10-01;Salle de cours C_C04 (DEG-00);36292;DEG;50;6;44;Cours;Droit Fiscal Oral;CAPA Droit 2e année (PAU);14;Salle de réunion IAE CREG D_D210 (DEG-02);36444
2025-10-01;Salle de cours C_C19 (DEG-01);36561;DEG;52;24;28;Cours;GESTION JURIDIQUE SOCIALE;M2 Compta ctrl audit;4;Salle GREEN A_A01 (DEG-00);36278
2025-10-02;AMPHI STID (STI-00);24832;STI;165;32;133;Cours;SAE1.04 Maint instal éner;BUT 1 - MTEE;3;Salle de cours 508 (BA2-02);16629
2025-10-02;AMPHI STID (STI-00);24832;STI;165;32;133;Cours;R1.06 Energie électrique;BUT 1 - MTEE;2;Salle de cours 508 (BA2-02);16629
2025-10-02;Amphi (STAP-00);18427;STAP;300;100;200;Cours;1 Histoire;L3 STAPS EM (Tarbes);4;I-006 Kompong Speu (ISA-00);78413
2025-10-02;Amphi 1 (LET-00);27353;LET;150;74;76;CM;1 Littérature française 1;L1 Lettres - CTD;11;Salle de cours 23 (LET-01);27248
2025-10-02;Amphi 2 (LET-00);27354;LET;140;18;122;Cours;Interdisciplinary Project;M2 CSV - EACM -GREEN;1;Salle de cours 203 (LET-01);27270
2025-10-02;Amphi 3 (LET-02);27502;LET;300;104;196;Cours;Métier étud & découv univ;L1 Sociologie;4;Amphi 1 (LET-00);27353
2025-10-02;Amphi A (SCI_R-00);85316;SCI_R;216;45;171;Cours;Virologie;L3 SDV - BGST;1;Salle 2 (PAL-00);13837
2025-10-02;Amphi A_A300 (DEG-00);36276;DEG;300;33;267;Cours;Procédure pénale CM;CERTIF SC CRIM;5;Salle de cours B_B6 (DEG-00);36270
2025-10-02;Amphi A_A400 (DEG-00);36274;DEG;400;189;211;Cours;Maths microéconomie;L1 Economie et Gestion;6;Amphi 3 (LET-02);27502
2025-10-02;Amphi A_A600 (DEG-00);36275;DEG;600;84;516;Cours;Intro science pol;<L2 AES>Intro à la science politique;2;Amphi 40 (EC3-00);17104
2025-10-02;Amphi A_A600 (DEG-00);36275;DEG;600;84;516;Cours;Intro science pol;<L2 AES>Intro à la science politique;2;Amphi 40 (EC3-00);17104
2025-10-02;Amphi A_A600 (DEG-00);36275;DEG;600;269;331;Cours;Intro hist au droit;L1 Droit (Pau);7;Amphi 400 (EC9-01);16026
2025-10-02;Amphi B (SCI_R-00);85297;SCI_R;220;87;133;Cours;UE Découverte I: physique;L1 Informatique;5;Amphi 40 (EC3-00);17104
2025-10-02;Amphi B (SCI_R-00);85297;SCI_R;220;60;160;Cours;Intro phys géné;L1 Mathématiques;3;Salle de cours 304 (BA2-00);16671
2025-10-02;Amphi C (SCI_R-00);84869;SCI_R;192;22;170;Cours;Mécanique du Solide s3;L2 PC - Physique;7;Salle TP Physique B133 (SCI_R-01);84952
2025-10-02;Amphi C (SCI_R-00);84869;SCI_R;192;87;105;Cours;UE Découverte II: MMI;L1 Informatique;11;Amphi 40 (EC3-00);17104
2025-10-02;Amphi F (PAL-00);13841;PAL;75;27;48;CTD;Analyse chimique 2;L3 PC - LAS;5;Salle de cours 144 (EC3-01);17123
2025-10-02;Amphi F (PAL-00);13841;PAL;75;22;53;TD;Ana & algèbre 1 PPPE;L3 MIASHS - PPPE;4;Salle 17 (PAL-01);13878
2025-10-02;Amphi G (DUB-00);17228;DUB;140;60;80;Cours;Compléments Math 1 S1;L1 Mathématiques;8;Salle de cours 304 (BA2-00);16671
2025-10-02;Amphi H (DUB-00);17229;DUB;140;27;113;Cours;Structure réactivité molé;L3 PC - LAS;10;Salle de cours 144 (EC3-01);17123
2025-10-02;Salle de cours 107 (LET-00);27308;LET;68;23;45;TD;4 Expression Française;M1 LEA;10;Salle de cours 167 (B3-01);15986
2025-10-02;Salle de cours 23 (LET-01);27248;LET;80;3;77;TD;Atelier Historien contemp;L3 Histoire - Art & Patri;13;Labo de Langues 312 (LET-02);27512
2025-10-02;Salle de cours 30 (LET-02);27513;LET;60;10;50;CM;Project management;<M1 CSV - EACM- GREEN>M1 GREEN EACM Project Management;4;Salle informatique 201 (LET-01);27266
2025-10-02;Salle de cours B_B1 (DEG-00);36289;DEG;100;34;66;TD;Intro gestion TD;<L1 AES><TD Introduction à la gestion>Groupe 5;7;Salle de cours 162 (B3-01);15996
2025-10-02;Salle de cours B_B1 (DEG-00);36289;DEG;100;50;50;Cours;Criminologie;D.U Sc criminelles;14;Salle de Cours 003 (BA1-00);33458
2025-10-02;Salle de cours B_B1 (DEG-00);36289;DEG;100;50;50;Cours;Criminologie;D.U Sc criminelles;14;Salle de Cours 003 (BA1-00);33458
2025-10-02;Salle de cours B_B1 (DEG-00);36289;DEG;100;40;60;Cours;Droit de l'urbanisme;M1 Droit transitions EE;8;Salle Recherche (B3-00);15968
2025-10-02;Salle de cours B_B2 (DEG-00);36271;DEG;76;31;45;TD;Pbl contemp. dt pénal;M1 Police et Sécu inté;1;Salle de cours B_B6 (DEG-00);36270
2025-10-02;Salle de cours C_C18 (DEG-01);36560;DEG;50;17;33;Cours;Anglais;<M2 Drt Act publique loc><TD Anglais>Anglais M2 Droit Public;9;Salle informatique B_OSSAU (DEG-01);36551
2025-10-02;Salle de cours C_C18 (DEG-01);36560;DEG;50;24;26;CM;les moyens matériels;D.U Métiers admin gen ter;1;Salle GREEN A_A01 (DEG-00);36278
2025-10-02;Salle de cours C_C19 (DEG-01);36561;DEG;52;24;28;Cours;CONSOLIDATION IFRS;M2 Compta ctrl audit;3;Salle GREEN A_A01 (DEG-00);36278
2025-10-03;AMPHI STID (STI-00);24832;STI;165;9;156;TD;R1.04 Bases thermodyn.;<BUT 1 - MTEE><Groupes TD>TD2;8;Salle informatique B_BARETOUS (DEG-01);36548
2025-10-03;Amphi 1 (LET-00);27353;LET;150;53;97;Cours;Géographie &environnement;L1 Géo Aménagement;8;Salle de cours 12 (LET-00);27321
2025-10-03;Amphi 1 (LET-00);27353;LET;150;51;99;Cours;2 Stylistique 1;L2 Lettres classiques;6;Amphi 2 (LET-00);27354
2025-10-03;Amphi 3 (LET-02);27502;LET;300;104;196;Cours;Intro à l'anthropologie;L1 Sociologie;9;Amphi B (EC9-02);16035
2025-10-03;Amphi A_A600 (DEG-00);36275;DEG;600;280;320;Cours;Comptabilité 1;L1 Economie et Gestion;8;Amphi 400 (EC9-01);16026
2025-10-03;Amphi C_A120 (DEG-00);36290;DEG;120;44;76;Cours;Droit du travail CM;L3 AES Adm géné & dév soc;2;Salle de cours C_C03 (DEG-00);36287
2025-10-03;Amphi C_A120 (DEG-00);36290;DEG;120;44;76;Cours;Droit du travail CM;L3 AES Adm géné & dév soc;2;Salle de cours C_C03 (DEG-00);36287
2025-10-03;Amphi D (SCI_R-00);84870;SCI_R;192;60;132;TD;Intro phys géné;L1 Mathématiques;1;Amphi A (SCI_R-00);85316
2025-10-03;Amphi D (SCI_R-00);84870;SCI_R;192;52;140;Cours;Couleur et matériaux;L3 PC - Physique, Chimie;4;Salle de cours 509 (BA2-02);16630
2025-10-03;Amphi E (PAL-00);13842;PAL;75;36;39;CTD;OUMOBIO 3;L3 SDV - LAS;3;Amphi F (PAL-00);13841
2025-10-03;Amphi F (PAL-00);13841;PAL;75;29;46;TD;Propagation s5;L3 PC - Physique, Chimie;1;Salle 2 (PAL-00);13837
2025-10-03;Amphi F (PAL-00);13841;PAL;75;27;48;Cours;Réact. chim organique;L3 PC - LAS;2;Salle 1 (PAL-00);13836
2025-10-03;Amphi G (DUB-00);17228;DUB;140;48;92;TD;Chim orga fonct, méca réa;L2 PC - LAS;7;Salle de Cours 003 (BA1-00);33458
2025-10-03;Amphi G (DUB-00);17228;DUB;140;63;77;Cours;Bases de données II;L3 MIASHS - MID;6;Salle de cours 127 (B2-01);16947
2025-10-03;Amphi G (DUB-00);17228;DUB;140;45;95;Cours;Biologie moléculaire prat;L3 SDV - BGST;3;Salle 1 (PAL-00);13836
2025-10-03;Amphi H (DUB-00);17229;DUB;140;42;98;TD;Proba approfondies &stat;L3 MIASHS - MID;5;Salle multimedia UTLA 137 (LET-00);27300
2025-10-03;Amphi H (DUB-00);17229;DUB;140;60;80;Cours;Calcul scientifique;L2 Informatique;8;Salle de cours 304 (BA2-00);16671
2025-10-03;Amphi H (DUB-00);17229;DUB;140;16;124;Cours;Séries intro calcul proba;L2 MIASHS;2;Salle TP Microbio 42 (DUB-02);17197
2025-10-03;Salle de cours 107 (LET-00);27308;LET;68;30;38;TD;Gram angl S1 TD;L1 LEA - AA - langues spé;12;Salle de cours 22 (LET-01);27244
2025-10-03;Salle de cours 11 (LET-00);27324;LET;80;38;42;Cours;Sciences politiques;L3 Sociologie;10;Salle multimedia UTLA 137 (LET-00);27300
2025-10-03;Salle de cours 11 (LET-00);27324;LET;80;38;42;TD;Sociologie de l'art;L3 Sociologie;9;Salle de cours 406 (BA2-01);16739
2025-10-03;Salle de cours 11 (LET-00);27324;LET;80;38;42;Cours;Actualités sociologiques;L3 Sociologie;8;Salle de cours 406 (BA2-01);16739
2025-10-03;Salle de cours 120 (LET-00);27333;LET;62;26;36;CM;Cult architectu & urbaine;L2 HAA;7;Amphi 3 (LET-02);27502
2025-10-03;Salle de cours 14 (LET-00);27323;LET;98;30;68;TD;Droit des obligations TD;<L2 Droit><TD droit des obligations>Groupe 4;3;Salle de cours 31 (LET-02);27515
2025-10-03;Salle de cours 14 (LET-00);27323;LET;98;25;73;TD;Droit des obligations TD;<L2 Droit><TD droit des obligations>Groupe 3;3;Salle de cours 21 (LET-01);27247
2025-10-03;Salle de cours 220 (LET-01);27254;LET;60;16;44;CM;Environnement institution;L3 Histoire - EJSP;10;Salle informatique 215 (LET-01);27272
2025-10-03;Salle de cours 23 (LET-01);27248;LET;80;29;51;TD;Histoire comtemporaine;<L1 Histoire><L1 Histoire Sem1>TD3 Histoire Sem1;11;Salle de cours 166 (B3-01);15984
2025-10-03;Salle de cours 23 (LET-01);27248;LET;80;32;48;TD;Histoire comtemporaine;<L1 Histoire><L1 Histoire Sem1>TD1 Histoire Sem1;11;Salle de cours 508 (BA2-02);16629
2025-10-03;Salle de cours 23 (LET-01);27248;LET;80;1;79;CM;Histoire des idées politi;<L2 Histoire>0 Hist. des idées politiques Sem3;10;Salle informatique 313 (LET-02);27510
2025-10-03;Salle de cours 301 (LET-02);27528;LET;70;19;51;CM;Civi esp et hisp-am S5;L3 LLCER - EH - ER;8;Salle de cours 204 (LET-01);27267
2025-10-03;Salle de cours 301 (LET-02);27528;LET;70;24;46;CM;Nouv chps patrimoniaux;L3 HAA - HA;10;Salle 15 (PAL-01);13885
2025-10-03;Salle de cours 301 (LET-02);27528;LET;70;24;46;TD;Nouv chps patrimoniaux;L3 HAA - HA;10;Salle de cours 30 (LET-02);27513
2025-10-03;Salle de cours 301 (LET-02);27528;LET;70;5;65;CM;Agreg. Espagnol Version clasS1;PREPA. AGREGAT. ESPAGNOL;12;Labo de Langues 312 (LET-02);27512
2025-10-03;Salle de cours 31 (LET-02);27515;LET;60;5;55;CM;Agreg. Espagnol Ling. S1;PREPA. AGREGAT. ESPAGNOL;12;Salle informatique 201 (LET-01);27266
2025-10-03;Salle de cours 31 (LET-02);27515;LET;60;5;55;CM;Agreg. Espagnol Tirso S1;PREPA. AGREGAT. ESPAGNOL;9;Salle informatique 215 (LET-01);27272
2025-10-03;Salle de cours B_B1 (DEG-00);36289;DEG;100;30;70;CM;Comptabilité;<M1 Droit Notarial>Comptabilité;16;Salle de cours 166 (B3-01);15984
2025-10-03;Salle de cours B_B1 (DEG-00);36289;DEG;100;30;70;CM;Comptabilité;<M1 Droit Notarial>Comptabilité;16;Salle de cours 166 (B3-01);15984
2025-10-03;Salle de cours B_B1 (DEG-00);36289;DEG;100;18;82;Cours;Dt pén.et procéd.pén. CM;<M1 Procédures contentieux>Droit pénal et procédure pénale approfondis;21;Salle GREEN A_A01 (DEG-00);36278
2025-10-03;Salle de cours B_B1 (DEG-00);36289;DEG;100;18;82;Cours;Dt pén.et procéd.pén. CM;<M1 Procédures contentieux>Droit pénal et procédure pénale approfondis;21;Salle GREEN A_A01 (DEG-00);36278
2025-10-03;Salle de cours B_B1 (DEG-00);36289;DEG;100;18;82;TD;Intro au droit constit TD;<L1 Droit (Pau)><TD droit constitutionnel>Groupe 10;8;Salle GREEN A_A01 (DEG-00);36278
2025-10-03;Salle de cours B_B2 (DEG-00);36271;DEG;76;16;60;TD;TD Econométrie;<L3 Economie Gestion><TD Econométrie>Groupe 2;1;Salle de réunion D_D04 (DEG-00);36235
2025-10-03;Salle de cours B_B2 (DEG-00);36271;DEG;76;16;60;TD;TD Econométrie;<L3 Economie Gestion>Coloration banque et finance;1;Salle de réunion D_D04 (DEG-00);36235
2025-10-03;Salle de cours B_B2 (DEG-00);36271;DEG;76;29;47;TD;TD Macroéconomie;<L2 Economie Gestion><TD Macroéconomie>Groupe 4;4;Salle de cours B_B211 (DEG-02);36425
2025-10-03;Salle de cours C_C04 (DEG-00);36292;DEG;50;23;27;Cours;Droit des perso / famille;M2 Droit Notarial;1;Salle GREEN A_A01 (DEG-00);36278
2025-10-03;Salle de cours C_C18 (DEG-01);36560;DEG;50;25;25;TD;TD Conjoncture et croissance;L3 Economie Gestion CMI;9;Salle GREEN A_A01 (DEG-00);36278
2025-10-03;Salle de cours C_C19 (DEG-01);36561;DEG;52;24;28;Cours;ISF;M2 Compta ctrl audit;4;Salle GREEN A_A01 (DEG-00);36278
2025-10-06;AMPHI STID (STI-00);24832;STI;165;32;133;Cours;R1.03 Bases trsfr chaleur;BUT 1 - MTEE;4;Salle de cours 508 (BA2-02);16629
2025-10-06;AMPHI STID (STI-00);24832;STI;165;32;133;Cours;SAE1.04 Maint instal éner;BUT 1 - MTEE;3;Salle de cours 508 (BA2-02);16629
2025-10-06;AMPHI STID (STI-00);24832;STI;165;23;142;TD;R1.08 Mesure et instrum.;<BUT 1 - MTEE><Groupes TD>TD1;2;Salle de cours 167 (B3-01);15986
2025-10-06;Amphi (STAP-00);18427;STAP;300;80;220;Cours;1 Optimisation mentale;L3 STAPS ES (Tarbes);5;Amphi 40 (EC3-00);17104
2025-10-06;Amphi (STAP-00);18427;STAP;300;80;220;Cours;1 Optimisation de la perf;L3 STAPS ES (Tarbes);5;Amphi 40 (EC3-00);17104
2025-10-06;Amphi 1 (LET-00);27353;LET;150;43;107;Cours;Géographie & aménagement;L1 Géo Aménagement;11;Salle de cours 12 (LET-00);27321
2025-10-06;Amphi 2 (LET-00);27354;LET;140;65;75;Cours;Civi pays hispano S3;L2 LEA - AE - langues spé;12;Salle de cours 13 (LET-00);27322
2025-10-06;Amphi 2 (LET-00);27354;LET;140;17;123;Cours;Découverte Anglais S1;<L1 LLCER - EH>Découverte CM Anglais S1;12;Salle informatique 313 (LET-02);27510
2025-10-06;Amphi 3 (LET-02);27502;LET;300;104;196;Cours;Méthodo l'observation 1;L1 Sociologie;11;Amphi B (EC9-02);16035
2025-10-06;Amphi 3 (LET-02);27502;LET;300;104;196;Cours;Enjeux sociaux contempo;L1 Sociologie;10;Amphi B (EC9-02);16035
2025-10-06;Amphi 3 (LET-02);27502;LET;300;126;174;Cours;Civi pays hispano S1;L1 LEA - AE - langues spé;13;Amphi 1 (LET-00);27353
2025-10-06;Amphi 3 (LET-02);27502;LET;300;103;197;CM;Histoire comtemporaine;L1 Histoire;11;Amphi B (EC9-02);16035
2025-10-06;Amphi A_A150 (DEG-00);36279;DEG;150;32;118;Cours;Econométrie;L3 MIASHS - MID;2;Salle de cours B_B6 (DEG-00);36270
2025-10-06;Amphi A_A150 (DEG-00);36279;DEG;150;40;110;Cours;Informatique;L2 AES;9;Salle Recherche (B3-00);15968
2025-10-06;Amphi A_A300 (DEG-00);36276;DEG;300;119;181;Cours;Maths pr éco/gestion 2;L2 Economie Gestion CMI;12;Amphi B (EC9-02);16035
2025-10-06;Amphi A_A300 (DEG-00);36276;DEG;300;65;235;Cours;Hist dt oblig & dt pub 19;<L2 Droit>Histoire du droit des obligations;18;Salle de cours 131 (B2-01);16957
2025-10-06;Amphi A_A300 (DEG-00);36276;DEG;300;65;235;Cours;Hist dt oblig & dt pub 19;<L2 Droit>Histoire du droit des obligations;18;Salle de cours 131 (B2-01);16957
2025-10-06;Amphi A_A400 (DEG-00);36274;DEG;400;33;367;Cours;Procédure pénale CM;CERTIF SC CRIM;10;Salle de cours C_C13 (DEG-01);36555
2025-10-06;Amphi B (SCI_R-00);85297;SCI_R;220;27;193;TD;Structure réactivité molé;L3 PC - LAS;2;Salle TP Physique B118 (SCI_R-01);84964
2025-10-06;Amphi B (SCI_R-00);85297;SCI_R;220;27;193;TD;Structure réactivité molé;L3 PC - LAS;2;Salle TP Physique B118 (SCI_R-01);84964
2025-10-06;Amphi C (SCI_R-00);84869;SCI_R;192;84;108;Cours;Biologie végétale 2;L2 Sciences de la vie;7;Amphi 40 (EC3-00);17104
2025-10-06;Amphi C (SCI_R-00);84869;SCI_R;192;44;148;Cours;Physiologie animale 2;L3 SDV - BGST;2;Amphi D (SCI_R-00);84870
2025-10-06;Amphi C_A120 (DEG-00);36290;DEG;120;24;96;Cours;CONSOLIDATION IFRS;M2 Compta ctrl audit;3;Salle GREEN A_A01 (DEG-00);36278
2025-10-06;Amphi C_A120 (DEG-00);36290;DEG;120;56;64;Cours;CM Stratégie théorie orga;M1 Management SI;6;Salle de cours 163 (B3-01);15991
2025-10-06;Amphi D (SCI_R-00);84870;SCI_R;192;52;140;Cours;Couleur et matériaux;L3 PC - Physique, Chimie;4;Salle de cours 509 (BA2-02);16630
2025-10-06;Amphi D (SCI_R-00);84870;SCI_R;192;48;144;TD;Chim orga fonct, méca réa;L2 PC - LAS;1;Amphi A (SCI_R-00);85316
2025-10-06;Amphi E (PAL-00);13842;PAL;75;15;60;CTD;Thermodynamique S3;L2 PC - Physique;20;Salle TP géochimie B330 (SCI_R-03);85206
2025-10-06;Amphi E (PAL-00);13842;PAL;75;32;43;CTD;EC1 Méca 1 s5;L3 PC - SGM;10;Salle de cours 508 (BA2-02);16629
2025-10-06;Amphi E (PAL-00);13842;PAL;75;22;53;Cours;Ana & algèbre 1 PPPE;L3 MIASHS - PPPE;11;Salle 15 (PAL-01);13885
2025-10-06;Amphi G (DUB-00);17228;DUB;140;53;87;Cours;Analyse 3 S3;L2 Mathématiques;16;Salle de cours 509 (BA2-02);16630
2025-10-06;Salle de cours 107 (LET-00);27308;LET;68;1;67;TD;ALLEMAND A1 SI;<UE transverses CRL>UET Allemand niveau A1 GR 2;9;Salle informatique 201 (LET-01);27266
2025-10-06;Salle de cours 11 (LET-00);27324;LET;80;29;51;TD;Introduction au droit civil TD;<L1 Droit (Pau)><TD droit civil>Groupe 8;1;Salle de cours 108 (LET-00);27288
2025-10-06;Salle de cours 12 (LET-00);27321;LET;60;16;44;CM;Enjeux contemporains;L3 Histoire - EJSP;12;Salle informatique 313 (LET-02);27510
2025-10-06;Salle de cours 120 (LET-00);27333;LET;62;20;42;CM;Arts déco et design;L3 HAA - HA;12;Salle informatique 313 (LET-02);27510
2025-10-06;Salle de cours 120 (LET-00);27333;LET;62;18;44;CM;UE3EC1 Linguistique de l'oral;M1 Etudes anglophones;6;Salle du conseil B11 (LET-01);27281
2025-10-06;Salle de cours 121 (LET-00);27332;LET;70;10;60;TD;Découverte anglais TD 2;<L1 Lettres - CTD>Découverte Anglais S1 Gpe 2;9;Salle informatique 214 (LET-01);27271
2025-10-06;Salle de cours 14 (LET-00);27323;LET;98;3;95;Cours;Découverte espagnol S1;<L1 LLCER - EA>Découverte CM Espagnol S1;13;Salle informatique 313 (LET-02);27510
2025-10-06;Salle de cours 14 (LET-00);27323;LET;98;34;64;TD;Intro au droit constit TD;<L1 Droit (Pau)><TD droit constitutionnel>Groupe 3;3;Salle de cours 234 (LET-01);69318
2025-10-06;Salle de cours 220 (LET-01);27254;LET;60;7;53;TD;Intro. aux concours Sem5;<L3 GA - TDDTE>5S-Introduction aux concours S5;2;Labo de Langues 312 (LET-02);27512
2025-10-06;Salle de cours 220 (LET-01);27254;LET;60;3;57;TD;Atelier Historien MÂ/mode;L3 Histoire - Art & Patri;11;Labo de Langues 312 (LET-02);27512
2025-10-06;Salle de cours 23 (LET-01);27248;LET;80;16;64;CM;L'Etat;L3 Histoire - EJSP;11;Salle informatique 313 (LET-02);27510
2025-10-06;Salle de cours 23 (LET-01);27248;LET;80;16;64;TD;L'Etat;L3 Histoire - EJSP;11;Salle informatique 313 (LET-02);27510
2025-10-06;Salle de cours 301 (LET-02);27528;LET;70;33;37;TD;TD Maths pour éco gestion;<L2 Economie Gestion><TD Maths pour éco gestion>Groupe 1;1;Salle multimedia UTLA 137 (LET-00);27300
2025-10-06;Salle de cours 301 (LET-02);27528;LET;70;6;64;TD;Découverte espagnol S1;<L1 Lettres - CTD>Découverte Espagnol S1 Gpe 1;9;Salle multimedia UTLA 137 (LET-00);27300
2025-10-06;Salle de cours 301 (LET-02);27528;LET;70;7;63;TD;Découverte espagnol S1;<L1 LLCER - EA>Découverte espagnol S1 Gpe 2;9;Salle informatique 214 (LET-01);27271
2025-10-06;Salle de cours B_B1 (DEG-00);36289;DEG;100;25;75;TD;Dt civil des biens TD;<L3 Droit><TD Droit civil des biens>Groupe 3;8;Salle de cours/informatique C_C02 (DEG-00);36288
2025-10-06;Salle de cours B_B1 (DEG-00);36289;DEG;100;11;89;Cours;Économie publique;<L3 Economie Gestion>Coloration banque et finance;7;Salle informatique B_ASPE (DEG-01);36531
2025-10-06;Salle de cours B_B1 (DEG-00);36289;DEG;100;40;60;Cours;Droit des obligations;L2 AES;18;Salle Recherche (B3-00);15968
2025-10-06;Salle de cours B_B1 (DEG-00);36289;DEG;100;40;60;Cours;Droit des obligations;L2 AES;18;Salle Recherche (B3-00);15968
2025-10-06;Salle de cours B_B2 (DEG-00);36271;DEG;76;32;44;TD;Module de Prépro;<L3 AES Gestion des entrep><TD Module de préprofessionnal.>Groupe 1;10;Salle de cours 508 (BA2-02);16629
2025-10-06;Salle de cours B_B2 (DEG-00);36271;DEG;76;28;48;TD;Dt civil des biens TD;<L3 Droit><TD Droit civil des biens>Groupe 1;9;Salle de cours B_B3 (DEG-00);36272
2025-10-06;Salle de cours B_B2 (DEG-00);36271;DEG;76;36;40;TD;TD Economie et Soutenabilité;<L1 Economie et Gestion><Economie et soutenabilité>Groupe 2;8;Salle de cours 406 (BA2-01);16739
2025-10-06;Salle de cours B_B2 (DEG-00);36271;DEG;76;28;48;TD;TD Comptabilités des sociétés;<L3 Economie Gestion>Coloration Comptabilité et management;8;Salle de cours B_B8 (DEG-00);36277
2025-10-06;Salle de cours C_C01 (DEG-00);36291;DEG;79;8;71;Cours;Contentieux administratif;M2 Dt cont des libertés;4;Salle informatique B_BARETOUS (DEG-01);36548
2025-10-06;Salle de cours C_C04 (DEG-00);36292;DEG;50;6;44;Cours;Economie Politique Oral;CAPA Droit 2e année (PAU);14;Salle de réunion IAE CREG D_D210 (DEG-02);36444
2025-10-06;Salle de cours C_C19 (DEG-01);36561;DEG;52;19;33;Cours;Outils informatiques;M1 CGAO;2;Salle GREEN A_A01 (DEG-00);36278
2025-10-06;Salle de cours C_C19 (DEG-01);36561;DEG;52;19;33;Cours;Décision financière;M1 CGAO;12;Salle GREEN A_A01 (DEG-00);36278
2025-10-07;AMPHI STID (STI-00);24832;STI;165;32;133;CM;3.05 Algèbre linéaire;BUT 2 SD - Exploration;4;Salle de cours 508 (BA2-02);16629
2025-10-07;Amphi (STAP-00);18427;STAP;300;28;272;TD;1 Optimisation de la perf;<L3 STAPS ES (Tarbes)><GROUPES TD>ES G3;1;Salle TP Physique B118 (SCI_R-01);84964
2025-10-07;Amphi 1 (LET-00);27353;LET;150;51;99;CM;3 Histoire langue fr 3;L2 Lettres classiques;5;Salle de cours 10 (LET-00);27320
2025-10-07;Amphi 1 (LET-00);27353;LET;150;51;99;Cours;1 Linguistique française;L2 Lettres classiques;6;Salle de cours 10 (LET-00);27320
2025-10-07;Amphi 1 (LET-00);27353;LET;150;26;124;CM;CM Vill occid romain;L2 HAA;9;Salle de cours IEFE 128 (LET-00);27298
2025-10-07;Amphi 2 (LET-00);27354;LET;140;33;107;TD;1 Littérature française 1;<L1 Lettres - CTD><L1 CTD S1 Groupes de TD>L1 LCTD S1 TD1;6;Salle de cours 12 (LET-00);27321
2025-10-07;Amphi 3 (LET-02);27502;LET;300;43;257;Cours;Intro à la géographie-CM;L1 Géo Aménagement;12;Salle de cours 134 (LET-00);27341
2025-10-07;Amphi 3 (LET-02);27502;LET;300;104;196;Cours;Intro Sociologie S1;L1 Sociologie;11;Amphi B (EC9-02);16035
2025-10-07;Amphi 3 (LET-02);27502;LET;300;124;176;Cours;Civilisation S1;L1 LLCER - EA;12;Amphi B (EC9-02);16035
2025-10-07;Amphi 3 (LET-02);27502;LET;300;140;160;Cours;Civi pays anglo S1;L1 LEA - AE - langues spé;12;Amphi 400 (EC9-01);16026
2025-10-07;Amphi A_A300 (DEG-00);36276;DEG;300;40;260;Cours;Droit administratif 1;L2 AES;16;Salle Recherche (B3-00);15968
2025-10-07;Amphi A_A300 (DEG-00);36276;DEG;300;40;260;Cours;Droit administratif 1;L2 AES;16;Salle Recherche (B3-00);15968
2025-10-07;Amphi A_A400 (DEG-00);36274;DEG;400;138;262;Cours;Analyse financière;L3 AES Gestion des entrep;14;Amphi 400 (EC9-01);16026
2025-10-07;Amphi A_A600 (DEG-00);36275;DEG;600;47;553;CM;Droit comparé;<M1 Juriste d'affaires>Droit comparé;8;Salle de Cours 003 (BA1-00);33458
2025-10-07;Amphi A_A600 (DEG-00);36275;DEG;600;47;553;CM;Droit comparé;<M1 Juriste d'affaires>Droit comparé;8;Salle de Cours 003 (BA1-00);33458
2025-10-07;Amphi A_A600 (DEG-00);36275;DEG;600;214;386;Cours;Droit administratif;L2 Droit;12;Amphi 400 (EC9-01);16026
2025-10-07;Amphi A_A600 (DEG-00);36275;DEG;600;214;386;Cours;Droit administratif;L2 Droit;12;Amphi 400 (EC9-01);16026
2025-10-07;Amphi B (SCI_R-00);85297;SCI_R;220;104;116;Cours;Systèmes d'exploitation I;L1 Informatique;2;I-006 Kompong Speu (ISA-00);78413
2025-10-07;Amphi C (SCI_R-00);84869;SCI_R;192;82;110;Cours;ACDV;L2 Sciences de la vie;1;Amphi B (SCI_R-00);85297
2025-10-07;Amphi C (SCI_R-00);84869;SCI_R;192;48;144;Cours;Chim orga fonct, méca réa;L2 PC - LAS;5;Salle de Cours 003 (BA1-00);33458
2025-10-07;Amphi C_A120 (DEG-00);36290;DEG;120;21;99;Cours;DIFFICULTES COMPTABLES;M1 Compta ctrl audit;1;Salle GREEN A_A01 (DEG-00);36278
2025-10-07;Amphi C_A120 (DEG-00);36290;DEG;120;24;96;TD;Travaux de groupes - CAC&Audit;M2 Compta ctrl audit;2;Salle GREEN A_A01 (DEG-00);36278
2025-10-07;Amphi D (SCI_R-00);84870;SCI_R;192;85;107;Cours;Mécanique du point;L1 Physique, Chimie;7;Amphi 40 (EC3-00);17104
2025-10-07;Amphi D (SCI_R-00);84870;SCI_R;192;52;140;CTD;Structure cristalline;L3 PC - SGM;6;Salle de cours 509 (BA2-02);16630
2025-10-07;Amphi D (SCI_R-00);84870;SCI_R;192;82;110;Cours;Biologie moléculaire;L2 Sciences de la vie;4;Amphi 40 (EC3-00);17104
2025-10-07;Amphi E (PAL-00);13842;PAL;75;14;61;Cours;OMP S3;L2 PC - Physique;11;Salle 18 (PAL-01);13877
2025-10-07;Amphi E (PAL-00);13842;PAL;75;14;61;TD;Chim orga structure moléc;L3 PC - SGM;3;Salle 15 (PAL-01);13885
2025-10-07;Amphi F (PAL-00);13841;PAL;75;3;72;Cours;Analyse Numériq EDP 3 S3;M2 Math et Appli - MMS;1;Salle 14 (PAL-01);13886
2025-10-07;Amphi G (DUB-00);17228;DUB;140;45;95;Cours;Virologie;L3 SDV - BGST;5;Salle informatique I-206 (ISA-02);78619
2025-10-07;Amphi G (DUB-00);17228;DUB;140;53;87;Cours;Intro topologie;L2 Mathématiques;12;Salle de cours 509 (BA2-02);16630
2025-10-07;Amphi G (DUB-00);17228;DUB;140;40;100;Cours;Eléments d'algèbre;L1 MIASHS;7;Salle Recherche (B3-00);15968
2025-10-07;Amphi G (DUB-00);17228;DUB;140;21;119;TD;Physique pour SDT 2;L2 Sciences de la terre;1;Salle 27 (DUB-00);17235
2025-10-07;Amphi H (DUB-00);17229;DUB;140;42;98;Cours;Techno orientée objet;L3 Informatique;6;Salle de Cours 003 (BA1-00);33458
2025-10-07;Amphi H (DUB-00);17229;DUB;140;42;98;Cours;Techno orientée objet;L3 Informatique;6;Salle de Cours 003 (BA1-00);33458
2025-10-07;Salle de cours 11 (LET-00);27324;LET;80;38;42;Cours;Sociologie du travail;L3 Sociologie;9;Salle de cours 406 (BA2-01);16739
2025-10-07;Salle de cours 12 (LET-00);27321;LET;60;25;35;TD;Histoire moderne;L3 Histoire - ER;11;Salle de cours IEFE 128 (LET-00);27298
2025-10-07;Salle de cours 120 (LET-00);27333;LET;62;26;36;CM;Habitat et vie privée;L2 HAA;11;Salle de cours 144 (EC3-01);17123
2025-10-07;Salle de cours 120 (LET-00);27333;LET;62;30;32;CM;Hist art ibéri mod & cont;L2 HAA;12;Salle de cours 166 (B3-01);15984
2025-10-07;Salle de cours 14 (LET-00);27323;LET;98;28;70;TD;2 Fondamentaux en ortho 1;<L1 Lettres class & modern><L1 LCM S1 Groupes de TD>L1 LCM S1 TD2;10;Salle de cours 166 (B3-01);15984
2025-10-07;Salle de cours 14 (LET-00);27323;LET;98;28;70;TD;Droit des obligations TD;<L2 Droit><TD droit des obligations>Groupe 6;2;Salle de cours 21 (LET-01);27247
2025-10-07;Salle de cours 32 (LET-02);27514;LET;80;27;53;Cours;Mobilités humaines;L2 Géo Aménagement;11;Salle de cours 10 (LET-00);27320
2025-10-07;Salle de cours 32 (LET-02);27514;LET;80;17;63;CM;Tourisme, géographie amén;<L2 Géo Aménagement>3S-Tourisme, géographie et aménagement S3;4;Salle informatique 313 (LET-02);27510
2025-10-07;Salle de cours B_B1 (DEG-00);36289;DEG;100;31;69;TD;Intro gestion TD;<L1 AES><TD Introduction à la gestion>Groupe 4;5;Salle informatique B_B209 (DEG-02);36423
2025-10-07;Salle de cours B_B1 (DEG-00);36289;DEG;100;39;61;TD;TD Analyse financière;<L3 Economie Gestion><TD Analyse Financière>Groupe 6;9;Amphi A_A400 (DEG-00);36274
2025-10-07;Salle de cours B_B1 (DEG-00);36289;DEG;100;11;89;Cours;Intro à la croissance;L2 Economie Gestion CMI;8;Salle immersive D_D20bis (DEG-00);83663
2025-10-07;Salle de cours B_B1 (DEG-00);36289;DEG;100;40;60;TD;TD Economie et Soutenabilité;<L1 Economie et Gestion><Economie et soutenabilité>Groupe 5;10;Salle de Cours 003 (BA1-00);33458
2025-10-07;Salle de cours B_B1 (DEG-00);36289;DEG;100;40;60;TD;TD Comptabilité;L1 Economie Gestion CMI;7;Salle 16 (PAL-01);13883
2025-10-07;Salle de cours B_B2 (DEG-00);36271;DEG;76;33;43;TD;Droit admin TD L2 Droit S3;<L2 Droit><TD droit administratif>Groupe 3;1;Salle de cours C_C11 (DEG-01);36553
2025-10-07;Salle de cours B_B2 (DEG-00);36271;DEG;76;32;44;TD;TD Economie et Soutenabilité;<L1 Economie et Gestion><Economie et soutenabilité>Groupe 4;6;Salle de cours 05 (STAP-00);45520
2025-10-07;Salle de cours C_C01 (DEG-00);36291;DEG;79;24;55;TD;Travaux de groupes - CAC&Audit;;3;Salle de cours/informatique C_C02 (DEG-00);36288
2025-10-07;Salle de cours C_C03 (DEG-00);36287;DEG;50;24;26;TD;TD Mathématiques pour la micro;<L1 Economie et Gestion><TD Mathématiques pour la micro>Groupe 2;2;Salle GREEN A_A01 (DEG-00);36278
2025-10-07;Salle de cours C_C03 (DEG-00);36287;DEG;50;8;42;Cours;Droit Public Ecrit;CAPA Droit 1e année (PAU);22;Salle informatique B_BARETOUS (DEG-01);36548
2025-10-07;Salle de cours C_C04 (DEG-00);36292;DEG;50;13;37;Cours;Hist. des dts de l'H.;M1 Droit exécution peines;24;Salle GREEN A_A01 (DEG-00);36278
2025-10-07;Salle de cours C_C04 (DEG-00);36292;DEG;50;13;37;Cours;Hist. des dts de l'H.;M1 Droit exécution peines;24;Salle GREEN A_A01 (DEG-00);36278
2025-10-07;Salle de cours C_C18 (DEG-01);36560;DEG;50;11;39;Cours;Anglais M2 DEG S9;<M2 Droit transitions EE><TD Anglais>Anglais M2 DTEE;4;Salle immersive D_D20bis (DEG-00);83663
2025-10-07;Salle de cours C_C19 (DEG-01);36561;DEG;52;19;33;Cours;Décision financière;M1 CGAO;12;Salle GREEN A_A01 (DEG-00);36278
2025-10-07;Salle de cours C_C19 (DEG-01);36561;DEG;52;8;44;TD;Anglais des Affaires;<M1 CGAO><Groupes>Groupe 2;19;Salle informatique B_BARETOUS (DEG-01);36548
2025-10-07;Salle de cours C_C19 (DEG-01);36561;DEG;52;11;41;TD;Anglais des Affaires;<M1 CGAO><Groupes>Groupe 1;21;Salle TP géochimie B330 (SCI_R-03);85206
2025-10-08;AMPHI STID (STI-00);24832;STI;165;9;156;TD;R1.04 Bases thermodyn.;<BUT 1 - MTEE><Groupes TD>TD2;8;Salle informatique B_BARETOUS (DEG-01);36548
2025-10-08;Amphi (STAP-00);18427;STAP;300;100;200;Cours;1 Sciences de l'éducation;L3 STAPS EM (Tarbes);4;Amphi B (EC9-02);16035
2025-10-08;Amphi 1 (LET-00);27353;LET;150;65;85;Cours;Méthodo quantitative 1;L2 Sociologie;9;Salle de cours 131 (B2-01);16957
2025-10-08;Amphi 1 (LET-00);27353;LET;150;68;82;CM;Art gr antiq et péléochré;L1 HAA;6;Salle de cours 301 (LET-02);27528
2025-10-08;Amphi 1 (LET-00);27353;LET;150;68;82;CM;1 Littérature comparée 5;L3 Lettres modernes;10;Salle de cours 131 (B2-01);16957
2025-10-08;Amphi 1 (LET-00);27353;LET;150;40;110;CM;1 Littérature comparée 1;L1 Lettres class & modern;11;Salle de cours 133 (LET-00);27338
2025-10-08;Amphi 2 (LET-00);27354;LET;140;65;75;Cours;Sociologie territoires;L2 Sociologie;8;Salle de cours 131 (B2-01);16957
2025-10-08;Amphi 2 (LET-00);27354;LET;140;68;72;CM;Culture historique;L1 HAA;11;Salle de cours 131 (B2-01);16957
2025-10-08;Amphi 3 (LET-02);27502;LET;300;140;160;Cours;Expr française S1 CM;L1 LEA - AE - langues spé;13;Amphi 400 (EC9-01);16026
2025-10-08;Amphi 3 (LET-02);27502;LET;300;124;176;Cours;Linguistique S1;L1 LLCER - EA;12;Amphi B (EC9-02);16035
2025-10-08;Amphi 3 (LET-02);27502;LET;300;124;176;Cours;Littérature S1;L1 LLCER - EA;12;Amphi B (EC9-02);16035
2025-10-08;Amphi 3 (LET-02);27502;LET;300;126;174;Cours;Gram esp S1 CM;L1 LEA - AE - langues spé;7;Amphi B (EC9-02);16035
2025-10-08;Amphi A (SCI_R-00);85316;SCI_R;216;47;169;Cours;Roches et Chronologie;L1 Sciences de la terre;3;Salle de Cours 003 (BA1-00);33458
2025-10-08;Amphi A (SCI_R-00);85316;SCI_R;216;104;112;Cours;Algorithmique I;L1 Informatique;6;Amphi B (EC9-02);16035
2025-10-08;Amphi A_A150 (DEG-00);36279;DEG;150;44;106;Cours;Informatique;L3 AES Adm géné & dév soc;14;Salle 7 (PAL-00);13839
2025-10-08;Amphi A_A300 (DEG-00);36276;DEG;300;149;151;Cours;Économie internationale 1;L3 AES Gestion des entrep;13;Amphi 400 (EC9-01);16026
2025-10-08;Amphi A_A400 (DEG-00);36274;DEG;400;159;241;Cours;Comptabilité 2;L2 Economie Gestion CMI;11;Amphi (STAP-00);18427
2025-10-08;Amphi A_A400 (DEG-00);36274;DEG;400;119;281;Cours;Microéconomie 2;L2 Economie Gestion CMI;6;Amphi B (EC9-02);16035
2025-10-08;Amphi B (SCI_R-00);85297;SCI_R;220;48;172;Cours;Chimie des solutions 3;L2 PC - LAS;2;Amphi A (SCI_R-00);85316
2025-10-08;Amphi C (SCI_R-00);84869;SCI_R;192;87;105;Cours;Maths géné pour l'info;L1 Informatique;6;Amphi 40 (EC3-00);17104
2025-10-08;Amphi C_A120 (DEG-00);36290;DEG;120;24;96;Cours;CAC ET AUDIT;M2 Compta ctrl audit;3;Salle GREEN A_A01 (DEG-00);36278
2025-10-08;Amphi D (SCI_R-00);84870;SCI_R;192;52;140;Cours;Couleur et matériaux;L3 PC - Physique, Chimie;4;Salle de cours 509 (BA2-02);16630
2025-10-08;Amphi E (PAL-00);13842;PAL;75;27;48;Cours;Diagramme état thermo mél;L3 PC - LAS;10;Salle de cours 144 (EC3-01);17123
2025-10-08;Amphi E (PAL-00);13842;PAL;75;27;48;TD;Diagramme état thermo mél;L3 PC - LAS;11;Salle de cours 144 (EC3-01);17123
2025-10-08;Amphi G (DUB-00);17228;DUB;140;60;80;Cours;Réseaux I;L2 Informatique;8;Salle de cours 304 (BA2-00);16671
2025-10-08;Amphi G (DUB-00);17228;DUB;140;53;87;Cours;Analyse 3 S3;L2 Mathématiques;16;Salle de cours 509 (BA2-02);16630
2025-10-08;Amphi G (DUB-00);17228;DUB;140;48;92;TD;Thermodynamique chimique;L2 PC - LAS;1;Salle 23 (DUB-00);17231
2025-10-08;Salle de cours 10 (LET-00);27320;LET;60;24;36;Cours;2 Traduction littéraire 1;L3 Lettres modernes;11;Salle de cours IEFE 127 (LET-00);27296
2025-10-08;Salle de cours 107 (LET-00);27308;LET;68;16;52;TD;Gram esp S1 TD;<L1 LEA - AE - langues spé><L1 LEA Spé TD>L1 LEA Gpe A;12;Salle informatique 313 (LET-02);27510
2025-10-08;Salle de cours 12 (LET-00);27321;LET;60;29;31;TD;Compétences rédactionelle;<L1 Histoire><L1 Histoire Sem1>TD3 Histoire Sem1;11;Salle de cours 105 (LET-00);27306
2025-10-08;Salle de cours 120 (LET-00);27333;LET;62;15;47;TD;1 Méthodologie S7;M1 Lettres et arts;9;Salle informatique 202 (LET-01);27273
2025-10-08;Salle de cours 120 (LET-00);27333;LET;62;26;36;TD;TD Art en Europe XVIe S;L2 HAA;12;Salle de cours 144 (EC3-01);17123
2025-10-08;Salle de cours 13 (LET-00);27322;LET;70;12;58;TD;Expr française S1 TD;L1 LEA - AA - langues spé;12;Labo de Langues 316 (LET-02);27521
2025-10-08;Salle de cours 13 (LET-00);27322;LET;70;28;42;TD;Gram & thème esp S3 TD;L2 LEA - AE - écogestion;12;Salle de cours 10 (LET-00);27320
2025-10-08;Salle de cours 14 (LET-00);27323;LET;98;17;81;Cours;1 Littérature comparée 3;L2 Lettres modernes;2;Salle de cours 203 (LET-01);27270
2025-10-08;Salle de cours 14 (LET-00);27323;LET;98;33;65;TD;2 Initiation langue lat;<L1 Lettres - CTD><L1 CTD S1 Groupes de TD>L1 LCTD S1 TD1;2;Salle multimedia UTLA 137 (LET-00);27300
2025-10-08;Salle de cours 220 (LET-01);27254;LET;60;26;34;CM;Archéo ville au MÂ;L2 HAA;8;Salle de cours 144 (EC3-01);17123
2025-10-08;Salle de cours 220 (LET-01);27254;LET;60;16;44;TD;Méthodologie des concours;L3 Histoire - EJSP;12;Salle informatique 314 (LET-02);27509
2025-10-08;Salle de cours 23 (LET-01);27248;LET;80;25;55;CM;Histoire moderne;L3 Histoire - ER;12;Salle GREEN A_A01 (DEG-00);36278
2025-10-08;Salle de cours 301 (LET-02);27528;LET;70;5;65;Cours;Agreg. Espagnol Chirbes 2 S1;PREPA. AGREGAT. ESPAGNOL;8;Salle informatique 313 (LET-02);27510
2025-10-08;Salle de cours 32 (LET-02);27514;LET;80;20;60;TD;Portrait de territoire;<L3 GA - TDDTE>5S-Portrait de territoire S5;11;Labo de Langues 316 (LET-02);27521
2025-10-08;Salle de cours 32 (LET-02);27514;LET;80;27;53;CM;Statistiques bivariées;L2 Géo Aménagement;5;Salle de cours 105 (LET-00);27306
2025-10-08;Salle de cours B_B1 (DEG-00);36289;DEG;100;31;69;TD;TD Comptabilité;<L1 Economie et Gestion><Comptabilité>Groupe 3;8;Amphi A_A150 (DEG-00);36279
2025-10-08;Salle de cours B_B1 (DEG-00);36289;DEG;100;21;79;TD;Dt fondamentaux TD;<L3 Droit><TD Droits fondamentaux>Groupe 1;8;Salle GREEN A_A01 (DEG-00);36278
2025-10-08;Salle de cours B_B1 (DEG-00);36289;DEG;100;20;80;TD;Dt fondamentaux TD;<L3 Droit><TD Droits fondamentaux>Groupe 2;8;Salle GREEN A_A01 (DEG-00);36278
2025-10-08;Salle de cours B_B1 (DEG-00);36289;DEG;100;45;55;Cours;Criminologie;D.U Sc criminelles;14;Salle de Cours 003 (BA1-00);33458
2025-10-08;Salle de cours B_B1 (DEG-00);36289;DEG;100;45;55;Cours;Criminologie;D.U Sc criminelles;14;Salle de Cours 003 (BA1-00);33458
2025-10-08;Salle de cours B_B1 (DEG-00);36289;DEG;100;32;68;TD;Droit admin TD L2 Droit S3;<L2 Droit><TD droit administratif>Groupe 6;6;Salle de cours B_B6 (DEG-00);36270
2025-10-08;Salle de cours B_B2 (DEG-00);36271;DEG;76;28;48;TD;TD intro à la Gestion;<L1 AES><TD Introduction à la gestion>Groupe 2;1;Salle de cours B_B8 (DEG-00);36277
2025-10-08;Salle de cours B_B2 (DEG-00);36271;DEG;76;35;41;TD;Pocédure pénale TD;<L3 Droit><TD Procédure pénale>Groupe 1;10;Amphi A_A400 (DEG-00);36274
2025-10-08;Salle de cours C_C01 (DEG-00);36291;DEG;79;28;51;Cours;Droit processuel;M2 Procédures contentieux;1;Amphi C_A120 (DEG-00);36290
2025-10-08;Salle de cours C_C01 (DEG-00);36291;DEG;79;24;55;Cours;CAC ET AUDIT;;2;Salle GREEN A_A01 (DEG-00);36278
2025-10-08;Salle de cours C_C03 (DEG-00);36287;DEG;50;25;25;TD;TD intro à la Gestion;<L1 Economie et Gestion><TD Intro à la Gestion>Groupe 6;6;Salle GREEN A_A01 (DEG-00);36278
2025-10-08;Salle de cours C_C04 (DEG-00);36292;DEG;50;14;36;TD;Intro gestion TD;<L1 Economie et Gestion><TD Intro à la Gestion>Groupe 7;1;Salle informatique B_OSSAU (DEG-01);36551
2025-10-08;Salle de cours C_C04 (DEG-00);36292;DEG;50;6;44;Cours;Droit Fiscal Oral;CAPA Droit 2e année (PAU);14;Salle de réunion IAE CREG D_D210 (DEG-02);36444
2025-10-08;Salle de cours C_C19 (DEG-01);36561;DEG;52;11;41;TD;Anglais des Affaires;<M1 CGAO><Groupes>Groupe 1;21;Salle TP géochimie B330 (SCI_R-03);85206
2025-10-08;Salle de cours C_C19 (DEG-01);36561;DEG;52;8;44;TD;Anglais des Affaires;<M1 CGAO><Groupes>Groupe 2;19;Salle informatique B_BARETOUS (DEG-01);36548
2025-10-08;Salle de cours C_C19 (DEG-01);36561;DEG;52;19;33;Cours;Initiation recherche;M1 CGAO;13;Salle de cours 007 (BA1-00);33446
2025-10-08;Salle de cours C_C19 (DEG-01);36561;DEG;52;24;28;Cours;GESTION JURIDIQUE SOCIALE;M2 Compta ctrl audit;4;Salle GREEN A_A01 (DEG-00);36278
2025-10-09;Amphi (STAP-00);18427;STAP;300;100;200;Cours;1 Histoire;L3 STAPS EM (Tarbes);4;I-006 Kompong Speu (ISA-00);78413
2025-10-09;Amphi 1 (LET-00);27353;LET;150;74;76;CM;1 Littérature française 1;L1 Lettres - CTD;11;Salle de cours 23 (LET-01);27248
2025-10-09;Amphi 3 (LET-02);27502;LET;300;104;196;Cours;Métier étud & découv univ;L1 Sociologie;4;Amphi 1 (LET-00);27353
2025-10-09;Amphi A_A150 (DEG-00);36279;DEG;150;33;117;Cours;Procédure pénale CM;CERTIF SC CRIM;3;Salle TD I-102 (ISA-01);78600
2025-10-09;Amphi A_A150 (DEG-00);36279;DEG;150;16;134;CM;Thematic culture 3;<M2 SGM - BIM><Parcours CMI>CMI- GEM BIM 5ème Année;6;Salle GREEN A_A01 (DEG-00);36278
2025-10-09;Amphi A_A300 (DEG-00);36276;DEG;300;83;217;Cours;Intro science pol;<L2 AES>Intro à la science politique;2;Amphi 40 (EC3-00);17104
2025-10-09;Amphi A_A300 (DEG-00);36276;DEG;300;83;217;Cours;Intro science pol;<L2 AES>Intro à la science politique;2;Amphi 40 (EC3-00);17104
2025-10-09;Amphi A_A600 (DEG-00);36275;DEG;600;235;365;Cours;Macroéconomie 2;L2 Economie Gestion CMI;2;Amphi 400 (EC9-01);16026
2025-10-09;Amphi A_A600 (DEG-00);36275;DEG;600;269;331;Cours;Intro hist au droit;L1 Droit (Pau);7;Amphi 400 (EC9-01);16026
2025-10-09;Amphi C (SCI_R-00);84869;SCI_R;192;87;105;Cours;UE Découverte II: MMI;L1 Informatique;11;Amphi 40 (EC3-00);17104
2025-10-09;Amphi D (SCI_R-00);84870;SCI_R;192;45;147;Cours;Virologie;L3 SDV - BGST;4;Salle 18 (PAL-01);13877
2025-10-09;Amphi F (PAL-00);13841;PAL;75;27;48;CTD;Analyse chimique 2;L3 PC - LAS;5;Salle de cours 144 (EC3-01);17123
2025-10-09;Amphi F (PAL-00);13841;PAL;75;22;53;TD;Ana & algèbre 1 PPPE;L3 MIASHS - PPPE;4;Salle 17 (PAL-01);13878
2025-10-09;Amphi G (DUB-00);17228;DUB;140;60;80;Cours;Compléments Math 1 S1;L1 Mathématiques;8;Salle de cours 304 (BA2-00);16671
2025-10-09;Amphi G (DUB-00);17228;DUB;140;36;104;Cours;OUMOBIO 3;L3 SDV - LAS;1;Salle 35 (DUB-01);17160
2025-10-09;Amphi H (DUB-00);17229;DUB;140;27;113;Cours;Structure réactivité molé;L3 PC - LAS;10;Salle de cours 144 (EC3-01);17123
2025-10-09;Amphi H (DUB-00);17229;DUB;140;60;80;Cours;Intro phys géné;L1 Mathématiques;2;Salle de cours 304 (BA2-00);16671
2025-10-09;Salle de cours 107 (LET-00);27308;LET;68;23;45;TD;4 Expression Française;M1 LEA;10;Salle de cours 167 (B3-01);15986
2025-10-09;Salle de cours 12 (LET-00);27321;LET;60;26;34;CM;Archéo ville au MÂ;L2 HAA;1;Salle de cours 113 (LET-00);27303
2025-10-09;Salle de cours 120 (LET-00);27333;LET;62;19;43;CM;UE14EC1 Id et altérité litté;M2 Etudes anglophones;8;Salle informatique 215 (LET-01);27272
2025-10-09;Salle de cours 13 (LET-00);27322;LET;70;26;44;TD;Archéo ville au MÂ;L2 HAA;1;Salle multimedia UTLA 137 (LET-00);27300
2025-10-09;Salle de cours 23 (LET-01);27248;LET;80;3;77;TD;Atelier Historien contemp;L3 Histoire - Art & Patri;13;Labo de Langues 312 (LET-02);27512
2025-10-09;Salle de cours 30 (LET-02);27513;LET;60;11;49;CM;Project management;<M1 CSV - EACM- GREEN>M1 GREEN EACM Project Management;4;Salle informatique 201 (LET-01);27266
2025-10-09;Salle de cours 32 (LET-02);27514;LET;80;38;42;TD;Sociologie des migrations;L3 Sociologie;5;Salle de cours 220 (LET-01);27254
2025-10-09;Salle de cours B_B1 (DEG-00);36289;DEG;100;34;66;TD;Intro gestion TD;<L1 AES><TD Introduction à la gestion>Groupe 5;7;Salle de cours 162 (B3-01);15996
2025-10-09;Salle de cours B_B1 (DEG-00);36289;DEG;100;39;61;TD;TD Macroéconomie;L2 Economie Gestion CMI;2;Salle de cours B_B2 (DEG-00);36271
2025-10-09;Salle de cours B_B1 (DEG-00);36289;DEG;100;20;80;Cours;Droit de l'urbanisme;M1 Droit Notarial;2;Salle de cours C_C04 (DEG-00);36292
2025-10-09;Salle de cours B_B2 (DEG-00);36271;DEG;76;23;53;Cours;Dt urbanisme & construc.;M2 Droit Notarial;3;Salle GREEN A_A01 (DEG-00);36278
2025-10-09;Salle de cours C_C01 (DEG-00);36291;DEG;79;24;55;Cours;ISF;M2 Compta ctrl audit;1;Salle GREEN A_A01 (DEG-00);36278
2025-10-09;Salle de cours C_C04 (DEG-00);36292;DEG;50;6;44;Cours;Droit Fiscal Oral;CAPA Droit 2e année (PAU);14;Salle de réunion IAE CREG D_D210 (DEG-02);36444
2025-10-09;Salle de cours C_C18 (DEG-01);36560;DEG;50;17;33;Cours;Anglais;<M2 Drt Act publique loc><TD Anglais>Anglais M2 Droit Public;9;Salle informatique B_OSSAU (DEG-01);36551
2025-10-09;Salle de cours C_C19 (DEG-01);36561;DEG;52;19;33;Cours;Fondamentaux Compta-fisca;M1 CGAO;12;Salle de cours 007 (BA1-00);33446
2025-10-09;Salle de cours C_C19 (DEG-01);36561;DEG;52;19;33;Cours;Fondamentaux Compta-fisca;M1 CGAO;12;Salle de cours 007 (BA1-00);33446
2025-10-09;Salle de cours C_C19 (DEG-01);36561;DEG;52;19;33;Cours;Initiation recherche;M1 CGAO;13;Salle de cours 007 (BA1-00);33446
2025-10-10;AMPHI STID (STI-00);24832;STI;165;28;137;Cours;R5.08 Prod dist air comp;[BUT 3 MTEE];1;Salle de cours 21 (LET-01);27247
2025-10-10;Amphi 1 (LET-00);27353;LET;150;53;97;Cours;Géographie &environnement;L1 Géo Aménagement;8;Salle de cours 12 (LET-00);27321
2025-10-10;Amphi 1 (LET-00);27353;LET;150;51;99;Cours;2 Stylistique 1;L2 Lettres classiques;6;Amphi 2 (LET-00);27354
2025-10-10;Amphi 3 (LET-02);27502;LET;300;104;196;Cours;Intro à l'anthropologie;L1 Sociologie;9;Amphi B (EC9-02);16035
2025-10-10;Amphi A (SCI_R-00);85316;SCI_R;216;104;112;Cours;Algorithmique I;L1 Informatique;6;Amphi B (EC9-02);16035
2025-10-10;Amphi A (SCI_R-00);85316;SCI_R;216;60;156;Cours;Calcul scientifique;L2 Informatique;1;Salle de cours 304 (BA2-00);16671
2025-10-10;Amphi A_A150 (DEG-00);36279;DEG;150;56;94;Cours;Initiation recherche 1;M1 Management SI;1;Salle de cours C_C01 (DEG-00);36291
2025-10-10;Amphi A_A400 (DEG-00);36274;DEG;400;44;356;Cours;Droit du travail CM;L3 AES Adm géné & dév soc;23;Salle de Cours 003 (BA1-00);33458
2025-10-10;Amphi A_A400 (DEG-00);36274;DEG;400;44;356;Cours;Droit du travail CM;L3 AES Adm géné & dév soc;23;Salle de Cours 003 (BA1-00);33458
2025-10-10;Amphi A_A400 (DEG-00);36274;DEG;400;33;367;Cours;Intro Sciences criminelle;CERTIF SC CRIM;14;Salle de cours 240 (EC3-02);73530
2025-10-10;Amphi A_A400 (DEG-00);36274;DEG;400;33;367;Cours;Intro Sciences criminelle;CERTIF SC CRIM;14;Salle de cours 240 (EC3-02);73530
2025-10-10;Amphi A_A600 (DEG-00);36275;DEG;600;280;320;Cours;Comptabilité 1;L1 Economie et Gestion;8;Amphi 400 (EC9-01);16026
2025-10-10;Amphi B (SCI_R-00);85297;SCI_R;220;45;175;Cours;Biologie moléculaire prat;L3 SDV - BGST;1;Salle de cours 20 (LET-01);27252
2025-10-10;Amphi C (SCI_R-00);84869;SCI_R;192;21;171;Cours;Marges & Chaînes de mont;L2 Sciences de la terre;3;Salle TP Physique B133 (SCI_R-01);84952
2025-10-10;Amphi C (SCI_R-00);84869;SCI_R;192;21;171;Cours;Marges & Chaînes de mont;L2 Sciences de la terre;3;Salle TP Physique B133 (SCI_R-01);84952
2025-10-10;Amphi C_A120 (DEG-00);36290;DEG;120;16;104;TD;TD Econométrie;<L3 Economie Gestion><TD Econométrie>Groupe 2;1;Salle de réunion D_D04 (DEG-00);36235
2025-10-10;Amphi C_A120 (DEG-00);36290;DEG;120;16;104;TD;TD Econométrie;<L3 Economie Gestion>Coloration banque et finance;1;Salle de réunion D_D04 (DEG-00);36235
2025-10-10;Amphi D (SCI_R-00);84870;SCI_R;192;27;165;CTD;Analyse chimique 2;L3 PC - LAS;7;Salle TP Physique B118 (SCI_R-01);84964
2025-10-10;Amphi D (SCI_R-00);84870;SCI_R;192;29;163;TD;Propagation s5;L3 PC - Physique, Chimie;1;Salle de cours 166 (B3-01);15984
2025-10-10;Amphi D (SCI_R-00);84870;SCI_R;192;22;170;TD;Méthodologie travail univ;<L1 Sciences de la vie><Groupes TD>L1 SDV groupe 2;1;Salle TP Physique B133 (SCI_R-01);84952
2025-10-10;Amphi D (SCI_R-00);84870;SCI_R;192;40;152;CTD;Physique 1;APILS;1;Amphi B (SCI_R-00);85297
2025-10-10;Amphi F (PAL-00);13841;PAL;75;27;48;Cours;Réact. chim organique;L3 PC - LAS;2;Salle 1 (PAL-00);13836
2025-10-10;Amphi F (PAL-00);13841;PAL;75;32;43;CTD;EC1 Méca 1 s5;L3 PC - SGM;3;Salle 8 (PAL-00);13834
2025-10-10;Amphi G (DUB-00);17228;DUB;140;42;98;TD;Proba approfondies &stat;L3 MIASHS - MID;3;Salle informatique I-207 (ISA-02);78613
2025-10-10;Amphi G (DUB-00);17228;DUB;140;63;77;Cours;Bases de données II;L3 MIASHS - MID;6;Salle de cours 127 (B2-01);16947
2025-10-10;Amphi G (DUB-00);17228;DUB;140;60;80;TD;Intro phys géné;L1 Mathématiques;1;Salle de cours 304 (BA2-00);16671
2025-10-10;Amphi H (DUB-00);17229;DUB;140;48;92;Cours;Thermodynamique chimique;L2 PC - LAS;3;Salle de Cours 003 (BA1-00);33458
2025-10-10;Amphi H (DUB-00);17229;DUB;140;16;124;Cours;Séries intro calcul proba;L2 MIASHS;2;Salle TP Microbio 42 (DUB-02);17197
2025-10-10;Amphi H (DUB-00);17229;DUB;140;47;93;TD;Physique du globe 1;L1 Sciences de la terre;4;Salle de Cours 003 (BA1-00);33458
2025-10-10;Salle de cours 107 (LET-00);27308;LET;68;30;38;TD;Gram angl S1 TD;L1 LEA - AA - langues spé;12;Salle de cours 22 (LET-01);27244
2025-10-10;Salle de cours 11 (LET-00);27324;LET;80;38;42;Cours;Sciences politiques;L3 Sociologie;10;Salle multimedia UTLA 137 (LET-00);27300
2025-10-10;Salle de cours 11 (LET-00);27324;LET;80;38;42;TD;Sociologie de l'art;L3 Sociologie;9;Salle de cours 406 (BA2-01);16739
2025-10-10;Salle de cours 11 (LET-00);27324;LET;80;38;42;Cours;Actualités sociologiques;L3 Sociologie;8;Salle de cours 406 (BA2-01);16739
2025-10-10;Salle de cours 220 (LET-01);27254;LET;60;16;44;CM;Environnement institution;L3 Histoire - EJSP;10;Salle informatique 215 (LET-01);27272
2025-10-10;Salle de cours 23 (LET-01);27248;LET;80;29;51;TD;Histoire comtemporaine;<L1 Histoire><L1 Histoire Sem1>TD3 Histoire Sem1;11;Salle de cours 166 (B3-01);15984
2025-10-10;Salle de cours 23 (LET-01);27248;LET;80;32;48;TD;Histoire comtemporaine;<L1 Histoire><L1 Histoire Sem1>TD1 Histoire Sem1;11;Salle de cours 508 (BA2-02);16629
2025-10-10;Salle de cours 301 (LET-02);27528;LET;70;19;51;CM;Civi esp et hisp-am S5;L3 LLCER - EH - ER;8;Salle de cours 204 (LET-01);27267
2025-10-10;Salle de cours 301 (LET-02);27528;LET;70;5;65;CM;Agreg. Espagnol Version clasS1;PREPA. AGREGAT. ESPAGNOL;12;Labo de Langues 312 (LET-02);27512
2025-10-10;Salle de cours 31 (LET-02);27515;LET;60;5;55;CM;Agreg. Espagnol Ling. S1;PREPA. AGREGAT. ESPAGNOL;12;Salle informatique 201 (LET-01);27266
2025-10-10;Salle de cours 31 (LET-02);27515;LET;60;5;55;CM;Agreg. Espagnol Tirso S1;PREPA. AGREGAT. ESPAGNOL;9;Salle informatique 215 (LET-01);27272
2025-10-10;Salle de cours B_B1 (DEG-00);36289;DEG;100;30;70;CM;Comptabilité;<M1 Droit Notarial>Comptabilité;16;Salle de cours 166 (B3-01);15984
2025-10-10;Salle de cours B_B1 (DEG-00);36289;DEG;100;30;70;CM;Comptabilité;<M1 Droit Notarial>Comptabilité;16;Salle de cours 166 (B3-01);15984
2025-10-10;Salle de cours B_B1 (DEG-00);36289;DEG;100;18;82;Cours;Dt pén.et procéd.pén. CM;<M1 Procédures contentieux>Droit pénal et procédure pénale approfondis;21;Salle GREEN A_A01 (DEG-00);36278
2025-10-10;Salle de cours B_B1 (DEG-00);36289;DEG;100;18;82;Cours;Dt pén.et procéd.pén. CM;<M1 Procédures contentieux>Droit pénal et procédure pénale approfondis;21;Salle GREEN A_A01 (DEG-00);36278
2025-10-10;Salle de cours B_B1 (DEG-00);36289;DEG;100;24;76;TD;Intro au droit constit TD;<L1 Droit (Pau)><TD droit constitutionnel>Groupe 10;8;Salle GREEN A_A01 (DEG-00);36278
2025-10-10;Salle de cours B_B2 (DEG-00);36271;DEG;76;23;53;Cours;Procédure pénale;M2 Police et Sécu inté;3;Salle GREEN A_A01 (DEG-00);36278
2025-10-10;Salle de cours B_B2 (DEG-00);36271;DEG;76;30;46;TD;Droit des obligations TD;<L2 Droit><TD droit des obligations>Groupe 4;1;Salle informatique B_B209 (DEG-02);36423
2025-10-10;Salle de cours B_B2 (DEG-00);36271;DEG;76;25;51;TD;Droit des obligations TD;<L2 Droit><TD droit des obligations>Groupe 3;2;Salle GREEN A_A01 (DEG-00);36278
2025-10-10;Salle de cours C_C01 (DEG-00);36291;DEG;79;24;55;Cours;CONSOLIDATION IFRS;M2 Compta ctrl audit;1;Salle GREEN A_A01 (DEG-00);36278
2025-10-10;Salle de cours C_C03 (DEG-00);36287;DEG;50;6;44;Cours;Droit Fiscal Oral;CAPA Droit 2e année (PAU);1;Salle de réunion IAE CREG D_D210 (DEG-02);36444
2025-10-10;Salle de cours C_C18 (DEG-01);36560;DEG;50;24;26;TD;TD Conjoncture et croissance;L3 Economie Gestion CMI;9;Salle GREEN A_A01 (DEG-00);36278
2025-10-10;Salle de cours C_C19 (DEG-01);36561;DEG;52;19;33;Cours;Management de la RSE;M1 CGAO;4;Salle GREEN A_A01 (DEG-00);36278
2025-10-13;Amphi (STAP-00);18427;STAP;300;80;220;Cours;1 Intervention;L3 STAPS ES (Tarbes);4;Amphi 40 (EC3-00);17104
2025-10-13;Amphi (STAP-00);18427;STAP;300;80;220;Cours;1 Optimisation de la perf;L3 STAPS ES (Tarbes);5;Amphi 40 (EC3-00);17104
2025-10-13;Amphi 1 (LET-00);27353;LET;150;43;107;Cours;Géographie & aménagement;L1 Géo Aménagement;11;Salle de cours 12 (LET-00);27321
2025-10-13;Amphi 1 (LET-00);27353;LET;150;43;107;Cours;Intro géo des populations;L1 Géo Aménagement;10;Salle de cours 12 (LET-00);27321
2025-10-13;Amphi 2 (LET-00);27354;LET;140;65;75;Cours;Civi pays hispano S3;L2 LEA - AE - langues spé;12;Salle de cours 13 (LET-00);27322
2025-10-13;Amphi 2 (LET-00);27354;LET;140;17;123;Cours;Découverte Anglais S1;<L1 LLCER - EH>Découverte CM Anglais S1;12;Salle informatique 313 (LET-02);27510
2025-10-13;Amphi 3 (LET-02);27502;LET;300;104;196;Cours;Méthodo l'observation 1;L1 Sociologie;11;Amphi B (EC9-02);16035
2025-10-13;Amphi 3 (LET-02);27502;LET;300;104;196;Cours;Enjeux sociaux contempo;L1 Sociologie;10;Amphi B (EC9-02);16035
2025-10-13;Amphi 3 (LET-02);27502;LET;300;126;174;Cours;Civi pays hispano S1;L1 LEA - AE - langues spé;13;Amphi 1 (LET-00);27353
2025-10-13;Amphi 3 (LET-02);27502;LET;300;103;197;CM;Histoire comtemporaine;L1 Histoire;11;Amphi B (EC9-02);16035
2025-10-13;Amphi A_A150 (DEG-00);36279;DEG;150;11;139;Cours;Econométrie;<L3 Economie Gestion>Coloration banque et finance;6;Salle immersive D_D20bis (DEG-00);83663
2025-10-13;Amphi A_A150 (DEG-00);36279;DEG;150;40;110;Cours;Informatique;L2 AES;9;Salle Recherche (B3-00);15968
2025-10-13;Amphi A_A300 (DEG-00);36276;DEG;300;119;181;Cours;Maths pr éco/gestion 2;L2 Economie Gestion CMI;12;Amphi B (EC9-02);16035
2025-10-13;Amphi A_A300 (DEG-00);36276;DEG;300;12;288;Cours;Problé. cont. du dév. 1;M2 Eur Inter Env Dév;1;Salle immersive D_D20bis (DEG-00);83663
2025-10-13;Amphi A_A300 (DEG-00);36276;DEG;300;65;235;Cours;Hist dt oblig & dt pub 19;<L2 Droit>Histoire du droit des obligations;18;Salle de cours 131 (B2-01);16957
2025-10-13;Amphi A_A300 (DEG-00);36276;DEG;300;65;235;Cours;Hist dt oblig & dt pub 19;<L2 Droit>Histoire du droit des obligations;18;Salle de cours 131 (B2-01);16957
2025-10-13;Amphi A_A400 (DEG-00);36274;DEG;400;33;367;Cours;Procédure pénale CM;CERTIF SC CRIM;10;Salle de cours C_C13 (DEG-01);36555
2025-10-13;Amphi A_A600 (DEG-00);36275;DEG;600;37;563;Cours;Dt euro dts de l'H. CM;M1 Police et Sécu inté;3;Salle de cours B_B213 (DEG-02);36427
2025-10-13;Amphi A_A600 (DEG-00);36275;DEG;600;37;563;Cours;Dt euro dts de l'H. CM;M1 Police et Sécu inté;3;Salle de cours B_B213 (DEG-02);36427
2025-10-13;Amphi B (SCI_R-00);85297;SCI_R;220;110;110;Cours;Chimie des solutions 1;L1 Physique, Chimie;3;Amphi C (SCI_R-00);84869
2025-10-13;Amphi C (SCI_R-00);84869;SCI_R;192;21;171;Cours;Marges & Chaînes de mont;L2 Sciences de la terre;3;Salle TP Physique B133 (SCI_R-01);84952
2025-10-13;Amphi C (SCI_R-00);84869;SCI_R;192;84;108;Cours;Biologie végétale 2;L2 Sciences de la vie;7;Amphi 40 (EC3-00);17104
2025-10-13;Amphi C (SCI_R-00);84869;SCI_R;192;22;170;Cours;Mécanique du Solide s3;L2 PC - Physique;7;Salle TP Physique B133 (SCI_R-01);84952
2025-10-13;Amphi C_A120 (DEG-00);36290;DEG;120;32;88;Cours;Algorithmique;M1 Management SI;2;Salle de cours B_B213 (DEG-02);36427
2025-10-13;Amphi C_A120 (DEG-00);36290;DEG;120;56;64;Cours;CM Stratégie théorie orga;M1 Management SI;6;Salle de cours 163 (B3-01);15991
2025-10-13;Amphi D (SCI_R-00);84870;SCI_R;192;52;140;Cours;Couleur et matériaux;L3 PC - Physique, Chimie;4;Salle de cours 509 (BA2-02);16630
2025-10-13;Amphi D (SCI_R-00);84870;SCI_R;192;80;112;Cours;OUMOBIO 1;L2 SDV - LAS;5;Amphi Elsa Serfass (BA1-00);33455
2025-10-13;Amphi D (SCI_R-00);84870;SCI_R;192;60;132;Cours;Algèbre 1 S1;L1 Mathématiques;8;Salle de cours 304 (BA2-00);16671
2025-10-13;Amphi E (PAL-00);13842;PAL;75;15;60;CTD;Thermodynamique S3;L2 PC - Physique;20;Salle TP géochimie B330 (SCI_R-03);85206
2025-10-13;Amphi E (PAL-00);13842;PAL;75;32;43;CTD;EC1 Méca 1 s5;L3 PC - SGM;10;Salle de cours 508 (BA2-02);16629
2025-10-13;Amphi E (PAL-00);13842;PAL;75;22;53;Cours;Ana & algèbre 1 PPPE;L3 MIASHS - PPPE;11;Salle 15 (PAL-01);13885
2025-10-13;Amphi E (PAL-00);13842;PAL;75;32;43;CTD;EC1 Méca 1 s5;L3 PC - SGM;10;Salle de cours 508 (BA2-02);16629
2025-10-13;Amphi G (DUB-00);17228;DUB;140;53;87;Cours;Analyse 3 S3;L2 Mathématiques;16;Salle de cours 509 (BA2-02);16630
2025-10-13;Amphi H (DUB-00);17229;DUB;140;47;93;TD;Physique du globe 1;L1 Sciences de la terre;4;Salle de Cours 003 (BA1-00);33458
2025-10-13;Salle de cours 107 (LET-00);27308;LET;68;1;67;TD;ALLEMAND A1 SI;<UE transverses CRL>UET Allemand niveau A1 GR 2;9;Salle informatique 201 (LET-01);27266
2025-10-13;Salle de cours 12 (LET-00);27321;LET;60;16;44;CM;Enjeux contemporains;L3 Histoire - EJSP;12;Salle informatique 313 (LET-02);27510
2025-10-13;Salle de cours 120 (LET-00);27333;LET;62;20;42;CM;Arts déco et design;L3 HAA - HA;12;Salle informatique 313 (LET-02);27510
2025-10-13;Salle de cours 120 (LET-00);27333;LET;62;18;44;CM;UE3EC1 Linguistique de l'oral;M1 Etudes anglophones;6;Salle du conseil B11 (LET-01);27281
2025-10-13;Salle de cours 120 (LET-00);27333;LET;62;26;36;CM;CM Art en Europe XVIe S;L2 HAA;12;Salle multimedia UTLA 137 (LET-00);27300
2025-10-13;Salle de cours 121 (LET-00);27332;LET;70;10;60;TD;Découverte anglais TD 2;<L1 Lettres - CTD>Découverte Anglais S1 Gpe 2;9;Salle informatique 214 (LET-01);27271
2025-10-13;Salle de cours 14 (LET-00);27323;LET;98;3;95;Cours;Découverte espagnol S1;<L1 LLCER - EA>Découverte CM Espagnol S1;13;Salle informatique 313 (LET-02);27510
2025-10-13;Salle de cours 14 (LET-00);27323;LET;98;34;64;TD;Droit du travail TD;<L3 Droit><TD Droit du travail>Groupe 3;1;Salle multimedia UTLA 137 (LET-00);27300
2025-10-13;Salle de cours 220 (LET-01);27254;LET;60;7;53;TD;Intro. aux concours Sem5;<L3 GA - TDDTE>5S-Introduction aux concours S5;2;Labo de Langues 312 (LET-02);27512
2025-10-13;Salle de cours 220 (LET-01);27254;LET;60;3;57;TD;Atelier Historien MÂ/mode;L3 Histoire - Art & Patri;11;Labo de Langues 312 (LET-02);27512
2025-10-13;Salle de cours 23 (LET-01);27248;LET;80;16;64;CM;L'Etat;L3 Histoire - EJSP;11;Salle informatique 313 (LET-02);27510
2025-10-13;Salle de cours 23 (LET-01);27248;LET;80;16;64;TD;L'Etat;L3 Histoire - EJSP;11;Salle informatique 313 (LET-02);27510
2025-10-13;Salle de cours 301 (LET-02);27528;LET;70;21;49;TD;TD Conjoncture et croissance;<L3 Economie Gestion><TD Conjoncture et Croissance>Groupe 3;1;Salle multimedia UTLA 137 (LET-00);27300
2025-10-13;Salle de cours 301 (LET-02);27528;LET;70;6;64;TD;Découverte espagnol S1;<L1 Lettres - CTD>Découverte Espagnol S1 Gpe 1;9;Salle multimedia UTLA 137 (LET-00);27300
2025-10-13;Salle de cours 301 (LET-02);27528;LET;70;7;63;TD;Découverte espagnol S1;<L1 LLCER - EA>Découverte espagnol S1 Gpe 2;9;Salle informatique 214 (LET-01);27271
2025-10-13;Salle de cours B_B1 (DEG-00);36289;DEG;100;26;74;TD;Dt civil des biens TD;<L3 Droit><TD Droit civil des biens>Groupe 3;8;Salle de cours/informatique C_C02 (DEG-00);36288
2025-10-13;Salle de cours B_B1 (DEG-00);36289;DEG;100;11;89;Cours;Économie publique;<L3 Economie Gestion>Coloration banque et finance;7;Salle informatique B_ASPE (DEG-01);36531
2025-10-13;Salle de cours B_B1 (DEG-00);36289;DEG;100;40;60;TD;TD Microéconomie;L2 Economie Gestion CMI;1;Salle de cours B_B4 (DEG-00);36268
2025-10-13;Salle de cours B_B1 (DEG-00);36289;DEG;100;40;60;Cours;Droit des obligations;L2 AES;18;Salle Recherche (B3-00);15968
2025-10-13;Salle de cours B_B1 (DEG-00);36289;DEG;100;40;60;Cours;Droit des obligations;L2 AES;18;Salle Recherche (B3-00);15968
2025-10-13;Salle de cours B_B2 (DEG-00);36271;DEG;76;32;44;TD;Module de Prépro;<L3 AES Gestion des entrep><TD Module de préprofessionnal.>Groupe 1;10;Salle de cours 508 (BA2-02);16629
2025-10-13;Salle de cours B_B2 (DEG-00);36271;DEG;76;27;49;TD;Dt civil des biens TD;<L3 Droit><TD Droit civil des biens>Groupe 2;3;Salle de cours 144 (EC3-01);17123
2025-10-13;Salle de cours B_B2 (DEG-00);36271;DEG;76;27;49;TD;Dt civil des biens TD;<L3 Droit><TD Droit civil des biens>Groupe 1;9;Salle de cours B_B3 (DEG-00);36272
2025-10-13;Salle de cours B_B2 (DEG-00);36271;DEG;76;34;42;TD;Droit du travail TD;<L3 Droit><TD Droit du travail>Groupe 2;5;Salle informatique B_B209 (DEG-02);36423
2025-10-13;Salle de cours B_B2 (DEG-00);36271;DEG;76;37;39;TD;TD Economie et Soutenabilité;<L1 Economie et Gestion><Economie et soutenabilité>Groupe 2;8;Salle de cours 406 (BA2-01);16739
2025-10-13;Salle de cours B_B2 (DEG-00);36271;DEG;76;28;48;TD;TD Comptabilités des sociétés;<L3 Economie Gestion>Coloration Comptabilité et management;8;Salle de cours B_B8 (DEG-00);36277
2025-10-13;Salle de cours C_C01 (DEG-00);36291;DEG;79;8;71;Cours;Contentieux administratif;M2 Dt cont des libertés;4;Salle informatique B_BARETOUS (DEG-01);36548
2025-10-13;Salle de cours C_C01 (DEG-00);36291;DEG;79;19;60;TD;TD Economie et Soutenabilité;L1 LEA / Ecogestion - AE;3;Salle GREEN A_A01 (DEG-00);36278
2025-10-13;Salle de cours C_C04 (DEG-00);36292;DEG;50;6;44;Cours;Economie Politique Oral;CAPA Droit 2e année (PAU);14;Salle de réunion IAE CREG D_D210 (DEG-02);36444
2025-10-13;Salle de cours C_C19 (DEG-01);36561;DEG;52;19;33;Cours;Décision financière;M1 CGAO;12;Salle GREEN A_A01 (DEG-00);36278
2025-10-14;Amphi 1 (LET-00);27353;LET;150;46;104;Cours;Civilisation S5;L3 LLCER - EA - ER;7;Salle de Cours 003 (BA1-00);33458
2025-10-14;Amphi 1 (LET-00);27353;LET;150;51;99;CM;3 Histoire langue fr 3;L2 Lettres classiques;5;Salle de cours 10 (LET-00);27320
2025-10-14;Amphi 1 (LET-00);27353;LET;150;51;99;Cours;1 Linguistique française;L2 Lettres classiques;6;Salle de cours 10 (LET-00);27320
2025-10-14;Amphi 3 (LET-02);27502;LET;300;43;257;Cours;Intro à la géographie-CM;L1 Géo Aménagement;12;Salle de cours 134 (LET-00);27341
2025-10-14;Amphi 3 (LET-02);27502;LET;300;104;196;Cours;Intro Sociologie S1;L1 Sociologie;11;Amphi B (EC9-02);16035
2025-10-14;Amphi 3 (LET-02);27502;LET;300;124;176;Cours;Civilisation S1;L1 LLCER - EA;12;Amphi B (EC9-02);16035
2025-10-14;Amphi 3 (LET-02);27502;LET;300;140;160;Cours;Civi pays anglo S1;L1 LEA - AE - langues spé;12;Amphi 400 (EC9-01);16026
2025-10-14;Amphi A (SCI_R-00);85316;SCI_R;216;42;174;Cours;Techno orientée objet;L3 Informatique;2;Amphi B (SCI_R-00);85297
2025-10-14;Amphi A (SCI_R-00);85316;SCI_R;216;42;174;Cours;Techno orientée objet;L3 Informatique;2;Amphi B (SCI_R-00);85297
2025-10-14;Amphi A (SCI_R-00);85316;SCI_R;216;42;174;Cours;Génie logiciel;L3 Informatique;1;Amphi B (SCI_R-00);85297
2025-10-14;Amphi A_A150 (DEG-00);36279;DEG;150;24;126;TD;TD Mathématiques pour la micro;<L1 Economie et Gestion><TD Mathématiques pour la micro>Groupe 2;1;Salle GREEN A_A01 (DEG-00);36278
2025-10-14;Amphi A_A300 (DEG-00);36276;DEG;300;40;260;Cours;Droit administratif 1;L2 AES;16;Salle Recherche (B3-00);15968
2025-10-14;Amphi A_A300 (DEG-00);36276;DEG;300;40;260;Cours;Droit administratif 1;L2 AES;16;Salle Recherche (B3-00);15968
2025-10-14;Amphi A_A400 (DEG-00);36274;DEG;400;138;262;Cours;Analyse financière;L3 AES Gestion des entrep;14;Amphi 400 (EC9-01);16026
2025-10-14;Amphi A_A600 (DEG-00);36275;DEG;600;47;553;CM;Droit comparé;<M1 Juriste d'affaires>Droit comparé;8;Salle de Cours 003 (BA1-00);33458
2025-10-14;Amphi A_A600 (DEG-00);36275;DEG;600;47;553;CM;Droit comparé;<M1 Juriste d'affaires>Droit comparé;8;Salle de Cours 003 (BA1-00);33458
2025-10-14;Amphi C (SCI_R-00);84869;SCI_R;192;48;144;Cours;Chim orga fonct, méca réa;L2 PC - LAS;5;Salle de Cours 003 (BA1-00);33458
2025-10-14;Amphi C_A120 (DEG-00);36290;DEG;120;19;101;TD;TD Mathématiques pour la micro;L1 LEA / Ecogestion - AE;1;Salle GREEN A_A01 (DEG-00);36278
2025-10-14;Amphi D (SCI_R-00);84870;SCI_R;192;52;140;CTD;Structure cristalline;L3 PC - SGM;6;Salle de cours 509 (BA2-02);16630
2025-10-14;Amphi D (SCI_R-00);84870;SCI_R;192;82;110;Cours;Biologie moléculaire;L2 Sciences de la vie;4;Amphi 40 (EC3-00);17104
2025-10-14;Amphi E (PAL-00);13842;PAL;75;15;60;CTD;Thermodynamique S3;L2 PC - Physique;20;Salle TP géochimie B330 (SCI_R-03);85206
2025-10-14;Amphi E (PAL-00);13842;PAL;75;14;61;TD;OMP S3;L2 PC - Physique;1;Salle 3 (PAL-00);13838
2025-10-14;Amphi E (PAL-00);13842;PAL;75;14;61;TD;Chim orga structure moléc;L3 PC - SGM;3;Salle 15 (PAL-01);13885
2025-10-14;Amphi F (PAL-00);13841;PAL;75;25;50;CTD;Algèbre PPPE 3;L2 MIASHS - PPPE;1;Salle GREEN A_A01 (DEG-00);36278
2025-10-14;Amphi G (DUB-00);17228;DUB;140;52;88;Cours;Equations diff S5;L3 Mathématiques;5;Salle de cours 509 (BA2-02);16630
2025-10-14;Amphi G (DUB-00);17228;DUB;140;53;87;Cours;Intro topologie;L2 Mathématiques;12;Salle de cours 509 (BA2-02);16630
2025-10-14;Amphi G (DUB-00);17228;DUB;140;40;100;Cours;Eléments d'algèbre;L1 MIASHS;7;Salle Recherche (B3-00);15968
2025-10-14;Amphi H (DUB-00);17229;DUB;140;27;113;CTD;Analyse chimique 2;L3 PC - LAS;6;Salle 35 (DUB-01);17160
2025-10-14;Amphi H (DUB-00);17229;DUB;140;27;113;TD;Structure réactivité molé;L3 PC - LAS;3;Salle 25 (DUB-00);17240
2025-10-14;Amphi H (DUB-00);17229;DUB;140;27;113;TD;Structure réactivité molé;L3 PC - LAS;3;Salle 25 (DUB-00);17240
2025-10-14;Salle de cours 11 (LET-00);27324;LET;80;38;42;Cours;Sociologie du travail;L3 Sociologie;9;Salle de cours 406 (BA2-01);16739
2025-10-14;Salle de cours 11 (LET-00);27324;LET;80;31;49;TD;Introduction au droit civil TD;<L1 Droit (Pau)><TD droit civil>Groupe 10;2;Salle de cours 135 (LET-00);27336
2025-10-14;Salle de cours 12 (LET-00);27321;LET;60;25;35;TD;Histoire moderne;L3 Histoire - ER;11;Salle de cours IEFE 128 (LET-00);27298
2025-10-14;Salle de cours 120 (LET-00);27333;LET;62;26;36;CM;Habitat et vie privée;L2 HAA;11;Salle de cours 144 (EC3-01);17123
2025-10-14;Salle de cours 120 (LET-00);27333;LET;62;30;32;CM;Hist art ibéri mod & cont;L2 HAA;12;Salle de cours 166 (B3-01);15984
2025-10-14;Salle de cours 120 (LET-00);27333;LET;62;31;31;Cours;Initiation à la recherche;L2 Lettres PPPE;1;Salle de cours 22 (LET-01);27244
2025-10-14;Salle de cours 14 (LET-00);27323;LET;98;28;70;TD;2 Fondamentaux en ortho 1;<L1 Lettres class & modern><L1 LCM S1 Groupes de TD>L1 LCM S1 TD2;10;Salle de cours 166 (B3-01);15984
2025-10-14;Salle de cours 220 (LET-01);27254;LET;60;10;50;CM;UE3EC2 Question genres et gen;M1 Etudes hispaniques;8;Salle informatique 201 (LET-01);27266
2025-10-14;Salle de cours 23 (LET-01);27248;LET;80;40;40;TD;Langue écrite S3- Thème;<L2 LLCER - EA><groupes TD>TD A;1;Salle multimedia UTLA 137 (LET-00);27300
2025-10-14;Salle de cours 32 (LET-02);27514;LET;80;27;53;Cours;Mobilités humaines;L2 Géo Aménagement;11;Salle de cours 10 (LET-00);27320
2025-10-14;Salle de cours 32 (LET-02);27514;LET;80;17;63;TD;Tourisme, géographie amén;<L2 Géo Aménagement>3S-Tourisme, géographie et aménagement S3;1;Salle de cours 203 (LET-01);27270
2025-10-14;Salle de cours B_B1 (DEG-00);36289;DEG;100;32;68;TD;Intro gestion TD;<L1 AES><TD Introduction à la gestion>Groupe 4;5;Salle informatique B_B209 (DEG-02);36423
2025-10-14;Salle de cours B_B1 (DEG-00);36289;DEG;100;39;61;TD;TD Analyse financière;<L3 Economie Gestion><TD Analyse Financière>Groupe 6;9;Amphi A_A400 (DEG-00);36274
2025-10-14;Salle de cours B_B1 (DEG-00);36289;DEG;100;11;89;Cours;Intro à la croissance;L2 Economie Gestion CMI;8;Salle immersive D_D20bis (DEG-00);83663
2025-10-14;Salle de cours B_B1 (DEG-00);36289;DEG;100;42;58;TD;TD Economie et Soutenabilité;<L1 Economie et Gestion><Economie et soutenabilité>Groupe 5;10;Salle de Cours 003 (BA1-00);33458
2025-10-14;Salle de cours B_B1 (DEG-00);36289;DEG;100;40;60;TD;TD Comptabilité;L1 Economie Gestion CMI;7;Salle 16 (PAL-01);13883
2025-10-14;Salle de cours B_B2 (DEG-00);36271;DEG;76;23;53;Cours;Droit commercial;M2 Droit Notarial;3;Salle GREEN A_A01 (DEG-00);36278
2025-10-14;Salle de cours B_B2 (DEG-00);36271;DEG;76;37;39;TD;TD Economie et Soutenabilité;<L1 Economie et Gestion><Economie et soutenabilité>Groupe 4;6;Salle de cours 05 (STAP-00);45520
2025-10-14;Salle de cours B_B2 (DEG-00);36271;DEG;76;26;50;TD;Droit admin TD L2 Droit S3;<L2 Droit><TD droit administratif>Groupe 2;1;Salle de cours/informatique C_C02 (DEG-00);36288
2025-10-14;Salle de cours C_C03 (DEG-00);36287;DEG;50;8;42;Cours;Droit Public Ecrit;CAPA Droit 1e année (PAU);22;Salle informatique B_BARETOUS (DEG-01);36548
2025-10-14;Salle de cours C_C04 (DEG-00);36292;DEG;50;13;37;Cours;Hist. des dts de l'H.;M1 Droit exécution peines;24;Salle GREEN A_A01 (DEG-00);36278
2025-10-14;Salle de cours C_C04 (DEG-00);36292;DEG;50;13;37;Cours;Hist. des dts de l'H.;M1 Droit exécution peines;24;Salle GREEN A_A01 (DEG-00);36278
2025-10-14;Salle de cours C_C04 (DEG-00);36292;DEG;50;6;44;Cours;Dt Adm Spécial Ecrit;CAPA Droit 2e année (PAU);13;Salle informatique B_BARETOUS (DEG-01);36548
2025-10-14;Salle de cours C_C18 (DEG-01);36560;DEG;50;11;39;Cours;Anglais M2 DEG S9;<M2 Droit transitions EE><TD Anglais>Anglais M2 DTEE;4;Salle immersive D_D20bis (DEG-00);83663
2025-10-14;Salle de cours C_C19 (DEG-01);36561;DEG;52;19;33;Cours;Décision financière;M1 CGAO;12;Salle GREEN A_A01 (DEG-00);36278
2025-10-14;Salle de cours C_C19 (DEG-01);36561;DEG;52;8;44;TD;Anglais des Affaires;<M1 CGAO><Groupes>Groupe 2;19;Salle informatique B_BARETOUS (DEG-01);36548
2025-10-14;Salle de cours C_C19 (DEG-01);36561;DEG;52;11;41;TD;Anglais des Affaires;<M1 CGAO><Groupes>Groupe 1;21;Salle TP géochimie B330 (SCI_R-03);85206
2025-10-15;AMPHI STID (STI-00);24832;STI;165;23;142;TD;R1.08 Mesure et instrum.;<BUT 1 - MTEE><Groupes TD>TD1;2;Salle de cours 167 (B3-01);15986
2025-10-15;AMPHI STID (STI-00);24832;STI;165;9;156;TD;R1.04 Bases thermodyn.;<BUT 1 - MTEE><Groupes TD>TD2;8;Salle informatique B_BARETOUS (DEG-01);36548
2025-10-15;Amphi (STAP-00);18427;STAP;300;100;200;Cours;1 Sciences de l'éducation;L3 STAPS EM (Tarbes);4;Amphi B (EC9-02);16035
2025-10-15;Amphi 1 (LET-00);27353;LET;150;65;85;Cours;Méthodo quantitative 1;L2 Sociologie;9;Salle de cours 131 (B2-01);16957
2025-10-15;Amphi 1 (LET-00);27353;LET;150;68;82;CM;Art gr antiq et péléochré;L1 HAA;6;Salle de cours 301 (LET-02);27528
2025-10-15;Amphi 1 (LET-00);27353;LET;150;68;82;CM;1 Littérature comparée 5;L3 Lettres modernes;10;Salle de cours 131 (B2-01);16957
2025-10-15;Amphi 1 (LET-00);27353;LET;150;40;110;CM;1 Littérature comparée 1;L1 Lettres class & modern;11;Salle de cours 133 (LET-00);27338
2025-10-15;Amphi 2 (LET-00);27354;LET;140;65;75;Cours;Sociologie territoires;L2 Sociologie;8;Salle de cours 131 (B2-01);16957
2025-10-15;Amphi 2 (LET-00);27354;LET;140;68;72;CM;Culture historique;L1 HAA;11;Salle de cours 131 (B2-01);16957
2025-10-15;Amphi 3 (LET-02);27502;LET;300;140;160;Cours;Expr française S1 CM;L1 LEA - AE - langues spé;13;Amphi 400 (EC9-01);16026
2025-10-15;Amphi 3 (LET-02);27502;LET;300;124;176;Cours;Linguistique S1;L1 LLCER - EA;12;Amphi B (EC9-02);16035
2025-10-15;Amphi 3 (LET-02);27502;LET;300;124;176;Cours;Littérature S1;L1 LLCER - EA;12;Amphi B (EC9-02);16035
2025-10-15;Amphi 3 (LET-02);27502;LET;300;126;174;Cours;Gram esp S1 CM;L1 LEA - AE - langues spé;7;Amphi B (EC9-02);16035
2025-10-15;Amphi A_A150 (DEG-00);36279;DEG;150;44;106;Cours;Informatique;L3 AES Adm géné & dév soc;14;Salle 7 (PAL-00);13839
2025-10-15;Amphi A_A300 (DEG-00);36276;DEG;300;149;151;Cours;Économie internationale 1;L3 AES Gestion des entrep;13;Amphi 400 (EC9-01);16026
2025-10-15;Amphi A_A400 (DEG-00);36274;DEG;400;159;241;Cours;Comptabilité 2;L2 Economie Gestion CMI;11;Amphi (STAP-00);18427
2025-10-15;Amphi A_A400 (DEG-00);36274;DEG;400;119;281;Cours;Microéconomie 2;L2 Economie Gestion CMI;6;Amphi B (EC9-02);16035
2025-10-15;Amphi C (SCI_R-00);84869;SCI_R;192;87;105;Cours;Maths géné pour l'info;L1 Informatique;6;Amphi 40 (EC3-00);17104
2025-10-15;Amphi C_A120 (DEG-00);36290;DEG;120;56;64;Cours;Cours Gestion de Projet;M1 Management SI;2;Salle de cours B_B2 (DEG-00);36271
2025-10-15;Amphi C_A120 (DEG-00);36290;DEG;120;32;88;Cours;Initiation recherche 1;M1 Management SI;1;Salle informatique B_B209 (DEG-02);36423
2025-10-15;Amphi D (SCI_R-00);84870;SCI_R;192;48;144;Cours;Chimie des solutions 3;L2 PC - LAS;8;Salle de Cours 003 (BA1-00);33458
2025-10-15;Amphi D (SCI_R-00);84870;SCI_R;192;48;144;Cours;Chim orga fonct, méca réa;L2 PC - LAS;5;Salle de Cours 003 (BA1-00);33458
2025-10-15;Amphi E (PAL-00);13842;PAL;75;27;48;TD;Réact. chim organique;L3 PC - LAS;2;Salle 2 (PAL-00);13837
2025-10-15;Amphi E (PAL-00);13842;PAL;75;27;48;Cours;Diagramme état thermo mél;L3 PC - LAS;10;Salle de cours 144 (EC3-01);17123
2025-10-15;Amphi E (PAL-00);13842;PAL;75;27;48;TD;Diagramme état thermo mél;L3 PC - LAS;11;Salle de cours 144 (EC3-01);17123
2025-10-15;Amphi G (DUB-00);17228;DUB;140;60;80;Cours;Réseaux I;L2 Informatique;8;Salle de cours 304 (BA2-00);16671
2025-10-15;Amphi G (DUB-00);17228;DUB;140;42;98;Cours;Concept° d'appli internet;L3 Informatique;2;Salle multimedia UTLA 137 (LET-00);27300
2025-10-15;Amphi G (DUB-00);17228;DUB;140;41;99;Cours;Couleur et matériaux;L3 PC - SGM;1;Salle 25 (DUB-00);17240
2025-10-15;Amphi H (DUB-00);17229;DUB;140;45;95;Cours;Biologie moléculaire prat;L3 SDV - BGST;1;Salle 23 (DUB-00);17231
2025-10-15;Salle de cours 10 (LET-00);27320;LET;60;24;36;Cours;2 Traduction littéraire 1;L3 Lettres modernes;11;Salle de cours IEFE 127 (LET-00);27296
2025-10-15;Salle de cours 12 (LET-00);27321;LET;60;29;31;TD;Compétences rédactionelle;<L1 Histoire><L1 Histoire Sem1>TD3 Histoire Sem1;11;Salle de cours 105 (LET-00);27306
2025-10-15;Salle de cours 120 (LET-00);27333;LET;62;15;47;TD;1 Méthodologie S7;M1 Lettres et arts;9;Salle informatique 202 (LET-01);27273
2025-10-15;Salle de cours 120 (LET-00);27333;LET;62;26;36;TD;TD Art en Europe XVIe S;L2 HAA;12;Salle de cours 144 (EC3-01);17123
2025-10-15;Salle de cours 13 (LET-00);27322;LET;70;12;58;TD;Expr française S1 TD;L1 LEA - AA - langues spé;12;Labo de Langues 316 (LET-02);27521
2025-10-15;Salle de cours 13 (LET-00);27322;LET;70;28;42;TD;Gram & thème esp S3 TD;L2 LEA - AE - écogestion;12;Salle de cours 10 (LET-00);27320
2025-10-15;Salle de cours 14 (LET-00);27323;LET;98;24;74;CM;Hab vil 1& cmp EU 17&18e;L3 HAA - HA;2;Salle de cours 22 (LET-01);27244
2025-10-15;Salle de cours 14 (LET-00);27323;LET;98;17;81;Cours;1 Littérature comparée 3;L2 Lettres modernes;2;Salle de cours 203 (LET-01);27270
2025-10-15;Salle de cours 14 (LET-00);27323;LET;98;33;65;TD;2 Initiation langue lat;<L1 Lettres - CTD><L1 CTD S1 Groupes de TD>L1 LCTD S1 TD1;2;Salle multimedia UTLA 137 (LET-00);27300
2025-10-15;Salle de cours 220 (LET-01);27254;LET;60;16;44;TD;Méthodologie des concours;L3 Histoire - EJSP;12;Salle informatique 314 (LET-02);27509
2025-10-15;Salle de cours 23 (LET-01);27248;LET;80;25;55;CM;Histoire moderne;L3 Histoire - ER;12;Salle GREEN A_A01 (DEG-00);36278
2025-10-15;Salle de cours 301 (LET-02);27528;LET;70;5;65;Cours;Agreg. Espagnol Chirbes 2 S1;PREPA. AGREGAT. ESPAGNOL;8;Salle informatique 313 (LET-02);27510
2025-10-15;Salle de cours 32 (LET-02);27514;LET;80;20;60;TD;Portrait de territoire;<L3 GA - TDDTE>5S-Portrait de territoire S5;11;Labo de Langues 316 (LET-02);27521
2025-10-15;Salle de cours B_B1 (DEG-00);36289;DEG;100;33;67;TD;TD intro à la Gestion;<L1 AES><TD Introduction à la gestion>Groupe 2;1;Salle de cours B_B6 (DEG-00);36270
2025-10-15;Salle de cours B_B1 (DEG-00);36289;DEG;100;21;79;TD;Dt fondamentaux TD;<L3 Droit><TD Droits fondamentaux>Groupe 1;8;Salle GREEN A_A01 (DEG-00);36278
2025-10-15;Salle de cours B_B1 (DEG-00);36289;DEG;100;20;80;TD;Dt fondamentaux TD;<L3 Droit><TD Droits fondamentaux>Groupe 2;8;Salle GREEN A_A01 (DEG-00);36278
2025-10-15;Salle de cours B_B1 (DEG-00);36289;DEG;100;32;68;TD;Droit admin TD L2 Droit S3;<L2 Droit><TD droit administratif>Groupe 6;6;Salle de cours B_B6 (DEG-00);36270
2025-10-15;Salle de cours B_B2 (DEG-00);36271;DEG;76;33;43;TD;TD Comptabilité;<L1 Economie et Gestion><Comptabilité>Groupe 3;1;Salle de cours B_B6 (DEG-00);36270
2025-10-15;Salle de cours B_B2 (DEG-00);36271;DEG;76;35;41;TD;Pocédure pénale TD;<L3 Droit><TD Procédure pénale>Groupe 1;10;Amphi A_A400 (DEG-00);36274
2025-10-15;Salle de cours C_C01 (DEG-00);36291;DEG;79;12;67;Cours;Régulations;M2 Droit transitions EE;2;Salle de réunion D_D04 (DEG-00);36235
2025-10-15;Salle de cours C_C03 (DEG-00);36287;DEG;50;24;26;TD;TD intro à la Gestion;<L1 Economie et Gestion><TD Intro à la Gestion>Groupe 6;6;Salle GREEN A_A01 (DEG-00);36278
2025-10-15;Salle de cours C_C03 (DEG-00);36287;DEG;50;8;42;Cours;Droit Commercial Oral;CAPA Droit 1e année (PAU);12;Salle de réunion IAE CREG D_D210 (DEG-02);36444
2025-10-15;Salle de cours C_C04 (DEG-00);36292;DEG;50;13;37;Cours;Anglais M1 DEG S7;<M1 Droit privé général><TD Anglais>Anglais M1 Droit Mutualisé Gp 4;8;Salle GREEN A_A01 (DEG-00);36278
2025-10-15;Salle de cours C_C04 (DEG-00);36292;DEG;50;6;44;Cours;Droit Fiscal Oral;CAPA Droit 2e année (PAU);14;Salle de réunion IAE CREG D_D210 (DEG-02);36444
2025-10-15;Salle de cours C_C19 (DEG-01);36561;DEG;52;11;41;TD;Anglais des Affaires;<M1 CGAO><Groupes>Groupe 1;21;Salle TP géochimie B330 (SCI_R-03);85206
2025-10-15;Salle de cours C_C19 (DEG-01);36561;DEG;52;8;44;TD;Anglais des Affaires;<M1 CGAO><Groupes>Groupe 2;19;Salle informatique B_BARETOUS (DEG-01);36548
2025-10-15;Salle de cours C_C19 (DEG-01);36561;DEG;52;19;33;Cours;Initiation recherche;M1 CGAO;13;Salle de cours 007 (BA1-00);33446
2025-10-16;AMPHI STID (STI-00);24832;STI;165;23;142;TD;R1.04 Bases thermodyn.;<BUT 1 - MTEE><Groupes TD>TD1;4;Salle de cours 167 (B3-01);15986
2025-10-16;AMPHI STID (STI-00);24832;STI;165;9;156;TD;R1.08 Mesure et instrum.;<BUT 1 - MTEE><Groupes TD>TD2;3;Salle informatique B_BARETOUS (DEG-01);36548
2025-10-16;Amphi 1 (LET-00);27353;LET;150;74;76;CM;1 Littérature française 1;L1 Lettres - CTD;11;Salle de cours 23 (LET-01);27248
2025-10-16;Amphi 3 (LET-02);27502;LET;300;104;196;Cours;Métier étud & découv univ;L1 Sociologie;4;Amphi 1 (LET-00);27353
2025-10-16;Amphi A (SCI_R-00);85316;SCI_R;216;60;156;TD;Intro phys géné;L1 Mathématiques;1;Amphi B (SCI_R-00);85297
2025-10-16;Amphi A_A300 (DEG-00);36276;DEG;300;33;267;Cours;Procédure pénale CM;CERTIF SC CRIM;5;Salle de cours B_B6 (DEG-00);36270
2025-10-16;Amphi A_A400 (DEG-00);36274;DEG;400;189;211;Cours;Maths microéconomie;L1 Economie et Gestion;6;Amphi 3 (LET-02);27502
2025-10-16;Amphi A_A400 (DEG-00);36274;DEG;400;83;317;Cours;Intro science pol;<L2 AES>Intro à la science politique;14;Amphi 40 (EC3-00);17104
2025-10-16;Amphi A_A400 (DEG-00);36274;DEG;400;83;317;Cours;Intro science pol;<L2 AES>Intro à la science politique;14;Amphi 40 (EC3-00);17104
2025-10-16;Amphi A_A600 (DEG-00);36275;DEG;600;280;320;Cours;Eco & Soutenabilité;L1 Economie et Gestion;8;Amphi 400 (EC9-01);16026
2025-10-16;Amphi A_A600 (DEG-00);36275;DEG;600;269;331;Cours;Intro hist au droit;L1 Droit (Pau);7;Amphi 400 (EC9-01);16026
2025-10-16;Amphi B (SCI_R-00);85297;SCI_R;220;87;133;Cours;UE Découverte I: physique;L1 Informatique;5;Amphi 40 (EC3-00);17104
2025-10-16;Amphi C (SCI_R-00);84869;SCI_R;192;22;170;Cours;Mécanique du Solide s3;L2 PC - Physique;7;Salle TP Physique B133 (SCI_R-01);84952
2025-10-16;Amphi C (SCI_R-00);84869;SCI_R;192;87;105;Cours;UE Découverte II: MMI;L1 Informatique;11;Amphi 40 (EC3-00);17104
2025-10-16;Amphi D (SCI_R-00);84870;SCI_R;192;45;147;Cours;Virologie;L3 SDV - BGST;4;Salle 18 (PAL-01);13877
2025-10-16;Amphi F (PAL-00);13841;PAL;75;27;48;CTD;Analyse chimique 2;L3 PC - LAS;5;Salle de cours 144 (EC3-01);17123
2025-10-16;Amphi G (DUB-00);17228;DUB;140;60;80;Cours;Compléments Math 1 S1;L1 Mathématiques;8;Salle de cours 304 (BA2-00);16671
2025-10-16;Amphi G (DUB-00);17228;DUB;140;21;119;Cours;Marges & Chaînes de mont;L2 Sciences de la terre;3;Salle 27 (DUB-00);17235
2025-10-16;Amphi H (DUB-00);17229;DUB;140;27;113;Cours;Structure réactivité molé;L3 PC - LAS;10;Salle de cours 144 (EC3-01);17123
2025-10-16;Amphi H (DUB-00);17229;DUB;140;22;118;TD;Ana & algèbre 1 PPPE;L3 MIASHS - PPPE;3;Salle 27 (DUB-00);17235
2025-10-16;Salle de cours 107 (LET-00);27308;LET;68;23;45;TD;4 Expression Française;M1 LEA;10;Salle de cours 167 (B3-01);15986
2025-10-16;Salle de cours 120 (LET-00);27333;LET;62;19;43;CM;UE14EC1 Id et altérité litté;M2 Etudes anglophones;8;Salle informatique 215 (LET-01);27272
2025-10-16;Salle de cours 14 (LET-00);27323;LET;98;27;71;TD;Mobilités humaines;L2 Géo Aménagement;1;Salle de cours 113 (LET-00);27303
2025-10-16;Salle de cours 23 (LET-01);27248;LET;80;3;77;TD;Atelier Historien contemp;L3 Histoire - Art & Patri;13;Labo de Langues 312 (LET-02);27512
2025-10-16;Salle de cours 32 (LET-02);27514;LET;80;38;42;TD;Sociologie des migrations;L3 Sociologie;5;Salle de cours 220 (LET-01);27254
2025-10-16;Salle de cours B_B1 (DEG-00);36289;DEG;100;36;64;TD;Intro gestion TD;<L1 AES><TD Introduction à la gestion>Groupe 5;7;Salle de cours 162 (B3-01);15996
2025-10-16;Salle de cours B_B1 (DEG-00);36289;DEG;100;50;50;Cours;Criminologie;D.U Sc criminelles;14;Salle de Cours 003 (BA1-00);33458
2025-10-16;Salle de cours B_B1 (DEG-00);36289;DEG;100;50;50;Cours;Criminologie;D.U Sc criminelles;14;Salle de Cours 003 (BA1-00);33458
2025-10-16;Salle de cours B_B1 (DEG-00);36289;DEG;100;40;60;Cours;Droit de l'urbanisme;M1 Droit transitions EE;8;Salle Recherche (B3-00);15968
2025-10-16;Salle de cours C_C03 (DEG-00);36287;DEG;50;8;42;Cours;Droit Commercial Oral;CAPA Droit 1e année (PAU);12;Salle de réunion IAE CREG D_D210 (DEG-02);36444
2025-10-16;Salle de cours C_C04 (DEG-00);36292;DEG;50;6;44;Cours;Proc Civ/Voies exéc Ecrit;CAPA Droit 2e année (PAU);12;Salle informatique B_BARETOUS (DEG-01);36548
2025-10-16;Salle de cours C_C19 (DEG-01);36561;DEG;52;19;33;Cours;Fondamentaux Compta-fisca;M1 CGAO;12;Salle de cours 007 (BA1-00);33446
2025-10-16;Salle de cours C_C19 (DEG-01);36561;DEG;52;19;33;Cours;Fondamentaux Compta-fisca;M1 CGAO;12;Salle de cours 007 (BA1-00);33446
2025-10-17;Amphi 1 (LET-00);27353;LET;150;53;97;Cours;Géographie &environnement;L1 Géo Aménagement;8;Salle de cours 12 (LET-00);27321
2025-10-17;Amphi 1 (LET-00);27353;LET;150;51;99;Cours;2 Stylistique 1;L2 Lettres classiques;6;Amphi 2 (LET-00);27354
2025-10-17;Amphi A_A400 (DEG-00);36274;DEG;400;44;356;Cours;Droit du travail CM;L3 AES Adm géné & dév soc;23;Salle de Cours 003 (BA1-00);33458
2025-10-17;Amphi A_A400 (DEG-00);36274;DEG;400;44;356;Cours;Droit du travail CM;L3 AES Adm géné & dév soc;23;Salle de Cours 003 (BA1-00);33458
2025-10-17;Amphi A_A400 (DEG-00);36274;DEG;400;33;367;Cours;Intro Sciences criminelle;CERTIF SC CRIM;14;Salle de cours 240 (EC3-02);73530
2025-10-17;Amphi A_A400 (DEG-00);36274;DEG;400;33;367;Cours;Intro Sciences criminelle;CERTIF SC CRIM;14;Salle de cours 240 (EC3-02);73530
2025-10-17;Amphi A_A600 (DEG-00);36275;DEG;600;280;320;Cours;Comptabilité 1;L1 Economie et Gestion;8;Amphi 400 (EC9-01);16026
2025-10-17;Amphi D (SCI_R-00);84870;SCI_R;192;27;165;CTD;Analyse chimique 2;L3 PC - LAS;7;Salle TP Physique B118 (SCI_R-01);84964
2025-10-17;Amphi G (DUB-00);17228;DUB;140;48;92;Cours;Thermodynamique chimique;L2 PC - LAS;2;Salle 21 (DUB-00);17234
2025-10-17;Amphi G (DUB-00);17228;DUB;140;48;92;TD;Chim orga fonct, méca réa;L2 PC - LAS;7;Salle de Cours 003 (BA1-00);33458
2025-10-17;Amphi G (DUB-00);17228;DUB;140;16;124;Cours;Séries intro calcul proba;L2 MIASHS;5;Salle TP Electronique 39 (DUB-01);17156
2025-10-17;Amphi H (DUB-00);17229;DUB;140;60;80;Cours;Calcul scientifique;L2 Informatique;8;Salle de cours 304 (BA2-00);16671
2025-10-17;Salle de cours 107 (LET-00);27308;LET;68;30;38;TD;Gram angl S1 TD;L1 LEA - AA - langues spé;12;Salle de cours 22 (LET-01);27244
2025-10-17;Salle de cours 11 (LET-00);27324;LET;80;38;42;TD;Sociologie de l'art;L3 Sociologie;9;Salle de cours 406 (BA2-01);16739
2025-10-17;Salle de cours 120 (LET-00);27333;LET;62;26;36;CM;Cult architectu & urbaine;L2 HAA;7;Amphi 3 (LET-02);27502
2025-10-17;Salle de cours 220 (LET-01);27254;LET;60;16;44;CM;Environnement institution;L3 Histoire - EJSP;10;Salle informatique 215 (LET-01);27272
2025-10-17;Salle de cours 23 (LET-01);27248;LET;80;29;51;TD;Histoire comtemporaine;<L1 Histoire><L1 Histoire Sem1>TD3 Histoire Sem1;11;Salle de cours 166 (B3-01);15984
2025-10-17;Salle de cours 23 (LET-01);27248;LET;80;32;48;TD;Histoire comtemporaine;<L1 Histoire><L1 Histoire Sem1>TD1 Histoire Sem1;11;Salle de cours 508 (BA2-02);16629
2025-10-17;Salle de cours 23 (LET-01);27248;LET;80;1;79;CM;Histoire des idées politi;<L2 Histoire>0 Hist. des idées politiques Sem3;10;Salle informatique 313 (LET-02);27510
2025-10-17;Salle de cours 301 (LET-02);27528;LET;70;19;51;CM;Civi esp et hisp-am S5;L3 LLCER - EH - ER;8;Salle de cours 204 (LET-01);27267
2025-10-17;Salle de cours 301 (LET-02);27528;LET;70;24;46;CM;Nouv chps patrimoniaux;L3 HAA - HA;10;Salle 15 (PAL-01);13885
2025-10-17;Salle de cours 301 (LET-02);27528;LET;70;24;46;TD;Nouv chps patrimoniaux;L3 HAA - HA;10;Salle de cours 30 (LET-02);27513
2025-10-17;Salle de cours 301 (LET-02);27528;LET;70;5;65;CM;Agreg. Espagnol Version clasS1;PREPA. AGREGAT. ESPAGNOL;12;Labo de Langues 312 (LET-02);27512
2025-10-17;Salle de cours 31 (LET-02);27515;LET;60;5;55;CM;Agreg. Espagnol Ling. S1;PREPA. AGREGAT. ESPAGNOL;12;Salle informatique 201 (LET-01);27266
2025-10-17;Salle de cours 31 (LET-02);27515;LET;60;5;55;CM;Agreg. Espagnol Tirso S1;PREPA. AGREGAT. ESPAGNOL;9;Salle informatique 215 (LET-01);27272
2025-10-17;Salle de cours B_B1 (DEG-00);36289;DEG;100;30;70;CM;Comptabilité;<M1 Droit Notarial>Comptabilité;16;Salle de cours 166 (B3-01);15984
2025-10-17;Salle de cours B_B1 (DEG-00);36289;DEG;100;30;70;CM;Comptabilité;<M1 Droit Notarial>Comptabilité;16;Salle de cours 166 (B3-01);15984
2025-10-17;Salle de cours B_B1 (DEG-00);36289;DEG;100;18;82;Cours;Dt pén.et procéd.pén. CM;<M1 Procédures contentieux>Droit pénal et procédure pénale approfondis;21;Salle GREEN A_A01 (DEG-00);36278
2025-10-17;Salle de cours B_B1 (DEG-00);36289;DEG;100;18;82;Cours;Dt pén.et procéd.pén. CM;<M1 Procédures contentieux>Droit pénal et procédure pénale approfondis;21;Salle GREEN A_A01 (DEG-00);36278
2025-10-17;Salle de cours B_B1 (DEG-00);36289;DEG;100;24;76;TD;Intro au droit constit TD;<L1 Droit (Pau)><TD droit constitutionnel>Groupe 10;8;Salle GREEN A_A01 (DEG-00);36278
2025-10-17;Salle de cours B_B2 (DEG-00);36271;DEG;76;23;53;Cours;Procédure pénale;M2 Police et Sécu inté;3;Salle GREEN A_A01 (DEG-00);36278
2025-10-17;Salle de cours B_B2 (DEG-00);36271;DEG;76;25;51;TD;Expresssion française;<L1 Economie et Gestion><Expression française>Groupe 6;1;Salle GREEN A_A01 (DEG-00);36278
2025-10-17;Salle de cours C_C01 (DEG-00);36291;DEG;79;4;75;TD;Espagnol M2 S9 DEG;<M2 Droit consommation><TD Espagnol>Espagnol M2 JA-Conso;1;Salle informatique B_BARETOUS (DEG-01);36548
2025-10-17;Salle de cours C_C03 (DEG-00);36287;DEG;50;11;39;Cours;Eco et limites biophysiques;L2 Economie Gestion CMI;2;Salle immersive D_D20bis (DEG-00);83663
2025-10-17;Salle de cours C_C03 (DEG-00);36287;DEG;50;6;44;Cours;Proc Civ/Voies exéc Ecrit;CAPA Droit 2e année (PAU);1;Salle de réunion IAE CREG D_D210 (DEG-02);36444
2025-10-17;Salle de cours C_C18 (DEG-01);36560;DEG;50;24;26;TD;TD Conjoncture et croissance;L3 Economie Gestion CMI;9;Salle GREEN A_A01 (DEG-00);36278
2025-10-17;Salle de cours C_C19 (DEG-01);36561;DEG;52;19;33;Cours;Anglais des Affaires;M1 CGAO;7;Salle de cours 007 (BA1-00);33446
2025-10-20;AMPHI STID (STI-00);24832;STI;165;9;156;TD;R1.04 Bases thermodyn.;<BUT 1 - MTEE><Groupes TD>TD2;8;Salle informatique B_BARETOUS (DEG-01);36548
2025-10-20;AMPHI STID (STI-00);24832;STI;165;32;133;CM;3.05 Algèbre linéaire;BUT 2 SD - Exploration;4;Salle de cours 508 (BA2-02);16629
2025-10-20;Amphi 1 (LET-00);27353;LET;150;43;107;Cours;Géographie & aménagement;L1 Géo Aménagement;11;Salle de cours 12 (LET-00);27321
2025-10-20;Amphi 1 (LET-00);27353;LET;150;43;107;Cours;Intro géo des populations;L1 Géo Aménagement;10;Salle de cours 12 (LET-00);27321
2025-10-20;Amphi 2 (LET-00);27354;LET;140;65;75;Cours;Civi pays hispano S3;L2 LEA - AE - langues spé;12;Salle de cours 13 (LET-00);27322
2025-10-20;Amphi 2 (LET-00);27354;LET;140;17;123;Cours;Découverte Anglais S1;<L1 LLCER - EH>Découverte CM Anglais S1;12;Salle informatique 313 (LET-02);27510
2025-10-20;Amphi 3 (LET-02);27502;LET;300;104;196;Cours;Méthodo l'observation 1;L1 Sociologie;11;Amphi B (EC9-02);16035
2025-10-20;Amphi 3 (LET-02);27502;LET;300;104;196;Cours;Enjeux sociaux contempo;L1 Sociologie;10;Amphi B (EC9-02);16035
2025-10-20;Amphi 3 (LET-02);27502;LET;300;126;174;Cours;Civi pays hispano S1;L1 LEA - AE - langues spé;13;Amphi 1 (LET-00);27353
2025-10-20;Amphi 3 (LET-02);27502;LET;300;103;197;CM;Histoire comtemporaine;L1 Histoire;11;Amphi B (EC9-02);16035
2025-10-20;Amphi A (SCI_R-00);85316;SCI_R;216;52;164;CTD;Structure cristalline;L3 PC - SGM;2;Amphi D (SCI_R-00);84870
2025-10-20;Amphi A_A150 (DEG-00);36279;DEG;150;11;139;Cours;Econométrie;<L3 Economie Gestion>Coloration banque et finance;6;Salle immersive D_D20bis (DEG-00);83663
2025-10-20;Amphi A_A150 (DEG-00);36279;DEG;150;40;110;Cours;Informatique;L2 AES;9;Salle Recherche (B3-00);15968
2025-10-20;Amphi A_A300 (DEG-00);36276;DEG;300;119;181;Cours;Maths pr éco/gestion 2;L2 Economie Gestion CMI;12;Amphi B (EC9-02);16035
2025-10-20;Amphi A_A300 (DEG-00);36276;DEG;300;65;235;Cours;Hist dt oblig & dt pub 19;<L2 Droit>Histoire du droit des obligations;18;Salle de cours 131 (B2-01);16957
2025-10-20;Amphi A_A300 (DEG-00);36276;DEG;300;65;235;Cours;Hist dt oblig & dt pub 19;<L2 Droit>Histoire du droit des obligations;18;Salle de cours 131 (B2-01);16957
2025-10-20;Amphi A_A400 (DEG-00);36274;DEG;400;33;367;Cours;Procédure pénale CM;CERTIF SC CRIM;10;Salle de cours C_C13 (DEG-01);36555
2025-10-20;Amphi B (SCI_R-00);85297;SCI_R;220;110;110;Cours;Mathématiques s1;L1 Physique, Chimie;9;Amphi B (EC9-02);16035
2025-10-20;Amphi C (SCI_R-00);84869;SCI_R;192;45;147;Cours;Biologie moléculaire prat;L3 SDV - BGST;2;Salle 1 (PAL-00);13836
2025-10-20;Amphi D (SCI_R-00);84870;SCI_R;192;41;151;Cours;Couleur et matériaux;L3 PC - SGM;3;Salle de cours 06 (STAP-00);45522
2025-10-20;Amphi D (SCI_R-00);84870;SCI_R;192;82;110;Cours;Biochimie générale;L2 Sciences de la vie;2;Amphi 40 (EC3-00);17104
2025-10-20;Amphi D (SCI_R-00);84870;SCI_R;192;60;132;Cours;Algèbre 1 S1;L1 Mathématiques;8;Salle de cours 304 (BA2-00);16671
2025-10-20;Amphi E (PAL-00);13842;PAL;75;15;60;CTD;Thermodynamique S3;L2 PC - Physique;20;Salle TP géochimie B330 (SCI_R-03);85206
2025-10-20;Amphi E (PAL-00);13842;PAL;75;32;43;CTD;EC1 Méca 1 s5;L3 PC - SGM;10;Salle de cours 508 (BA2-02);16629
2025-10-20;Amphi E (PAL-00);13842;PAL;75;22;53;Cours;Ana & algèbre 1 PPPE;L3 MIASHS - PPPE;11;Salle 15 (PAL-01);13885
2025-10-20;Amphi F (PAL-00);13841;PAL;75;27;48;TD;Structure réactivité molé;L3 PC - LAS;3;Salle 18 (PAL-01);13877
2025-10-20;Amphi G (DUB-00);17228;DUB;140;53;87;Cours;Analyse 3 S3;L2 Mathématiques;16;Salle de cours 509 (BA2-02);16630
2025-10-20;Amphi G (DUB-00);17228;DUB;140;47;93;TD;Physique du globe 1;L1 Sciences de la terre;2;Salle FTLV 230 (LET-01);27406
2025-10-20;Amphi H (DUB-00);17229;DUB;140;45;95;Cours;Physiologie animale 2;L3 SDV - BGST;3;Salle de Cours 003 (BA1-00);33458
2025-10-20;Salle de cours 107 (LET-00);27308;LET;68;6;62;Cours;3 Pratiques analyse donné;M2 Sociologie - JME;1;Salle de cours 203 (LET-01);27270
2025-10-20;Salle de cours 107 (LET-00);27308;LET;68;1;67;TD;ALLEMAND A1 SI;<UE transverses CRL>UET Allemand niveau A1 GR 2;9;Salle informatique 201 (LET-01);27266
2025-10-20;Salle de cours 12 (LET-00);27321;LET;60;16;44;CM;Enjeux contemporains;L3 Histoire - EJSP;12;Salle informatique 313 (LET-02);27510
2025-10-20;Salle de cours 120 (LET-00);27333;LET;62;20;42;CM;Arts déco et design;L3 HAA - HA;12;Salle informatique 313 (LET-02);27510
2025-10-20;Salle de cours 120 (LET-00);27333;LET;62;26;36;CM;CM Art en Europe XVIe S;L2 HAA;12;Salle multimedia UTLA 137 (LET-00);27300
2025-10-20;Salle de cours 121 (LET-00);27332;LET;70;10;60;TD;Découverte anglais TD 2;<L1 Lettres - CTD>Découverte Anglais S1 Gpe 2;9;Salle informatique 214 (LET-01);27271
2025-10-20;Salle de cours 14 (LET-00);27323;LET;98;3;95;Cours;Découverte espagnol S1;<L1 LLCER - EA>Découverte CM Espagnol S1;13;Salle informatique 313 (LET-02);27510
2025-10-20;Salle de cours 23 (LET-01);27248;LET;80;16;64;CM;L'Etat;L3 Histoire - EJSP;11;Salle informatique 313 (LET-02);27510
2025-10-20;Salle de cours 23 (LET-01);27248;LET;80;16;64;TD;L'Etat;L3 Histoire - EJSP;11;Salle informatique 313 (LET-02);27510
2025-10-20;Salle de cours 23 (LET-01);27248;LET;80;20;60;TD;Portrait de territoire;<L3 GA - TDDTE>5S-Portrait de territoire S5;1;Salle informatique 202 (LET-01);27273
2025-10-20;Salle de cours 301 (LET-02);27528;LET;70;6;64;TD;Découverte espagnol S1;<L1 Lettres - CTD>Découverte Espagnol S1 Gpe 1;9;Salle multimedia UTLA 137 (LET-00);27300
2025-10-20;Salle de cours 301 (LET-02);27528;LET;70;7;63;TD;Découverte espagnol S1;<L1 LLCER - EA>Découverte espagnol S1 Gpe 2;9;Salle informatique 214 (LET-01);27271
2025-10-20;Salle de cours B_B1 (DEG-00);36289;DEG;100;24;76;TD;Dt civil des biens TD;<L3 Droit><TD Droit civil des biens>Groupe 3;8;Salle de cours/informatique C_C02 (DEG-00);36288
2025-10-20;Salle de cours B_B1 (DEG-00);36289;DEG;100;11;89;Cours;Économie publique;<L3 Economie Gestion>Coloration banque et finance;7;Salle informatique B_ASPE (DEG-01);36531
2025-10-20;Salle de cours B_B1 (DEG-00);36289;DEG;100;40;60;Cours;Droit des obligations;L2 AES;18;Salle Recherche (B3-00);15968
2025-10-20;Salle de cours B_B1 (DEG-00);36289;DEG;100;40;60;Cours;Droit des obligations;L2 AES;18;Salle Recherche (B3-00);15968
2025-10-20;Salle de cours B_B2 (DEG-00);36271;DEG;76;32;44;TD;Module de Prépro;<L3 AES Gestion des entrep><TD Module de préprofessionnal.>Groupe 1;10;Salle de cours 508 (BA2-02);16629
2025-10-20;Salle de cours B_B2 (DEG-00);36271;DEG;76;28;48;TD;Dt civil des biens TD;<L3 Droit><TD Droit civil des biens>Groupe 1;9;Salle de cours B_B3 (DEG-00);36272
2025-10-20;Salle de cours B_B2 (DEG-00);36271;DEG;76;37;39;TD;TD Economie et Soutenabilité;<L1 Economie et Gestion><Economie et soutenabilité>Groupe 2;8;Salle de cours 406 (BA2-01);16739
2025-10-20;Salle de cours B_B2 (DEG-00);36271;DEG;76;28;48;TD;TD Comptabilités des sociétés;<L3 Economie Gestion>Coloration Comptabilité et management;8;Salle de cours B_B8 (DEG-00);36277
2025-10-20;Salle de cours C_C01 (DEG-00);36291;DEG;79;34;45;Cours;Dt euro dts de l'H. CM;M1 Police et Sécu inté;4;Salle de cours C_C11 (DEG-01);36553
2025-10-20;Salle de cours C_C01 (DEG-00);36291;DEG;79;34;45;Cours;Dt euro dts de l'H. CM;M1 Police et Sécu inté;4;Salle de cours C_C11 (DEG-01);36553
2025-10-20;Salle de cours C_C03 (DEG-00);36287;DEG;50;8;42;Cours;Droit Civil Ecrit;CAPA Droit 1e année (PAU);21;Salle informatique B_BARETOUS (DEG-01);36548
2025-10-20;Salle de cours C_C04 (DEG-00);36292;DEG;50;6;44;Cours;Economie Politique Oral;CAPA Droit 2e année (PAU);14;Salle de réunion IAE CREG D_D210 (DEG-02);36444
2025-10-20;Salle de cours C_C19 (DEG-01);36561;DEG;52;8;44;Cours;Contentieux administratif;M2 Dt cont des libertés;1;Salle informatique B_BARETOUS (DEG-01);36548
2025-10-21;AMPHI STID (STI-00);24832;STI;165;9;156;TD;R1.08 Mesure et instrum.;<BUT 1 - MTEE><Groupes TD>TD2;3;Salle informatique B_BARETOUS (DEG-01);36548
2025-10-21;Amphi 1 (LET-00);27353;LET;150;46;104;Cours;Civilisation S5;L3 LLCER - EA - ER;7;Salle de Cours 003 (BA1-00);33458
2025-10-21;Amphi 1 (LET-00);27353;LET;150;51;99;TD;3 Histoire langue fr 3;L2 Lettres classiques;5;Salle de cours 509 (BA2-02);16630
2025-10-21;Amphi 1 (LET-00);27353;LET;150;51;99;TD;1 Linguistique française;L2 Lettres classiques;5;Salle de cours 509 (BA2-02);16630
2025-10-21;Amphi 1 (LET-00);27353;LET;150;26;124;CM;CM Vill occid romain;L2 HAA;9;Salle de cours IEFE 128 (LET-00);27298
2025-10-21;Amphi 2 (LET-00);27354;LET;140;33;107;TD;1 Littérature française 1;<L1 Lettres - CTD><L1 CTD S1 Groupes de TD>L1 LCTD S1 TD1;6;Salle de cours 12 (LET-00);27321
2025-10-21;Amphi 3 (LET-02);27502;LET;300;43;257;Cours;Intro à la géographie-CM;L1 Géo Aménagement;12;Salle de cours 134 (LET-00);27341
2025-10-21;Amphi 3 (LET-02);27502;LET;300;104;196;Cours;Intro Sociologie S1;L1 Sociologie;11;Amphi B (EC9-02);16035
2025-10-21;Amphi 3 (LET-02);27502;LET;300;124;176;Cours;Civilisation S1;L1 LLCER - EA;12;Amphi B (EC9-02);16035
2025-10-21;Amphi 3 (LET-02);27502;LET;300;140;160;Cours;Civi pays anglo S1;L1 LEA - AE - langues spé;12;Amphi 400 (EC9-01);16026
2025-10-21;Amphi A (SCI_R-00);85316;SCI_R;216;52;164;CTD;Structure cristalline;L3 PC - SGM;2;Amphi D (SCI_R-00);84870
2025-10-21;Amphi A_A300 (DEG-00);36276;DEG;300;40;260;Cours;Droit administratif 1;L2 AES;16;Salle Recherche (B3-00);15968
2025-10-21;Amphi A_A300 (DEG-00);36276;DEG;300;40;260;Cours;Droit administratif 1;L2 AES;16;Salle Recherche (B3-00);15968
2025-10-21;Amphi A_A400 (DEG-00);36274;DEG;400;138;262;Cours;Analyse financière;L3 AES Gestion des entrep;14;Amphi 400 (EC9-01);16026
2025-10-21;Amphi B (SCI_R-00);85297;SCI_R;220;47;173;Cours;Physique du globe 1;L1 Sciences de la terre;1;Amphi C (SCI_R-00);84869
2025-10-21;Amphi C (SCI_R-00);84869;SCI_R;192;52;140;Cours;Equations diff S5;L3 Mathématiques;2;Salle de cours C_C19 (DEG-01);36561
2025-10-21;Amphi C_A120 (DEG-00);36290;DEG;120;15;105;Cours;Environnement économique;DU TG 1ère Année;10;Salle de réunion D_D04 (DEG-00);36235
2025-10-21;Amphi E (PAL-00);13842;PAL;75;15;60;CTD;Thermodynamique S3;L2 PC - Physique;20;Salle TP géochimie B330 (SCI_R-03);85206
2025-10-21;Amphi E (PAL-00);13842;PAL;75;14;61;Cours;OMP S3;L2 PC - Physique;11;Salle 18 (PAL-01);13877
2025-10-21;Amphi E (PAL-00);13842;PAL;75;14;61;TD;Chim orga structure moléc;L3 PC - SGM;3;Salle 15 (PAL-01);13885
2025-10-21;Amphi G (DUB-00);17228;DUB;140;53;87;Cours;Intro topologie;L2 Mathématiques;12;Salle de cours 509 (BA2-02);16630
2025-10-21;Amphi G (DUB-00);17228;DUB;140;48;92;TD;Chim orga fonct, méca réa;L2 PC - LAS;7;Salle de Cours 003 (BA1-00);33458
2025-10-21;Amphi H (DUB-00);17229;DUB;140;27;113;CTD;Analyse chimique 2;L3 PC - LAS;6;Salle 35 (DUB-01);17160
2025-10-21;Salle de cours 11 (LET-00);27324;LET;80;38;42;Cours;Sociologie du travail;L3 Sociologie;9;Salle de cours 406 (BA2-01);16739
2025-10-21;Salle de cours 12 (LET-00);27321;LET;60;25;35;TD;Histoire moderne;L3 Histoire - ER;11;Salle de cours IEFE 128 (LET-00);27298
2025-10-21;Salle de cours 120 (LET-00);27333;LET;62;26;36;CM;Habitat et vie privée;L2 HAA;11;Salle de cours 144 (EC3-01);17123
2025-10-21;Salle de cours 120 (LET-00);27333;LET;62;30;32;CM;Hist art ibéri mod & cont;L2 HAA;12;Salle de cours 166 (B3-01);15984
2025-10-21;Salle de cours 14 (LET-00);27323;LET;98;28;70;TD;2 Fondamentaux en ortho 1;<L1 Lettres class & modern><L1 LCM S1 Groupes de TD>L1 LCM S1 TD2;10;Salle de cours 166 (B3-01);15984
2025-10-21;Salle de cours 220 (LET-01);27254;LET;60;10;50;CM;UE3EC2 Question genres et gen;M1 Etudes hispaniques;8;Salle informatique 201 (LET-01);27266
2025-10-21;Salle de cours 23 (LET-01);27248;LET;80;24;56;CM;Hab vil 1& cmp EU 17&18e;L3 HAA - HA;1;Cartothèque 222bis (LET-01);27283
2025-10-21;Salle de cours 301 (LET-02);27528;LET;70;34;36;CM;UE13EC3 Se dire, se montrer;M2 Etudes hispaniques;1;Salle multimedia UTLA 137 (LET-00);27300
2025-10-21;Salle de cours 32 (LET-02);27514;LET;80;27;53;Cours;Mobilités humaines;L2 Géo Aménagement;11;Salle de cours 10 (LET-00);27320
2025-10-21;Salle de cours 32 (LET-02);27514;LET;80;17;63;Cours;Tourisme, géographie amén;<L2 Géo Aménagement>3S-Tourisme, géographie et aménagement S3;7;Salle de cours IEFE 128 (LET-00);27298
2025-10-21;Salle de cours B_B1 (DEG-00);36289;DEG;100;32;68;TD;Intro gestion TD;<L1 AES><TD Introduction à la gestion>Groupe 4;5;Salle informatique B_B209 (DEG-02);36423
2025-10-21;Salle de cours B_B1 (DEG-00);36289;DEG;100;39;61;TD;TD Analyse financière;<L3 Economie Gestion><TD Analyse Financière>Groupe 6;9;Amphi A_A400 (DEG-00);36274
2025-10-21;Salle de cours B_B1 (DEG-00);36289;DEG;100;43;57;TD;TD Economie et Soutenabilité;<L1 Economie et Gestion><Economie et soutenabilité>Groupe 5;10;Salle de Cours 003 (BA1-00);33458
2025-10-21;Salle de cours B_B1 (DEG-00);36289;DEG;100;40;60;TD;TD Comptabilité;L1 Economie Gestion CMI;7;Salle 16 (PAL-01);13883
2025-10-21;Salle de cours B_B2 (DEG-00);36271;DEG;76;35;41;TD;TD Mathématiques pour la micro;L1 Economie Gestion CMI;1;Salle de cours B_B5 (DEG-00);36269
2025-10-21;Salle de cours B_B2 (DEG-00);36271;DEG;76;24;52;TD;TD Mathématiques pour la micro;<L1 Economie et Gestion><TD Mathématiques pour la micro>Groupe 2;1;Salle GREEN A_A01 (DEG-00);36278
2025-10-21;Salle de cours B_B2 (DEG-00);36271;DEG;76;31;45;TD;Introduction au droit civil TD;<L1 Droit (Pau)><TD droit civil>Groupe 10;1;Salle de cours B_B7 (DEG-00);36273
2025-10-21;Salle de cours B_B2 (DEG-00);36271;DEG;76;30;46;TD;Dt euro dts de l'H. TD;M1 Police et Sécu inté;2;Salle de cours/informatique C_C02 (DEG-00);36288
2025-10-21;Salle de cours C_C03 (DEG-00);36287;DEG;50;23;27;Cours;Droit commercial;M2 Droit Notarial;2;Salle GREEN A_A01 (DEG-00);36278
2025-10-21;Salle de cours C_C03 (DEG-00);36287;DEG;50;8;42;Cours;Droit Public Ecrit;CAPA Droit 1e année (PAU);22;Salle informatique B_BARETOUS (DEG-01);36548
2025-10-21;Salle de cours C_C04 (DEG-00);36292;DEG;50;13;37;Cours;Hist. des dts de l'H.;M1 Droit exécution peines;24;Salle GREEN A_A01 (DEG-00);36278
2025-10-21;Salle de cours C_C04 (DEG-00);36292;DEG;50;13;37;Cours;Hist. des dts de l'H.;M1 Droit exécution peines;24;Salle GREEN A_A01 (DEG-00);36278
2025-10-21;Salle de cours C_C04 (DEG-00);36292;DEG;50;6;44;Cours;Dt Adm Spécial Ecrit;CAPA Droit 2e année (PAU);13;Salle informatique B_BARETOUS (DEG-01);36548
2025-10-22;Amphi 1 (LET-00);27353;LET;150;65;85;Cours;Méthodo quantitative 1;L2 Sociologie;9;Salle de cours 131 (B2-01);16957
2025-10-22;Amphi 1 (LET-00);27353;LET;150;68;82;CM;Art gr antiq et péléochré;L1 HAA;6;Salle de cours 301 (LET-02);27528
2025-10-22;Amphi 1 (LET-00);27353;LET;150;68;82;CM;1 Littérature comparée 5;L3 Lettres modernes;10;Salle de cours 131 (B2-01);16957
2025-10-22;Amphi 2 (LET-00);27354;LET;140;68;72;CM;Culture historique;L1 HAA;11;Salle de cours 131 (B2-01);16957
2025-10-22;Amphi 3 (LET-02);27502;LET;300;140;160;Cours;Expr française S1 CM;L1 LEA - AE - langues spé;13;Amphi 400 (EC9-01);16026
2025-10-22;Amphi 3 (LET-02);27502;LET;300;124;176;Cours;Linguistique S1;L1 LLCER - EA;12;Amphi B (EC9-02);16035
2025-10-22;Amphi 3 (LET-02);27502;LET;300;124;176;Cours;Littérature S1;L1 LLCER - EA;12;Amphi B (EC9-02);16035
2025-10-22;Amphi 3 (LET-02);27502;LET;300;140;160;Cours;Gram angl S1 CM;L1 LEA - AE - langues spé;6;Amphi 400 (EC9-01);16026
2025-10-22;Amphi 3 (LET-02);27502;LET;300;110;190;Cours;Gram esp S1 CM;L1 LEA - AE - langues spé;7;Amphi B (EC9-02);16035
2025-10-22;Amphi 3 (LET-02);27502;LET;300;40;260;CM;1 Littérature comparée 1;L1 Lettres class & modern;1;Salle multimedia UTLA 137 (LET-00);27300
2025-10-22;Amphi A_A150 (DEG-00);36279;DEG;150;44;106;Cours;Informatique;L3 AES Adm géné & dév soc;14;Salle 7 (PAL-00);13839
2025-10-22;Amphi A_A300 (DEG-00);36276;DEG;300;149;151;Cours;Économie internationale 1;L3 AES Gestion des entrep;13;Amphi 400 (EC9-01);16026
2025-10-22;Amphi A_A400 (DEG-00);36274;DEG;400;159;241;Cours;Comptabilité 2;L2 Economie Gestion CMI;11;Amphi (STAP-00);18427
2025-10-22;Amphi A_A400 (DEG-00);36274;DEG;400;119;281;Cours;Microéconomie 2;L2 Economie Gestion CMI;6;Amphi B (EC9-02);16035
2025-10-22;Amphi C (SCI_R-00);84869;SCI_R;192;87;105;Cours;Maths géné pour l'info;L1 Informatique;6;Amphi 40 (EC3-00);17104
2025-10-22;Amphi G (DUB-00);17228;DUB;140;60;80;Cours;Réseaux I;L2 Informatique;8;Salle de cours 304 (BA2-00);16671
2025-10-22;Amphi G (DUB-00);17228;DUB;140;53;87;Cours;Analyse 3 S3;L2 Mathématiques;16;Salle de cours 509 (BA2-02);16630
2025-10-22;Amphi H (DUB-00);17229;DUB;140;42;98;Cours;Techno orientée objet;L3 Informatique;6;Salle de Cours 003 (BA1-00);33458
2025-10-22;Salle de cours 10 (LET-00);27320;LET;60;24;36;Cours;2 Traduction littéraire 1;L3 Lettres modernes;11;Salle de cours IEFE 127 (LET-00);27296
2025-10-22;Salle de cours 107 (LET-00);27308;LET;68;16;52;TD;Gram esp S1 TD;<L1 LEA - AE - langues spé><L1 LEA Spé TD>L1 LEA Gpe A;12;Salle informatique 313 (LET-02);27510
2025-10-22;Salle de cours 120 (LET-00);27333;LET;62;15;47;TD;1 Méthodologie S7;M1 Lettres et arts;9;Salle informatique 202 (LET-01);27273
2025-10-22;Salle de cours 120 (LET-00);27333;LET;62;26;36;TD;TD Art en Europe XVIe S;L2 HAA;12;Salle de cours 144 (EC3-01);17123
2025-10-22;Salle de cours 13 (LET-00);27322;LET;70;12;58;TD;Expr française S1 TD;L1 LEA - AA - langues spé;12;Labo de Langues 316 (LET-02);27521
2025-10-22;Salle de cours 13 (LET-00);27322;LET;70;28;42;TD;Gram & thème esp S3 TD;L2 LEA - AE - écogestion;12;Salle de cours 10 (LET-00);27320
2025-10-22;Salle de cours 14 (LET-00);27323;LET;98;34;64;CM;UE12 EC1 Intro à l'esthétique;M2 Etudes hispaniques;3;Salle multimedia UTLA 137 (LET-00);27300
2025-10-22;Salle de cours 220 (LET-01);27254;LET;60;16;44;TD;Méthodologie des concours;L3 Histoire - EJSP;12;Salle informatique 314 (LET-02);27509
2025-10-22;Salle de cours 23 (LET-01);27248;LET;80;25;55;CM;Histoire moderne;L3 Histoire - ER;12;Salle GREEN A_A01 (DEG-00);36278
2025-10-22;Salle de cours 301 (LET-02);27528;LET;70;5;65;Cours;Agreg. Espagnol Chirbes 2 S1;PREPA. AGREGAT. ESPAGNOL;8;Salle informatique 313 (LET-02);27510
2025-10-22;Salle de cours 32 (LET-02);27514;LET;80;27;53;CM;Statistiques bivariées;L2 Géo Aménagement;5;Salle de cours 105 (LET-00);27306
2025-10-22;Salle de cours 32 (LET-02);27514;LET;80;7;73;TD;Intro. aux concours Sem5;<L3 GA - TDDTE>5S-Introduction aux concours S5;11;Salle informatique 313 (LET-02);27510
2025-10-22;Salle de cours B_B1 (DEG-00);36289;DEG;100;33;67;TD;TD Comptabilité;<L1 Economie et Gestion><Comptabilité>Groupe 3;8;Amphi A_A150 (DEG-00);36279
2025-10-22;Salle de cours B_B1 (DEG-00);36289;DEG;100;21;79;TD;Dt fondamentaux TD;<L3 Droit><TD Droits fondamentaux>Groupe 1;8;Salle GREEN A_A01 (DEG-00);36278
2025-10-22;Salle de cours B_B1 (DEG-00);36289;DEG;100;20;80;TD;Dt fondamentaux TD;<L3 Droit><TD Droits fondamentaux>Groupe 2;8;Salle GREEN A_A01 (DEG-00);36278
2025-10-22;Salle de cours B_B1 (DEG-00);36289;DEG;100;36;64;TD;TD Analyse financière;<L3 Economie Gestion><TD Analyse Financière>Groupe 5;2;Salle de cours B_B5 (DEG-00);36269
2025-10-22;Salle de cours B_B2 (DEG-00);36271;DEG;76;35;41;TD;Pocédure pénale TD;<L3 Droit><TD Procédure pénale>Groupe 1;10;Amphi A_A400 (DEG-00);36274
2025-10-22;Salle de cours C_C03 (DEG-00);36287;DEG;50;8;42;Cours;Droit Commercial Oral;CAPA Droit 1e année (PAU);12;Salle de réunion IAE CREG D_D210 (DEG-02);36444
2025-10-22;Salle de cours C_C04 (DEG-00);36292;DEG;50;13;37;Cours;Anglais M1 DEG S7;<M1 Droit privé général><TD Anglais>Anglais M1 Droit Mutualisé Gp 4;8;Salle GREEN A_A01 (DEG-00);36278
2025-10-22;Salle de cours C_C04 (DEG-00);36292;DEG;50;6;44;Cours;Droit Fiscal Oral;CAPA Droit 2e année (PAU);14;Salle de réunion IAE CREG D_D210 (DEG-02);36444
2025-10-23;Amphi 1 (LET-00);27353;LET;150;74;76;CM;1 Littérature française 1;L1 Lettres - CTD;11;Salle de cours 23 (LET-01);27248
2025-10-23;Amphi A_A300 (DEG-00);36276;DEG;300;33;267;Cours;Procédure pénale CM;CERTIF SC CRIM;5;Salle de cours B_B6 (DEG-00);36270
2025-10-23;Amphi A_A400 (DEG-00);36274;DEG;400;189;211;Cours;Maths microéconomie;L1 Economie et Gestion;6;Amphi 3 (LET-02);27502
2025-10-23;Amphi A_A400 (DEG-00);36274;DEG;400;83;317;Cours;Intro science pol;<L2 AES>Intro à la science politique;14;Amphi 40 (EC3-00);17104
2025-10-23;Amphi A_A400 (DEG-00);36274;DEG;400;83;317;Cours;Intro science pol;<L2 AES>Intro à la science politique;14;Amphi 40 (EC3-00);17104
2025-10-23;Amphi A_A600 (DEG-00);36275;DEG;600;280;320;Cours;Eco & Soutenabilité;L1 Economie et Gestion;8;Amphi 400 (EC9-01);16026
2025-10-23;Amphi A_A600 (DEG-00);36275;DEG;600;269;331;Cours;Intro hist au droit;L1 Droit (Pau);7;Amphi 400 (EC9-01);16026
2025-10-23;Amphi B (SCI_R-00);85297;SCI_R;220;110;110;Cours;Chimie des solutions 1;L1 Physique, Chimie;3;Amphi C (SCI_R-00);84869
2025-10-23;Amphi C (SCI_R-00);84869;SCI_R;192;22;170;Cours;Mécanique du Solide s3;L2 PC - Physique;7;Salle TP Physique B133 (SCI_R-01);84952
2025-10-23;Amphi C (SCI_R-00);84869;SCI_R;192;87;105;Cours;UE Découverte II: MMI;L1 Informatique;11;Amphi 40 (EC3-00);17104
2025-10-23;Amphi G (DUB-00);17228;DUB;140;45;95;Cours;Virologie;L3 SDV - BGST;5;Salle informatique I-206 (ISA-02);78619
2025-10-23;Amphi G (DUB-00);17228;DUB;140;45;95;Cours;Physiologie animale 2;L3 SDV - BGST;4;Salle informatique I-206 (ISA-02);78619
2025-10-23;Amphi H (DUB-00);17229;DUB;140;27;113;Cours;Structure réactivité molé;L3 PC - LAS;10;Salle de cours 144 (EC3-01);17123
2025-10-23;Amphi H (DUB-00);17229;DUB;140;60;80;Cours;Intro phys géné;L1 Mathématiques;2;Salle de cours 304 (BA2-00);16671
2025-10-23;Salle de cours 107 (LET-00);27308;LET;68;23;45;TD;4 Expression Française;M1 LEA;10;Salle de cours 167 (B3-01);15986
2025-10-23;Salle de cours 12 (LET-00);27321;LET;60;6;54;TD;Séminaires thématiques;<L3 Sociologie><0-Séminaires thématiques>Gpe 5 avec M. Przygoda;1;Salle informatique 201 (LET-01);27266
2025-10-23;Salle de cours 120 (LET-00);27333;LET;62;19;43;CM;UE14EC1 Id et altérité litté;M2 Etudes anglophones;8;Salle informatique 215 (LET-01);27272
2025-10-23;Salle de cours 23 (LET-01);27248;LET;80;3;77;TD;Atelier Historien contemp;L3 Histoire - Art & Patri;13;Labo de Langues 312 (LET-02);27512
2025-10-23;Salle de cours 30 (LET-02);27513;LET;60;12;48;CM;Thematic culture 1;<M1 CSV - EACM- GREEN>M1 GREEN EACM Thematic Culture;5;Salle informatique 201 (LET-01);27266
2025-10-23;Salle de cours B_B1 (DEG-00);36289;DEG;100;39;61;TD;TD Macroéconomie;L2 Economie Gestion CMI;2;Salle de cours B_B2 (DEG-00);36271
2025-10-23;Salle de cours B_B1 (DEG-00);36289;DEG;100;40;60;Cours;Droit de l'urbanisme;M1 Droit transitions EE;8;Salle Recherche (B3-00);15968
2025-10-23;Salle de cours B_B2 (DEG-00);36271;DEG;76;12;64;TD;TD Grds probl politiq contemp;<L3 AES Gestion des entrep>Grands problèmes politiques contemporains 1;1;Salle immersive D_D20bis (DEG-00);83663
2025-10-23;Salle de cours B_B2 (DEG-00);36271;DEG;76;23;53;CM;Dt urbanisme & construc.;M2 Droit Notarial;1;Salle GREEN A_A01 (DEG-00);36278
2025-10-23;Salle de cours C_C03 (DEG-00);36287;DEG;50;23;27;CM;Dt urbanisme & construc.;M2 Droit Notarial;1;Salle GREEN A_A01 (DEG-00);36278
2025-10-23;Salle de cours C_C04 (DEG-00);36292;DEG;50;6;44;Cours;Proc Civ/Voies exéc Ecrit;CAPA Droit 2e année (PAU);12;Salle informatique B_BARETOUS (DEG-01);36548
2025-10-23;Salle de cours C_C18 (DEG-01);36560;DEG;50;17;33;Cours;Anglais;<M2 Drt Act publique loc><TD Anglais>Anglais M2 Droit Public;9;Salle informatique B_OSSAU (DEG-01);36551
2025-10-24;Amphi 1 (LET-00);27353;LET;150;53;97;Cours;Géographie &environnement;L1 Géo Aménagement;8;Salle de cours 12 (LET-00);27321
2025-10-24;Amphi 1 (LET-00);27353;LET;150;51;99;TD;2 Stylistique 1;L2 Lettres classiques;6;Salle de cours 509 (BA2-02);16630
2025-10-24;Amphi 3 (LET-02);27502;LET;300;104;196;Cours;Intro à l'anthropologie;L1 Sociologie;9;Amphi B (EC9-02);16035
2025-10-24;Amphi A_A400 (DEG-00);36274;DEG;400;44;356;Cours;Droit du travail CM;L3 AES Adm géné & dév soc;23;Salle de Cours 003 (BA1-00);33458
2025-10-24;Amphi A_A400 (DEG-00);36274;DEG;400;44;356;Cours;Droit du travail CM;L3 AES Adm géné & dév soc;23;Salle de Cours 003 (BA1-00);33458
2025-10-24;Amphi A_A400 (DEG-00);36274;DEG;400;33;367;Cours;Intro Sciences criminelle;CERTIF SC CRIM;14;Salle de cours 240 (EC3-02);73530
2025-10-24;Amphi A_A400 (DEG-00);36274;DEG;400;33;367;Cours;Intro Sciences criminelle;CERTIF SC CRIM;14;Salle de cours 240 (EC3-02);73530
2025-10-24;Amphi A_A600 (DEG-00);36275;DEG;600;280;320;Cours;Comptabilité 1;L1 Economie et Gestion;8;Amphi 400 (EC9-01);16026
2025-10-24;Amphi D (SCI_R-00);84870;SCI_R;192;60;132;Cours;Compléments Math 1 S1;L1 Mathématiques;2;Salle de cours 304 (BA2-00);16671
2025-10-24;Amphi E (PAL-00);13842;PAL;75;32;43;CTD;EC1 Méca 1 s5;L3 PC - SGM;10;Salle de cours 508 (BA2-02);16629
2025-10-24;Amphi G (DUB-00);17228;DUB;140;47;93;Cours;Roches et Chronologie;L1 Sciences de la terre;1;Salle 23 (DUB-00);17231
2025-10-24;Amphi H (DUB-00);17229;DUB;140;27;113;CTD;Analyse chimique 2;L3 PC - LAS;6;Salle 35 (DUB-01);17160
2025-10-24;Salle de cours 107 (LET-00);27308;LET;68;30;38;TD;Gram angl S1 TD;L1 LEA - AA - langues spé;12;Salle de cours 22 (LET-01);27244
2025-10-24;Salle de cours 11 (LET-00);27324;LET;80;38;42;Cours;Sciences politiques;L3 Sociologie;10;Salle multimedia UTLA 137 (LET-00);27300
2025-10-24;Salle de cours 220 (LET-01);27254;LET;60;16;44;CM;Environnement institution;L3 Histoire - EJSP;10;Salle informatique 215 (LET-01);27272
2025-10-24;Salle de cours 23 (LET-01);27248;LET;80;38;42;Cours;Actualités sociologiques;L3 Sociologie;1;Salle multimedia UTLA 137 (LET-00);27300
2025-10-24;Salle de cours 301 (LET-02);27528;LET;70;19;51;CM;Civi esp et hisp-am S5;L3 LLCER - EH - ER;8;Salle de cours 204 (LET-01);27267
2025-10-24;Salle de cours 301 (LET-02);27528;LET;70;24;46;CM;Nouv chps patrimoniaux;L3 HAA - HA;10;Salle 15 (PAL-01);13885
2025-10-24;Salle de cours 301 (LET-02);27528;LET;70;24;46;TD;Nouv chps patrimoniaux;L3 HAA - HA;10;Salle de cours 30 (LET-02);27513
2025-10-24;Salle de cours 301 (LET-02);27528;LET;70;5;65;CM;Agreg. Espagnol Version clasS1;PREPA. AGREGAT. ESPAGNOL;12;Labo de Langues 312 (LET-02);27512
2025-10-24;Salle de cours 31 (LET-02);27515;LET;60;5;55;CM;Agreg. Espagnol Ling. S1;PREPA. AGREGAT. ESPAGNOL;12;Salle informatique 201 (LET-01);27266
2025-10-24;Salle de cours 31 (LET-02);27515;LET;60;5;55;CM;Agreg. Espagnol Tirso S1;PREPA. AGREGAT. ESPAGNOL;9;Salle informatique 215 (LET-01);27272
2025-10-24;Salle de cours B_B1 (DEG-00);36289;DEG;100;13;87;Cours;Dt pén.et procéd.pén. CM;<M1 Procédures contentieux>Droit pénal et procédure pénale approfondis;21;Salle GREEN A_A01 (DEG-00);36278
2025-10-24;Salle de cours B_B1 (DEG-00);36289;DEG;100;13;87;Cours;Dt pén.et procéd.pén. CM;<M1 Procédures contentieux>Droit pénal et procédure pénale approfondis;21;Salle GREEN A_A01 (DEG-00);36278
2025-10-24;Salle de cours B_B1 (DEG-00);36289;DEG;100;24;76;TD;Intro au droit constit TD;<L1 Droit (Pau)><TD droit constitutionnel>Groupe 10;8;Salle GREEN A_A01 (DEG-00);36278
2025-10-24;Salle de cours B_B2 (DEG-00);36271;DEG;76;29;47;TD;TD Macroéconomie;<L2 Economie Gestion><TD Macroéconomie>Groupe 4;4;Salle de cours B_B211 (DEG-02);36425
2025-10-24;Salle de cours C_C03 (DEG-00);36287;DEG;50;11;39;Cours;Eco et limites biophysiques;L2 Economie Gestion CMI;2;Salle immersive D_D20bis (DEG-00);83663
2025-10-24;Salle de cours C_C04 (DEG-00);36292;DEG;50;6;44;Cours;Proc Civ/Voies exéc Ecrit;CAPA Droit 2e année (PAU);12;Salle informatique B_BARETOUS (DEG-01);36548
2025-10-24;Salle de cours C_C18 (DEG-01);36560;DEG;50;24;26;TD;TD Conjoncture et croissance;L3 Economie Gestion CMI;9;Salle GREEN A_A01 (DEG-00);36278
2025-10-27;Amphi (STAP-00);18427;STAP;300;80;220;Cours;1 Intervention;L3 STAPS ES (Tarbes);4;Amphi 40 (EC3-00);17104
2025-10-27;Amphi (STAP-00);18427;STAP;300;80;220;Cours;1 Optimisation de la perf;L3 STAPS ES (Tarbes);5;Amphi 40 (EC3-00);17104
2025-10-30;Amphi (STAP-00);18427;STAP;300;99;201;Cours;1 Histoire;L3 STAPS EM (Tarbes);4;I-006 Kompong Speu (ISA-00);78413
2025-11-03;AMPHI STID (STI-00);24832;STI;165;9;156;TD;R1.08 Mesure et instrum.;<BUT 1 - MTEE><Groupes TD>TD2;3;Salle informatique B_BARETOUS (DEG-01);36548
2025-11-03;AMPHI STID (STI-00);24832;STI;165;9;156;TD;R1.04 Bases thermodyn.;<BUT 1 - MTEE><Groupes TD>TD2;8;Salle informatique B_BARETOUS (DEG-01);36548
2025-11-03;Amphi (STAP-00);18427;STAP;300;80;220;Cours;1 Intervention;L3 STAPS ES (Tarbes);4;Amphi 40 (EC3-00);17104
2025-11-03;Amphi (STAP-00);18427;STAP;300;80;220;Cours;1 Règlementation;L3 STAPS ES (Tarbes);6;Amphi 40 (EC3-00);17104
2025-11-03;Amphi 1 (LET-00);27353;LET;150;43;107;Cours;Géographie & aménagement;L1 Géo Aménagement;11;Salle de cours 12 (LET-00);27321
2025-11-03;Amphi 1 (LET-00);27353;LET;150;43;107;Cours;Intro géo des populations;L1 Géo Aménagement;10;Salle de cours 12 (LET-00);27321
2025-11-03;Amphi 2 (LET-00);27354;LET;140;65;75;Cours;Civi pays hispano S3;L2 LEA - AE - langues spé;12;Salle de cours 13 (LET-00);27322
2025-11-03;Amphi 2 (LET-00);27354;LET;140;17;123;Cours;Découverte Anglais S1;<L1 LLCER - EH>Découverte CM Anglais S1;12;Salle informatique 313 (LET-02);27510
2025-11-03;Amphi 3 (LET-02);27502;LET;300;104;196;Cours;Méthodo l'observation 1;L1 Sociologie;11;Amphi B (EC9-02);16035
2025-11-03;Amphi 3 (LET-02);27502;LET;300;104;196;Cours;Enjeux sociaux contempo;L1 Sociologie;10;Amphi B (EC9-02);16035
2025-11-03;Amphi 3 (LET-02);27502;LET;300;126;174;Cours;Civi pays hispano S1;L1 LEA - AE - langues spé;13;Amphi 1 (LET-00);27353
2025-11-03;Amphi 3 (LET-02);27502;LET;300;103;197;CM;Histoire comtemporaine;L1 Histoire;11;Amphi B (EC9-02);16035
2025-11-03;Amphi A_A300 (DEG-00);36276;DEG;300;119;181;Cours;Maths pr éco/gestion 2;L2 Economie Gestion CMI;12;Amphi B (EC9-02);16035
2025-11-03;Amphi A_A300 (DEG-00);36276;DEG;300;37;263;Cours;Dt euro dts de l'H. CM;M1 Police et Sécu inté;2;Salle de cours C_C13 (DEG-01);36555
2025-11-03;Amphi A_A300 (DEG-00);36276;DEG;300;37;263;Cours;Dt euro dts de l'H. CM;M1 Police et Sécu inté;2;Salle de cours C_C13 (DEG-01);36555
2025-11-03;Amphi A_A400 (DEG-00);36274;DEG;400;65;335;Cours;Hist dt oblig & dt pub 19;<L2 Droit>Histoire du droit des obligations;2;Salle de cours 131 (B2-01);16957
2025-11-03;Amphi A_A400 (DEG-00);36274;DEG;400;65;335;Cours;Hist dt oblig & dt pub 19;<L2 Droit>Histoire du droit des obligations;2;Salle de cours 131 (B2-01);16957
2025-11-03;Amphi A_A400 (DEG-00);36274;DEG;400;33;367;Cours;Procédure pénale CM;CERTIF SC CRIM;10;Salle de cours C_C13 (DEG-01);36555
2025-11-03;Amphi A_A600 (DEG-00);36275;DEG;600;280;320;Cours;Intro à la gestion;L1 Economie et Gestion;1;Amphi 400 (EC9-01);16026
2025-11-03;Amphi B (SCI_R-00);85297;SCI_R;220;110;110;Cours;Mathématiques s1;L1 Physique, Chimie;9;Amphi B (EC9-02);16035
2025-11-03;Amphi C_A120 (DEG-00);36290;DEG;120;21;99;Cours;COMPTA. DE GESTION APPROFONDIE;M1 Compta ctrl audit;2;Salle GREEN A_A01 (DEG-00);36278
2025-11-03;Amphi C_A120 (DEG-00);36290;DEG;120;21;99;Cours;FISCALITE AP DES AFFAIRES;M1 Compta ctrl audit;2;Salle GREEN A_A01 (DEG-00);36278
2025-11-03;Amphi D (SCI_R-00);84870;SCI_R;192;48;144;Cours;Chimie des solutions 3;L2 PC - LAS;8;Salle de Cours 003 (BA1-00);33458
2025-11-03;Amphi D (SCI_R-00);84870;SCI_R;192;80;112;Cours;OUMOBIO 1;L2 SDV - LAS;5;Amphi Elsa Serfass (BA1-00);33455
2025-11-03;Amphi D (SCI_R-00);84870;SCI_R;192;60;132;Cours;Algèbre 1 S1;L1 Mathématiques;8;Salle de cours 304 (BA2-00);16671
2025-11-03;Amphi D (SCI_R-00);84870;SCI_R;192;82;110;Cours;Biologie moléculaire;L2 Sciences de la vie;4;Amphi 40 (EC3-00);17104
2025-11-03;Amphi E (PAL-00);13842;PAL;75;15;60;CTD;Thermodynamique S3;L2 PC - Physique;20;Salle TP géochimie B330 (SCI_R-03);85206
2025-11-03;Amphi E (PAL-00);13842;PAL;75;22;53;Cours;Ana & algèbre 1 PPPE;L3 MIASHS - PPPE;11;Salle 15 (PAL-01);13885
2025-11-03;Amphi G (DUB-00);17228;DUB;140;27;113;CTD;Analyse chimique 2;L3 PC - LAS;1;Salle 34 (DUB-01);17164
2025-11-03;Amphi G (DUB-00);17228;DUB;140;45;95;Cours;Physiologie animale 2;L3 SDV - BGST;4;Salle informatique I-206 (ISA-02);78619
2025-11-03;Amphi G (DUB-00);17228;DUB;140;45;95;Cours;Biologie moléculaire prat;L3 SDV - BGST;3;Salle 1 (PAL-00);13836
2025-11-03;Amphi H (DUB-00);17229;DUB;140;36;104;Cours;Biochimie expérimentale;L3 SDV - LAS;3;Salle de cours 162 (B3-01);15996
2025-11-03;Salle de cours 10 (LET-00);27320;LET;60;19;41;TD;Méthode d'enquête;<L3 GA - TDDTE>5S-Méthode d'enquête S5;1;Salle informatique 202 (LET-01);27273
2025-11-03;Salle de cours 107 (LET-00);27308;LET;68;1;67;TD;ALLEMAND A1 SI;<UE transverses CRL>UET Allemand niveau A1 GR 2;9;Salle informatique 201 (LET-01);27266
2025-11-03;Salle de cours 12 (LET-00);27321;LET;60;16;44;CM;Enjeux contemporains;L3 Histoire - EJSP;12;Salle informatique 313 (LET-02);27510
2025-11-03;Salle de cours 120 (LET-00);27333;LET;62;20;42;CM;Arts déco et design;L3 HAA - HA;12;Salle informatique 313 (LET-02);27510
2025-11-03;Salle de cours 120 (LET-00);27333;LET;62;18;44;CM;UE3EC1 Linguistique de l'oral;M1 Etudes anglophones;6;Salle du conseil B11 (LET-01);27281
2025-11-03;Salle de cours 120 (LET-00);27333;LET;62;26;36;CM;CM Art en Europe XVIe S;L2 HAA;12;Salle multimedia UTLA 137 (LET-00);27300
2025-11-03;Salle de cours 121 (LET-00);27332;LET;70;10;60;TD;Découverte anglais TD 2;<L1 Lettres - CTD>Découverte Anglais S1 Gpe 2;9;Salle informatique 214 (LET-01);27271
2025-11-03;Salle de cours 14 (LET-00);27323;LET;98;3;95;Cours;Découverte espagnol S1;<L1 LLCER - EA>Découverte CM Espagnol S1;13;Salle informatique 313 (LET-02);27510
2025-11-03;Salle de cours 14 (LET-00);27323;LET;98;34;64;TD;Intro au droit constit TD;<L1 Droit (Pau)><TD droit constitutionnel>Groupe 3;3;Salle de cours 234 (LET-01);69318
2025-11-03;Salle de cours 23 (LET-01);27248;LET;80;16;64;CM;L'Etat;L3 Histoire - EJSP;11;Salle informatique 313 (LET-02);27510
2025-11-03;Salle de cours 23 (LET-01);27248;LET;80;16;64;TD;L'Etat;L3 Histoire - EJSP;11;Salle informatique 313 (LET-02);27510
2025-11-03;Salle de cours 301 (LET-02);27528;LET;70;6;64;TD;Découverte espagnol S1;<L1 Lettres - CTD>Découverte Espagnol S1 Gpe 1;9;Salle multimedia UTLA 137 (LET-00);27300
2025-11-03;Salle de cours 301 (LET-02);27528;LET;70;7;63;TD;Découverte espagnol S1;<L1 LLCER - EA>Découverte espagnol S1 Gpe 2;9;Salle informatique 214 (LET-01);27271
2025-11-03;Salle de cours B_B1 (DEG-00);36289;DEG;100;25;75;TD;Dt civil des biens TD;<L3 Droit><TD Droit civil des biens>Groupe 3;8;Salle de cours/informatique C_C02 (DEG-00);36288
2025-11-03;Salle de cours B_B1 (DEG-00);36289;DEG;100;32;68;TD;TD Economie Bancaire;L3 Economie Gestion CMI;1;Salle de cours B_B7 (DEG-00);36273
2025-11-03;Salle de cours B_B1 (DEG-00);36289;DEG;100;40;60;Cours;Informatique;L2 AES;5;Salle Recherche (B3-00);15968
2025-11-03;Salle de cours B_B1 (DEG-00);36289;DEG;100;40;60;Cours;Droit des obligations;L2 AES;18;Salle Recherche (B3-00);15968
2025-11-03;Salle de cours B_B1 (DEG-00);36289;DEG;100;40;60;Cours;Droit des obligations;L2 AES;18;Salle Recherche (B3-00);15968
2025-11-03;Salle de cours B_B2 (DEG-00);36271;DEG;76;32;44;TD;Module de Prépro;<L3 AES Gestion des entrep><TD Module de préprofessionnal.>Groupe 1;10;Salle de cours 508 (BA2-02);16629
2025-11-03;Salle de cours B_B2 (DEG-00);36271;DEG;76;25;51;TD;Dt civil des biens TD;<L3 Droit><TD Droit civil des biens>Groupe 2;3;Salle de cours 144 (EC3-01);17123
2025-11-03;Salle de cours B_B2 (DEG-00);36271;DEG;76;25;51;TD;Dt civil des biens TD;<L3 Droit><TD Droit civil des biens>Groupe 1;9;Salle de cours B_B3 (DEG-00);36272
2025-11-03;Salle de cours B_B2 (DEG-00);36271;DEG;76;34;42;TD;Droit du travail TD;<L3 Droit><TD Droit du travail>Groupe 2;5;Salle informatique B_B209 (DEG-02);36423
2025-11-03;Salle de cours B_B2 (DEG-00);36271;DEG;76;37;39;TD;TD Economie et Soutenabilité;<L1 Economie et Gestion><Economie et soutenabilité>Groupe 2;8;Salle de cours 406 (BA2-01);16739
2025-11-03;Salle de cours C_C03 (DEG-00);36287;DEG;50;15;35;TD;Projet marketing;M2 Chargé d'études;2;Salle GREEN A_A01 (DEG-00);36278
2025-11-03;Salle de cours C_C03 (DEG-00);36287;DEG;50;15;35;TD;Projet marketing;M2 Chargé d'études;2;Salle GREEN A_A01 (DEG-00);36278
2025-11-03;Salle de cours C_C03 (DEG-00);36287;DEG;50;8;42;Cours;Droit Civil Ecrit;CAPA Droit 1e année (PAU);21;Salle informatique B_BARETOUS (DEG-01);36548
2025-11-03;Salle de cours C_C04 (DEG-00);36292;DEG;50;6;44;Cours;Economie Politique Oral;CAPA Droit 2e année (PAU);14;Salle de réunion IAE CREG D_D210 (DEG-02);36444
2025-11-03;Salle de cours C_C19 (DEG-01);36561;DEG;52;21;31;Cours;PP AUDIT ET CONTROLE INT;M1 Compta ctrl audit;2;Salle GREEN A_A01 (DEG-00);36278
2025-11-04;Amphi 1 (LET-00);27353;LET;150;46;104;Cours;Civilisation S5;L3 LLCER - EA - ER;7;Salle de Cours 003 (BA1-00);33458
2025-11-04;Amphi 1 (LET-00);27353;LET;150;51;99;TD;1 Linguistique française;L2 Lettres classiques;5;Salle de cours 509 (BA2-02);16630
2025-11-04;Amphi 2 (LET-00);27354;LET;140;33;107;TD;1 Littérature française 1;<L1 Lettres - CTD><L1 CTD S1 Groupes de TD>L1 LCTD S1 TD1;6;Salle de cours 12 (LET-00);27321
2025-11-04;Amphi 3 (LET-02);27502;LET;300;43;257;Cours;Intro à la géographie-CM;L1 Géo Aménagement;12;Salle de cours 134 (LET-00);27341
2025-11-04;Amphi 3 (LET-02);27502;LET;300;104;196;Cours;Intro Sociologie S1;L1 Sociologie;11;Amphi B (EC9-02);16035
2025-11-04;Amphi 3 (LET-02);27502;LET;300;124;176;Cours;Civilisation S1;L1 LLCER - EA;12;Amphi B (EC9-02);16035
2025-11-04;Amphi 3 (LET-02);27502;LET;300;140;160;Cours;Civi pays anglo S1;L1 LEA - AE - langues spé;12;Amphi 400 (EC9-01);16026
2025-11-04;Amphi A (SCI_R-00);85316;SCI_R;216;60;156;Cours;Programmat° Fonctionnelle;L2 Informatique;1;Amphi C (SCI_R-00);84869
2025-11-04;Amphi A_A300 (DEG-00);36276;DEG;300;101;199;CM;Epreuve 1 : Grand Oral;Prépa concours CFPA;1;Amphi B (EC9-02);16035
2025-11-04;Amphi A_A600 (DEG-00);36275;DEG;600;214;386;Cours;Droit administratif;L2 Droit;12;Amphi 400 (EC9-01);16026
2025-11-04;Amphi A_A600 (DEG-00);36275;DEG;600;214;386;Cours;Droit administratif;L2 Droit;12;Amphi 400 (EC9-01);16026
2025-11-04;Amphi B (SCI_R-00);85297;SCI_R;220;60;160;Cours;Calcul scientifique;L2 Informatique;1;Amphi A (SCI_R-00);85316
2025-11-04;Amphi B (SCI_R-00);85297;SCI_R;220;45;175;Cours;Physiologie animale 2;L3 SDV - BGST;1;Amphi C (SCI_R-00);84869
2025-11-04;Amphi C (SCI_R-00);84869;SCI_R;192;52;140;Cours;Equations diff S5;L3 Mathématiques;2;Salle de cours C_C19 (DEG-01);36561
2025-11-04;Amphi C (SCI_R-00);84869;SCI_R;192;45;147;Cours;Virologie;L3 SDV - BGST;1;Amphi D (SCI_R-00);84870
2025-11-04;Amphi C_A120 (DEG-00);36290;DEG;120;24;96;Cours;CAC ET AUDIT;;2;Salle GREEN A_A01 (DEG-00);36278
2025-11-04;Amphi C_A120 (DEG-00);36290;DEG;120;24;96;TD;Travaux de groupes - CAC&Audit;;3;Salle GREEN A_A01 (DEG-00);36278
2025-11-04;Amphi C_A120 (DEG-00);36290;DEG;120;15;105;Cours;Environnement économique;DU TG 1ère Année;10;Salle de réunion D_D04 (DEG-00);36235
2025-11-04;Amphi D (SCI_R-00);84870;SCI_R;192;85;107;Cours;Mécanique du point;L1 Physique, Chimie;7;Amphi 40 (EC3-00);17104
2025-11-04;Amphi D (SCI_R-00);84870;SCI_R;192;48;144;Cours;Chimie des solutions 3;L2 PC - LAS;8;Salle de Cours 003 (BA1-00);33458
2025-11-04;Amphi E (PAL-00);13842;PAL;75;15;60;CTD;Thermodynamique S3;L2 PC - Physique;20;Salle TP géochimie B330 (SCI_R-03);85206
2025-11-04;Amphi E (PAL-00);13842;PAL;75;14;61;Cours;OMP S3;L2 PC - Physique;11;Salle 18 (PAL-01);13877
2025-11-04;Amphi G (DUB-00);17228;DUB;140;53;87;Cours;Intro topologie;L2 Mathématiques;12;Salle de cours 509 (BA2-02);16630
2025-11-04;Amphi G (DUB-00);17228;DUB;140;47;93;Cours;Physique du globe 1;L1 Sciences de la terre;4;Salle de Cours 003 (BA1-00);33458
2025-11-04;Amphi H (DUB-00);17229;DUB;140;53;87;Cours;Analyse 3 S3;L2 Mathématiques;3;Salle de cours 509 (BA2-02);16630
2025-11-04;Amphi H (DUB-00);17229;DUB;140;36;104;Cours;Biochimie expérimentale;L3 SDV - LAS;3;Salle de cours 162 (B3-01);15996
2025-11-04;Salle de cours 10 (LET-00);27320;LET;60;26;34;CM;Cult architectu & urbaine;L2 HAA;1;Salle de cours IEFE 127 (LET-00);27296
2025-11-04;Salle de cours 11 (LET-00);27324;LET;80;38;42;Cours;Sociologie du travail;L3 Sociologie;9;Salle de cours 406 (BA2-01);16739
2025-11-04;Salle de cours 11 (LET-00);27324;LET;80;30;50;TD;Droit admin TD L2 Droit S3;<L2 Droit><TD droit administratif>Groupe 4;1;Salle de cours IEFE 132 (LET-00);27339
2025-11-04;Salle de cours 11 (LET-00);27324;LET;80;31;49;TD;Introduction au droit civil TD;<L1 Droit (Pau)><TD droit civil>Groupe 10;2;Salle de cours 135 (LET-00);27336
2025-11-04;Salle de cours 120 (LET-00);27333;LET;62;26;36;CM;Habitat et vie privée;L2 HAA;11;Salle de cours 144 (EC3-01);17123
2025-11-04;Salle de cours 120 (LET-00);27333;LET;62;30;32;CM;Hist art ibéri mod & cont;L2 HAA;12;Salle de cours 166 (B3-01);15984
2025-11-04;Salle de cours 14 (LET-00);27323;LET;98;28;70;TD;2 Fondamentaux en ortho 1;<L1 Lettres class & modern><L1 LCM S1 Groupes de TD>L1 LCM S1 TD2;10;Salle de cours 166 (B3-01);15984
2025-11-04;Salle de cours 220 (LET-01);27254;LET;60;24;36;Cours;2 Montage Projet vidéo;M2 Tourisme;1;Salle FTLV 230 (LET-01);27406
2025-11-04;Salle de cours 32 (LET-02);27514;LET;80;27;53;Cours;Mobilités humaines;L2 Géo Aménagement;11;Salle de cours 10 (LET-00);27320
2025-11-04;Salle de cours 32 (LET-02);27514;LET;80;17;63;Cours;Tourisme, géographie amén;<L2 Géo Aménagement>3S-Tourisme, géographie et aménagement S3;7;Salle de cours IEFE 128 (LET-00);27298
2025-11-04;Salle de cours B_B1 (DEG-00);36289;DEG;100;32;68;TD;Intro au droit constit TD;<L1 Droit (Pau)><TD droit constitutionnel>Groupe 9;1;Salle de cours B_B6 (DEG-00);36270
2025-11-04;Salle de cours B_B1 (DEG-00);36289;DEG;100;39;61;TD;TD Analyse financière;<L3 Economie Gestion><TD Analyse Financière>Groupe 6;9;Amphi A_A400 (DEG-00);36274
2025-11-04;Salle de cours B_B1 (DEG-00);36289;DEG;100;34;66;TD;TD Intro. à la croissance;<L2 Economie Gestion>Coloration économie banque et finance;1;Salle informatique B_B209 (DEG-02);36423
2025-11-04;Salle de cours B_B1 (DEG-00);36289;DEG;100;42;58;TD;TD Economie et Soutenabilité;<L1 Economie et Gestion><Economie et soutenabilité>Groupe 5;10;Salle de Cours 003 (BA1-00);33458
2025-11-04;Salle de cours B_B1 (DEG-00);36289;DEG;100;40;60;TD;TD Comptabilité;L1 Economie Gestion CMI;7;Salle 16 (PAL-01);13883
2025-11-04;Salle de cours B_B2 (DEG-00);36271;DEG;76;23;53;Cours;Droit commercial;M2 Droit Notarial;3;Salle GREEN A_A01 (DEG-00);36278
2025-11-04;Salle de cours B_B2 (DEG-00);36271;DEG;76;36;40;TD;TD Economie et Soutenabilité;<L1 Economie et Gestion><Economie et soutenabilité>Groupe 4;6;Salle de cours 05 (STAP-00);45520
2025-11-04;Salle de cours C_C03 (DEG-00);36287;DEG;50;8;42;Cours;Droit Public Ecrit;CAPA Droit 1e année (PAU);22;Salle informatique B_BARETOUS (DEG-01);36548
2025-11-04;Salle de cours C_C04 (DEG-00);36292;DEG;50;13;37;Cours;Hist. des dts de l'H.;M1 Droit exécution peines;24;Salle GREEN A_A01 (DEG-00);36278
2025-11-04;Salle de cours C_C04 (DEG-00);36292;DEG;50;13;37;Cours;Hist. des dts de l'H.;M1 Droit exécution peines;24;Salle GREEN A_A01 (DEG-00);36278
2025-11-04;Salle de cours C_C04 (DEG-00);36292;DEG;50;6;44;Cours;Dt Adm Spécial Ecrit;CAPA Droit 2e année (PAU);13;Salle informatique B_BARETOUS (DEG-01);36548
2025-11-04;Salle de cours C_C19 (DEG-01);36561;DEG;52;24;28;TD;Travaux de groupes - CAC&Audit;M2 Compta ctrl audit;3;Salle de cours 167 (B3-01);15986
2025-11-05;Amphi 1 (LET-00);27353;LET;150;65;85;Cours;Méthodo quantitative 1;L2 Sociologie;9;Salle de cours 131 (B2-01);16957
2025-11-05;Amphi 1 (LET-00);27353;LET;150;68;82;CM;1 Littérature comparée 5;L3 Lettres modernes;10;Salle de cours 131 (B2-01);16957
2025-11-05;Amphi 1 (LET-00);27353;LET;150;40;110;CM;1 Littérature comparée 1;L1 Lettres class & modern;11;Salle de cours 133 (LET-00);27338
2025-11-05;Amphi 2 (LET-00);27354;LET;140;65;75;Cours;Sociologie territoires;L2 Sociologie;8;Salle de cours 131 (B2-01);16957
2025-11-05;Amphi 2 (LET-00);27354;LET;140;68;72;CM;Culture historique;L1 HAA;11;Salle de cours 131 (B2-01);16957
2025-11-05;Amphi 3 (LET-02);27502;LET;300;140;160;Cours;Expr française S1 CM;L1 LEA - AE - langues spé;13;Amphi 400 (EC9-01);16026
2025-11-05;Amphi 3 (LET-02);27502;LET;300;124;176;Cours;Linguistique S1;L1 LLCER - EA;12;Amphi B (EC9-02);16035
2025-11-05;Amphi 3 (LET-02);27502;LET;300;124;176;Cours;Littérature S1;L1 LLCER - EA;12;Amphi B (EC9-02);16035
2025-11-05;Amphi A_A150 (DEG-00);36279;DEG;150;44;106;Cours;Informatique;L3 AES Adm géné & dév soc;14;Salle 7 (PAL-00);13839
2025-11-05;Amphi A_A300 (DEG-00);36276;DEG;300;149;151;Cours;Économie internationale 1;L3 AES Gestion des entrep;13;Amphi 400 (EC9-01);16026
2025-11-05;Amphi A_A400 (DEG-00);36274;DEG;400;159;241;Cours;Comptabilité 2;L2 Economie Gestion CMI;11;Amphi (STAP-00);18427
2025-11-05;Amphi A_A400 (DEG-00);36274;DEG;400;119;281;Cours;Microéconomie 2;L2 Economie Gestion CMI;6;Amphi B (EC9-02);16035
2025-11-05;Amphi B (SCI_R-00);85297;SCI_R;220;41;179;Cours;Maths géné pour l'info;<L1 Informatique><Groupes TD>L1 Info Gr1;2;Amphi D (SCI_R-00);84870
2025-11-05;Amphi E (PAL-00);13842;PAL;75;27;48;TD;Diagramme état thermo mél;L3 PC - LAS;11;Salle de cours 144 (EC3-01);17123
2025-11-05;Amphi E (PAL-00);13842;PAL;75;27;48;Cours;Diagramme état thermo mél;L3 PC - LAS;10;Salle de cours 144 (EC3-01);17123
2025-11-05;Amphi F (PAL-00);13841;PAL;75;15;60;CTD;MathsS3_2 s3;L2 PC - Physique;1;Salle 15 (PAL-01);13885
2025-11-05;Amphi G (DUB-00);17228;DUB;140;60;80;Cours;Réseaux I;L2 Informatique;8;Salle de cours 304 (BA2-00);16671
2025-11-05;Amphi G (DUB-00);17228;DUB;140;53;87;Cours;Analyse 3 S3;L2 Mathématiques;16;Salle de cours 509 (BA2-02);16630
2025-11-05;Amphi G (DUB-00);17228;DUB;140;47;93;TD;Physique du globe 1;L1 Sciences de la terre;2;Salle FTLV 230 (LET-01);27406
2025-11-05;Amphi H (DUB-00);17229;DUB;140;42;98;Cours;Techno orientée objet;L3 Informatique;6;Salle de Cours 003 (BA1-00);33458
2025-11-05;Amphi H (DUB-00);17229;DUB;140;48;92;TD;Chim orga fonct, méca réa;L2 PC - Chimie;2;Salle de Cours 003 (BA1-00);33458
2025-11-05;Salle de cours 10 (LET-00);27320;LET;60;24;36;Cours;2 Traduction littéraire 1;L3 Lettres modernes;11;Salle de cours IEFE 127 (LET-00);27296
2025-11-05;Salle de cours 107 (LET-00);27308;LET;68;16;52;TD;Gram esp S1 TD;<L1 LEA - AE - langues spé><L1 LEA Spé TD>L1 LEA Gpe A;12;Salle informatique 313 (LET-02);27510
2025-11-05;Salle de cours 11 (LET-00);27324;LET;80;17;63;Cours;1 Littérature comparée 3;L2 Lettres modernes;1;Salle de cours 203 (LET-01);27270
2025-11-05;Salle de cours 12 (LET-00);27321;LET;60;29;31;TD;Compétences rédactionelle;<L1 Histoire><L1 Histoire Sem1>TD3 Histoire Sem1;11;Salle de cours 105 (LET-00);27306
2025-11-05;Salle de cours 120 (LET-00);27333;LET;62;15;47;TD;1 Méthodologie S7;M1 Lettres et arts;9;Salle informatique 202 (LET-01);27273
2025-11-05;Salle de cours 120 (LET-00);27333;LET;62;26;36;TD;TD Art en Europe XVIe S;L2 HAA;12;Salle de cours 144 (EC3-01);17123
2025-11-05;Salle de cours 13 (LET-00);27322;LET;70;12;58;TD;Expr française S1 TD;L1 LEA - AA - langues spé;12;Labo de Langues 316 (LET-02);27521
2025-11-05;Salle de cours 13 (LET-00);27322;LET;70;28;42;TD;Gram & thème esp S3 TD;L2 LEA - AE - écogestion;12;Salle de cours 10 (LET-00);27320
2025-11-05;Salle de cours 14 (LET-00);27323;LET;98;32;66;TD;Droit admin TD L2 Droit S3;<L2 Droit><TD droit administratif>Groupe 6;1;Salle de cours 113 (LET-00);27303
2025-11-05;Salle de cours 220 (LET-01);27254;LET;60;26;34;CM;Archéo ville au MÂ;L2 HAA;8;Salle de cours 144 (EC3-01);17123
2025-11-05;Salle de cours 220 (LET-01);27254;LET;60;16;44;TD;Méthodologie des concours;L3 Histoire - EJSP;12;Salle informatique 314 (LET-02);27509
2025-11-05;Salle de cours 301 (LET-02);27528;LET;70;5;65;Cours;Agreg. Espagnol Chirbes 2 S1;PREPA. AGREGAT. ESPAGNOL;8;Salle informatique 313 (LET-02);27510
2025-11-05;Salle de cours 32 (LET-02);27514;LET;80;20;60;TD;Portrait de territoire;<L3 GA - TDDTE>5S-Portrait de territoire S5;11;Labo de Langues 316 (LET-02);27521
2025-11-05;Salle de cours 32 (LET-02);27514;LET;80;27;53;CM;Statistiques bivariées;L2 Géo Aménagement;5;Salle de cours 105 (LET-00);27306
2025-11-05;Salle de cours 32 (LET-02);27514;LET;80;7;73;TD;Intro. aux concours Sem5;<L3 GA - TDDTE>5S-Introduction aux concours S5;11;Salle informatique 313 (LET-02);27510
2025-11-05;Salle de cours B_B1 (DEG-00);36289;DEG;100;33;67;TD;TD Comptabilité;<L1 Economie et Gestion><Comptabilité>Groupe 3;8;Amphi A_A150 (DEG-00);36279
2025-11-05;Salle de cours B_B1 (DEG-00);36289;DEG;100;21;79;TD;Dt fondamentaux TD;<L3 Droit><TD Droits fondamentaux>Groupe 1;8;Salle GREEN A_A01 (DEG-00);36278
2025-11-05;Salle de cours B_B1 (DEG-00);36289;DEG;100;20;80;TD;Dt fondamentaux TD;<L3 Droit><TD Droits fondamentaux>Groupe 2;8;Salle GREEN A_A01 (DEG-00);36278
2025-11-05;Salle de cours B_B1 (DEG-00);36289;DEG;100;22;78;TD;Droit des sûretés TD;<M1 Droit Notarial><TD Droit de sûretés>GR1;1;Salle GREEN A_A01 (DEG-00);36278
2025-11-05;Salle de cours B_B1 (DEG-00);36289;DEG;100;36;64;TD;TD Analyse financière;<L3 Economie Gestion><TD Analyse Financière>Groupe 5;2;Salle de cours B_B5 (DEG-00);36269
2025-11-05;Salle de cours B_B2 (DEG-00);36271;DEG;76;35;41;TD;Pocédure pénale TD;<L3 Droit><TD Procédure pénale>Groupe 1;10;Amphi A_A400 (DEG-00);36274
2025-11-05;Salle de cours C_C01 (DEG-00);36291;DEG;79;11;68;Cours;Innovations;M2 Droit transitions EE;1;Salle immersive D_D20bis (DEG-00);83663
2025-11-05;Salle de cours C_C03 (DEG-00);36287;DEG;50;24;26;TD;TD intro à la Gestion;<L1 Economie et Gestion><TD Intro à la Gestion>Groupe 6;6;Salle GREEN A_A01 (DEG-00);36278
2025-11-05;Salle de cours C_C03 (DEG-00);36287;DEG;50;8;42;Cours;Droit Commercial Oral;CAPA Droit 1e année (PAU);12;Salle de réunion IAE CREG D_D210 (DEG-02);36444
2025-11-05;Salle de cours C_C04 (DEG-00);36292;DEG;50;13;37;Cours;Anglais M1 DEG S7;<M1 Droit privé général><TD Anglais>Anglais M1 Droit Mutualisé Gp 4;8;Salle GREEN A_A01 (DEG-00);36278
2025-11-05;Salle de cours C_C04 (DEG-00);36292;DEG;50;10;40;Cours;DER Pluridisciplinaire;M2 Droit privé général;4;Salle de réunion Direction C_SR1 (DEG-00);36286
2025-11-05;Salle de cours C_C04 (DEG-00);36292;DEG;50;6;44;Cours;Droit Fiscal Oral;CAPA Droit 2e année (PAU);14;Salle de réunion IAE CREG D_D210 (DEG-02);36444
2025-11-05;Salle de cours C_C18 (DEG-01);36560;DEG;50;17;33;TD;Droit des sûretés TD;<M1 Droit Notarial><TD Droit de sûretés>GR2;2;Salle GREEN A_A01 (DEG-00);36278
2025-11-05;Salle de cours C_C19 (DEG-01);36561;DEG;52;24;28;Cours;FISCALITE INTERNATIONALE;M2 Compta ctrl audit;2;Salle GREEN A_A01 (DEG-00);36278
2025-11-05;Salle de cours C_C19 (DEG-01);36561;DEG;52;24;28;Cours;ISF;M2 Compta ctrl audit;4;Salle GREEN A_A01 (DEG-00);36278
2025-11-05;Salle de cours C_C19 (DEG-01);36561;DEG;52;24;28;Cours;GESTION JURIDIQUE SOCIALE;M2 Compta ctrl audit;4;Salle GREEN A_A01 (DEG-00);36278
2025-11-06;Amphi 1 (LET-00);27353;LET;150;74;76;CM;1 Littérature française 1;L1 Lettres - CTD;11;Salle de cours 23 (LET-01);27248
2025-11-06;Amphi A_A150 (DEG-00);36279;DEG;150;12;138;TD;TD Grds probl politiq contemp;<L3 AES Gestion des entrep>Grands problèmes politiques contemporains 1;1;Salle immersive D_D20bis (DEG-00);83663
2025-11-06;Amphi A_A150 (DEG-00);36279;DEG;150;33;117;Cours;Procédure pénale CM;CERTIF SC CRIM;3;Salle TD I-102 (ISA-01);78600
2025-11-06;Amphi A_A300 (DEG-00);36276;DEG;300;11;289;Cours;Econométrie;<L3 Economie Gestion>Coloration banque et finance;1;Salle immersive D_D20bis (DEG-00);83663
2025-11-06;Amphi A_A400 (DEG-00);36274;DEG;400;83;317;Cours;Intro science pol;<L2 AES>Intro à la science politique;14;Amphi 40 (EC3-00);17104
2025-11-06;Amphi A_A400 (DEG-00);36274;DEG;400;83;317;Cours;Intro science pol;<L2 AES>Intro à la science politique;14;Amphi 40 (EC3-00);17104
2025-11-06;Amphi A_A600 (DEG-00);36275;DEG;600;280;320;Cours;Eco & Soutenabilité;L1 Economie et Gestion;8;Amphi 400 (EC9-01);16026
2025-11-06;Amphi A_A600 (DEG-00);36275;DEG;600;269;331;Cours;Intro hist au droit;L1 Droit (Pau);7;Amphi 400 (EC9-01);16026
2025-11-06;Amphi B (SCI_R-00);85297;SCI_R;220;87;133;Cours;UE Découverte I: physique;L1 Informatique;5;Amphi 40 (EC3-00);17104
2025-11-06;Amphi C (SCI_R-00);84869;SCI_R;192;22;170;Cours;Mécanique du Solide s3;L2 PC - Physique;7;Salle TP Physique B133 (SCI_R-01);84952
2025-11-06;Amphi C (SCI_R-00);84869;SCI_R;192;87;105;Cours;UE Découverte II: MMI;L1 Informatique;11;Amphi 40 (EC3-00);17104
2025-11-06;Amphi C_A120 (DEG-00);36290;DEG;120;16;104;Cours;Thematic culture 3;<M2 SGM - BIM><Parcours CMI>CMI- GEM BIM 5ème Année;2;Salle GREEN A_A01 (DEG-00);36278
2025-11-06;Amphi D (SCI_R-00);84870;SCI_R;192;22;170;TD;Ana & algèbre 1 PPPE;L3 MIASHS - PPPE;1;Salle TP Physique B133 (SCI_R-01);84952
2025-11-06;Amphi H (DUB-00);17229;DUB;140;27;113;Cours;Structure réactivité molé;L3 PC - LAS;10;Salle de cours 144 (EC3-01);17123
2025-11-06;Amphi H (DUB-00);17229;DUB;140;27;113;Cours;Catalyse homogène;L3 PC - LAS;1;Salle 34 (DUB-01);17164
2025-11-06;Salle de cours 10 (LET-00);27320;LET;60;27;33;TD;Mobilités humaines;L2 Géo Aménagement;1;Salle de cours 108 (LET-00);27288
2025-11-06;Salle de cours 107 (LET-00);27308;LET;68;23;45;TD;4 Expression Française;M1 LEA;10;Salle de cours 167 (B3-01);15986
2025-11-06;Salle de cours 120 (LET-00);27333;LET;62;13;49;CM;UE14EC1 Id et altérité litté;M2 Etudes anglophones;8;Salle informatique 215 (LET-01);27272
2025-11-06;Salle de cours 220 (LET-01);27254;LET;60;26;34;CM;Archéo ville au MÂ;L2 HAA;8;Salle de cours 144 (EC3-01);17123
2025-11-06;Salle de cours 23 (LET-01);27248;LET;80;3;77;TD;Atelier Historien contemp;L3 Histoire - Art & Patri;13;Labo de Langues 312 (LET-02);27512
2025-11-06;Salle de cours 30 (LET-02);27513;LET;60;12;48;CM;Thematic culture 1;<M1 CSV - EACM- GREEN>M1 GREEN EACM Thematic Culture;5;Salle informatique 201 (LET-01);27266
2025-11-06;Salle de cours B_B1 (DEG-00);36289;DEG;100;50;50;Cours;Criminologie;D.U Sc criminelles;14;Salle de Cours 003 (BA1-00);33458
2025-11-06;Salle de cours B_B1 (DEG-00);36289;DEG;100;50;50;Cours;Criminologie;D.U Sc criminelles;14;Salle de Cours 003 (BA1-00);33458
2025-11-06;Salle de cours B_B1 (DEG-00);36289;DEG;100;40;60;Cours;Droit de l'urbanisme;M1 Droit Notarial;2;Salle de cours C_C04 (DEG-00);36292
2025-11-06;Salle de cours B_B2 (DEG-00);36271;DEG;76;11;65;Cours;Innovations;M2 Droit transitions EE;1;Salle immersive D_D20bis (DEG-00);83663
2025-11-06;Salle de cours B_B2 (DEG-00);36271;DEG;76;23;53;Cours;Droit rural;M2 Droit Notarial;1;Salle GREEN A_A01 (DEG-00);36278
2025-11-06;Salle de cours C_C01 (DEG-00);36291;DEG;79;24;55;TD;Travaux de groupes - CAC&Audit;;3;Salle de cours/informatique C_C02 (DEG-00);36288
2025-11-06;Salle de cours C_C04 (DEG-00);36292;DEG;50;6;44;Cours;Proc Civ/Voies exéc Ecrit;CAPA Droit 2e année (PAU);12;Salle informatique B_BARETOUS (DEG-01);36548
2025-11-06;Salle de cours C_C18 (DEG-01);36560;DEG;50;17;33;Cours;Anglais;<M2 Drt Act publique loc><TD Anglais>Anglais M2 Droit Public;9;Salle informatique B_OSSAU (DEG-01);36551
2025-11-06;Salle de cours C_C18 (DEG-01);36560;DEG;50;18;32;CM;Théorie gén des libertés;M1 Dt cont des libertés;8;Salle de cours 007 (BA1-00);33446
2025-11-06;Salle de cours C_C18 (DEG-01);36560;DEG;50;18;32;CM;Théorie gén des libertés;M1 Dt cont des libertés;8;Salle de cours 007 (BA1-00);33446
2025-11-06;Salle de cours C_C19 (DEG-01);36561;DEG;52;24;28;TD;Travaux de groupes - CAC&Audit;M2 Compta ctrl audit;3;Salle de cours 167 (B3-01);15986
2025-11-06;Salle de cours C_C19 (DEG-01);36561;DEG;52;24;28;Cours;CAC ET AUDIT;M2 Compta ctrl audit;3;Salle GREEN A_A01 (DEG-00);36278
2025-11-07;Amphi 1 (LET-00);27353;LET;150;51;99;TD;2 Stylistique 1;L2 Lettres classiques;6;Salle de cours 509 (BA2-02);16630
2025-11-07;Amphi 3 (LET-02);27502;LET;300;104;196;Cours;Intro à l'anthropologie;L1 Sociologie;9;Amphi B (EC9-02);16035
2025-11-07;Amphi A (SCI_R-00);85316;SCI_R;216;45;171;Cours;Physiologie animale 2;L3 SDV - BGST;2;Salle de cours 110 (LET-00);79980
2025-11-07;Amphi A_A150 (DEG-00);36279;DEG;150;11;139;Cours;Régulations;M2 Droit transitions EE;1;Salle immersive D_D20bis (DEG-00);83663
2025-11-07;Amphi A_A400 (DEG-00);36274;DEG;400;44;356;Cours;Droit du travail CM;L3 AES Adm géné & dév soc;23;Salle de Cours 003 (BA1-00);33458
2025-11-07;Amphi A_A400 (DEG-00);36274;DEG;400;44;356;Cours;Droit du travail CM;L3 AES Adm géné & dév soc;23;Salle de Cours 003 (BA1-00);33458
2025-11-07;Amphi A_A400 (DEG-00);36274;DEG;400;33;367;Cours;Intro Sciences criminelle;CERTIF SC CRIM;14;Salle de cours 240 (EC3-02);73530
2025-11-07;Amphi A_A400 (DEG-00);36274;DEG;400;33;367;Cours;Intro Sciences criminelle;CERTIF SC CRIM;14;Salle de cours 240 (EC3-02);73530
2025-11-07;Amphi A_A600 (DEG-00);36275;DEG;600;280;320;Cours;Comptabilité 1;L1 Economie et Gestion;8;Amphi 400 (EC9-01);16026
2025-11-07;Amphi A_A600 (DEG-00);36275;DEG;600;10;590;CM;DER spécifique DPL;<M1 Dt cont des libertés>coloration DPL;1;Salle de réunion Direction C_SR1 (DEG-00);36286
2025-11-07;Amphi B (SCI_R-00);85297;SCI_R;220;60;160;Cours;Dévelop d'appli internet;L2 Informatique;5;Salle de cours 304 (BA2-00);16671
2025-11-07;Amphi C_A120 (DEG-00);36290;DEG;120;45;75;Cours;Dt pénal inter.;D.U Sc criminelles;1;Salle 1 (PAL-00);13836
2025-11-07;Amphi D (SCI_R-00);84870;SCI_R;192;60;132;Cours;Dévelop d'appli internet;L2 Informatique;1;Amphi A (SCI_R-00);85316
2025-11-07;Amphi G (DUB-00);17228;DUB;140;42;98;TD;Proba approfondies &stat;L3 MIASHS - MID;3;Salle informatique I-207 (ISA-02);78613
2025-11-07;Amphi G (DUB-00);17228;DUB;140;42;98;TD;Proba approfondies &stat;L3 MIASHS - MID;3;Salle informatique I-207 (ISA-02);78613
2025-11-07;Amphi G (DUB-00);17228;DUB;140;16;124;Cours;Séries intro calcul proba;L2 MIASHS;5;Salle TP Electronique 39 (DUB-01);17156
2025-11-07;Amphi H (DUB-00);17229;DUB;140;21;119;Cours;Roches endogènes 1;L2 Sciences de la terre;1;Salle Info 26 (DUB-00);17238
2025-11-07;Salle de cours 11 (LET-00);27324;LET;80;38;42;Cours;Sciences politiques;L3 Sociologie;10;Salle multimedia UTLA 137 (LET-00);27300
2025-11-07;Salle de cours 11 (LET-00);27324;LET;80;38;42;TD;Sociologie de l'art;L3 Sociologie;9;Salle de cours 406 (BA2-01);16739
2025-11-07;Salle de cours 11 (LET-00);27324;LET;80;38;42;Cours;Actualités sociologiques;L3 Sociologie;8;Salle de cours 406 (BA2-01);16739
2025-11-07;Salle de cours 12 (LET-00);27321;LET;60;13;47;CTD;2 Stylistique du texte th;L3 Lettres - CTD;1;Salle informatique 214 (LET-01);27271
2025-11-07;Salle de cours 120 (LET-00);27333;LET;62;26;36;CM;Cult architectu & urbaine;L2 HAA;7;Amphi 3 (LET-02);27502
2025-11-07;Salle de cours 120 (LET-00);27333;LET;62;26;36;CM;Archéologie préhistoire;L2 HAA;5;Salle de cours 144 (EC3-01);17123
2025-11-07;Salle de cours 14 (LET-00);27323;LET;98;30;68;TD;Droit des obligations TD;<L2 Droit><TD droit des obligations>Groupe 4;3;Salle de cours 31 (LET-02);27515
2025-11-07;Salle de cours 14 (LET-00);27323;LET;98;25;73;TD;Droit des obligations TD;<L2 Droit><TD droit des obligations>Groupe 3;3;Salle de cours 21 (LET-01);27247
2025-11-07;Salle de cours 220 (LET-01);27254;LET;60;16;44;CM;Environnement institution;L3 Histoire - EJSP;10;Salle informatique 215 (LET-01);27272
2025-11-07;Salle de cours 301 (LET-02);27528;LET;70;24;46;CM;Nouv chps patrimoniaux;L3 HAA - HA;10;Salle 15 (PAL-01);13885
2025-11-07;Salle de cours 301 (LET-02);27528;LET;70;24;46;TD;Nouv chps patrimoniaux;L3 HAA - HA;10;Salle de cours 30 (LET-02);27513
2025-11-07;Salle de cours 301 (LET-02);27528;LET;70;5;65;CM;Agreg. Espagnol Version clasS1;PREPA. AGREGAT. ESPAGNOL;12;Labo de Langues 312 (LET-02);27512
2025-11-07;Salle de cours 31 (LET-02);27515;LET;60;5;55;CM;Agreg. Espagnol Ling. S1;PREPA. AGREGAT. ESPAGNOL;12;Salle informatique 201 (LET-01);27266
2025-11-07;Salle de cours 31 (LET-02);27515;LET;60;5;55;CM;Agreg. Espagnol Tirso S1;PREPA. AGREGAT. ESPAGNOL;9;Salle informatique 215 (LET-01);27272
2025-11-07;Salle de cours B_B1 (DEG-00);36289;DEG;100;30;70;CM;Comptabilité;<M1 Droit Notarial>Comptabilité;16;Salle de cours 166 (B3-01);15984
2025-11-07;Salle de cours B_B1 (DEG-00);36289;DEG;100;30;70;CM;Comptabilité;<M1 Droit Notarial>Comptabilité;16;Salle de cours 166 (B3-01);15984
2025-11-07;Salle de cours B_B1 (DEG-00);36289;DEG;100;18;82;Cours;Dt pén.et procéd.pén. CM;<M1 Procédures contentieux>Droit pénal et procédure pénale approfondis;21;Salle GREEN A_A01 (DEG-00);36278
2025-11-07;Salle de cours B_B1 (DEG-00);36289;DEG;100;18;82;Cours;Dt pén.et procéd.pén. CM;<M1 Procédures contentieux>Droit pénal et procédure pénale approfondis;21;Salle GREEN A_A01 (DEG-00);36278
2025-11-07;Salle de cours B_B1 (DEG-00);36289;DEG;100;24;76;TD;Intro au droit constit TD;<L1 Droit (Pau)><TD droit constitutionnel>Groupe 10;8;Salle GREEN A_A01 (DEG-00);36278
2025-11-07;Salle de cours C_C01 (DEG-00);36291;DEG;79;12;67;CM;Capital humain, santé;M2 Eur Inter Env Dév;1;Salle informatique B_ASPE (DEG-01);36531
2025-11-07;Salle de cours C_C04 (DEG-00);36292;DEG;50;10;40;Cours;Théorie du droit;M2 Droit privé général;1;Salle de réunion Direction C_SR1 (DEG-00);36286
2025-11-07;Salle de cours C_C18 (DEG-01);36560;DEG;50;24;26;TD;TD Conjoncture et croissance;L3 Economie Gestion CMI;9;Salle GREEN A_A01 (DEG-00);36278
2025-11-07;Salle de cours C_C19 (DEG-01);36561;DEG;52;24;28;Cours;CONSOLIDATION IFRS;M2 Compta ctrl audit;3;Salle GREEN A_A01 (DEG-00);36278
2025-11-10;AMPHI STID (STI-00);24832;STI;165;32;133;Cours;R1.10 Bases math.;BUT 1 - MTEE;2;Salle de cours 508 (BA2-02);16629
2025-11-10;Amphi (STAP-00);18427;STAP;300;80;220;Cours;1 Règlementation;L3 STAPS ES (Tarbes);6;Amphi 40 (EC3-00);17104
2025-11-10;Amphi 2 (LET-00);27354;LET;140;65;75;Cours;Civi pays hispano S3;L2 LEA - AE - langues spé;12;Salle de cours 13 (LET-00);27322
2025-11-10;Amphi 2 (LET-00);27354;LET;140;17;123;Cours;Découverte Anglais S1;<L1 LLCER - EH>Découverte CM Anglais S1;12;Salle informatique 313 (LET-02);27510
2025-11-10;Amphi 3 (LET-02);27502;LET;300;104;196;Cours;Méthodo l'observation 1;L1 Sociologie;11;Amphi B (EC9-02);16035
2025-11-10;Amphi 3 (LET-02);27502;LET;300;126;174;Cours;Civi pays hispano S1;L1 LEA - AE - langues spé;13;Amphi 1 (LET-00);27353
2025-11-10;Amphi A (SCI_R-00);85316;SCI_R;216;80;136;Cours;OUMOBIO 1;L2 SDV - LAS;1;Amphi C (SCI_R-00);84869
2025-11-10;Amphi A_A300 (DEG-00);36276;DEG;300;119;181;Cours;Maths pr éco/gestion 2;L2 Economie Gestion CMI;12;Amphi B (EC9-02);16035
2025-11-10;Amphi A_A300 (DEG-00);36276;DEG;300;65;235;Cours;Hist dt oblig & dt pub 19;<L2 Droit>Histoire du droit des obligations;18;Salle de cours 131 (B2-01);16957
2025-11-10;Amphi A_A300 (DEG-00);36276;DEG;300;65;235;Cours;Hist dt oblig & dt pub 19;<L2 Droit>Histoire du droit des obligations;18;Salle de cours 131 (B2-01);16957
2025-11-10;Amphi B (SCI_R-00);85297;SCI_R;220;82;138;Cours;Biochimie générale;L2 Sciences de la vie;10;Amphi 40 (EC3-00);17104
2025-11-10;Amphi C_A120 (DEG-00);36290;DEG;120;15;105;Cours;Management comptable 2;DU TG 2ième Année;1;Salle de réunion D_D04 (DEG-00);36235
2025-11-10;Amphi D (SCI_R-00);84870;SCI_R;192;60;132;Cours;Algèbre 1 S1;L1 Mathématiques;8;Salle de cours 304 (BA2-00);16671
2025-11-10;Amphi E (PAL-00);13842;PAL;75;14;61;Cours;OMP S3;L2 PC - Physique;11;Salle 18 (PAL-01);13877
2025-11-10;Amphi E (PAL-00);13842;PAL;75;36;39;Cours;Biochimie expérimentale;L3 SDV - LAS;1;Salle 16 (PAL-01);13883
2025-11-10;Amphi G (DUB-00);17228;DUB;140;53;87;Cours;Intro topologie;L2 Mathématiques;12;Salle de cours 509 (BA2-02);16630
2025-11-10;Amphi G (DUB-00);17228;DUB;140;47;93;Cours;Physique du globe 1;L1 Sciences de la terre;4;Salle de Cours 003 (BA1-00);33458
2025-11-10;Salle de cours 107 (LET-00);27308;LET;68;23;45;TD;5 Terminologie;M1 LEA;1;Cartothèque 222bis (LET-01);27283
2025-11-10;Salle de cours 107 (LET-00);27308;LET;68;1;67;TD;ALLEMAND A1 SI;<UE transverses CRL>UET Allemand niveau A1 GR 2;9;Salle informatique 201 (LET-01);27266
2025-11-10;Salle de cours 11 (LET-00);27324;LET;80;18;62;TD;Enquête de terrain 1;<L3 Sociologie><Gpe TD L3S5 Sociologie>TD2 L3S5 Sociologie;1;Salle informatique 202 (LET-01);27273
2025-11-10;Salle de cours 12 (LET-00);27321;LET;60;16;44;CM;Enjeux contemporains;L3 Histoire - EJSP;12;Salle informatique 313 (LET-02);27510
2025-11-10;Salle de cours 120 (LET-00);27333;LET;62;20;42;CM;Arts déco et design;L3 HAA - HA;12;Salle informatique 313 (LET-02);27510
2025-11-10;Salle de cours 120 (LET-00);27333;LET;62;18;44;CM;UE3EC1 Linguistique de l'oral;M1 Etudes anglophones;6;Salle du conseil B11 (LET-01);27281
2025-11-10;Salle de cours 120 (LET-00);27333;LET;62;26;36;CM;CM Art en Europe XVIe S;L2 HAA;12;Salle multimedia UTLA 137 (LET-00);27300
2025-11-10;Salle de cours 121 (LET-00);27332;LET;70;10;60;TD;Découverte anglais TD 2;<L1 Lettres - CTD>Découverte Anglais S1 Gpe 2;9;Salle informatique 214 (LET-01);27271
2025-11-10;Salle de cours 14 (LET-00);27323;LET;98;3;95;Cours;Découverte espagnol S1;<L1 LLCER - EA>Découverte CM Espagnol S1;13;Salle informatique 313 (LET-02);27510
2025-11-10;Salle de cours 220 (LET-01);27254;LET;60;3;57;TD;Atelier Historien MÂ/mode;L3 Histoire - Art & Patri;11;Labo de Langues 312 (LET-02);27512
2025-11-10;Salle de cours B_B1 (DEG-00);36289;DEG;100;15;85;CM;Capital humain, santé;M2 Eur Inter Env Dév;1;Salle de réunion D_D04 (DEG-00);36235
2025-11-10;Salle de cours B_B1 (DEG-00);36289;DEG;100;11;89;Cours;Intro à la croissance;L2 Economie Gestion CMI;8;Salle immersive D_D20bis (DEG-00);83663
2025-11-10;Salle de cours B_B2 (DEG-00);36271;DEG;76;32;44;TD;Module de Prépro;<L3 AES Gestion des entrep><TD Module de préprofessionnal.>Groupe 1;10;Salle de cours 508 (BA2-02);16629
2025-11-10;Salle de cours B_B2 (DEG-00);36271;DEG;76;33;43;TD;TD Maths pour éco gestion;<L2 Economie Gestion><TD Maths pour éco gestion>Groupe 1;1;Salle informatique B_B209 (DEG-02);36423
2025-11-10;Salle de cours B_B2 (DEG-00);36271;DEG;76;24;52;TD;Dt civil des biens TD;<L3 Droit><TD Droit civil des biens>Groupe 1;9;Salle de cours B_B3 (DEG-00);36272
2025-11-10;Salle de cours B_B2 (DEG-00);36271;DEG;76;28;48;TD;TD Comptabilités des sociétés;<L3 Economie Gestion>Coloration Comptabilité et management;8;Salle de cours B_B8 (DEG-00);36277
2025-11-10;Salle de cours C_C01 (DEG-00);36291;DEG;79;21;58;TD;TD Conjoncture et croissance;<L3 Economie Gestion><TD Conjoncture et Croissance>Groupe 3;1;Salle GREEN A_A01 (DEG-00);36278
2025-11-10;Salle de cours C_C03 (DEG-00);36287;DEG;50;24;26;TD;Dt civil des biens TD;<L3 Droit><TD Droit civil des biens>Groupe 3;1;Salle GREEN A_A01 (DEG-00);36278
2025-11-10;Salle de cours C_C04 (DEG-00);36292;DEG;50;6;44;Cours;Economie Politique Oral;CAPA Droit 2e année (PAU);14;Salle de réunion IAE CREG D_D210 (DEG-02);36444
2025-11-10;Salle de cours C_C19 (DEG-01);36561;DEG;52;19;33;Cours;Compta de Gestion Appro.;M1 CGAO;10;Salle GREEN A_A01 (DEG-00);36278
2025-11-10;Salle de cours C_C19 (DEG-01);36561;DEG;52;19;33;Cours;Décision financière;M1 CGAO;12;Salle GREEN A_A01 (DEG-00);36278
2025-11-12;AMPHI STID (STI-00);24832;STI;165;28;137;TD;R5.07 Prod. dist. vapeur;[BUT 3 MTEE];1;Salle TP Physique B118 (SCI_R-01);84964
2025-11-12;Amphi 1 (LET-00);27353;LET;150;38;112;CM;1 Littérature comparée 5;L3 Lettres modernes;10;Salle de cours 131 (B2-01);16957
2025-11-12;Amphi 1 (LET-00);27353;LET;150;40;110;CM;1 Littérature comparée 1;L1 Lettres class & modern;11;Salle de cours 133 (LET-00);27338
2025-11-12;Amphi 2 (LET-00);27354;LET;140;65;75;Cours;Sociologie du corps;L2 Sociologie;1;Salle de cours 301 (LET-02);27528
2025-11-12;Amphi 2 (LET-00);27354;LET;140;65;75;Cours;Sociologie de la jeunesse;L2 Sociologie;1;Salle de cours 301 (LET-02);27528
2025-11-12;Amphi 2 (LET-00);27354;LET;140;68;72;CM;Culture historique;L1 HAA;11;Salle de cours 131 (B2-01);16957
2025-11-12;Amphi 3 (LET-02);27502;LET;300;140;160;Cours;Expr française S1 CM;L1 LEA - AE - langues spé;13;Amphi 400 (EC9-01);16026
2025-11-12;Amphi 3 (LET-02);27502;LET;300;124;176;Cours;Linguistique S1;L1 LLCER - EA;12;Amphi B (EC9-02);16035
2025-11-12;Amphi 3 (LET-02);27502;LET;300;124;176;Cours;Littérature S1;L1 LLCER - EA;12;Amphi B (EC9-02);16035
2025-11-12;Amphi 3 (LET-02);27502;LET;300;140;160;Cours;Gram angl S1 CM;L1 LEA - AE - langues spé;6;Amphi 400 (EC9-01);16026
2025-11-12;Amphi A_A150 (DEG-00);36279;DEG;150;44;106;Cours;Informatique;L3 AES Adm géné & dév soc;14;Salle 7 (PAL-00);13839
2025-11-12;Amphi A_A300 (DEG-00);36276;DEG;300;149;151;Cours;Économie internationale 1;L3 AES Gestion des entrep;13;Amphi 400 (EC9-01);16026
2025-11-12;Amphi A_A400 (DEG-00);36274;DEG;400;159;241;Cours;Comptabilité 2;L2 Economie Gestion CMI;11;Amphi (STAP-00);18427
2025-11-12;Amphi A_A400 (DEG-00);36274;DEG;400;119;281;Cours;Microéconomie 2;L2 Economie Gestion CMI;6;Amphi B (EC9-02);16035
2025-11-12;Amphi B (SCI_R-00);85297;SCI_R;220;42;178;Cours;Techno orientée objet;L3 Informatique;1;Amphi C (SCI_R-00);84869
2025-11-12;Amphi B (SCI_R-00);85297;SCI_R;220;41;179;Cours;Maths géné pour l'info;<L1 Informatique><Groupes TD>L1 Info Gr1;2;Amphi D (SCI_R-00);84870
2025-11-12;Amphi C_A120 (DEG-00);36290;DEG;120;21;99;Cours;SYSTEMES D'INFORMATION;M1 Compta ctrl audit;1;Salle GREEN A_A01 (DEG-00);36278
2025-11-12;Amphi C_A120 (DEG-00);36290;DEG;120;56;64;Cours;Cours Gestion de Projet;M1 Management SI;2;Salle de cours B_B2 (DEG-00);36271
2025-11-12;Amphi E (PAL-00);13842;PAL;75;27;48;TD;Réact. chim organique;L3 PC - LAS;2;Salle 2 (PAL-00);13837
2025-11-12;Amphi E (PAL-00);13842;PAL;75;27;48;Cours;Diagramme état thermo mél;L3 PC - LAS;10;Salle de cours 144 (EC3-01);17123
2025-11-12;Amphi E (PAL-00);13842;PAL;75;27;48;TD;Diagramme état thermo mél;L3 PC - LAS;11;Salle de cours 144 (EC3-01);17123
2025-11-12;Amphi E (PAL-00);13842;PAL;75;36;39;CTD;OUMOBIO 3;L3 SDV - LAS;3;Amphi F (PAL-00);13841
2025-11-12;Amphi G (DUB-00);17228;DUB;140;21;119;Cours;Roches endogènes 1;L2 Sciences de la terre;1;Salle 35 (DUB-01);17160
2025-11-12;Amphi H (DUB-00);17229;DUB;140;47;93;TD;Physique du globe 1;L1 Sciences de la terre;4;Salle de Cours 003 (BA1-00);33458
2025-11-12;Amphi H (DUB-00);17229;DUB;140;36;104;Cours;Biochimie expérimentale;L3 SDV - LAS;3;Salle de cours 162 (B3-01);15996
2025-11-12;Amphi H (DUB-00);17229;DUB;140;48;92;TD;Chim orga fonct, méca réa;L2 PC - LAS;1;Salle de cours 105 (LET-00);27306
2025-11-12;Salle de cours 10 (LET-00);27320;LET;60;24;36;Cours;2 Traduction littéraire 1;L3 Lettres modernes;11;Salle de cours IEFE 127 (LET-00);27296
2025-11-12;Salle de cours 107 (LET-00);27308;LET;68;16;52;TD;Gram esp S1 TD;<L1 LEA - AE - langues spé><L1 LEA Spé TD>L1 LEA Gpe A;12;Salle informatique 313 (LET-02);27510
2025-11-12;Salle de cours 12 (LET-00);27321;LET;60;29;31;TD;Compétences rédactionelle;<L1 Histoire><L1 Histoire Sem1>TD3 Histoire Sem1;11;Salle de cours 105 (LET-00);27306
2025-11-12;Salle de cours 120 (LET-00);27333;LET;62;26;36;TD;TD Art en Europe XVIe S;L2 HAA;12;Salle de cours 144 (EC3-01);17123
2025-11-12;Salle de cours 121 (LET-00);27332;LET;70;28;42;TD;Introduction à la recherche;L3 LLCER - EA - ER;4;Salle de cours 14 (LET-00);27323
2025-11-12;Salle de cours 121 (LET-00);27332;LET;70;17;53;TD;Enquête de terrain 1;<L3 Sociologie><Gpe TD L3S5 Sociologie>TD1 L3S5 Sociologie;1;Salle informatique 215 (LET-01);27272
2025-11-12;Salle de cours 13 (LET-00);27322;LET;70;12;58;TD;Expr française S1 TD;L1 LEA - AA - langues spé;12;Labo de Langues 316 (LET-02);27521
2025-11-12;Salle de cours 13 (LET-00);27322;LET;70;28;42;TD;Gram & thème esp S3 TD;L2 LEA - AE - écogestion;12;Salle de cours 10 (LET-00);27320
2025-11-12;Salle de cours 220 (LET-01);27254;LET;60;16;44;TD;Méthodologie des concours;L3 Histoire - EJSP;12;Salle informatique 314 (LET-02);27509
2025-11-12;Salle de cours 23 (LET-01);27248;LET;80;7;73;TD;Séminaires thématiques;<L3 Sociologie><0-Séminaires thématiques>Gpe 1 avec M. Mattern;1;Labo de Langues 312 (LET-02);27512
2025-11-12;Salle de cours 23 (LET-01);27248;LET;80;25;55;CM;Histoire moderne;L3 Histoire - ER;12;Salle GREEN A_A01 (DEG-00);36278
2025-11-12;Salle de cours 301 (LET-02);27528;LET;70;5;65;Cours;Agreg. Espagnol Chirbes 2 S1;PREPA. AGREGAT. ESPAGNOL;8;Salle informatique 313 (LET-02);27510
2025-11-12;Salle de cours 31 (LET-02);27515;LET;60;14;46;CM;UE14EC1 Composition poème;M2 Lettres et arts;1;Salle informatique 201 (LET-01);27266
2025-11-12;Salle de cours 32 (LET-02);27514;LET;80;20;60;TD;Portrait de territoire;<L3 GA - TDDTE>5S-Portrait de territoire S5;11;Labo de Langues 316 (LET-02);27521
2025-11-12;Salle de cours 32 (LET-02);27514;LET;80;7;73;TD;Intro. aux concours Sem5;<L3 GA - TDDTE>5S-Introduction aux concours S5;11;Salle informatique 313 (LET-02);27510
2025-11-12;Salle de cours B_B1 (DEG-00);36289;DEG;100;33;67;TD;TD Comptabilité;<L1 Economie et Gestion><Comptabilité>Groupe 3;8;Amphi A_A150 (DEG-00);36279
2025-11-12;Salle de cours B_B1 (DEG-00);36289;DEG;100;21;79;TD;Dt fondamentaux TD;<L3 Droit><TD Droits fondamentaux>Groupe 1;8;Salle GREEN A_A01 (DEG-00);36278
2025-11-12;Salle de cours B_B1 (DEG-00);36289;DEG;100;20;80;TD;Dt fondamentaux TD;<L3 Droit><TD Droits fondamentaux>Groupe 2;8;Salle GREEN A_A01 (DEG-00);36278
2025-11-12;Salle de cours B_B1 (DEG-00);36289;DEG;100;11;89;Cours;Régulations;M2 Droit transitions EE;1;Salle GREEN A_A01 (DEG-00);36278
2025-11-12;Salle de cours B_B2 (DEG-00);36271;DEG;76;35;41;TD;Pocédure pénale TD;<L3 Droit><TD Procédure pénale>Groupe 1;10;Amphi A_A400 (DEG-00);36274
2025-11-12;Salle de cours C_C03 (DEG-00);36287;DEG;50;22;28;TD;TD intro à la Gestion;<L1 Economie et Gestion><TD Intro à la Gestion>Groupe 6;6;Salle GREEN A_A01 (DEG-00);36278
2025-11-12;Salle de cours C_C03 (DEG-00);36287;DEG;50;8;42;Cours;Droit Commercial Oral;CAPA Droit 1e année (PAU);12;Salle de réunion IAE CREG D_D210 (DEG-02);36444
2025-11-12;Salle de cours C_C04 (DEG-00);36292;DEG;50;13;37;Cours;Anglais M1 DEG S7;<M1 Droit privé général><TD Anglais>Anglais M1 Droit Mutualisé Gp 4;8;Salle GREEN A_A01 (DEG-00);36278
2025-11-12;Salle de cours C_C04 (DEG-00);36292;DEG;50;10;40;Cours;DER Pluridisciplinaire;M2 Droit privé général;4;Salle de réunion Direction C_SR1 (DEG-00);36286
2025-11-12;Salle de cours C_C04 (DEG-00);36292;DEG;50;6;44;Cours;Droit Fiscal Oral;CAPA Droit 2e année (PAU);14;Salle de réunion IAE CREG D_D210 (DEG-02);36444
2025-11-12;Salle de cours C_C19 (DEG-01);36561;DEG;52;8;44;TD;Anglais des Affaires;<M1 CGAO><Groupes>Groupe 2;19;Salle informatique B_BARETOUS (DEG-01);36548
2025-11-12;Salle de cours C_C19 (DEG-01);36561;DEG;52;11;41;TD;Anglais des Affaires;<M1 CGAO><Groupes>Groupe 1;21;Salle TP géochimie B330 (SCI_R-03);85206
2025-11-12;Salle de cours C_C19 (DEG-01);36561;DEG;52;19;33;Cours;Compta de Gestion Appro.;M1 CGAO;10;Salle GREEN A_A01 (DEG-00);36278
2025-11-13;AMPHI STID (STI-00);24832;STI;165;41;124;Cours;R3.02 Machines frigorif.;[BUT 2 MTEE CM];1;Salle de cours 133 (LET-00);27338
2025-11-13;Amphi (STAP-00);18427;STAP;300;37;263;TD;Anatomie TD;<L2 STAPS EM (Tarbes)><Groupe TD>EM G5;2;Salle de cours 406 (BA2-01);16739
2025-11-13;Amphi 1 (LET-00);27353;LET;150;74;76;CM;1 Littérature française 1;L1 Lettres - CTD;11;Salle de cours 23 (LET-01);27248
2025-11-13;Amphi A_A150 (DEG-00);36279;DEG;150;16;134;Cours;Thematic culture 3;<M2 SGM - BIM><Parcours CMI>CMI- GEM BIM 5ème Année;1;Salle de réunion D_D04 (DEG-00);36235
2025-11-13;Amphi A_A300 (DEG-00);36276;DEG;300;49;251;Cours;Criminologie;D.U Sc criminelles;2;Amphi C_A120 (DEG-00);36290
2025-11-13;Amphi A_A300 (DEG-00);36276;DEG;300;49;251;Cours;Criminologie;D.U Sc criminelles;2;Amphi C_A120 (DEG-00);36290
2025-11-13;Amphi A_A400 (DEG-00);36274;DEG;400;83;317;Cours;Intro science pol;<L2 AES>Intro à la science politique;14;Amphi 40 (EC3-00);17104
2025-11-13;Amphi A_A400 (DEG-00);36274;DEG;400;83;317;Cours;Intro science pol;<L2 AES>Intro à la science politique;14;Amphi 40 (EC3-00);17104
2025-11-13;Amphi A_A600 (DEG-00);36275;DEG;600;280;320;Cours;Eco & Soutenabilité;L1 Economie et Gestion;8;Amphi 400 (EC9-01);16026
2025-11-13;Amphi A_A600 (DEG-00);36275;DEG;600;269;331;Cours;Intro hist au droit;L1 Droit (Pau);7;Amphi 400 (EC9-01);16026
2025-11-13;Amphi C (SCI_R-00);84869;SCI_R;192;22;170;Cours;Mécanique du Solide s3;L2 PC - Physique;7;Salle TP Physique B133 (SCI_R-01);84952
2025-11-13;Amphi C (SCI_R-00);84869;SCI_R;192;87;105;Cours;UE Découverte II: MMI;L1 Informatique;11;Amphi 40 (EC3-00);17104
2025-11-13;Amphi D (SCI_R-00);84870;SCI_R;192;47;145;Cours;Roches et Chronologie;L1 Sciences de la terre;3;Amphi A (SCI_R-00);85316
2025-11-13;Amphi E (PAL-00);13842;PAL;75;14;61;TD;Couleur et matériaux;L3 PC - SGM;1;Salle info B206 (SCI_R-02);85115
2025-11-13;Amphi F (PAL-00);13841;PAL;75;27;48;TD;Couleur et matériaux;L3 PC - LAS;1;Salle de cours 144 (EC3-01);17123
2025-11-13;Amphi G (DUB-00);17228;DUB;140;60;80;Cours;Compléments Math 1 S1;L1 Mathématiques;8;Salle de cours 304 (BA2-00);16671
2025-11-13;Amphi G (DUB-00);17228;DUB;140;17;123;CTD;Optimisation discrète;L1 Mathématiques - Info;1;Salle TP Electronique 39 (DUB-01);17156
2025-11-13;Amphi H (DUB-00);17229;DUB;140;27;113;Cours;Structure réactivité molé;L3 PC - LAS;10;Salle de cours 144 (EC3-01);17123
2025-11-13;Amphi H (DUB-00);17229;DUB;140;60;80;Cours;Calcul scientifique;L2 Informatique;8;Salle de cours 304 (BA2-00);16671
2025-11-13;Amphi H (DUB-00);17229;DUB;140;47;93;Cours;Physique du globe 1;L1 Sciences de la terre;4;Salle de Cours 003 (BA1-00);33458
2025-11-13;Salle de cours 107 (LET-00);27308;LET;68;23;45;TD;4 Expression Française;M1 LEA;10;Salle de cours 167 (B3-01);15986
2025-11-13;Salle de cours 12 (LET-00);27321;LET;60;24;36;TD;Approche des enjeux envtx;L3 GA - TDDTE;1;Cartothèque 222bis (LET-01);27283
2025-11-13;Salle de cours 120 (LET-00);27333;LET;62;13;49;CM;UE14EC1 Id et altérité litté;M2 Etudes anglophones;8;Salle informatique 215 (LET-01);27272
2025-11-13;Salle de cours 23 (LET-01);27248;LET;80;3;77;TD;Atelier Historien contemp;L3 Histoire - Art & Patri;13;Labo de Langues 312 (LET-02);27512
2025-11-13;Salle de cours 30 (LET-02);27513;LET;60;2;58;CM;Thematic culture 1;<M1 CSV - EACM- GREEN>M1 GREEN EACM Thematic Culture;5;Salle informatique 201 (LET-01);27266
2025-11-13;Salle de cours 30 (LET-02);27513;LET;60;12;48;CM;Thematic culture 1;<M1 CSV - EACM- GREEN>M1 GREEN EACM Thematic Culture;5;Salle informatique 201 (LET-01);27266
2025-11-13;Salle de cours 32 (LET-02);27514;LET;80;38;42;TD;Sociologie des migrations;L3 Sociologie;5;Salle de cours 220 (LET-01);27254
2025-11-13;Salle de cours B_B1 (DEG-00);36289;DEG;100;36;64;TD;Intro gestion TD;<L1 AES><TD Introduction à la gestion>Groupe 5;7;Salle de cours 162 (B3-01);15996
2025-11-13;Salle de cours B_B1 (DEG-00);36289;DEG;100;40;60;Cours;Droit de l'urbanisme;M1 Droit transitions EE;8;Salle Recherche (B3-00);15968
2025-11-13;Salle de cours B_B1 (DEG-00);36289;DEG;100;40;60;Cours;Droit de l'urbanisme;M1 Droit transitions EE;8;Salle Recherche (B3-00);15968
2025-11-13;Salle de cours B_B2 (DEG-00);36271;DEG;76;23;53;Cours;Droit commercial;M2 Droit Notarial;3;Salle GREEN A_A01 (DEG-00);36278
2025-11-13;Salle de cours C_C04 (DEG-00);36292;DEG;50;6;44;Cours;Proc Civ/Voies exéc Ecrit;CAPA Droit 2e année (PAU);12;Salle informatique B_BARETOUS (DEG-01);36548
2025-11-13;Salle de cours C_C18 (DEG-01);36560;DEG;50;17;33;Cours;Anglais;<M2 Drt Act publique loc><TD Anglais>Anglais M2 Droit Public;9;Salle informatique B_OSSAU (DEG-01);36551
2025-11-13;Salle de cours C_C19 (DEG-01);36561;DEG;52;19;33;Cours;Fondamentaux Compta-fisca;M1 CGAO;12;Salle de cours 007 (BA1-00);33446
2025-11-13;Salle de cours C_C19 (DEG-01);36561;DEG;52;19;33;Cours;Fondamentaux Compta-fisca;M1 CGAO;12;Salle de cours 007 (BA1-00);33446
2025-11-13;Salle de cours C_C19 (DEG-01);36561;DEG;52;19;33;Cours;Initiation recherche;M1 CGAO;13;Salle de cours 007 (BA1-00);33446
2025-11-14;AMPHI STID (STI-00);24832;STI;165;32;133;CM;3.09 Données environnemen;BUT 2 SD - Exploration;1;Salle de cours 508 (BA2-02);16629
2025-11-14;AMPHI STID (STI-00);24832;STI;165;28;137;Cours;R5.07 Prod. dist. vapeur;BUT 3 MTEE - Optimisation;1;Salle de cours B_B8 (DEG-00);36277
2025-11-14;AMPHI STID (STI-00);24832;STI;165;25;140;TD;R3.10 Stats et financ.;[BUT 2 MTEE TD2 FA];1;Salle GREEN A_A01 (DEG-00);36278
2025-11-14;Amphi 1 (LET-00);27353;LET;150;46;104;Cours;Civilisation S5;L3 LLCER - EA - ER;7;Salle de Cours 003 (BA1-00);33458
2025-11-14;Amphi 1 (LET-00);27353;LET;150;53;97;Cours;Géographie &environnement;L1 Géo Aménagement;8;Salle de cours 12 (LET-00);27321
2025-11-14;Amphi 1 (LET-00);27353;LET;150;51;99;TD;2 Stylistique 1;L2 Lettres classiques;6;Salle de cours 509 (BA2-02);16630
2025-11-14;Amphi 3 (LET-02);27502;LET;300;104;196;Cours;Intro à l'anthropologie;L1 Sociologie;9;Amphi B (EC9-02);16035
2025-11-14;Amphi A_A150 (DEG-00);36279;DEG;150;56;94;Cours;CM Stratégie théorie orga;M1 Management SI;1;Salle de cours C_C01 (DEG-00);36291
2025-11-14;Amphi A_A400 (DEG-00);36274;DEG;400;44;356;Cours;Droit du travail CM;L3 AES Adm géné & dév soc;23;Salle de Cours 003 (BA1-00);33458
2025-11-14;Amphi A_A400 (DEG-00);36274;DEG;400;44;356;Cours;Droit du travail CM;L3 AES Adm géné & dév soc;23;Salle de Cours 003 (BA1-00);33458
2025-11-14;Amphi B (SCI_R-00);85297;SCI_R;220;60;160;Cours;Dévelop d'appli internet;L2 Informatique;5;Salle de cours 304 (BA2-00);16671
2025-11-14;Amphi C (SCI_R-00);84869;SCI_R;192;21;171;Cours;Speciation concepts and a;M2 CSV - SAVE Alternance;1;Salle TP Physique B133 (SCI_R-01);84952
2025-11-14;Amphi E (PAL-00);13842;PAL;75;17;58;CTD;Optimisation discrète;L1 Mathématiques - Info;1;Salle 14 (PAL-01);13886
2025-11-14;Amphi F (PAL-00);13841;PAL;75;14;61;CTD;Propriétés de transport;L3 PC - SGM;1;Salle 14 (PAL-01);13886
2025-11-14;Amphi G (DUB-00);17228;DUB;140;42;98;Cours;Graphes;L3 Informatique;1;Salle multimedia UTLA 137 (LET-00);27300
2025-11-14;Amphi G (DUB-00);17228;DUB;140;53;87;Cours;Analyse 3 S3;L2 Mathématiques;16;Salle de cours 509 (BA2-02);16630
2025-11-14;Amphi G (DUB-00);17228;DUB;140;18;122;CTD;SGPF pour 1er 2nd degré;<L3 Mathématiques>L3 MATHS Sensib  Gest Prof;2;Salle TP Electronique 39 (DUB-01);17156
2025-11-14;Amphi G (DUB-00);17228;DUB;140;18;122;CTD;SGPF pour 1er 2nd degré;<L3 Mathématiques>L3 MATHS Sensib  Gest Prof;2;Salle TP Electronique 39 (DUB-01);17156
2025-11-14;Amphi H (DUB-00);17229;DUB;140;41;99;Cours;Couleur et matériaux;L3 PC - SGM;1;Salle de cours 01 (STAP-00);18420
2025-11-14;Amphi H (DUB-00);17229;DUB;140;48;92;TD;Chimie des solutions 3;L2 PC - LAS;2;Salle de Cours 003 (BA1-00);33458
2025-11-14;Amphi H (DUB-00);17229;DUB;140;40;100;CTD;Analyse 1;APILS;1;Salle 16 (PAL-01);13883
2025-11-14;Salle de cours 10 (LET-00);27320;LET;60;13;47;CTD;2 Stylistique du texte th;L3 Lettres - CTD;1;Salle informatique 214 (LET-01);27271
2025-11-14;Salle de cours 107 (LET-00);27308;LET;68;30;38;TD;Gram angl S1 TD;L1 LEA - AA - langues spé;12;Salle de cours 22 (LET-01);27244
2025-11-14;Salle de cours 11 (LET-00);27324;LET;80;38;42;Cours;Sciences politiques;L3 Sociologie;10;Salle multimedia UTLA 137 (LET-00);27300
2025-11-14;Salle de cours 11 (LET-00);27324;LET;80;38;42;Cours;Actualités sociologiques;L3 Sociologie;8;Salle de cours 406 (BA2-01);16739
2025-11-14;Salle de cours 120 (LET-00);27333;LET;62;26;36;CM;Cult architectu & urbaine;L2 HAA;7;Amphi 3 (LET-02);27502
2025-11-14;Salle de cours 120 (LET-00);27333;LET;62;26;36;CM;Archéologie préhistoire;L2 HAA;5;Salle de cours 144 (EC3-01);17123
2025-11-14;Salle de cours 220 (LET-01);27254;LET;60;16;44;CM;Environnement institution;L3 Histoire - EJSP;10;Salle informatique 215 (LET-01);27272
2025-11-14;Salle de cours 23 (LET-01);27248;LET;80;29;51;TD;Histoire comtemporaine;<L1 Histoire><L1 Histoire Sem1>TD3 Histoire Sem1;11;Salle de cours 166 (B3-01);15984
2025-11-14;Salle de cours 23 (LET-01);27248;LET;80;32;48;TD;Histoire comtemporaine;<L1 Histoire><L1 Histoire Sem1>TD1 Histoire Sem1;11;Salle de cours 508 (BA2-02);16629
2025-11-14;Salle de cours 23 (LET-01);27248;LET;80;1;79;CM;Histoire des idées politi;<L2 Histoire>0 Hist. des idées politiques Sem3;10;Salle informatique 313 (LET-02);27510
2025-11-14;Salle de cours 301 (LET-02);27528;LET;70;19;51;CM;Civi esp et hisp-am S5;L3 LLCER - EH - ER;8;Salle de cours 204 (LET-01);27267
2025-11-14;Salle de cours 301 (LET-02);27528;LET;70;24;46;CM;Nouv chps patrimoniaux;L3 HAA - HA;10;Salle 15 (PAL-01);13885
2025-11-14;Salle de cours 301 (LET-02);27528;LET;70;24;46;TD;Nouv chps patrimoniaux;L3 HAA - HA;10;Salle de cours 30 (LET-02);27513
2025-11-14;Salle de cours 301 (LET-02);27528;LET;70;5;65;CM;Agreg. Espagnol Version clasS1;PREPA. AGREGAT. ESPAGNOL;12;Labo de Langues 312 (LET-02);27512
2025-11-14;Salle de cours 31 (LET-02);27515;LET;60;5;55;CM;Agreg. Espagnol Ling. S1;PREPA. AGREGAT. ESPAGNOL;12;Salle informatique 201 (LET-01);27266
2025-11-14;Salle de cours 31 (LET-02);27515;LET;60;5;55;CM;Agreg. Espagnol Tirso S1;PREPA. AGREGAT. ESPAGNOL;9;Salle informatique 215 (LET-01);27272
2025-11-14;Salle de cours B_B1 (DEG-00);36289;DEG;100;36;64;TD;TD Economie et Soutenabilité;<L1 Economie et Gestion><Economie et soutenabilité>Groupe 4;1;Salle de cours C_C16 (DEG-01);36558
2025-11-14;Salle de cours B_B1 (DEG-00);36289;DEG;100;18;82;Cours;Dt pén.et procéd.pén. CM;<M1 Procédures contentieux>Droit pénal et procédure pénale approfondis;21;Salle GREEN A_A01 (DEG-00);36278
2025-11-14;Salle de cours B_B1 (DEG-00);36289;DEG;100;18;82;Cours;Dt pén.et procéd.pén. CM;<M1 Procédures contentieux>Droit pénal et procédure pénale approfondis;21;Salle GREEN A_A01 (DEG-00);36278
2025-11-14;Salle de cours B_B1 (DEG-00);36289;DEG;100;24;76;TD;Intro au droit constit TD;<L1 Droit (Pau)><TD droit constitutionnel>Groupe 10;8;Salle GREEN A_A01 (DEG-00);36278
2025-11-14;Salle de cours B_B2 (DEG-00);36271;DEG;76;12;64;CM;Capital humain, santé;M2 Eur Inter Env Dév;1;Salle immersive D_D20bis (DEG-00);83663
2025-11-14;Salle de cours B_B2 (DEG-00);36271;DEG;76;25;51;TD;Droit des obligations TD;<L2 Droit><TD droit des obligations>Groupe 3;2;Salle GREEN A_A01 (DEG-00);36278
2025-11-14;Salle de cours C_C03 (DEG-00);36287;DEG;50;16;34;TD;TD Econométrie;<L3 Economie Gestion><TD Econométrie>Groupe 2;1;Salle de réunion D_D04 (DEG-00);36235
2025-11-14;Salle de cours C_C03 (DEG-00);36287;DEG;50;16;34;TD;TD Econométrie;<L3 Economie Gestion>Coloration banque et finance;1;Salle de réunion D_D04 (DEG-00);36235
2025-11-14;Salle de cours C_C18 (DEG-01);36560;DEG;50;24;26;TD;TD Conjoncture et croissance;L3 Economie Gestion CMI;9;Salle GREEN A_A01 (DEG-00);36278
2025-11-14;Salle de cours C_C19 (DEG-01);36561;DEG;52;19;33;Cours;Compta de Gestion Appro.;M1 CGAO;10;Salle GREEN A_A01 (DEG-00);36278
2025-11-14;Salle de cours C_C19 (DEG-01);36561;DEG;52;19;33;Cours;Management de la RSE;M1 CGAO;4;Salle GREEN A_A01 (DEG-00);36278
2025-11-17;Amphi (STAP-00);18427;STAP;300;80;220;Cours;1 Intervention;L3 STAPS ES (Tarbes);4;Amphi 40 (EC3-00);17104
2025-11-17;Amphi (STAP-00);18427;STAP;300;80;220;Cours;1 Règlementation;L3 STAPS ES (Tarbes);6;Amphi 40 (EC3-00);17104
2025-11-17;Amphi 1 (LET-00);27353;LET;150;43;107;Cours;Géographie & aménagement;L1 Géo Aménagement;11;Salle de cours 12 (LET-00);27321
2025-11-17;Amphi 1 (LET-00);27353;LET;150;43;107;Cours;Intro géo des populations;L1 Géo Aménagement;10;Salle de cours 12 (LET-00);27321
2025-11-17;Amphi 2 (LET-00);27354;LET;140;65;75;Cours;Civi pays hispano S3;L2 LEA - AE - langues spé;12;Salle de cours 13 (LET-00);27322
2025-11-17;Amphi 2 (LET-00);27354;LET;140;17;123;Cours;Découverte Anglais S1;<L1 LLCER - EH>Découverte CM Anglais S1;12;Salle informatique 313 (LET-02);27510
2025-11-17;Amphi 3 (LET-02);27502;LET;300;104;196;Cours;Méthodo l'observation 1;L1 Sociologie;11;Amphi B (EC9-02);16035
2025-11-17;Amphi 3 (LET-02);27502;LET;300;104;196;Cours;Enjeux sociaux contempo;L1 Sociologie;10;Amphi B (EC9-02);16035
2025-11-17;Amphi 3 (LET-02);27502;LET;300;126;174;Cours;Civi pays hispano S1;L1 LEA - AE - langues spé;13;Amphi 1 (LET-00);27353
2025-11-17;Amphi 3 (LET-02);27502;LET;300;103;197;CM;Histoire comtemporaine;L1 Histoire;11;Amphi B (EC9-02);16035
2025-11-17;Amphi A_A150 (DEG-00);36279;DEG;150;11;139;Cours;Econométrie;<L3 Economie Gestion>Coloration banque et finance;6;Salle immersive D_D20bis (DEG-00);83663
2025-11-17;Amphi A_A150 (DEG-00);36279;DEG;150;40;110;Cours;Informatique;L2 AES;9;Salle Recherche (B3-00);15968
2025-11-17;Amphi A_A300 (DEG-00);36276;DEG;300;10;290;Cours;Méthodo. de la recherche;M2 Droit privé général;1;Salle immersive D_D20bis (DEG-00);83663
2025-11-17;Amphi A_A300 (DEG-00);36276;DEG;300;65;235;Cours;Hist dt oblig & dt pub 19;<L2 Droit>Histoire du droit des obligations;18;Salle de cours 131 (B2-01);16957
2025-11-17;Amphi A_A300 (DEG-00);36276;DEG;300;65;235;Cours;Hist dt oblig & dt pub 19;<L2 Droit>Histoire du droit des obligations;18;Salle de cours 131 (B2-01);16957
2025-11-17;Amphi B (SCI_R-00);85297;SCI_R;220;110;110;Cours;Mathématiques s1;L1 Physique, Chimie;9;Amphi B (EC9-02);16035
2025-11-17;Amphi B (SCI_R-00);85297;SCI_R;220;60;160;Cours;Dévelop d'appli internet;L2 Informatique;5;Salle de cours 304 (BA2-00);16671
2025-11-17;Amphi C (SCI_R-00);84869;SCI_R;192;27;165;TD;Structure réactivité molé;L3 PC - LAS;3;Salle TP Physique B118 (SCI_R-01);84964
2025-11-17;Amphi C_A120 (DEG-00);36290;DEG;120;31;89;TD;Pbl contemp. dt pénal;M1 Police et Sécu inté;2;Salle de cours 508 (BA2-02);16629
2025-11-17;Amphi C_A120 (DEG-00);36290;DEG;120;56;64;Cours;CM Stratégie théorie orga;M1 Management SI;6;Salle de cours 163 (B3-01);15991
2025-11-17;Amphi D (SCI_R-00);84870;SCI_R;192;47;145;Cours;Roches et Chronologie;L1 Sciences de la terre;3;Amphi A (SCI_R-00);85316
2025-11-17;Amphi D (SCI_R-00);84870;SCI_R;192;80;112;Cours;OUMOBIO 1;L2 SDV - LAS;5;Amphi Elsa Serfass (BA1-00);33455
2025-11-17;Amphi E (PAL-00);13842;PAL;75;15;60;CTD;Thermodynamique S3;L2 PC - Physique;20;Salle TP géochimie B330 (SCI_R-03);85206
2025-11-17;Amphi G (DUB-00);17228;DUB;140;52;88;Cours;Couleur et matériaux;L3 PC - Physique, Chimie;1;Salle de cours C_C19 (DEG-01);36561
2025-11-17;Amphi G (DUB-00);17228;DUB;140;27;113;TD;Réact. chim organique;L3 PC - LAS;1;Salle 27 (DUB-00);17235
2025-11-17;Salle de cours 107 (LET-00);27308;LET;68;1;67;TD;ALLEMAND A1 SI;<UE transverses CRL>UET Allemand niveau A1 GR 2;9;Salle informatique 201 (LET-01);27266
2025-11-17;Salle de cours 12 (LET-00);27321;LET;60;16;44;CM;Enjeux contemporains;L3 Histoire - EJSP;12;Salle informatique 313 (LET-02);27510
2025-11-17;Salle de cours 120 (LET-00);27333;LET;62;20;42;CM;Arts déco et design;L3 HAA - HA;12;Salle informatique 313 (LET-02);27510
2025-11-17;Salle de cours 120 (LET-00);27333;LET;62;26;36;CM;CM Art en Europe XVIe S;L2 HAA;12;Salle multimedia UTLA 137 (LET-00);27300
2025-11-17;Salle de cours 121 (LET-00);27332;LET;70;28;42;CTD;Préparation aux concours;L3 LLCER - EA - ER;3;Salle de cours 109 (LET-00);27289
2025-11-17;Salle de cours 121 (LET-00);27332;LET;70;10;60;TD;Découverte anglais TD 2;<L1 Lettres - CTD>Découverte Anglais S1 Gpe 2;9;Salle informatique 214 (LET-01);27271
2025-11-17;Salle de cours 14 (LET-00);27323;LET;98;3;95;Cours;Découverte espagnol S1;<L1 LLCER - EA>Découverte CM Espagnol S1;13;Salle informatique 313 (LET-02);27510
2025-11-17;Salle de cours 14 (LET-00);27323;LET;98;34;64;TD;Intro au droit constit TD;<L1 Droit (Pau)><TD droit constitutionnel>Groupe 3;3;Salle de cours 234 (LET-01);69318
2025-11-17;Salle de cours 220 (LET-01);27254;LET;60;3;57;TD;Atelier Historien MÂ/mode;L3 Histoire - Art & Patri;11;Labo de Langues 312 (LET-02);27512
2025-11-17;Salle de cours 23 (LET-01);27248;LET;80;16;64;CM;L'Etat;L3 Histoire - EJSP;11;Salle informatique 313 (LET-02);27510
2025-11-17;Salle de cours 23 (LET-01);27248;LET;80;16;64;TD;L'Etat;L3 Histoire - EJSP;11;Salle informatique 313 (LET-02);27510
2025-11-17;Salle de cours 301 (LET-02);27528;LET;70;6;64;TD;Découverte espagnol S1;<L1 Lettres - CTD>Découverte Espagnol S1 Gpe 1;9;Salle multimedia UTLA 137 (LET-00);27300
2025-11-17;Salle de cours 301 (LET-02);27528;LET;70;7;63;TD;Découverte espagnol S1;<L1 LLCER - EA>Découverte espagnol S1 Gpe 2;9;Salle informatique 214 (LET-01);27271
2025-11-17;Salle de cours B_B1 (DEG-00);36289;DEG;100;25;75;TD;Dt civil des biens TD;<L3 Droit><TD Droit civil des biens>Groupe 3;8;Salle de cours/informatique C_C02 (DEG-00);36288
2025-11-17;Salle de cours B_B1 (DEG-00);36289;DEG;100;11;89;Cours;Économie publique;<L3 Economie Gestion>Coloration banque et finance;7;Salle informatique B_ASPE (DEG-01);36531
2025-11-17;Salle de cours B_B1 (DEG-00);36289;DEG;100;40;60;Cours;Droit des obligations;L2 AES;18;Salle Recherche (B3-00);15968
2025-11-17;Salle de cours B_B1 (DEG-00);36289;DEG;100;40;60;Cours;Droit des obligations;L2 AES;18;Salle Recherche (B3-00);15968
2025-11-17;Salle de cours B_B2 (DEG-00);36271;DEG;76;32;44;TD;Module de Prépro;<L3 AES Gestion des entrep><TD Module de préprofessionnal.>Groupe 1;10;Salle de cours 508 (BA2-02);16629
2025-11-17;Salle de cours B_B2 (DEG-00);36271;DEG;76;32;44;TD;TD Maths pour éco gestion;<L2 Economie Gestion><TD Maths pour éco gestion>Groupe 2;1;Salle de cours C_C12 (DEG-01);36554
2025-11-17;Salle de cours B_B2 (DEG-00);36271;DEG;76;27;49;TD;Dt civil des biens TD;<L3 Droit><TD Droit civil des biens>Groupe 1;9;Salle de cours B_B3 (DEG-00);36272
2025-11-17;Salle de cours B_B2 (DEG-00);36271;DEG;76;34;42;TD;Droit du travail TD;<L3 Droit><TD Droit du travail>Groupe 2;5;Salle informatique B_B209 (DEG-02);36423
2025-11-17;Salle de cours B_B2 (DEG-00);36271;DEG;76;37;39;TD;TD Economie et Soutenabilité;<L1 Economie et Gestion><Economie et soutenabilité>Groupe 2;8;Salle de cours 406 (BA2-01);16739
2025-11-17;Salle de cours B_B2 (DEG-00);36271;DEG;76;28;48;TD;TD Comptabilités des sociétés;<L3 Economie Gestion>Coloration Comptabilité et management;8;Salle de cours B_B8 (DEG-00);36277
2025-11-17;Salle de cours C_C01 (DEG-00);36291;DEG;79;8;71;CM;Contentieux administratif;M2 Dt cont des libertés;2;Salle de réunion IAE CREG D_D210 (DEG-02);36444
2025-11-17;Salle de cours C_C04 (DEG-00);36292;DEG;50;6;44;Cours;Economie Politique Oral;CAPA Droit 2e année (PAU);14;Salle de réunion IAE CREG D_D210 (DEG-02);36444
2025-11-17;Salle de cours C_C19 (DEG-01);36561;DEG;52;19;33;Cours;Décision financière;M1 CGAO;12;Salle GREEN A_A01 (DEG-00);36278
2025-11-18;Amphi 1 (LET-00);27353;LET;150;51;99;TD;3 Histoire langue fr 3;L2 Lettres classiques;5;Salle de cours 509 (BA2-02);16630
2025-11-18;Amphi 1 (LET-00);27353;LET;150;51;99;TD;1 Linguistique française;L2 Lettres classiques;5;Salle de cours 509 (BA2-02);16630
2025-11-18;Amphi 2 (LET-00);27354;LET;140;33;107;TD;1 Littérature française 1;<L1 Lettres - CTD><L1 CTD S1 Groupes de TD>L1 LCTD S1 TD1;6;Salle de cours 12 (LET-00);27321
2025-11-18;Amphi 3 (LET-02);27502;LET;300;43;257;Cours;Intro à la géographie-CM;L1 Géo Aménagement;12;Salle de cours 134 (LET-00);27341
2025-11-18;Amphi 3 (LET-02);27502;LET;300;124;176;Cours;Civilisation S1;L1 LLCER - EA;12;Amphi B (EC9-02);16035
2025-11-18;Amphi 3 (LET-02);27502;LET;300;140;160;Cours;Civi pays anglo S1;L1 LEA - AE - langues spé;12;Amphi 400 (EC9-01);16026
2025-11-18;Amphi A_A150 (DEG-00);36279;DEG;150;19;131;TD;TD Mathématiques pour la micro;L1 LEA / Ecogestion - AE;2;Salle GREEN A_A01 (DEG-00);36278
2025-11-18;Amphi A_A300 (DEG-00);36276;DEG;300;40;260;Cours;Droit administratif 1;L2 AES;16;Salle Recherche (B3-00);15968
2025-11-18;Amphi A_A300 (DEG-00);36276;DEG;300;40;260;Cours;Droit administratif 1;L2 AES;16;Salle Recherche (B3-00);15968
2025-11-18;Amphi A_A400 (DEG-00);36274;DEG;400;23;377;Cours;Droit professio. notarial;M2 Droit Notarial;1;Salle GREEN A_A01 (DEG-00);36278
2025-11-18;Amphi A_A600 (DEG-00);36275;DEG;600;11;589;Cours;Régulations;M2 Droit transitions EE;1;Salle immersive D_D20bis (DEG-00);83663
2025-11-18;Amphi B (SCI_R-00);85297;SCI_R;220;82;138;Cours;Biochimie générale;L2 Sciences de la vie;10;Amphi 40 (EC3-00);17104
2025-11-18;Amphi B (SCI_R-00);85297;SCI_R;220;110;110;Cours;Chimie des solutions 1;L1 Physique, Chimie;3;Amphi C (SCI_R-00);84869
2025-11-18;Amphi C_A120 (DEG-00);36290;DEG;120;15;105;Cours;Environnement économique;DU TG 1ère Année;10;Salle de réunion D_D04 (DEG-00);36235
2025-11-18;Amphi D (SCI_R-00);84870;SCI_R;192;85;107;Cours;Mécanique du point;L1 Physique, Chimie;7;Amphi 40 (EC3-00);17104
2025-11-18;Amphi E (PAL-00);13842;PAL;75;15;60;CTD;Thermodynamique S3;L2 PC - Physique;20;Salle TP géochimie B330 (SCI_R-03);85206
2025-11-18;Amphi E (PAL-00);13842;PAL;75;14;61;Cours;OMP S3;L2 PC - Physique;11;Salle 18 (PAL-01);13877
2025-11-18;Amphi G (DUB-00);17228;DUB;140;60;80;Cours;Programmat° Fonctionnelle;L2 Informatique;1;Salle de cours 304 (BA2-00);16671
2025-11-18;Amphi G (DUB-00);17228;DUB;140;53;87;Cours;Intro topologie;L2 Mathématiques;12;Salle de cours 509 (BA2-02);16630
2025-11-18;Amphi H (DUB-00);17229;DUB;140;36;104;CTD;OUMOBIO 3;L3 SDV - LAS;3;Salle 35 (DUB-01);17160
2025-11-18;Amphi H (DUB-00);17229;DUB;140;36;104;CTD;OUMOBIO 3;L3 SDV - LAS;3;Salle 35 (DUB-01);17160
2025-11-18;Amphi H (DUB-00);17229;DUB;140;42;98;Cours;Techno orientée objet;L3 Informatique;6;Salle de Cours 003 (BA1-00);33458
2025-11-18;Salle de cours 11 (LET-00);27324;LET;80;38;42;Cours;Sociologie du travail;L3 Sociologie;9;Salle de cours 406 (BA2-01);16739
2025-11-18;Salle de cours 11 (LET-00);27324;LET;80;31;49;Cours;Hist langue française 1;L2 Lettres PPPE;1;Salle de cours 22 (LET-01);27244
2025-11-18;Salle de cours 120 (LET-00);27333;LET;62;26;36;CM;Habitat et vie privée;L2 HAA;11;Salle de cours 144 (EC3-01);17123
2025-11-18;Salle de cours 120 (LET-00);27333;LET;62;30;32;CM;Hist art ibéri mod & cont;L2 HAA;12;Salle de cours 166 (B3-01);15984
2025-11-18;Salle de cours 120 (LET-00);27333;LET;62;26;36;CM;CM Vill occid romain;L2 HAA;1;Salle de cours IEFE 128 (LET-00);27298
2025-11-18;Salle de cours 14 (LET-00);27323;LET;98;14;84;TD;Com & médias all S1;L1 LEA - AA - langues spé;2;Salle informatique 201 (LET-01);27266
2025-11-18;Salle de cours 14 (LET-00);27323;LET;98;33;65;TD;Droit admin TD L2 Droit S3;<L2 Droit><TD droit administratif>Groupe 3;2;Salle de cours IEFE 131 (LET-00);27295
2025-11-18;Salle de cours 14 (LET-00);27323;LET;98;28;70;TD;2 Fondamentaux en ortho 1;<L1 Lettres class & modern><L1 LCM S1 Groupes de TD>L1 LCM S1 TD2;10;Salle de cours 166 (B3-01);15984
2025-11-18;Salle de cours 220 (LET-01);27254;LET;60;10;50;CM;UE3EC2 Question genres et gen;M1 Etudes hispaniques;8;Salle informatique 201 (LET-01);27266
2025-11-18;Salle de cours 32 (LET-02);27514;LET;80;27;53;Cours;Mobilités humaines;L2 Géo Aménagement;11;Salle de cours 10 (LET-00);27320
2025-11-18;Salle de cours 32 (LET-02);27514;LET;80;27;53;Cours;Mobilités humaines;L2 Géo Aménagement;11;Salle de cours 10 (LET-00);27320
2025-11-18;Salle de cours 32 (LET-02);27514;LET;80;17;63;Cours;Tourisme, géographie amén;<L2 Géo Aménagement>3S-Tourisme, géographie et aménagement S3;7;Salle de cours IEFE 128 (LET-00);27298
2025-11-18;Salle de cours 32 (LET-02);27514;LET;80;17;63;Cours;Tourisme, géographie amén;<L2 Géo Aménagement>3S-Tourisme, géographie et aménagement S3;7;Salle de cours IEFE 128 (LET-00);27298
2025-11-18;Salle de cours B_B1 (DEG-00);36289;DEG;100;32;68;TD;Intro gestion TD;<L1 AES><TD Introduction à la gestion>Groupe 4;5;Salle informatique B_B209 (DEG-02);36423
2025-11-18;Salle de cours B_B1 (DEG-00);36289;DEG;100;21;79;TD;TD Conjoncture et croissance;<L3 AES Gestion des entrep><TD Conjoncture et croissance>Groupe 3;1;Salle GREEN A_A01 (DEG-00);36278
2025-11-18;Salle de cours B_B1 (DEG-00);36289;DEG;100;39;61;TD;TD Analyse financière;<L3 Economie Gestion><TD Analyse Financière>Groupe 6;9;Amphi A_A400 (DEG-00);36274
2025-11-18;Salle de cours B_B1 (DEG-00);36289;DEG;100;11;89;Cours;Intro à la croissance;L2 Economie Gestion CMI;8;Salle immersive D_D20bis (DEG-00);83663
2025-11-18;Salle de cours B_B1 (DEG-00);36289;DEG;100;42;58;TD;TD Economie et Soutenabilité;<L1 Economie et Gestion><Economie et soutenabilité>Groupe 5;10;Salle de Cours 003 (BA1-00);33458
2025-11-18;Salle de cours B_B2 (DEG-00);36271;DEG;76;32;44;TD;Intro au droit constit TD;<L1 Droit (Pau)><TD droit constitutionnel>Groupe 9;4;Salle informatique B_B209 (DEG-02);36423
2025-11-18;Salle de cours B_B2 (DEG-00);36271;DEG;76;34;42;TD;Introduction au droit civil TD;<L1 AES><TD Introduction au droit civil>Groupe 1;1;Salle de cours C_C03 (DEG-00);36287
2025-11-18;Salle de cours B_B2 (DEG-00);36271;DEG;76;33;43;TD;TD probabilités;<L2 Economie Gestion><TD Probabilités>Groupe 2;2;Amphi A_A400 (DEG-00);36274
2025-11-18;Salle de cours B_B2 (DEG-00);36271;DEG;76;15;61;Cours;Management comptable 2;DU TG 2ième Année;1;Salle de réunion D_D04 (DEG-00);36235
2025-11-18;Salle de cours C_C03 (DEG-00);36287;DEG;50;8;42;Cours;Droit Public Ecrit;CAPA Droit 1e année (PAU);22;Salle informatique B_BARETOUS (DEG-01);36548
2025-11-18;Salle de cours C_C04 (DEG-00);36292;DEG;50;12;38;Cours;Hist. des dts de l'H.;M1 Droit exécution peines;24;Salle GREEN A_A01 (DEG-00);36278
2025-11-18;Salle de cours C_C04 (DEG-00);36292;DEG;50;12;38;Cours;Hist. des dts de l'H.;M1 Droit exécution peines;24;Salle GREEN A_A01 (DEG-00);36278
2025-11-18;Salle de cours C_C04 (DEG-00);36292;DEG;50;6;44;Cours;Dt Adm Spécial Ecrit;CAPA Droit 2e année (PAU);13;Salle informatique B_BARETOUS (DEG-01);36548
2025-11-18;Salle de cours C_C19 (DEG-01);36561;DEG;52;19;33;Cours;Décision financière;M1 CGAO;12;Salle GREEN A_A01 (DEG-00);36278
2025-11-18;Salle de cours C_C19 (DEG-01);36561;DEG;52;8;44;TD;Anglais des Affaires;<M1 CGAO><Groupes>Groupe 2;19;Salle informatique B_BARETOUS (DEG-01);36548
2025-11-18;Salle de cours C_C19 (DEG-01);36561;DEG;52;11;41;TD;Anglais des Affaires;<M1 CGAO><Groupes>Groupe 1;21;Salle TP géochimie B330 (SCI_R-03);85206
2025-11-19;Amphi 1 (LET-00);27353;LET;150;65;85;Cours;Méthodo quantitative 1;L2 Sociologie;9;Salle de cours 131 (B2-01);16957
2025-11-19;Amphi 1 (LET-00);27353;LET;150;26;124;Cours;2 Pré-Mémoire;M1 Tourisme;1;Salle de cours 12 (LET-00);27321
2025-11-19;Amphi 1 (LET-00);27353;LET;150;40;110;CM;1 Littérature comparée 1;L1 Lettres class & modern;11;Salle de cours 133 (LET-00);27338
2025-11-19;Amphi 2 (LET-00);27354;LET;140;65;75;Cours;Sociologie territoires;L2 Sociologie;8;Salle de cours 131 (B2-01);16957
2025-11-19;Amphi 2 (LET-00);27354;LET;140;68;72;CM;Culture historique;L1 HAA;11;Salle de cours 131 (B2-01);16957
2025-11-19;Amphi 3 (LET-02);27502;LET;300;140;160;Cours;Expr française S1 CM;L1 LEA - AE - langues spé;13;Amphi 400 (EC9-01);16026
2025-11-19;Amphi 3 (LET-02);27502;LET;300;124;176;Cours;Linguistique S1;L1 LLCER - EA;12;Amphi B (EC9-02);16035
2025-11-19;Amphi 3 (LET-02);27502;LET;300;124;176;Cours;Littérature S1;L1 LLCER - EA;12;Amphi B (EC9-02);16035
2025-11-19;Amphi 3 (LET-02);27502;LET;300;140;160;Cours;Gram angl S1 CM;L1 LEA - AE - langues spé;6;Amphi 400 (EC9-01);16026
2025-11-19;Amphi A_A150 (DEG-00);36279;DEG;150;44;106;Cours;Informatique;L3 AES Adm géné & dév soc;14;Salle 7 (PAL-00);13839
2025-11-19;Amphi A_A300 (DEG-00);36276;DEG;300;149;151;Cours;Économie internationale 1;L3 AES Gestion des entrep;13;Amphi 400 (EC9-01);16026
2025-11-19;Amphi A_A400 (DEG-00);36274;DEG;400;159;241;Cours;Comptabilité 2;L2 Economie Gestion CMI;11;Amphi (STAP-00);18427
2025-11-19;Amphi A_A400 (DEG-00);36274;DEG;400;105;295;Cours;Conjoncture et croissance;L3 Economie Gestion;3;Amphi C_A120 (DEG-00);36290
2025-11-19;Amphi B (SCI_R-00);85297;SCI_R;220;53;167;Cours;Analyse 3 S3;L2 Mathématiques;1;Amphi C (SCI_R-00);84869
2025-11-19;Amphi D (SCI_R-00);84870;SCI_R;192;48;144;Cours;Chimie des solutions 3;L2 PC - LAS;8;Salle de Cours 003 (BA1-00);33458
2025-11-19;Amphi D (SCI_R-00);84870;SCI_R;192;85;107;Cours;MTU;L1 Physique, Chimie;1;Amphi C (SCI_R-00);84869
2025-11-19;Amphi E (PAL-00);13842;PAL;75;27;48;TD;Diagramme état thermo mél;L3 PC - LAS;11;Salle de cours 144 (EC3-01);17123
2025-11-19;Amphi F (PAL-00);13841;PAL;75;27;48;TD;Réact. chim organique;L3 PC - LAS;1;Salle 5 (PAL-00);13835
2025-11-19;Amphi G (DUB-00);17228;DUB;140;41;99;Cours;Maths géné pour l'info;<L1 Informatique><Groupes TD>L1 Info Gr1;4;Amphi H (DUB-00);17229
2025-11-19;Amphi H (DUB-00);17229;DUB;140;48;92;Cours;Thermodynamique chimique;L2 PC - LAS;3;Salle de Cours 003 (BA1-00);33458
2025-11-19;Salle de cours 107 (LET-00);27308;LET;68;17;51;TD;1 Littérature comparée 3;L2 Lettres modernes;1;Salle de cours 203 (LET-01);27270
2025-11-19;Salle de cours 107 (LET-00);27308;LET;68;17;51;Cours;1 Littérature comparée 3;L2 Lettres modernes;1;Salle de cours 203 (LET-01);27270
2025-11-19;Salle de cours 107 (LET-00);27308;LET;68;16;52;TD;Gram esp S1 TD;<L1 LEA - AE - langues spé><L1 LEA Spé TD>L1 LEA Gpe A;12;Salle informatique 313 (LET-02);27510
2025-11-19;Salle de cours 12 (LET-00);27321;LET;60;29;31;TD;Compétences rédactionelle;<L1 Histoire><L1 Histoire Sem1>TD3 Histoire Sem1;11;Salle de cours 105 (LET-00);27306
2025-11-19;Salle de cours 120 (LET-00);27333;LET;62;15;47;TD;1 Méthodologie S7;M1 Lettres et arts;9;Salle informatique 202 (LET-01);27273
2025-11-19;Salle de cours 120 (LET-00);27333;LET;62;26;36;TD;TD Art en Europe XVIe S;L2 HAA;12;Salle de cours 144 (EC3-01);17123
2025-11-19;Salle de cours 121 (LET-00);27332;LET;70;28;42;TD;Introduction à la recherche;L3 LLCER - EA - ER;4;Salle de cours 14 (LET-00);27323
2025-11-19;Salle de cours 13 (LET-00);27322;LET;70;12;58;TD;Expr française S1 TD;L1 LEA - AA - langues spé;12;Labo de Langues 316 (LET-02);27521
2025-11-19;Salle de cours 13 (LET-00);27322;LET;70;28;42;TD;Gram & thème esp S3 TD;L2 LEA - AE - écogestion;12;Salle de cours 10 (LET-00);27320
2025-11-19;Salle de cours 220 (LET-01);27254;LET;60;16;44;TD;Méthodologie des concours;L3 Histoire - EJSP;12;Salle informatique 314 (LET-02);27509
2025-11-19;Salle de cours 23 (LET-01);27248;LET;80;25;55;CM;Histoire moderne;L3 Histoire - ER;12;Salle GREEN A_A01 (DEG-00);36278
2025-11-19;Salle de cours 301 (LET-02);27528;LET;70;12;58;Cours;Agreg. Espagnol Mariana S1;M2 Etudes hispaniques;5;Salle informatique 313 (LET-02);27510
2025-11-19;Salle de cours 31 (LET-02);27515;LET;60;5;55;TD;Séminaire Elyse Ritchey;PREPA. AGREGAT. ESPAGNOL;4;Salle informatique 215 (LET-01);27272
2025-11-19;Salle de cours 32 (LET-02);27514;LET;80;20;60;TD;Portrait de territoire;<L3 GA - TDDTE>5S-Portrait de territoire S5;11;Labo de Langues 316 (LET-02);27521
2025-11-19;Salle de cours 32 (LET-02);27514;LET;80;7;73;TD;Intro. aux concours Sem5;<L3 GA - TDDTE>5S-Introduction aux concours S5;11;Salle informatique 313 (LET-02);27510
2025-11-19;Salle de cours B_B1 (DEG-00);36289;DEG;100;33;67;TD;TD Comptabilité;<L1 Economie et Gestion><Comptabilité>Groupe 3;8;Amphi A_A150 (DEG-00);36279
2025-11-19;Salle de cours B_B1 (DEG-00);36289;DEG;100;21;79;TD;Dt fondamentaux TD;<L3 Droit><TD Droits fondamentaux>Groupe 1;8;Salle GREEN A_A01 (DEG-00);36278
2025-11-19;Salle de cours B_B1 (DEG-00);36289;DEG;100;20;80;TD;Dt fondamentaux TD;<L3 Droit><TD Droits fondamentaux>Groupe 2;8;Salle GREEN A_A01 (DEG-00);36278
2025-11-19;Salle de cours B_B1 (DEG-00);36289;DEG;100;37;63;Cours;Dt euro dts de l'H. CM;M1 Police et Sécu inté;3;Salle de cours C_C13 (DEG-01);36555
2025-11-19;Salle de cours B_B1 (DEG-00);36289;DEG;100;37;63;Cours;Dt euro dts de l'H. CM;M1 Police et Sécu inté;3;Salle de cours C_C13 (DEG-01);36555
2025-11-19;Salle de cours B_B1 (DEG-00);36289;DEG;100;32;68;TD;Droit admin TD L2 Droit S3;<L2 Droit><TD droit administratif>Groupe 6;6;Salle de cours B_B6 (DEG-00);36270
2025-11-19;Salle de cours B_B2 (DEG-00);36271;DEG;76;35;41;TD;Pocédure pénale TD;<L3 Droit><TD Procédure pénale>Groupe 1;10;Amphi A_A400 (DEG-00);36274
2025-11-19;Salle de cours C_C01 (DEG-00);36291;DEG;79;11;68;Cours;Régulations;M2 Droit transitions EE;2;Salle de réunion D_D04 (DEG-00);36235
2025-11-19;Salle de cours C_C04 (DEG-00);36292;DEG;50;13;37;Cours;Anglais M1 DEG S7;<M1 Droit privé général><TD Anglais>Anglais M1 Droit Mutualisé Gp 4;8;Salle GREEN A_A01 (DEG-00);36278
2025-11-19;Salle de cours C_C04 (DEG-00);36292;DEG;50;6;44;Cours;Droit Fiscal Oral;CAPA Droit 2e année (PAU);14;Salle de réunion IAE CREG D_D210 (DEG-02);36444
2025-11-19;Salle de cours C_C19 (DEG-01);36561;DEG;52;11;41;TD;Anglais des Affaires;<M1 CGAO><Groupes>Groupe 1;21;Salle TP géochimie B330 (SCI_R-03);85206
2025-11-19;Salle de cours C_C19 (DEG-01);36561;DEG;52;8;44;TD;Anglais des Affaires;<M1 CGAO><Groupes>Groupe 2;19;Salle informatique B_BARETOUS (DEG-01);36548
2025-11-19;Salle de cours C_C19 (DEG-01);36561;DEG;52;19;33;Cours;Compta de Gestion Appro.;M1 CGAO;10;Salle GREEN A_A01 (DEG-00);36278
2025-11-20;AMPHI STID (STI-00);24832;STI;165;32;133;Cours;R1.02 Chauffage-ECS-Vent.;BUT 1 - MTEE;4;Salle de cours 508 (BA2-02);16629
2025-11-20;Amphi (STAP-00);18427;STAP;300;37;263;TD;Anatomie TD;<L2 STAPS EM (Tarbes)><Groupe TD>EM G5;2;Salle de cours 406 (BA2-01);16739
2025-11-20;Amphi 1 (LET-00);27353;LET;150;74;76;CM;1 Littérature française 1;L1 Lettres - CTD;11;Salle de cours 23 (LET-01);27248
2025-11-20;Amphi 2 (LET-00);27354;LET;140;34;106;TD;Réseaux de la culture 1;L1 Lettres - CTD;1;Salle de cours IEFE 131 (LET-00);27295
2025-11-20;Amphi A (SCI_R-00);85316;SCI_R;216;22;194;Cours;Mécanique du Solide s3;L2 PC - Physique;1;Salle TP Physique B133 (SCI_R-01);84952
2025-11-20;Amphi A (SCI_R-00);85316;SCI_R;216;53;163;Cours;Algorith Math 2 Pyth S3;L2 Mathématiques;1;Amphi D (SCI_R-00);84870
2025-11-20;Amphi A (SCI_R-00);85316;SCI_R;216;87;129;Cours;UE Découverte II: MMI;L1 Informatique;2;Amphi 40 (EC3-00);17104
2025-11-20;Amphi A_A300 (DEG-00);36276;DEG;300;33;267;Cours;Procédure pénale CM;CERTIF SC CRIM;5;Salle de cours B_B6 (DEG-00);36270
2025-11-20;Amphi A_A400 (DEG-00);36274;DEG;400;83;317;Cours;Intro science pol;<L2 AES>Intro à la science politique;14;Amphi 40 (EC3-00);17104
2025-11-20;Amphi A_A400 (DEG-00);36274;DEG;400;83;317;Cours;Intro science pol;<L2 AES>Intro à la science politique;14;Amphi 40 (EC3-00);17104
2025-11-20;Amphi A_A600 (DEG-00);36275;DEG;600;280;320;Cours;Eco & Soutenabilité;L1 Economie et Gestion;8;Amphi 400 (EC9-01);16026
2025-11-20;Amphi B (SCI_R-00);85297;SCI_R;220;87;133;Cours;UE Découverte I: physique;L1 Informatique;5;Amphi 40 (EC3-00);17104
2025-11-20;Amphi B (SCI_R-00);85297;SCI_R;220;22;198;TD;Ana & algèbre 1 PPPE;L3 MIASHS - PPPE;1;Salle TP Physique B133 (SCI_R-01);84952
2025-11-20;Amphi C_A120 (DEG-00);36290;DEG;120;31;89;TD;Pbl contemp. dt pénal;M1 Police et Sécu inté;2;Salle de cours 508 (BA2-02);16629
2025-11-20;Amphi C_A120 (DEG-00);36290;DEG;120;13;107;CM;Thematic culture 3;M2 GREEN-ASSET - GÉO;2;Salle GREEN A_A01 (DEG-00);36278
2025-11-20;Amphi F (PAL-00);13841;PAL;75;23;52;TD;Algèbre 3 S3;<L2 Mathématiques><Groupes TD>L2 MATHS Gr 2;1;Salle 16 (PAL-01);13883
2025-11-20;Amphi G (DUB-00);17228;DUB;140;60;80;Cours;Compléments Math 1 S1;L1 Mathématiques;8;Salle de cours 304 (BA2-00);16671
2025-11-20;Amphi G (DUB-00);17228;DUB;140;47;93;CTD;Roches Chronologie avancé;L1 Sciences de la terre;1;Salle 23 (DUB-00);17231
2025-11-20;Salle de cours 107 (LET-00);27308;LET;68;23;45;TD;4 Expression Française;M1 LEA;10;Salle de cours 167 (B3-01);15986
2025-11-20;Salle de cours 120 (LET-00);27333;LET;62;13;49;CM;UE14EC1 Id et altérité litté;M2 Etudes anglophones;8;Salle informatique 215 (LET-01);27272
2025-11-20;Salle de cours 301 (LET-02);27528;LET;70;17;53;CM;Civi esp et hisp-am S1;L1 LLCER - EH;2;Salle de cours 133 (LET-00);27338
2025-11-20;Salle de cours 32 (LET-02);27514;LET;80;38;42;TD;Sociologie des migrations;L3 Sociologie;5;Salle de cours 220 (LET-01);27254
2025-11-20;Salle de cours B_B1 (DEG-00);36289;DEG;100;15;85;Cours;Management comptable 2;DU TG 2ième Année;1;Salle de réunion D_D04 (DEG-00);36235
2025-11-20;Salle de cours B_B2 (DEG-00);36271;DEG;76;23;53;CM;Droit rural;M2 Droit Notarial;3;Salle GREEN A_A01 (DEG-00);36278
2025-11-20;Salle de cours C_C03 (DEG-00);36287;DEG;50;23;27;Cours;Procédure pénale;M2 Police et Sécu inté;1;Salle GREEN A_A01 (DEG-00);36278
2025-11-20;Salle de cours C_C04 (DEG-00);36292;DEG;50;6;44;Cours;Proc Civ/Voies exéc Ecrit;CAPA Droit 2e année (PAU);12;Salle informatique B_BARETOUS (DEG-01);36548
2025-11-20;Salle de cours C_C18 (DEG-01);36560;DEG;50;17;33;Cours;Anglais;<M2 Drt Act publique loc><TD Anglais>Anglais M2 Droit Public;9;Salle informatique B_OSSAU (DEG-01);36551
2025-11-20;Salle de cours C_C18 (DEG-01);36560;DEG;50;18;32;CM;Théorie gén des libertés;M1 Dt cont des libertés;8;Salle de cours 007 (BA1-00);33446
2025-11-20;Salle de cours C_C18 (DEG-01);36560;DEG;50;18;32;CM;Théorie gén des libertés;M1 Dt cont des libertés;8;Salle de cours 007 (BA1-00);33446
2025-11-20;Salle de cours C_C19 (DEG-01);36561;DEG;52;25;27;Cours;Anglais des affaires;M2 CGAO;1;Salle GREEN A_A01 (DEG-00);36278
2025-11-20;Salle de cours C_C19 (DEG-01);36561;DEG;52;25;27;Cours;GRH;M2 CGAO;1;Salle GREEN A_A01 (DEG-00);36278
2025-11-21;AMPHI STID (STI-00);24832;STI;165;41;124;Cours;R3.06 Trsfrt conv. rad.;[BUT 2 MTEE CM];1;Salle de cours 02 (STAP-00);18418
2025-11-21;Amphi 1 (LET-00);27353;LET;150;53;97;Cours;Géographie &environnement;L1 Géo Aménagement;8;Salle de cours 12 (LET-00);27321
2025-11-21;Amphi 1 (LET-00);27353;LET;150;51;99;TD;2 Stylistique 1;L2 Lettres classiques;6;Salle de cours 509 (BA2-02);16630
2025-11-21;Amphi 3 (LET-02);27502;LET;300;104;196;Cours;Intro à l'anthropologie;L1 Sociologie;9;Amphi B (EC9-02);16035
2025-11-21;Amphi 3 (LET-02);27502;LET;300;18;282;Cours;Dt pén.et procéd.pén. CM;<M1 Procédures contentieux>Droit pénal et procédure pénale approfondis;2;Salle informatique 215 (LET-01);27272
2025-11-21;Amphi 3 (LET-02);27502;LET;300;18;282;Cours;Dt pén.et procéd.pén. CM;<M1 Procédures contentieux>Droit pénal et procédure pénale approfondis;2;Salle informatique 215 (LET-01);27272
2025-11-21;Amphi A_A400 (DEG-00);36274;DEG;400;44;356;Cours;Droit du travail CM;L3 AES Adm géné & dév soc;23;Salle de Cours 003 (BA1-00);33458
2025-11-21;Amphi A_A400 (DEG-00);36274;DEG;400;44;356;Cours;Droit du travail CM;L3 AES Adm géné & dév soc;23;Salle de Cours 003 (BA1-00);33458
2025-11-21;Amphi A_A400 (DEG-00);36274;DEG;400;33;367;Cours;Intro Sciences criminelle;CERTIF SC CRIM;14;Salle de cours 240 (EC3-02);73530
2025-11-21;Amphi A_A400 (DEG-00);36274;DEG;400;33;367;Cours;Intro Sciences criminelle;CERTIF SC CRIM;14;Salle de cours 240 (EC3-02);73530
2025-11-21;Amphi A_A600 (DEG-00);36275;DEG;600;280;320;Cours;Comptabilité 1;L1 Economie et Gestion;8;Amphi 400 (EC9-01);16026
2025-11-21;Amphi B (SCI_R-00);85297;SCI_R;220;60;160;Cours;Dévelop d'appli internet;L2 Informatique;5;Salle de cours 304 (BA2-00);16671
2025-11-21;Amphi C_A120 (DEG-00);36290;DEG;120;16;104;CM;Thematic culture 3;M2 GREEN-ASSET - GÉO;2;Salle GREEN A_A01 (DEG-00);36278
2025-11-21;Amphi G (DUB-00);17228;DUB;140;16;124;Cours;Séries intro calcul proba;L2 MIASHS;5;Salle TP Electronique 39 (DUB-01);17156
2025-11-21;Salle de cours 107 (LET-00);27308;LET;68;30;38;TD;Gram angl S1 TD;L1 LEA - AA - langues spé;12;Salle de cours 22 (LET-01);27244
2025-11-21;Salle de cours 11 (LET-00);27324;LET;80;38;42;Cours;Sciences politiques;L3 Sociologie;10;Salle multimedia UTLA 137 (LET-00);27300
2025-11-21;Salle de cours 11 (LET-00);27324;LET;80;38;42;Cours;Actualités sociologiques;L3 Sociologie;8;Salle de cours 406 (BA2-01);16739
2025-11-21;Salle de cours 120 (LET-00);27333;LET;62;26;36;CM;Archéologie préhistoire;L2 HAA;5;Salle de cours 144 (EC3-01);17123
2025-11-21;Salle de cours 14 (LET-00);27323;LET;98;24;74;TD;3 Approfond litté/styl 2;L3 Lettres modernes;1;Salle de cours 217 (LET-01);27257
2025-11-21;Salle de cours 220 (LET-01);27254;LET;60;16;44;CM;Environnement institution;L3 Histoire - EJSP;10;Salle informatique 215 (LET-01);27272
2025-11-21;Salle de cours 23 (LET-01);27248;LET;80;29;51;TD;Histoire comtemporaine;<L1 Histoire><L1 Histoire Sem1>TD3 Histoire Sem1;11;Salle de cours 166 (B3-01);15984
2025-11-21;Salle de cours 23 (LET-01);27248;LET;80;32;48;TD;Histoire comtemporaine;<L1 Histoire><L1 Histoire Sem1>TD1 Histoire Sem1;11;Salle de cours 508 (BA2-02);16629
2025-11-21;Salle de cours 23 (LET-01);27248;LET;80;1;79;CM;Histoire des idées politi;<L2 Histoire>0 Hist. des idées politiques Sem3;10;Salle informatique 313 (LET-02);27510
2025-11-21;Salle de cours 301 (LET-02);27528;LET;70;19;51;CM;Civi esp et hisp-am S5;L3 LLCER - EH - ER;8;Salle de cours 204 (LET-01);27267
2025-11-21;Salle de cours 301 (LET-02);27528;LET;70;24;46;CM;Nouv chps patrimoniaux;L3 HAA - HA;10;Salle 15 (PAL-01);13885
2025-11-21;Salle de cours 301 (LET-02);27528;LET;70;24;46;TD;Nouv chps patrimoniaux;L3 HAA - HA;10;Salle de cours 30 (LET-02);27513
2025-11-21;Salle de cours 301 (LET-02);27528;LET;70;5;65;CM;Agreg. Espagnol Version clasS1;PREPA. AGREGAT. ESPAGNOL;12;Labo de Langues 312 (LET-02);27512
2025-11-21;Salle de cours 31 (LET-02);27515;LET;60;5;55;CM;Agreg. Espagnol Ling. S1;PREPA. AGREGAT. ESPAGNOL;12;Salle informatique 201 (LET-01);27266
2025-11-21;Salle de cours B_B1 (DEG-00);36289;DEG;100;30;70;CM;Comptabilité;<M1 Droit Notarial>Comptabilité;16;Salle de cours 166 (B3-01);15984
2025-11-21;Salle de cours B_B1 (DEG-00);36289;DEG;100;30;70;CM;Comptabilité;<M1 Droit Notarial>Comptabilité;16;Salle de cours 166 (B3-01);15984
2025-11-21;Salle de cours B_B1 (DEG-00);36289;DEG;100;24;76;TD;Intro au droit constit TD;<L1 Droit (Pau)><TD droit constitutionnel>Groupe 10;8;Salle GREEN A_A01 (DEG-00);36278
2025-11-21;Salle de cours B_B2 (DEG-00);36271;DEG;76;33;43;TD;Introduction au droit civil TD;<L1 Droit (Pau)><TD droit civil>Groupe 6;1;Salle informatique B_B209 (DEG-02);36423
2025-11-21;Salle de cours C_C01 (DEG-00);36291;DEG;79;17;62;Cours;Exposé-discussion;M2 Droit consommation;1;Salle GREEN A_A01 (DEG-00);36278
2025-11-21;Salle de cours C_C18 (DEG-01);36560;DEG;50;24;26;TD;TD Conjoncture et croissance;L3 Economie Gestion CMI;9;Salle GREEN A_A01 (DEG-00);36278
2025-11-21;Salle de cours C_C19 (DEG-01);36561;DEG;52;19;33;Cours;Compta de Gestion Appro.;M1 CGAO;10;Salle GREEN A_A01 (DEG-00);36278
2025-11-21;Salle de cours C_C19 (DEG-01);36561;DEG;52;25;27;TD;Préparation TOEIC;M2 CGAO;1;Salle GREEN A_A01 (DEG-00);36278
2025-11-24;Amphi (STAP-00);18427;STAP;300;80;220;Cours;1 Règlementation;L3 STAPS ES (Tarbes);6;Amphi 40 (EC3-00);17104
2025-11-24;Amphi 1 (LET-00);27353;LET;150;43;107;Cours;Géographie & aménagement;L1 Géo Aménagement;11;Salle de cours 12 (LET-00);27321
2025-11-24;Amphi 2 (LET-00);27354;LET;140;65;75;Cours;Civi pays hispano S3;L2 LEA - AE - langues spé;12;Salle de cours 13 (LET-00);27322
2025-11-24;Amphi 2 (LET-00);27354;LET;140;17;123;Cours;Découverte Anglais S1;<L1 LLCER - EH>Découverte CM Anglais S1;12;Salle informatique 313 (LET-02);27510
2025-11-24;Amphi 3 (LET-02);27502;LET;300;104;196;Cours;Méthodo l'observation 1;L1 Sociologie;11;Amphi B (EC9-02);16035
2025-11-24;Amphi 3 (LET-02);27502;LET;300;104;196;Cours;Enjeux sociaux contempo;L1 Sociologie;10;Amphi B (EC9-02);16035
2025-11-24;Amphi 3 (LET-02);27502;LET;300;126;174;Cours;Civi pays hispano S1;L1 LEA - AE - langues spé;13;Amphi 1 (LET-00);27353
2025-11-24;Amphi 3 (LET-02);27502;LET;300;103;197;CM;Histoire comtemporaine;L1 Histoire;11;Amphi B (EC9-02);16035
2025-11-24;Amphi A_A150 (DEG-00);36279;DEG;150;11;139;Cours;Econométrie;<L3 Economie Gestion>Coloration banque et finance;6;Salle immersive D_D20bis (DEG-00);83663
2025-11-24;Amphi A_A150 (DEG-00);36279;DEG;150;40;110;Cours;Informatique;L2 AES;9;Salle Recherche (B3-00);15968
2025-11-24;Amphi A_A300 (DEG-00);36276;DEG;300;65;235;Cours;Hist dt oblig & dt pub 19;<L2 Droit>Histoire du droit des obligations;18;Salle de cours 131 (B2-01);16957
2025-11-24;Amphi A_A300 (DEG-00);36276;DEG;300;65;235;Cours;Hist dt oblig & dt pub 19;<L2 Droit>Histoire du droit des obligations;18;Salle de cours 131 (B2-01);16957
2025-11-24;Amphi A_A400 (DEG-00);36274;DEG;400;33;367;Cours;Procédure pénale CM;CERTIF SC CRIM;10;Salle de cours C_C13 (DEG-01);36555
2025-11-24;Amphi A_A600 (DEG-00);36275;DEG;600;214;386;Cours;Droit commercial;L2 Droit;2;Amphi A_A300 (DEG-00);36276
2025-11-24;Amphi A_A600 (DEG-00);36275;DEG;600;214;386;Cours;Droit commercial;L2 Droit;2;Amphi A_A300 (DEG-00);36276
2025-11-24;Amphi A_A600 (DEG-00);36275;DEG;600;37;563;Cours;Dt euro dts de l'H. CM;M1 Police et Sécu inté;3;Salle de cours B_B213 (DEG-02);36427
2025-11-24;Amphi B (SCI_R-00);85297;SCI_R;220;110;110;Cours;Mathématiques s1;L1 Physique, Chimie;9;Amphi B (EC9-02);16035
2025-11-24;Amphi C (SCI_R-00);84869;SCI_R;192;27;165;TD;Structure réactivité molé;L3 PC - LAS;3;Salle TP Physique B118 (SCI_R-01);84964
2025-11-24;Amphi C (SCI_R-00);84869;SCI_R;192;27;165;TD;Structure réactivité molé;L3 PC - LAS;3;Salle TP Physique B118 (SCI_R-01);84964
2025-11-24;Amphi C (SCI_R-00);84869;SCI_R;192;47;145;Cours;Roches et Chronologie;L1 Sciences de la terre;1;Amphi D (SCI_R-00);84870
2025-11-24;Amphi C_A120 (DEG-00);36290;DEG;120;32;88;Cours;Algorithmique;M1 Management SI;2;Salle de cours B_B213 (DEG-02);36427
2025-11-24;Amphi C_A120 (DEG-00);36290;DEG;120;56;64;Cours;CM Stratégie théorie orga;M1 Management SI;6;Salle de cours 163 (B3-01);15991
2025-11-24;Amphi C_A120 (DEG-00);36290;DEG;120;15;105;Cours;Environnement économique;DU TG 1ère Année;10;Salle de réunion D_D04 (DEG-00);36235
2025-11-24;Amphi D (SCI_R-00);84870;SCI_R;192;60;132;Cours;Algèbre 1 S1;L1 Mathématiques;8;Salle de cours 304 (BA2-00);16671
2025-11-24;Amphi E (PAL-00);13842;PAL;75;15;60;CTD;Thermodynamique S3;L2 PC - Physique;20;Salle TP géochimie B330 (SCI_R-03);85206
2025-11-24;Amphi E (PAL-00);13842;PAL;75;22;53;Cours;Ana & algèbre 1 PPPE;L3 MIASHS - PPPE;11;Salle 15 (PAL-01);13885
2025-11-24;Amphi G (DUB-00);17228;DUB;140;53;87;Cours;Analyse 3 S3;L2 Mathématiques;16;Salle de cours 509 (BA2-02);16630
2025-11-24;Amphi H (DUB-00);17229;DUB;140;47;93;Cours;Physique du globe 1;L1 Sciences de la terre;4;Salle de Cours 003 (BA1-00);33458
2025-11-24;Amphi H (DUB-00);17229;DUB;140;14;126;TD;Transferts thermiques;L2 PC - Physique;1;Salle TP Electronique 39 (DUB-01);17156
2025-11-24;Salle de cours 107 (LET-00);27308;LET;68;1;67;TD;ALLEMAND A1 SI;<UE transverses CRL>UET Allemand niveau A1 GR 2;9;Salle informatique 201 (LET-01);27266
2025-11-24;Salle de cours 11 (LET-00);27324;LET;80;34;46;TD;Droit du travail TD;<L3 Droit><TD Droit du travail>Groupe 3;1;Salle de cours 20 (LET-01);27252
2025-11-24;Salle de cours 12 (LET-00);27321;LET;60;16;44;CM;Enjeux contemporains;L3 Histoire - EJSP;12;Salle informatique 313 (LET-02);27510
2025-11-24;Salle de cours 120 (LET-00);27333;LET;62;20;42;CM;Arts déco et design;L3 HAA - HA;12;Salle informatique 313 (LET-02);27510
2025-11-24;Salle de cours 120 (LET-00);27333;LET;62;26;36;CM;CM Art en Europe XVIe S;L2 HAA;12;Salle multimedia UTLA 137 (LET-00);27300
2025-11-24;Salle de cours 121 (LET-00);27332;LET;70;28;42;CTD;Préparation aux concours;L3 LLCER - EA - ER;3;Salle de cours 109 (LET-00);27289
2025-11-24;Salle de cours 121 (LET-00);27332;LET;70;10;60;TD;Découverte anglais TD 2;<L1 Lettres - CTD>Découverte Anglais S1 Gpe 2;9;Salle informatique 214 (LET-01);27271
2025-11-24;Salle de cours 14 (LET-00);27323;LET;98;3;95;Cours;Découverte espagnol S1;<L1 LLCER - EA>Découverte CM Espagnol S1;13;Salle informatique 313 (LET-02);27510
2025-11-24;Salle de cours 220 (LET-01);27254;LET;60;3;57;TD;Atelier Historien MÂ/mode;L3 Histoire - Art & Patri;11;Labo de Langues 312 (LET-02);27512
2025-11-24;Salle de cours 23 (LET-01);27248;LET;80;16;64;CM;L'Etat;L3 Histoire - EJSP;11;Salle informatique 313 (LET-02);27510
2025-11-24;Salle de cours 23 (LET-01);27248;LET;80;16;64;TD;L'Etat;L3 Histoire - EJSP;11;Salle informatique 313 (LET-02);27510
2025-11-24;Salle de cours 301 (LET-02);27528;LET;70;6;64;TD;Découverte espagnol S1;<L1 Lettres - CTD>Découverte Espagnol S1 Gpe 1;9;Salle multimedia UTLA 137 (LET-00);27300
2025-11-24;Salle de cours 301 (LET-02);27528;LET;70;7;63;TD;Découverte espagnol S1;<L1 LLCER - EA>Découverte espagnol S1 Gpe 2;9;Salle informatique 214 (LET-01);27271
2025-11-24;Salle de cours B_B1 (DEG-00);36289;DEG;100;25;75;TD;Dt civil des biens TD;<L3 Droit><TD Droit civil des biens>Groupe 3;8;Salle de cours/informatique C_C02 (DEG-00);36288
2025-11-24;Salle de cours B_B1 (DEG-00);36289;DEG;100;11;89;Cours;Économie publique;<L3 Economie Gestion>Coloration banque et finance;7;Salle informatique B_ASPE (DEG-01);36531
2025-11-24;Salle de cours B_B2 (DEG-00);36271;DEG;76;25;51;TD;Dt civil des biens TD;<L3 Droit><TD Droit civil des biens>Groupe 2;3;Salle de cours 144 (EC3-01);17123
2025-11-24;Salle de cours B_B2 (DEG-00);36271;DEG;76;27;49;TD;Dt civil des biens TD;<L3 Droit><TD Droit civil des biens>Groupe 1;9;Salle de cours B_B3 (DEG-00);36272
2025-11-24;Salle de cours B_B2 (DEG-00);36271;DEG;76;37;39;TD;TD Economie et Soutenabilité;<L1 Economie et Gestion><Economie et soutenabilité>Groupe 2;8;Salle de cours 406 (BA2-01);16739
2025-11-24;Salle de cours C_C01 (DEG-00);36291;DEG;79;8;71;CM;Contentieux administratif;M2 Dt cont des libertés;2;Salle de réunion IAE CREG D_D210 (DEG-02);36444
2025-11-24;Salle de cours C_C01 (DEG-00);36291;DEG;79;19;60;TD;TD Economie et Soutenabilité;L1 LEA / Ecogestion - AE;3;Salle GREEN A_A01 (DEG-00);36278
2025-11-24;Salle de cours C_C03 (DEG-00);36287;DEG;50;8;42;Cours;Droit Civil Ecrit;CAPA Droit 1e année (PAU);21;Salle informatique B_BARETOUS (DEG-01);36548
2025-11-24;Salle de cours C_C04 (DEG-00);36292;DEG;50;6;44;Cours;Economie Politique Oral;CAPA Droit 2e année (PAU);14;Salle de réunion IAE CREG D_D210 (DEG-02);36444
2025-11-25;Amphi 1 (LET-00);27353;LET;150;46;104;Cours;Civilisation S5;L3 LLCER - EA - ER;7;Salle de Cours 003 (BA1-00);33458
2025-11-25;Amphi 1 (LET-00);27353;LET;150;51;99;TD;3 Histoire langue fr 3;L2 Lettres classiques;5;Salle de cours 509 (BA2-02);16630
2025-11-25;Amphi 1 (LET-00);27353;LET;150;51;99;TD;1 Linguistique française;L2 Lettres classiques;5;Salle de cours 509 (BA2-02);16630
2025-11-25;Amphi 1 (LET-00);27353;LET;150;26;124;CM;CM Vill occid romain;L2 HAA;9;Salle de cours IEFE 128 (LET-00);27298
2025-11-25;Amphi 3 (LET-02);27502;LET;300;43;257;Cours;Intro à la géographie-CM;L1 Géo Aménagement;12;Salle de cours 134 (LET-00);27341
2025-11-25;Amphi 3 (LET-02);27502;LET;300;104;196;Cours;Intro Sociologie S1;L1 Sociologie;11;Amphi B (EC9-02);16035
2025-11-25;Amphi 3 (LET-02);27502;LET;300;124;176;Cours;Civilisation S1;L1 LLCER - EA;12;Amphi B (EC9-02);16035
2025-11-25;Amphi 3 (LET-02);27502;LET;300;140;160;Cours;Civi pays anglo S1;L1 LEA - AE - langues spé;12;Amphi 400 (EC9-01);16026
2025-11-25;Amphi A_A150 (DEG-00);36279;DEG;150;19;131;TD;TD Mathématiques pour la micro;L1 LEA / Ecogestion - AE;2;Salle GREEN A_A01 (DEG-00);36278
2025-11-25;Amphi A_A400 (DEG-00);36274;DEG;400;138;262;Cours;Analyse financière;L3 AES Gestion des entrep;14;Amphi 400 (EC9-01);16026
2025-11-25;Amphi B (SCI_R-00);85297;SCI_R;220;82;138;Cours;Biochimie générale;L2 Sciences de la vie;10;Amphi 40 (EC3-00);17104
2025-11-25;Amphi B (SCI_R-00);85297;SCI_R;220;42;178;Cours;Concept° d'appli internet;L3 Informatique;2;Salle 4 (PAL-00);13840
2025-11-25;Amphi C_A120 (DEG-00);36290;DEG;120;15;105;Cours;Environnement économique;DU TG 1ère Année;10;Salle de réunion D_D04 (DEG-00);36235
2025-11-25;Amphi D (SCI_R-00);84870;SCI_R;192;85;107;Cours;Mécanique du point;L1 Physique, Chimie;7;Amphi 40 (EC3-00);17104
2025-11-25;Amphi E (PAL-00);13842;PAL;75;15;60;CTD;Thermodynamique S3;L2 PC - Physique;20;Salle TP géochimie B330 (SCI_R-03);85206
2025-11-25;Amphi G (DUB-00);17228;DUB;140;53;87;Cours;Intro topologie;L2 Mathématiques;12;Salle de cours 509 (BA2-02);16630
2025-11-25;Amphi G (DUB-00);17228;DUB;140;15;125;CTD;Thermodynamique S3;L2 PC - Physique;1;Salle TP Electronique 39 (DUB-01);17156
2025-11-25;Amphi H (DUB-00);17229;DUB;140;52;88;Cours;Equations diff S5;L3 Mathématiques;1;Salle de cours C_C19 (DEG-01);36561
2025-11-25;Amphi H (DUB-00);17229;DUB;140;27;113;TD;Réact. chim organique;L3 PC - LAS;1;Salle 27 (DUB-00);17235
2025-11-25;Salle de cours 11 (LET-00);27324;LET;80;38;42;Cours;Sociologie du travail;L3 Sociologie;9;Salle de cours 406 (BA2-01);16739
2025-11-25;Salle de cours 12 (LET-00);27321;LET;60;25;35;TD;Histoire moderne;L3 Histoire - ER;11;Salle de cours IEFE 128 (LET-00);27298
2025-11-25;Salle de cours 120 (LET-00);27333;LET;62;26;36;CM;Habitat et vie privée;L2 HAA;11;Salle de cours 144 (EC3-01);17123
2025-11-25;Salle de cours 120 (LET-00);27333;LET;62;30;32;CM;Hist art ibéri mod & cont;L2 HAA;12;Salle de cours 166 (B3-01);15984
2025-11-25;Salle de cours 14 (LET-00);27323;LET;98;14;84;TD;Com & médias all S1;L1 LEA - AA - langues spé;2;Salle informatique 201 (LET-01);27266
2025-11-25;Salle de cours 14 (LET-00);27323;LET;98;30;68;TD;Droit admin TD L2 Droit S3;<L2 Droit><TD droit administratif>Groupe 4;1;Salle de cours IEFE 132 (LET-00);27339
2025-11-25;Salle de cours 14 (LET-00);27323;LET;98;28;70;TD;2 Fondamentaux en ortho 1;<L1 Lettres class & modern><L1 LCM S1 Groupes de TD>L1 LCM S1 TD2;10;Salle de cours 166 (B3-01);15984
2025-11-25;Salle de cours 220 (LET-01);27254;LET;60;10;50;CM;UE3EC2 Question genres et gen;M1 Etudes hispaniques;8;Salle informatique 201 (LET-01);27266
2025-11-25;Salle de cours 32 (LET-02);27514;LET;80;27;53;Cours;Mobilités humaines;L2 Géo Aménagement;11;Salle de cours 10 (LET-00);27320
2025-11-25;Salle de cours 32 (LET-02);27514;LET;80;17;63;Cours;Tourisme, géographie amén;<L2 Géo Aménagement>3S-Tourisme, géographie et aménagement S3;7;Salle de cours IEFE 128 (LET-00);27298
2025-11-25;Salle de cours B_B1 (DEG-00);36289;DEG;100;39;61;TD;TD Analyse financière;<L3 Economie Gestion><TD Analyse Financière>Groupe 6;9;Amphi A_A400 (DEG-00);36274
2025-11-25;Salle de cours B_B1 (DEG-00);36289;DEG;100;42;58;TD;TD Economie et Soutenabilité;<L1 Economie et Gestion><Economie et soutenabilité>Groupe 5;10;Salle de Cours 003 (BA1-00);33458
2025-11-25;Salle de cours B_B1 (DEG-00);36289;DEG;100;40;60;TD;TD Comptabilité;L1 Economie Gestion CMI;7;Salle 16 (PAL-01);13883
2025-11-25;Salle de cours B_B2 (DEG-00);36271;DEG;76;32;44;TD;Intro au droit constit TD;<L1 Droit (Pau)><TD droit constitutionnel>Groupe 9;4;Salle informatique B_B209 (DEG-02);36423
2025-11-25;Salle de cours B_B2 (DEG-00);36271;DEG;76;33;43;TD;TD probabilités;<L2 Economie Gestion><TD Probabilités>Groupe 2;2;Amphi A_A400 (DEG-00);36274
2025-11-25;Salle de cours B_B2 (DEG-00);36271;DEG;76;36;40;TD;TD Economie et Soutenabilité;<L1 Economie et Gestion><Economie et soutenabilité>Groupe 4;6;Salle de cours 05 (STAP-00);45520
2025-11-25;Salle de cours C_C01 (DEG-00);36291;DEG;79;23;56;Cours;Droit professio. notarial;M2 Droit Notarial;1;Salle GREEN A_A01 (DEG-00);36278
2025-11-25;Salle de cours C_C01 (DEG-00);36291;DEG;79;15;64;Cours;Management comptable 2;DU TG 2ième Année;1;Salle de réunion D_D04 (DEG-00);36235
2025-11-25;Salle de cours C_C03 (DEG-00);36287;DEG;50;23;27;CM;Droit rural;M2 Droit Notarial;1;Salle GREEN A_A01 (DEG-00);36278
2025-11-25;Salle de cours C_C03 (DEG-00);36287;DEG;50;23;27;CM;Entrainements;M2 Police et Sécu inté;1;Salle GREEN A_A01 (DEG-00);36278
2025-11-25;Salle de cours C_C04 (DEG-00);36292;DEG;50;13;37;Cours;Hist. des dts de l'H.;M1 Droit exécution peines;24;Salle GREEN A_A01 (DEG-00);36278
2025-11-25;Salle de cours C_C04 (DEG-00);36292;DEG;50;13;37;Cours;Hist. des dts de l'H.;M1 Droit exécution peines;24;Salle GREEN A_A01 (DEG-00);36278
2025-11-25;Salle de cours C_C04 (DEG-00);36292;DEG;50;6;44;Cours;Dt Adm Spécial Ecrit;CAPA Droit 2e année (PAU);13;Salle informatique B_BARETOUS (DEG-01);36548
2025-11-26;Amphi 1 (LET-00);27353;LET;150;65;85;Cours;Méthodo quantitative 1;L2 Sociologie;9;Salle de cours 131 (B2-01);16957
2025-11-26;Amphi 1 (LET-00);27353;LET;150;68;82;CM;1 Littérature comparée 5;L3 Lettres modernes;10;Salle de cours 131 (B2-01);16957
2025-11-26;Amphi 1 (LET-00);27353;LET;150;40;110;CM;1 Littérature comparée 1;L1 Lettres class & modern;11;Salle de cours 133 (LET-00);27338
2025-11-26;Amphi 2 (LET-00);27354;LET;140;65;75;Cours;Sociologie territoires;L2 Sociologie;8;Salle de cours 131 (B2-01);16957
2025-11-26;Amphi 2 (LET-00);27354;LET;140;68;72;CM;Culture historique;L1 HAA;11;Salle de cours 131 (B2-01);16957
2025-11-26;Amphi 3 (LET-02);27502;LET;300;140;160;Cours;Expr française S1 CM;L1 LEA - AE - langues spé;13;Amphi 400 (EC9-01);16026
2025-11-26;Amphi 3 (LET-02);27502;LET;300;124;176;Cours;Linguistique S1;L1 LLCER - EA;12;Amphi B (EC9-02);16035
2025-11-26;Amphi 3 (LET-02);27502;LET;300;124;176;Cours;Littérature S1;L1 LLCER - EA;12;Amphi B (EC9-02);16035
2025-11-26;Amphi 3 (LET-02);27502;LET;300;140;160;Cours;Gram angl S1 CM;L1 LEA - AE - langues spé;6;Amphi 400 (EC9-01);16026
2025-11-26;Amphi A_A150 (DEG-00);36279;DEG;150;16;134;CM;Thematic culture 3;<M2 SGM - BIM><Parcours CMI>CMI- GEM BIM 5ème Année;6;Salle GREEN A_A01 (DEG-00);36278
2025-11-26;Amphi A_A150 (DEG-00);36279;DEG;150;44;106;Cours;Informatique;L3 AES Adm géné & dév soc;14;Salle 7 (PAL-00);13839
2025-11-26;Amphi A_A300 (DEG-00);36276;DEG;300;149;151;Cours;Économie internationale 1;L3 AES Gestion des entrep;13;Amphi 400 (EC9-01);16026
2025-11-26;Amphi A_A400 (DEG-00);36274;DEG;400;159;241;Cours;Comptabilité 2;L2 Economie Gestion CMI;11;Amphi (STAP-00);18427
2025-11-26;Amphi B (SCI_R-00);85297;SCI_R;220;85;135;Cours;MTU;L1 Physique, Chimie;4;Amphi 40 (EC3-00);17104
2025-11-26;Amphi D (SCI_R-00);84870;SCI_R;192;48;144;Cours;Chimie des solutions 3;L2 PC - LAS;8;Salle de Cours 003 (BA1-00);33458
2025-11-26;Amphi E (PAL-00);13842;PAL;75;27;48;Cours;Diagramme état thermo mél;L3 PC - LAS;10;Salle de cours 144 (EC3-01);17123
2025-11-26;Amphi E (PAL-00);13842;PAL;75;27;48;TD;Diagramme état thermo mél;L3 PC - LAS;11;Salle de cours 144 (EC3-01);17123
2025-11-26;Amphi G (DUB-00);17228;DUB;140;53;87;Cours;Analyse 3 S3;L2 Mathématiques;16;Salle de cours 509 (BA2-02);16630
2025-11-26;Amphi G (DUB-00);17228;DUB;140;41;99;Cours;Maths géné pour l'info;<L1 Informatique><Groupes TD>L1 Info Gr1;4;Amphi H (DUB-00);17229
2025-11-26;Amphi H (DUB-00);17229;DUB;140;42;98;Cours;Techno orientée objet;L3 Informatique;6;Salle de Cours 003 (BA1-00);33458
2025-11-26;Amphi H (DUB-00);17229;DUB;140;48;92;Cours;Thermodynamique chimique;L2 PC - LAS;3;Salle de Cours 003 (BA1-00);33458
2025-11-26;Salle de cours 10 (LET-00);27320;LET;60;24;36;Cours;2 Traduction littéraire 1;L3 Lettres modernes;11;Salle de cours IEFE 127 (LET-00);27296
2025-11-26;Salle de cours 107 (LET-00);27308;LET;68;16;52;TD;Gram esp S1 TD;<L1 LEA - AE - langues spé><L1 LEA Spé TD>L1 LEA Gpe A;12;Salle informatique 313 (LET-02);27510
2025-11-26;Salle de cours 12 (LET-00);27321;LET;60;25;35;TD;Compétences rédactionelle;<L1 Histoire><L1 Histoire Sem1>TD1 Histoire Sem1;1;Salle de cours IEFE 127 (LET-00);27296
2025-11-26;Salle de cours 12 (LET-00);27321;LET;60;26;34;TD;Compétences rédactionelle;<L1 Histoire><L1 Histoire Sem1>TD2 Histoire Sem1;1;Salle de cours IEFE 127 (LET-00);27296
2025-11-26;Salle de cours 12 (LET-00);27321;LET;60;24;36;TD;Compétences rédactionelle;<L1 Histoire><L1 Histoire Sem1>TD3 Histoire Sem1;11;Salle de cours 105 (LET-00);27306
2025-11-26;Salle de cours 120 (LET-00);27333;LET;62;15;47;TD;1 Méthodologie S7;M1 Lettres et arts;9;Salle informatique 202 (LET-01);27273
2025-11-26;Salle de cours 120 (LET-00);27333;LET;62;26;36;TD;TD Art en Europe XVIe S;L2 HAA;12;Salle de cours 144 (EC3-01);17123
2025-11-26;Salle de cours 121 (LET-00);27332;LET;70;28;42;TD;Introduction à la recherche;L3 LLCER - EA - ER;4;Salle de cours 14 (LET-00);27323
2025-11-26;Salle de cours 13 (LET-00);27322;LET;70;12;58;TD;Expr française S1 TD;L1 LEA - AA - langues spé;12;Labo de Langues 316 (LET-02);27521
2025-11-26;Salle de cours 13 (LET-00);27322;LET;70;28;42;TD;Gram & thème esp S3 TD;L2 LEA - AE - écogestion;12;Salle de cours 10 (LET-00);27320
2025-11-26;Salle de cours 220 (LET-01);27254;LET;60;26;34;CM;Archéo ville au MÂ;L2 HAA;8;Salle de cours 144 (EC3-01);17123
2025-11-26;Salle de cours 220 (LET-01);27254;LET;60;16;44;TD;Méthodologie des concours;L3 Histoire - EJSP;12;Salle informatique 314 (LET-02);27509
2025-11-26;Salle de cours 23 (LET-01);27248;LET;80;25;55;CM;Histoire moderne;L3 Histoire - ER;12;Salle GREEN A_A01 (DEG-00);36278
2025-11-26;Salle de cours 301 (LET-02);27528;LET;70;12;58;Cours;Agreg. Espagnol Mariana S1;M2 Etudes hispaniques;5;Salle informatique 313 (LET-02);27510
2025-11-26;Salle de cours 31 (LET-02);27515;LET;60;5;55;TD;Séminaire Elyse Ritchey;PREPA. AGREGAT. ESPAGNOL;4;Salle informatique 215 (LET-01);27272
2025-11-26;Salle de cours 32 (LET-02);27514;LET;80;20;60;TD;Portrait de territoire;<L3 GA - TDDTE>5S-Portrait de territoire S5;11;Labo de Langues 316 (LET-02);27521
2025-11-26;Salle de cours 32 (LET-02);27514;LET;80;7;73;TD;Intro. aux concours Sem5;<L3 GA - TDDTE>5S-Introduction aux concours S5;11;Salle informatique 313 (LET-02);27510
2025-11-26;Salle de cours B_B1 (DEG-00);36289;DEG;100;21;79;TD;Dt fondamentaux TD;<L3 Droit><TD Droits fondamentaux>Groupe 1;8;Salle GREEN A_A01 (DEG-00);36278
2025-11-26;Salle de cours B_B1 (DEG-00);36289;DEG;100;20;80;TD;Dt fondamentaux TD;<L3 Droit><TD Droits fondamentaux>Groupe 2;8;Salle GREEN A_A01 (DEG-00);36278
2025-11-26;Salle de cours B_B1 (DEG-00);36289;DEG;100;32;68;TD;Droit admin TD L2 Droit S3;<L2 Droit><TD droit administratif>Groupe 6;6;Salle de cours B_B6 (DEG-00);36270
2025-11-26;Salle de cours B_B2 (DEG-00);36271;DEG;76;35;41;TD;Pocédure pénale TD;<L3 Droit><TD Procédure pénale>Groupe 1;10;Amphi A_A400 (DEG-00);36274
2025-11-26;Salle de cours C_C03 (DEG-00);36287;DEG;50;22;28;TD;TD intro à la Gestion;<L1 Economie et Gestion><TD Intro à la Gestion>Groupe 6;6;Salle GREEN A_A01 (DEG-00);36278
2025-11-26;Salle de cours C_C03 (DEG-00);36287;DEG;50;8;42;Cours;Droit Commercial Oral;CAPA Droit 1e année (PAU);12;Salle de réunion IAE CREG D_D210 (DEG-02);36444
2025-11-26;Salle de cours C_C04 (DEG-00);36292;DEG;50;13;37;Cours;Anglais M1 DEG S7;<M1 Droit privé général><TD Anglais>Anglais M1 Droit Mutualisé Gp 4;8;Salle GREEN A_A01 (DEG-00);36278
2025-11-26;Salle de cours C_C04 (DEG-00);36292;DEG;50;10;40;Cours;DER Pluridisciplinaire;M2 Droit privé général;4;Salle de réunion Direction C_SR1 (DEG-00);36286
2025-11-26;Salle de cours C_C04 (DEG-00);36292;DEG;50;6;44;Cours;Dt Adm Spécial Ecrit;CAPA Droit 2e année (PAU);13;Salle informatique B_BARETOUS (DEG-01);36548
2025-11-27;AMPHI STID (STI-00);24832;STI;165;32;133;Cours;R1.03 Bases trsfr chaleur;BUT 1 - MTEE;4;Salle de cours 508 (BA2-02);16629
2025-11-27;Amphi 1 (LET-00);27353;LET;150;74;76;CM;1 Littérature française 1;L1 Lettres - CTD;11;Salle de cours 23 (LET-01);27248
2025-11-27;Amphi A_A150 (DEG-00);36279;DEG;150;16;134;CM;Thematic culture 3;<M2 SGM - BIM><Parcours CMI>CMI- GEM BIM 5ème Année;6;Salle GREEN A_A01 (DEG-00);36278
2025-11-27;Amphi A_A150 (DEG-00);36279;DEG;150;16;134;CM;Thematic culture 3;<M2 SGM - BIM><Parcours CMI>CMI- GEM BIM 5ème Année;6;Salle GREEN A_A01 (DEG-00);36278
2025-11-27;Amphi A_A400 (DEG-00);36274;DEG;400;83;317;Cours;Intro science pol;<L2 AES>Intro à la science politique;14;Amphi 40 (EC3-00);17104
2025-11-27;Amphi A_A400 (DEG-00);36274;DEG;400;83;317;Cours;Intro science pol;<L2 AES>Intro à la science politique;14;Amphi 40 (EC3-00);17104
2025-11-27;Amphi A_A600 (DEG-00);36275;DEG;600;280;320;Cours;Eco & Soutenabilité;L1 Economie et Gestion;8;Amphi 400 (EC9-01);16026
2025-11-27;Amphi B (SCI_R-00);85297;SCI_R;220;82;138;Cours;Biologie cellulaire;L2 Sciences de la vie;1;Amphi A (SCI_R-00);85316
2025-11-27;Amphi C (SCI_R-00);84869;SCI_R;192;87;105;Cours;UE Découverte II: MMI;L1 Informatique;11;Amphi 40 (EC3-00);17104
2025-11-27;Amphi D (SCI_R-00);84870;SCI_R;192;60;132;Cours;Compléments Math 1 S1;L1 Mathématiques;2;Salle de cours 304 (BA2-00);16671
2025-11-27;Amphi E (PAL-00);13842;PAL;75;16;59;TD;Maths géné pour l'info;<L1 Informatique><Groupes TD>L1 Info Gr2;1;Salle 4 (PAL-00);13840
2025-11-27;Amphi F (PAL-00);13841;PAL;75;27;48;TD;Diagramme état thermo mél;L3 PC - LAS;1;Salle 4 (PAL-00);13840
2025-11-27;Amphi F (PAL-00);13841;PAL;75;22;53;TD;Ana & algèbre 1 PPPE;L3 MIASHS - PPPE;4;Salle 17 (PAL-01);13878
2025-11-27;Amphi H (DUB-00);17229;DUB;140;27;113;Cours;Structure réactivité molé;L3 PC - LAS;10;Salle de cours 144 (EC3-01);17123
2025-11-27;Salle de cours 120 (LET-00);27333;LET;62;13;49;CM;UE14EC1 Id et altérité litté;M2 Etudes anglophones;8;Salle informatique 215 (LET-01);27272
2025-11-27;Salle de cours 23 (LET-01);27248;LET;80;3;77;TD;Atelier Historien contemp;L3 Histoire - Art & Patri;13;Labo de Langues 312 (LET-02);27512
2025-11-27;Salle de cours 30 (LET-02);27513;LET;60;12;48;CM;Thematic culture 1;<M1 CSV - EACM- GREEN>M1 GREEN EACM Thematic Culture;5;Salle informatique 201 (LET-01);27266
2025-11-27;Salle de cours 30 (LET-02);27513;LET;60;11;49;CM;Project management;<M1 CSV - EACM- GREEN>M1 GREEN EACM Project Management;4;Salle informatique 201 (LET-01);27266
2025-11-27;Salle de cours 301 (LET-02);27528;LET;70;32;38;CM;Civi esp et hisp-am S1;L1 LLCER - EH;2;Salle de cours 133 (LET-00);27338
2025-11-27;Salle de cours B_B1 (DEG-00);36289;DEG;100;36;64;TD;Intro gestion TD;<L1 AES><TD Introduction à la gestion>Groupe 5;7;Salle de cours 162 (B3-01);15996
2025-11-27;Salle de cours C_C03 (DEG-00);36287;DEG;50;8;42;Cours;Droit Public Ecrit;CAPA Droit 1e année (PAU);22;Salle informatique B_BARETOUS (DEG-01);36548
2025-11-27;Salle de cours C_C04 (DEG-00);36292;DEG;50;6;44;Cours;Proc Civ/Voies exéc Ecrit;CAPA Droit 2e année (PAU);12;Salle informatique B_BARETOUS (DEG-01);36548
2025-11-27;Salle de cours C_C18 (DEG-01);36560;DEG;50;17;33;Cours;Anglais;<M2 Drt Act publique loc><TD Anglais>Anglais M2 Droit Public;9;Salle informatique B_OSSAU (DEG-01);36551
2025-11-27;Salle de cours C_C18 (DEG-01);36560;DEG;50;18;32;CM;Théorie gén des libertés;M1 Dt cont des libertés;8;Salle de cours 007 (BA1-00);33446
2025-11-27;Salle de cours C_C18 (DEG-01);36560;DEG;50;18;32;CM;Théorie gén des libertés;M1 Dt cont des libertés;8;Salle de cours 007 (BA1-00);33446
2025-11-28;Amphi 1 (LET-00);27353;LET;150;51;99;TD;2 Stylistique 1;L2 Lettres classiques;6;Salle de cours 509 (BA2-02);16630
2025-11-28;Amphi 3 (LET-02);27502;LET;300;104;196;Cours;Intro à l'anthropologie;L1 Sociologie;9;Amphi B (EC9-02);16035
2025-11-28;Amphi A (SCI_R-00);85316;SCI_R;216;16;200;Cours;Séries intro calcul proba;L2 MIASHS;1;Salle info B214 (SCI_R-02);85101
2025-11-28;Amphi A_A400 (DEG-00);36274;DEG;400;44;356;Cours;Droit du travail CM;L3 AES Adm géné & dév soc;23;Salle de Cours 003 (BA1-00);33458
2025-11-28;Amphi A_A400 (DEG-00);36274;DEG;400;44;356;Cours;Droit du travail CM;L3 AES Adm géné & dév soc;23;Salle de Cours 003 (BA1-00);33458
2025-11-28;Amphi E (PAL-00);13842;PAL;75;27;48;Cours;Catalyse homogène;L3 PC - LAS;1;Salle 16 (PAL-01);13883
2025-11-28;Amphi F (PAL-00);13841;PAL;75;11;64;TD;Biologie moléculaire;<L2 Sciences de la vie><Groupes TP S3>L2 SDV GR3 chimiste;1;Salle 16 (PAL-01);13883
2025-11-28;Amphi G (DUB-00);17228;DUB;140;48;92;TD;Chim orga fonct, méca réa;L2 PC - LAS;7;Salle de Cours 003 (BA1-00);33458
2025-11-28;Amphi G (DUB-00);17228;DUB;140;60;80;Cours;Calcul scientifique;L2 Informatique;1;Amphi H (DUB-00);17229
2025-11-28;Amphi G (DUB-00);17228;DUB;140;36;104;CTD;OUMOBIO 3;L3 SDV - LAS;1;Salle 25bis (DUB-00);17239
2025-11-28;Amphi H (DUB-00);17229;DUB;140;48;92;TD;Thermodynamique chimique;L2 PC - LAS;1;Salle 23 (DUB-00);17231
2025-11-28;Amphi H (DUB-00);17229;DUB;140;60;80;Cours;Calcul scientifique;L2 Informatique;8;Salle de cours 304 (BA2-00);16671
2025-11-28;Salle de cours 107 (LET-00);27308;LET;68;30;38;TD;Gram angl S1 TD;L1 LEA - AA - langues spé;12;Salle de cours 22 (LET-01);27244
2025-11-28;Salle de cours 11 (LET-00);27324;LET;80;38;42;Cours;Sciences politiques;L3 Sociologie;10;Salle multimedia UTLA 137 (LET-00);27300
2025-11-28;Salle de cours 11 (LET-00);27324;LET;80;38;42;Cours;Actualités sociologiques;L3 Sociologie;8;Salle de cours 406 (BA2-01);16739
2025-11-28;Salle de cours 120 (LET-00);27333;LET;62;26;36;CM;Cult architectu & urbaine;L2 HAA;7;Amphi 3 (LET-02);27502
2025-11-28;Salle de cours 120 (LET-00);27333;LET;62;26;36;CM;Archéologie préhistoire;L2 HAA;5;Salle de cours 144 (EC3-01);17123
2025-11-28;Salle de cours 220 (LET-01);27254;LET;60;16;44;CM;Environnement institution;L3 Histoire - EJSP;10;Salle informatique 215 (LET-01);27272
2025-11-28;Salle de cours 23 (LET-01);27248;LET;80;29;51;TD;Histoire comtemporaine;<L1 Histoire><L1 Histoire Sem1>TD3 Histoire Sem1;11;Salle de cours 166 (B3-01);15984
2025-11-28;Salle de cours 23 (LET-01);27248;LET;80;32;48;TD;Histoire comtemporaine;<L1 Histoire><L1 Histoire Sem1>TD1 Histoire Sem1;11;Salle de cours 508 (BA2-02);16629
2025-11-28;Salle de cours 23 (LET-01);27248;LET;80;1;79;CM;Histoire des idées politi;<L2 Histoire>0 Hist. des idées politiques Sem3;10;Salle informatique 313 (LET-02);27510
2025-11-28;Salle de cours 301 (LET-02);27528;LET;70;19;51;CM;Civi esp et hisp-am S5;L3 LLCER - EH - ER;8;Salle de cours 204 (LET-01);27267
2025-11-28;Salle de cours 301 (LET-02);27528;LET;70;24;46;CM;Nouv chps patrimoniaux;L3 HAA - HA;10;Salle 15 (PAL-01);13885
2025-11-28;Salle de cours 301 (LET-02);27528;LET;70;24;46;TD;Nouv chps patrimoniaux;L3 HAA - HA;10;Salle de cours 30 (LET-02);27513
2025-11-28;Salle de cours 301 (LET-02);27528;LET;70;5;65;CM;Agreg. Espagnol Version clasS1;PREPA. AGREGAT. ESPAGNOL;12;Labo de Langues 312 (LET-02);27512
2025-11-28;Salle de cours 31 (LET-02);27515;LET;60;5;55;CM;Agreg. Espagnol Ling. S1;PREPA. AGREGAT. ESPAGNOL;12;Salle informatique 201 (LET-01);27266
2025-11-28;Salle de cours B_B1 (DEG-00);36289;DEG;100;30;70;CM;Comptabilité;<M1 Droit Notarial>Comptabilité;16;Salle de cours 166 (B3-01);15984
2025-11-28;Salle de cours B_B1 (DEG-00);36289;DEG;100;30;70;CM;Comptabilité;<M1 Droit Notarial>Comptabilité;16;Salle de cours 166 (B3-01);15984
2025-11-28;Salle de cours B_B1 (DEG-00);36289;DEG;100;18;82;Cours;Dt pén.et procéd.pén. CM;<M1 Procédures contentieux>Droit pénal et procédure pénale approfondis;21;Salle GREEN A_A01 (DEG-00);36278
2025-11-28;Salle de cours B_B1 (DEG-00);36289;DEG;100;24;76;TD;Intro au droit constit TD;<L1 Droit (Pau)><TD droit constitutionnel>Groupe 10;8;Salle GREEN A_A01 (DEG-00);36278
2025-11-28;Salle de cours B_B2 (DEG-00);36271;DEG;76;23;53;CM;Droit rural;M2 Droit Notarial;3;Salle GREEN A_A01 (DEG-00);36278
2025-11-28;Salle de cours B_B2 (DEG-00);36271;DEG;76;29;47;TD;TD Macroéconomie;<L2 Economie Gestion><TD Macroéconomie>Groupe 4;4;Salle de cours B_B211 (DEG-02);36425
2025-11-28;Salle de cours C_C01 (DEG-00);36291;DEG;79;11;68;Cours;Recomposition;M2 Droit transitions EE;1;Salle immersive D_D20bis (DEG-00);83663
2025-11-28;Salle de cours C_C18 (DEG-01);36560;DEG;50;24;26;TD;TD Conjoncture et croissance;L3 Economie Gestion CMI;9;Salle GREEN A_A01 (DEG-00);36278
2025-12-01;Amphi 1 (LET-00);27353;LET;150;43;107;Cours;Géographie & aménagement;L1 Géo Aménagement;11;Salle de cours 12 (LET-00);27321
2025-12-01;Amphi 1 (LET-00);27353;LET;150;43;107;Cours;Intro géo des populations;L1 Géo Aménagement;10;Salle de cours 12 (LET-00);27321
2025-12-01;Amphi 2 (LET-00);27354;LET;140;65;75;Cours;Civi pays hispano S3;L2 LEA - AE - langues spé;12;Salle de cours 13 (LET-00);27322
2025-12-01;Amphi 2 (LET-00);27354;LET;140;17;123;Cours;Découverte Anglais S1;<L1 LLCER - EH>Découverte CM Anglais S1;12;Salle informatique 313 (LET-02);27510
2025-12-01;Amphi 3 (LET-02);27502;LET;300;126;174;Cours;Civi pays hispano S1;L1 LEA - AE - langues spé;13;Amphi 1 (LET-00);27353
2025-12-01;Amphi 3 (LET-02);27502;LET;300;103;197;CM;Histoire comtemporaine;L1 Histoire;11;Amphi B (EC9-02);16035
2025-12-01;Amphi A_A150 (DEG-00);36279;DEG;150;11;139;Cours;Econométrie;<L3 Economie Gestion>Coloration banque et finance;6;Salle immersive D_D20bis (DEG-00);83663
2025-12-01;Amphi A_A150 (DEG-00);36279;DEG;150;40;110;Cours;Informatique;L2 AES;9;Salle Recherche (B3-00);15968
2025-12-01;Amphi A_A300 (DEG-00);36276;DEG;300;65;235;Cours;Hist dt oblig & dt pub 19;<L2 Droit>Histoire du droit des obligations;18;Salle de cours 131 (B2-01);16957
2025-12-01;Amphi A_A300 (DEG-00);36276;DEG;300;65;235;Cours;Hist dt oblig & dt pub 19;<L2 Droit>Histoire du droit des obligations;18;Salle de cours 131 (B2-01);16957
2025-12-01;Amphi A_A400 (DEG-00);36274;DEG;400;19;381;TD;TD Economie et Soutenabilité;L1 LEA / Ecogestion - AE;1;Salle GREEN A_A01 (DEG-00);36278
2025-12-01;Amphi A_A400 (DEG-00);36274;DEG;400;33;367;Cours;Procédure pénale CM;CERTIF SC CRIM;10;Salle de cours C_C13 (DEG-01);36555
2025-12-01;Amphi B (SCI_R-00);85297;SCI_R;220;110;110;Cours;Mathématiques s1;L1 Physique, Chimie;9;Amphi B (EC9-02);16035
2025-12-01;Amphi B (SCI_R-00);85297;SCI_R;220;47;173;Cours;Roches et Chronologie;L1 Sciences de la terre;2;Amphi A (SCI_R-00);85316
2025-12-01;Amphi C_A120 (DEG-00);36290;DEG;120;24;96;Cours;FUSIONS;M2 Compta ctrl audit;1;Salle GREEN A_A01 (DEG-00);36278
2025-12-01;Amphi C_A120 (DEG-00);36290;DEG;120;56;64;Cours;CM Stratégie théorie orga;M1 Management SI;6;Salle de cours 163 (B3-01);15991
2025-12-01;Amphi D (SCI_R-00);84870;SCI_R;192;80;112;Cours;OUMOBIO 1;L2 SDV - LAS;5;Amphi Elsa Serfass (BA1-00);33455
2025-12-01;Amphi D (SCI_R-00);84870;SCI_R;192;60;132;Cours;Algèbre 1 S1;L1 Mathématiques;8;Salle de cours 304 (BA2-00);16671
2025-12-01;Amphi E (PAL-00);13842;PAL;75;22;53;Cours;Ana & algèbre 1 PPPE;L3 MIASHS - PPPE;11;Salle 15 (PAL-01);13885
2025-12-01;Amphi G (DUB-00);17228;DUB;140;53;87;Cours;Analyse 3 S3;L2 Mathématiques;16;Salle de cours 509 (BA2-02);16630
2025-12-01;Amphi G (DUB-00);17228;DUB;140;48;92;TD;Chim orga fonct, méca réa;L2 PC - LAS;7;Salle de Cours 003 (BA1-00);33458
2025-12-01;Amphi H (DUB-00);17229;DUB;140;27;113;TD;Structure réactivité molé;L3 PC - LAS;3;Salle 25 (DUB-00);17240
2025-12-01;Salle de cours 10 (LET-00);27320;LET;60;24;36;Cours;2 Traduction littéraire 1;L3 Lettres modernes;11;Salle de cours IEFE 127 (LET-00);27296
2025-12-01;Salle de cours 107 (LET-00);27308;LET;68;1;67;TD;ALLEMAND A1 SI;<UE transverses CRL>UET Allemand niveau A1 GR 2;9;Salle informatique 201 (LET-01);27266
2025-12-01;Salle de cours 11 (LET-00);27324;LET;80;8;72;TD;Anglais;M2 GREEN-ASSET - GÉO;2;Salle immersive & UNITA 305 (LET-02);81132
2025-12-01;Salle de cours 11 (LET-00);27324;LET;80;8;72;TD;Anglais;M2 GREEN-ASSET - GÉO;2;Salle immersive & UNITA 305 (LET-02);81132
2025-12-01;Salle de cours 12 (LET-00);27321;LET;60;16;44;CM;Enjeux contemporains;L3 Histoire - EJSP;12;Salle informatique 313 (LET-02);27510
2025-12-01;Salle de cours 120 (LET-00);27333;LET;62;20;42;CM;Arts déco et design;L3 HAA - HA;12;Salle informatique 313 (LET-02);27510
2025-12-01;Salle de cours 120 (LET-00);27333;LET;62;26;36;CM;CM Art en Europe XVIe S;L2 HAA;12;Salle multimedia UTLA 137 (LET-00);27300
2025-12-01;Salle de cours 120 (LET-00);27333;LET;62;30;32;TD;TD Microéconomie;<L2 Economie Gestion><TD Microéconomie 2>Groupe 2;1;Salle de cours 22 (LET-01);27244
2025-12-01;Salle de cours 121 (LET-00);27332;LET;70;28;42;CTD;Préparation aux concours;L3 LLCER - EA - ER;3;Salle de cours 109 (LET-00);27289
2025-12-01;Salle de cours 121 (LET-00);27332;LET;70;11;59;TD;Découverte anglais TD 2;<L1 Lettres - CTD>Découverte Anglais S1 Gpe 2;9;Salle informatique 214 (LET-01);27271
2025-12-01;Salle de cours 14 (LET-00);27323;LET;98;3;95;Cours;Découverte espagnol S1;<L1 LLCER - EA>Découverte CM Espagnol S1;13;Salle informatique 313 (LET-02);27510
2025-12-01;Salle de cours 220 (LET-01);27254;LET;60;3;57;TD;Atelier Historien MÂ/mode;L3 Histoire - Art & Patri;11;Labo de Langues 312 (LET-02);27512
2025-12-01;Salle de cours 23 (LET-01);27248;LET;80;16;64;CM;L'Etat;L3 Histoire - EJSP;11;Salle informatique 313 (LET-02);27510
2025-12-01;Salle de cours 23 (LET-01);27248;LET;80;16;64;TD;L'Etat;L3 Histoire - EJSP;11;Salle informatique 313 (LET-02);27510
2025-12-01;Salle de cours 301 (LET-02);27528;LET;70;6;64;TD;Découverte espagnol S1;<L1 Lettres - CTD>Découverte Espagnol S1 Gpe 1;9;Salle multimedia UTLA 137 (LET-00);27300
2025-12-01;Salle de cours 301 (LET-02);27528;LET;70;7;63;TD;Découverte espagnol S1;<L1 LLCER - EA>Découverte espagnol S1 Gpe 2;9;Salle informatique 214 (LET-01);27271
2025-12-01;Salle de cours B_B1 (DEG-00);36289;DEG;100;23;77;TD;Dt civil des biens TD;<L3 Droit><TD Droit civil des biens>Groupe 3;8;Salle de cours/informatique C_C02 (DEG-00);36288
2025-12-01;Salle de cours B_B1 (DEG-00);36289;DEG;100;11;89;Cours;Économie publique;<L3 Economie Gestion>Coloration banque et finance;7;Salle informatique B_ASPE (DEG-01);36531
2025-12-01;Salle de cours B_B1 (DEG-00);36289;DEG;100;11;89;Cours;Économie publique;<L3 Economie Gestion>Coloration banque et finance;7;Salle informatique B_ASPE (DEG-01);36531
2025-12-01;Salle de cours B_B1 (DEG-00);36289;DEG;100;40;60;Cours;Droit des obligations;L2 AES;18;Salle Recherche (B3-00);15968
2025-12-01;Salle de cours B_B1 (DEG-00);36289;DEG;100;40;60;Cours;Droit des obligations;L2 AES;18;Salle Recherche (B3-00);15968
2025-12-01;Salle de cours B_B2 (DEG-00);36271;DEG;76;26;50;TD;Dt civil des biens TD;<L3 Droit><TD Droit civil des biens>Groupe 1;9;Salle de cours B_B3 (DEG-00);36272
2025-12-01;Salle de cours B_B2 (DEG-00);36271;DEG;76;34;42;TD;Droit du travail TD;<L3 Droit><TD Droit du travail>Groupe 2;5;Salle informatique B_B209 (DEG-02);36423
2025-12-01;Salle de cours B_B2 (DEG-00);36271;DEG;76;37;39;TD;TD Economie et Soutenabilité;<L1 Economie et Gestion><Economie et soutenabilité>Groupe 2;8;Salle de cours 406 (BA2-01);16739
2025-12-01;Salle de cours B_B2 (DEG-00);36271;DEG;76;28;48;TD;TD Comptabilités des sociétés;<L3 Economie Gestion>Coloration Comptabilité et management;8;Salle de cours B_B8 (DEG-00);36277
2025-12-01;Salle de cours C_C01 (DEG-00);36291;DEG;79;8;71;CM;Contentieux constitution.;M2 Dt cont des libertés;1;Salle de réunion IAE CREG D_D210 (DEG-02);36444
2025-12-01;Salle de cours C_C03 (DEG-00);36287;DEG;50;8;42;Cours;Droit Civil Ecrit;CAPA Droit 1e année (PAU);21;Salle informatique B_BARETOUS (DEG-01);36548
2025-12-01;Salle de cours C_C04 (DEG-00);36292;DEG;50;6;44;Cours;Economie Politique Oral;CAPA Droit 2e année (PAU);14;Salle de réunion IAE CREG D_D210 (DEG-02);36444
2025-12-01;Salle de cours C_C19 (DEG-01);36561;DEG;52;24;28;Cours;CAC ET AUDIT;M2 Compta ctrl audit;3;Salle GREEN A_A01 (DEG-00);36278
2025-12-02;AMPHI STID (STI-00);24832;STI;165;32;133;CM;3.05 Algèbre linéaire;BUT 2 SD - Exploration;4;Salle de cours 508 (BA2-02);16629
2025-12-02;Amphi 1 (LET-00);27353;LET;150;46;104;Cours;Civilisation S5;L3 LLCER - EA - ER;7;Salle de Cours 003 (BA1-00);33458
2025-12-02;Amphi 1 (LET-00);27353;LET;150;51;99;TD;3 Histoire langue fr 3;L2 Lettres classiques;5;Salle de cours 509 (BA2-02);16630
2025-12-02;Amphi 1 (LET-00);27353;LET;150;26;124;CM;CM Vill occid romain;L2 HAA;9;Salle de cours IEFE 128 (LET-00);27298
2025-12-02;Amphi 3 (LET-02);27502;LET;300;43;257;Cours;Intro à la géographie-CM;L1 Géo Aménagement;12;Salle de cours 134 (LET-00);27341
2025-12-02;Amphi 3 (LET-02);27502;LET;300;104;196;Cours;Intro Sociologie S1;L1 Sociologie;11;Amphi B (EC9-02);16035
2025-12-02;Amphi 3 (LET-02);27502;LET;300;124;176;Cours;Civilisation S1;L1 LLCER - EA;12;Amphi B (EC9-02);16035
2025-12-02;Amphi 3 (LET-02);27502;LET;300;140;160;Cours;Civi pays anglo S1;L1 LEA - AE - langues spé;12;Amphi 400 (EC9-01);16026
2025-12-02;Amphi A_A400 (DEG-00);36274;DEG;400;138;262;Cours;Analyse financière;L3 AES Gestion des entrep;14;Amphi 400 (EC9-01);16026
2025-12-02;Amphi A_A400 (DEG-00);36274;DEG;400;40;360;Cours;Droit des obligations;L2 AES;2;Salle de cours C_C01 (DEG-00);36291
2025-12-02;Amphi A_A400 (DEG-00);36274;DEG;400;40;360;Cours;Droit des obligations;L2 AES;2;Salle de cours C_C01 (DEG-00);36291
2025-12-02;Amphi C_A120 (DEG-00);36290;DEG;120;24;96;TD;Travaux de groupes - CAC&Audit;M2 Compta ctrl audit;2;Salle GREEN A_A01 (DEG-00);36278
2025-12-02;Amphi C_A120 (DEG-00);36290;DEG;120;24;96;TD;Travaux de groupes - CAC&Audit;;3;Salle GREEN A_A01 (DEG-00);36278
2025-12-02;Amphi C_A120 (DEG-00);36290;DEG;120;15;105;Cours;Environnement économique;DU TG 1ère Année;10;Salle de réunion D_D04 (DEG-00);36235
2025-12-02;Amphi E (PAL-00);13842;PAL;75;14;61;Cours;OMP S3;L2 PC - Physique;11;Salle 18 (PAL-01);13877
2025-12-02;Amphi G (DUB-00);17228;DUB;140;52;88;Cours;Equations diff S5;L3 Mathématiques;5;Salle de cours 509 (BA2-02);16630
2025-12-02;Amphi G (DUB-00);17228;DUB;140;53;87;Cours;Intro topologie;L2 Mathématiques;12;Salle de cours 509 (BA2-02);16630
2025-12-02;Amphi G (DUB-00);17228;DUB;140;40;100;Cours;Eléments d'algèbre;L1 MIASHS;7;Salle Recherche (B3-00);15968
2025-12-02;Amphi H (DUB-00);17229;DUB;140;60;80;Cours;Programmat° Fonctionnelle;L2 Informatique;1;Amphi G (DUB-00);17228
2025-12-02;Amphi H (DUB-00);17229;DUB;140;47;93;TD;Physique du globe 1;L1 Sciences de la terre;4;Salle de Cours 003 (BA1-00);33458
2025-12-02;Salle de cours 12 (LET-00);27321;LET;60;25;35;TD;Histoire moderne;L3 Histoire - ER;11;Salle de cours IEFE 128 (LET-00);27298
2025-12-02;Salle de cours 120 (LET-00);27333;LET;62;26;36;CM;Habitat et vie privée;L2 HAA;11;Salle de cours 144 (EC3-01);17123
2025-12-02;Salle de cours 120 (LET-00);27333;LET;62;30;32;CM;Hist art ibéri mod & cont;L2 HAA;12;Salle de cours 166 (B3-01);15984
2025-12-02;Salle de cours 14 (LET-00);27323;LET;98;28;70;TD;2 Fondamentaux en ortho 1;<L1 Lettres class & modern><L1 LCM S1 Groupes de TD>L1 LCM S1 TD2;10;Salle de cours 166 (B3-01);15984
2025-12-02;Salle de cours 220 (LET-01);27254;LET;60;10;50;CM;UE3EC2 Question genres et gen;M1 Etudes hispaniques;8;Salle informatique 201 (LET-01);27266
2025-12-02;Salle de cours 32 (LET-02);27514;LET;80;27;53;TD;Mobilités humaines;L2 Géo Aménagement;1;Salle de cours 21 (LET-01);27247
2025-12-02;Salle de cours 32 (LET-02);27514;LET;80;17;63;Cours;Tourisme, géographie amén;<L2 Géo Aménagement>3S-Tourisme, géographie et aménagement S3;7;Salle de cours IEFE 128 (LET-00);27298
2025-12-02;Salle de cours B_B1 (DEG-00);36289;DEG;100;39;61;TD;TD Analyse financière;<L3 Economie Gestion><TD Analyse Financière>Groupe 6;9;Amphi A_A400 (DEG-00);36274
2025-12-02;Salle de cours B_B1 (DEG-00);36289;DEG;100;42;58;TD;TD Economie et Soutenabilité;<L1 Economie et Gestion><Economie et soutenabilité>Groupe 5;10;Salle de Cours 003 (BA1-00);33458
2025-12-02;Salle de cours B_B2 (DEG-00);36271;DEG;76;32;44;TD;Intro au droit constit TD;<L1 Droit (Pau)><TD droit constitutionnel>Groupe 9;4;Salle informatique B_B209 (DEG-02);36423
2025-12-02;Salle de cours B_B2 (DEG-00);36271;DEG;76;36;40;TD;TD Economie et Soutenabilité;<L1 Economie et Gestion><Economie et soutenabilité>Groupe 4;6;Salle de cours 05 (STAP-00);45520
2025-12-02;Salle de cours B_B2 (DEG-00);36271;DEG;76;29;47;TD;Droit des obligations TD;<L2 Droit><TD droit des obligations>Groupe 6;1;Salle de cours/informatique C_C02 (DEG-00);36288
2025-12-02;Salle de cours C_C01 (DEG-00);36291;DEG;79;24;55;TD;Travaux de groupes - CAC&Audit;;3;Salle de cours/informatique C_C02 (DEG-00);36288
2025-12-02;Salle de cours C_C03 (DEG-00);36287;DEG;50;8;42;Cours;Droit Public Ecrit;CAPA Droit 1e année (PAU);22;Salle informatique B_BARETOUS (DEG-01);36548
2025-12-02;Salle de cours C_C04 (DEG-00);36292;DEG;50;13;37;Cours;Hist. des dts de l'H.;M1 Droit exécution peines;24;Salle GREEN A_A01 (DEG-00);36278
2025-12-02;Salle de cours C_C04 (DEG-00);36292;DEG;50;13;37;Cours;Hist. des dts de l'H.;M1 Droit exécution peines;24;Salle GREEN A_A01 (DEG-00);36278
2025-12-02;Salle de cours C_C04 (DEG-00);36292;DEG;50;6;44;Cours;Dt Adm Spécial Ecrit;CAPA Droit 2e année (PAU);13;Salle informatique B_BARETOUS (DEG-01);36548
2025-12-02;Salle de cours C_C19 (DEG-01);36561;DEG;52;24;28;TD;Travaux de groupes - CAC&Audit;M2 Compta ctrl audit;3;Salle de cours 167 (B3-01);15986
2025-12-03;AMPHI STID (STI-00);24832;STI;165;32;133;CM;3.02 Systèmes d'informat°;BUT 2 SD - Exploration;1;Salle de cours 508 (BA2-02);16629
2025-12-03;Amphi 1 (LET-00);27353;LET;150;65;85;TD;Participat évenemt/renc;L2 Sociologie;2;Salle de cours 301 (LET-02);27528
2025-12-03;Amphi 1 (LET-00);27353;LET;150;65;85;TD;Participat évenemt/renc;L2 Sociologie;2;Salle de cours 301 (LET-02);27528
2025-12-03;Amphi 1 (LET-00);27353;LET;150;68;82;CM;1 Littérature comparée 5;L3 Lettres modernes;10;Salle de cours 131 (B2-01);16957
2025-12-03;Amphi 1 (LET-00);27353;LET;150;40;110;CM;1 Littérature comparée 1;L1 Lettres class & modern;11;Salle de cours 133 (LET-00);27338
2025-12-03;Amphi 2 (LET-00);27354;LET;140;68;72;CM;Culture historique;L1 HAA;11;Salle de cours 131 (B2-01);16957
2025-12-03;Amphi 3 (LET-02);27502;LET;300;140;160;Cours;Expr française S1 CM;L1 LEA - AE - langues spé;13;Amphi 400 (EC9-01);16026
2025-12-03;Amphi 3 (LET-02);27502;LET;300;124;176;Cours;Linguistique S1;L1 LLCER - EA;12;Amphi B (EC9-02);16035
2025-12-03;Amphi 3 (LET-02);27502;LET;300;124;176;Cours;Littérature S1;L1 LLCER - EA;12;Amphi B (EC9-02);16035
2025-12-03;Amphi 3 (LET-02);27502;LET;300;140;160;Cours;Gram angl S1 CM;L1 LEA - AE - langues spé;6;Amphi 400 (EC9-01);16026
2025-12-03;Amphi A_A150 (DEG-00);36279;DEG;150;44;106;Cours;Informatique;L3 AES Adm géné & dév soc;14;Salle 7 (PAL-00);13839
2025-12-03;Amphi A_A300 (DEG-00);36276;DEG;300;149;151;Cours;Économie internationale 1;L3 AES Gestion des entrep;13;Amphi 400 (EC9-01);16026
2025-12-03;Amphi C_A120 (DEG-00);36290;DEG;120;37;83;Cours;Dt euro dts de l'H. CM;M1 Police et Sécu inté;1;Salle de cours C_C17 (DEG-01);36559
2025-12-03;Amphi D (SCI_R-00);84870;SCI_R;192;48;144;Cours;Chimie des solutions 3;L2 PC - LAS;8;Salle de Cours 003 (BA1-00);33458
2025-12-03;Amphi E (PAL-00);13842;PAL;75;27;48;Cours;Diagramme état thermo mél;L3 PC - LAS;10;Salle de cours 144 (EC3-01);17123
2025-12-03;Amphi E (PAL-00);13842;PAL;75;27;48;TD;Diagramme état thermo mél;L3 PC - LAS;11;Salle de cours 144 (EC3-01);17123
2025-12-03;Amphi E (PAL-00);13842;PAL;75;27;48;TD;Catalyse homogène;L3 PC - LAS;3;Salle 19 (PAL-01);13876
2025-12-03;Amphi G (DUB-00);17228;DUB;140;41;99;Cours;Maths géné pour l'info;<L1 Informatique><Groupes TD>L1 Info Gr1;4;Amphi H (DUB-00);17229
2025-12-03;Salle de cours 10 (LET-00);27320;LET;60;24;36;Cours;2 Traduction littéraire 1;L3 Lettres modernes;11;Salle de cours IEFE 127 (LET-00);27296
2025-12-03;Salle de cours 107 (LET-00);27308;LET;68;16;52;TD;Gram esp S1 TD;<L1 LEA - AE - langues spé><L1 LEA Spé TD>L1 LEA Gpe A;12;Salle informatique 313 (LET-02);27510
2025-12-03;Salle de cours 12 (LET-00);27321;LET;60;29;31;TD;Compétences rédactionelle;<L1 Histoire><L1 Histoire Sem1>TD3 Histoire Sem1;11;Salle de cours 105 (LET-00);27306
2025-12-03;Salle de cours 120 (LET-00);27333;LET;62;26;36;TD;TD Art en Europe XVIe S;L2 HAA;12;Salle de cours 144 (EC3-01);17123
2025-12-03;Salle de cours 121 (LET-00);27332;LET;70;28;42;TD;Introduction à la recherche;L3 LLCER - EA - ER;4;Salle de cours 14 (LET-00);27323
2025-12-03;Salle de cours 13 (LET-00);27322;LET;70;12;58;TD;Expr française S1 TD;L1 LEA - AA - langues spé;12;Labo de Langues 316 (LET-02);27521
2025-12-03;Salle de cours 13 (LET-00);27322;LET;70;28;42;TD;Gram & thème esp S3 TD;L2 LEA - AE - écogestion;12;Salle de cours 10 (LET-00);27320
2025-12-03;Salle de cours 220 (LET-01);27254;LET;60;16;44;TD;Méthodologie des concours;L3 Histoire - EJSP;12;Salle informatique 314 (LET-02);27509
2025-12-03;Salle de cours 23 (LET-01);27248;LET;80;25;55;CM;Histoire moderne;L3 Histoire - ER;12;Salle GREEN A_A01 (DEG-00);36278
2025-12-03;Salle de cours 301 (LET-02);27528;LET;70;12;58;Cours;Agreg. Espagnol Mariana S1;M2 Etudes hispaniques;5;Salle informatique 313 (LET-02);27510
2025-12-03;Salle de cours 31 (LET-02);27515;LET;60;5;55;TD;Séminaire Elyse Ritchey;PREPA. AGREGAT. ESPAGNOL;4;Salle informatique 215 (LET-01);27272
2025-12-03;Salle de cours 32 (LET-02);27514;LET;80;20;60;TD;Portrait de territoire;<L3 GA - TDDTE>5S-Portrait de territoire S5;11;Labo de Langues 316 (LET-02);27521
2025-12-03;Salle de cours 32 (LET-02);27514;LET;80;7;73;TD;Intro. aux concours Sem5;<L3 GA - TDDTE>5S-Introduction aux concours S5;11;Salle informatique 313 (LET-02);27510
2025-12-03;Salle de cours B_B1 (DEG-00);36289;DEG;100;33;67;TD;TD Comptabilité;<L1 Economie et Gestion><Comptabilité>Groupe 3;8;Amphi A_A150 (DEG-00);36279
2025-12-03;Salle de cours B_B1 (DEG-00);36289;DEG;100;35;65;TD;Intro au droit constit TD;<L1 Droit (Pau)><TD droit constitutionnel>Groupe 3;1;Salle de cours C_C16 (DEG-01);36558
2025-12-03;Salle de cours B_B1 (DEG-00);36289;DEG;100;32;68;TD;Droit admin TD L2 Droit S3;<L2 Droit><TD droit administratif>Groupe 6;6;Salle de cours B_B6 (DEG-00);36270
2025-12-03;Salle de cours B_B2 (DEG-00);36271;DEG;76;35;41;TD;Pocédure pénale TD;<L3 Droit><TD Procédure pénale>Groupe 1;10;Amphi A_A400 (DEG-00);36274
2025-12-03;Salle de cours C_C01 (DEG-00);36291;DEG;79;4;75;CM;Droit du domaine public;<M2 Dt cont des libertés>coloration affaires;1;Salle de réunion IAE CREG D_D210 (DEG-02);36444
2025-12-03;Salle de cours C_C03 (DEG-00);36287;DEG;50;20;30;TD;TD intro à la Gestion;<L1 Economie et Gestion><TD Intro à la Gestion>Groupe 6;6;Salle GREEN A_A01 (DEG-00);36278
2025-12-03;Salle de cours C_C03 (DEG-00);36287;DEG;50;8;42;Cours;Droit Commercial Oral;CAPA Droit 1e année (PAU);12;Salle de réunion IAE CREG D_D210 (DEG-02);36444
2025-12-03;Salle de cours C_C04 (DEG-00);36292;DEG;50;13;37;Cours;Anglais M1 DEG S7;<M1 Droit privé général><TD Anglais>Anglais M1 Droit Mutualisé Gp 4;8;Salle GREEN A_A01 (DEG-00);36278
2025-12-03;Salle de cours C_C04 (DEG-00);36292;DEG;50;10;40;Cours;DER Pluridisciplinaire;M2 Droit privé général;4;Salle de réunion Direction C_SR1 (DEG-00);36286
2025-12-03;Salle de cours C_C04 (DEG-00);36292;DEG;50;6;44;Cours;Droit Fiscal Oral;CAPA Droit 2e année (PAU);14;Salle de réunion IAE CREG D_D210 (DEG-02);36444
2025-12-03;Salle de cours C_C19 (DEG-01);36561;DEG;52;24;28;CM;CONTROLE DE GESTION;M2 Compta ctrl audit;3;Salle GREEN A_A01 (DEG-00);36278
2025-12-03;Salle de cours C_C19 (DEG-01);36561;DEG;52;24;28;Cours;ISF;M2 Compta ctrl audit;4;Salle GREEN A_A01 (DEG-00);36278
2025-12-03;Salle de cours C_C19 (DEG-01);36561;DEG;52;24;28;Cours;GESTION JURIDIQUE SOCIALE;M2 Compta ctrl audit;4;Salle GREEN A_A01 (DEG-00);36278
2025-12-04;Amphi 1 (LET-00);27353;LET;150;74;76;CM;1 Littérature française 1;L1 Lettres - CTD;11;Salle de cours 23 (LET-01);27248
2025-12-04;Amphi A (SCI_R-00);85316;SCI_R;216;87;129;Cours;UE Découverte II: MMI;L1 Informatique;2;Amphi 40 (EC3-00);17104
2025-12-04;Amphi A_A150 (DEG-00);36279;DEG;150;18;132;CM;Thematic culture 3;<M2 SGM - BIM><Parcours CMI>CMI- GEM BIM 5ème Année;6;Salle GREEN A_A01 (DEG-00);36278
2025-12-04;Amphi A_A300 (DEG-00);36276;DEG;300;33;267;Cours;Procédure pénale CM;CERTIF SC CRIM;5;Salle de cours B_B6 (DEG-00);36270
2025-12-04;Amphi A_A400 (DEG-00);36274;DEG;400;83;317;Cours;Intro science pol;<L2 AES>Intro à la science politique;14;Amphi 40 (EC3-00);17104
2025-12-04;Amphi A_A400 (DEG-00);36274;DEG;400;83;317;Cours;Intro science pol;<L2 AES>Intro à la science politique;14;Amphi 40 (EC3-00);17104
2025-12-04;Amphi F (PAL-00);13841;PAL;75;27;48;TD;Structure réactivité molé;L3 PC - LAS;3;Salle 18 (PAL-01);13877
2025-12-04;Amphi F (PAL-00);13841;PAL;75;22;53;TD;Ana & algèbre 1 PPPE;L3 MIASHS - PPPE;4;Salle 17 (PAL-01);13878
2025-12-04;Amphi G (DUB-00);17228;DUB;140;22;118;Cours;Mécanique du Solide s3;L2 PC - Physique;2;Salle 27 (DUB-00);17235
2025-12-04;Salle de cours 30 (LET-02);27513;LET;60;12;48;Cours;Thematic culture 1;<M1 CSV - EACM- GREEN>M1 GREEN EACM Thematic Culture;3;Salle informatique 201 (LET-01);27266
2025-12-04;Salle de cours 30 (LET-02);27513;LET;60;12;48;Cours;Thematic culture 1;<M1 CSV - EACM- GREEN>M1 GREEN EACM Thematic Culture;3;Salle informatique 201 (LET-01);27266
2025-12-04;Salle de cours 32 (LET-02);27514;LET;80;8;72;TD;Séminaires thématiques;<L3 Sociologie><0-Séminaires thématiques>Gpe 2 avec Mme Dechezelles;1;Salle informatique 201 (LET-01);27266
2025-12-04;Salle de cours B_B1 (DEG-00);36289;DEG;100;36;64;TD;Intro gestion TD;<L1 AES><TD Introduction à la gestion>Groupe 5;7;Salle de cours 162 (B3-01);15996
2025-12-04;Salle de cours B_B1 (DEG-00);36289;DEG;100;50;50;Cours;Criminologie;D.U Sc criminelles;14;Salle de Cours 003 (BA1-00);33458
2025-12-04;Salle de cours B_B1 (DEG-00);36289;DEG;100;50;50;Cours;Criminologie;D.U Sc criminelles;14;Salle de Cours 003 (BA1-00);33458
2025-12-04;Salle de cours B_B1 (DEG-00);36289;DEG;100;35;65;TD;TD Droit civil Semestre 7;<M1 Juriste d'affaires><TD Droit civil>Groupe 1;1;Salle de cours B_B5 (DEG-00);36269
2025-12-04;Salle de cours B_B2 (DEG-00);36271;DEG;76;23;53;CM;Droit rural;M2 Droit Notarial;3;Salle GREEN A_A01 (DEG-00);36278
2025-12-04;Salle de cours C_C04 (DEG-00);36292;DEG;50;6;44;Cours;Proc Civ/Voies exéc Ecrit;CAPA Droit 2e année (PAU);12;Salle informatique B_BARETOUS (DEG-01);36548
2025-12-04;Salle de cours C_C18 (DEG-01);36560;DEG;50;18;32;CM;Théorie gén des libertés;M1 Dt cont des libertés;8;Salle de cours 007 (BA1-00);33446
2025-12-04;Salle de cours C_C18 (DEG-01);36560;DEG;50;18;32;CM;Théorie gén des libertés;M1 Dt cont des libertés;8;Salle de cours 007 (BA1-00);33446
2025-12-04;Salle de cours C_C19 (DEG-01);36561;DEG;52;24;28;Cours;FISCALITE INTERNATIONALE;M2 Compta ctrl audit;2;Salle GREEN A_A01 (DEG-00);36278
2025-12-04;Salle de cours C_C19 (DEG-01);36561;DEG;52;24;28;Cours;ISF;M2 Compta ctrl audit;4;Salle GREEN A_A01 (DEG-00);36278
2025-12-05;AMPHI STID (STI-00);24832;STI;165;32;133;Cours;R1.15 Mécanique;BUT 1 - MTEE;1;Salle de cours 508 (BA2-02);16629
2025-12-05;Amphi 1 (LET-00);27353;LET;150;51;99;TD;2 Stylistique 1;L2 Lettres classiques;6;Salle de cours 509 (BA2-02);16630
2025-12-05;Amphi 3 (LET-02);27502;LET;300;2;298;CM;1 Version grecque 1;L3 Lettres classiques;1;Labo de Langues 312 (LET-02);27512
2025-12-05;Amphi 3 (LET-02);27502;LET;300;15;285;TD;1 Langue lit civi grec 2;L2 Lettres classiques;1;Labo de Langues 312 (LET-02);27512
2025-12-05;Amphi A (SCI_R-00);85316;SCI_R;216;48;168;Cours;Chimie des solutions 3;L2 PC - LAS;1;Amphi C (SCI_R-00);84869
2025-12-05;Amphi A_A400 (DEG-00);36274;DEG;400;44;356;Cours;Droit du travail CM;L3 AES Adm géné & dév soc;23;Salle de Cours 003 (BA1-00);33458
2025-12-05;Amphi A_A400 (DEG-00);36274;DEG;400;44;356;Cours;Droit du travail CM;L3 AES Adm géné & dév soc;23;Salle de Cours 003 (BA1-00);33458
2025-12-05;Amphi A_A400 (DEG-00);36274;DEG;400;33;367;Cours;Intro Sciences criminelle;CERTIF SC CRIM;14;Salle de cours 240 (EC3-02);73530
2025-12-05;Amphi A_A400 (DEG-00);36274;DEG;400;33;367;Cours;Intro Sciences criminelle;CERTIF SC CRIM;14;Salle de cours 240 (EC3-02);73530
2025-12-05;Amphi B (SCI_R-00);85297;SCI_R;220;60;160;Cours;Dévelop d'appli internet;L2 Informatique;5;Salle de cours 304 (BA2-00);16671
2025-12-05;Amphi C_A120 (DEG-00);36290;DEG;120;11;109;Cours;Recomposition;M2 Droit transitions EE;1;Salle immersive D_D20bis (DEG-00);83663
2025-12-05;Amphi H (DUB-00);17229;DUB;140;27;113;CTD;Analyse chimique 2;L3 PC - LAS;6;Salle 35 (DUB-01);17160
2025-12-05;Amphi H (DUB-00);17229;DUB;140;60;80;Cours;Calcul scientifique;L2 Informatique;8;Salle de cours 304 (BA2-00);16671
2025-12-05;Salle de cours 107 (LET-00);27308;LET;68;30;38;TD;Gram angl S1 TD;L1 LEA - AA - langues spé;12;Salle de cours 22 (LET-01);27244
2025-12-05;Salle de cours 120 (LET-00);27333;LET;62;26;36;CM;Archéologie préhistoire;L2 HAA;5;Salle de cours 144 (EC3-01);17123
2025-12-05;Salle de cours 14 (LET-00);27323;LET;98;24;74;CTD;Nouv chps patrimoniaux;L3 HAA - HA;1;Cartothèque 222bis (LET-01);27283
2025-12-05;Salle de cours 14 (LET-00);27323;LET;98;30;68;TD;Droit des obligations TD;<L2 Droit><TD droit des obligations>Groupe 4;3;Salle de cours 31 (LET-02);27515
2025-12-05;Salle de cours 14 (LET-00);27323;LET;98;27;71;TD;Droit des obligations TD;<L2 Droit><TD droit des obligations>Groupe 3;3;Salle de cours 21 (LET-01);27247
2025-12-05;Salle de cours 220 (LET-01);27254;LET;60;16;44;CM;Environnement institution;L3 Histoire - EJSP;10;Salle informatique 215 (LET-01);27272
2025-12-05;Salle de cours 23 (LET-01);27248;LET;80;29;51;TD;Histoire comtemporaine;<L1 Histoire><L1 Histoire Sem1>TD3 Histoire Sem1;11;Salle de cours 166 (B3-01);15984
2025-12-05;Salle de cours 23 (LET-01);27248;LET;80;32;48;TD;Histoire comtemporaine;<L1 Histoire><L1 Histoire Sem1>TD1 Histoire Sem1;11;Salle de cours 508 (BA2-02);16629
2025-12-05;Salle de cours 301 (LET-02);27528;LET;70;5;65;CM;Agreg. Espagnol Version clasS1;PREPA. AGREGAT. ESPAGNOL;12;Labo de Langues 312 (LET-02);27512
2025-12-05;Salle de cours B_B1 (DEG-00);36289;DEG;100;30;70;CM;Comptabilité;<M1 Droit Notarial>Comptabilité;16;Salle de cours 166 (B3-01);15984
2025-12-05;Salle de cours B_B1 (DEG-00);36289;DEG;100;30;70;CM;Comptabilité;<M1 Droit Notarial>Comptabilité;16;Salle de cours 166 (B3-01);15984
2025-12-05;Salle de cours B_B1 (DEG-00);36289;DEG;100;18;82;Cours;Dt pén.et procéd.pén. CM;<M1 Procédures contentieux>Droit pénal et procédure pénale approfondis;21;Salle GREEN A_A01 (DEG-00);36278
2025-12-05;Salle de cours B_B1 (DEG-00);36289;DEG;100;18;82;Cours;Dt pén.et procéd.pén. CM;<M1 Procédures contentieux>Droit pénal et procédure pénale approfondis;21;Salle GREEN A_A01 (DEG-00);36278
2025-12-05;Salle de cours B_B2 (DEG-00);36271;DEG;76;28;48;Cours;Droit processuel;M2 Procédures contentieux;1;Salle de cours/informatique C_C02 (DEG-00);36288
2025-12-05;Salle de cours B_B2 (DEG-00);36271;DEG;76;29;47;TD;TD Macroéconomie;<L2 Economie Gestion><TD Macroéconomie>Groupe 4;4;Salle de cours B_B211 (DEG-02);36425
2025-12-05;Salle de cours C_C01 (DEG-00);36291;DEG;79;12;67;CM;Modélisation flux commer.;M2 Eur Inter Env Dév;1;Salle immersive D_D20bis (DEG-00);83663
2025-12-05;Salle de cours C_C04 (DEG-00);36292;DEG;50;24;26;TD;TD Conjoncture et croissance;L3 Economie Gestion CMI;1;Salle GREEN A_A01 (DEG-00);36278
2025-12-05;Salle de cours C_C18 (DEG-01);36560;DEG;50;11;39;Cours;Eco et limites biophysiques;L2 Economie Gestion CMI;2;Salle immersive D_D20bis (DEG-00);83663
2025-12-05;Salle de cours C_C18 (DEG-01);36560;DEG;50;11;39;Cours;Eco et limites biophysiques;L2 Economie Gestion CMI;2;Salle immersive D_D20bis (DEG-00);83663
2025-12-05;Salle de cours C_C19 (DEG-01);36561;DEG;52;24;28;Cours;CONSOLIDATION IFRS;M2 Compta ctrl audit;3;Salle GREEN A_A01 (DEG-00);36278
2025-12-05;Salle de cours C_C19 (DEG-01);36561;DEG;52;24;28;CM;CONTROLE DE GESTION;M2 Compta ctrl audit;3;Salle GREEN A_A01 (DEG-00);36278
2025-12-08;AMPHI STID (STI-00);24832;STI;165;28;137;TD;R5.11 Cogénération;[BUT 3 MTEE];2;Salle de cours 166 (B3-01);15984
2025-12-08;Amphi 1 (LET-00);27353;LET;150;43;107;Cours;Géographie & aménagement;L1 Géo Aménagement;11;Salle de cours 12 (LET-00);27321
2025-12-08;Amphi 1 (LET-00);27353;LET;150;43;107;Cours;Intro géo des populations;L1 Géo Aménagement;10;Salle de cours 12 (LET-00);27321
2025-12-08;Amphi 2 (LET-00);27354;LET;140;17;123;Cours;Découverte Anglais S1;<L1 LLCER - EH>Découverte CM Anglais S1;12;Salle informatique 313 (LET-02);27510
2025-12-08;Amphi 3 (LET-02);27502;LET;300;65;235;Cours;Civi pays hispano S3;L2 LEA - AE - langues spé;1;Salle de cours 107 (LET-00);27308
2025-12-08;Amphi 3 (LET-02);27502;LET;300;126;174;Cours;Civi pays hispano S1;L1 LEA - AE - langues spé;13;Amphi 1 (LET-00);27353
2025-12-08;Amphi A (SCI_R-00);85316;SCI_R;216;42;174;Cours;Proba approfondies &stat;L3 MIASHS - MID;1;Amphi C (SCI_R-00);84869
2025-12-08;Amphi A_A150 (DEG-00);36279;DEG;150;11;139;Cours;Intro à la croissance;L2 Economie Gestion CMI;1;Salle immersive D_D20bis (DEG-00);83663
2025-12-08;Amphi A_A150 (DEG-00);36279;DEG;150;40;110;Cours;Informatique;L2 AES;9;Salle Recherche (B3-00);15968
2025-12-08;Amphi A_A300 (DEG-00);36276;DEG;300;11;289;Cours;Économie publique;<L3 Economie Gestion>Coloration banque et finance;1;Salle immersive D_D20bis (DEG-00);83663
2025-12-08;Amphi A_A300 (DEG-00);36276;DEG;300;65;235;Cours;Hist dt oblig & dt pub 19;<L2 Droit>Histoire du droit des obligations;18;Salle de cours 131 (B2-01);16957
2025-12-08;Amphi A_A300 (DEG-00);36276;DEG;300;65;235;Cours;Hist dt oblig & dt pub 19;<L2 Droit>Histoire du droit des obligations;18;Salle de cours 131 (B2-01);16957
2025-12-08;Amphi A_A400 (DEG-00);36274;DEG;400;33;367;Cours;Procédure pénale CM;CERTIF SC CRIM;10;Salle de cours C_C13 (DEG-01);36555
2025-12-08;Amphi A_A600 (DEG-00);36275;DEG;600;111;489;CM;Droit civil S1;M1 juriste d'affaires F/E;2;I-006 Kompong Speu (ISA-00);78413
2025-12-08;Amphi A_A600 (DEG-00);36275;DEG;600;111;489;CM;Droit civil S1;M1 juriste d'affaires F/E;2;I-006 Kompong Speu (ISA-00);78413
2025-12-08;Amphi C_A120 (DEG-00);36290;DEG;120;24;96;CM;CONTROLE DE GESTION;M2 Compta ctrl audit;1;Salle GREEN A_A01 (DEG-00);36278
2025-12-08;Amphi C_A120 (DEG-00);36290;DEG;120;24;96;Cours;FISCALITE INTERNATIONALE;M2 Compta ctrl audit;2;Salle GREEN A_A01 (DEG-00);36278
2025-12-08;Amphi C_A120 (DEG-00);36290;DEG;120;24;96;Cours;GESTION JURIDIQUE SOCIALE;M2 Compta ctrl audit;1;Salle GREEN A_A01 (DEG-00);36278
2025-12-08;Amphi D (SCI_R-00);84870;SCI_R;192;82;110;Cours;Biochimie générale;L2 Sciences de la vie;2;Amphi 40 (EC3-00);17104
2025-12-08;Amphi E (PAL-00);13842;PAL;75;22;53;Cours;Ana & algèbre 1 PPPE;L3 MIASHS - PPPE;11;Salle 15 (PAL-01);13885
2025-12-08;Amphi G (DUB-00);17228;DUB;140;48;92;TD;Chim orga fonct, méca réa;L2 PC - LAS;7;Salle de Cours 003 (BA1-00);33458
2025-12-08;Amphi H (DUB-00);17229;DUB;140;49;91;TD;Réactions compl. méca mol;L3 PC - Physique, Chimie;1;Amphi G (DUB-00);17228
2025-12-08;Amphi H (DUB-00);17229;DUB;140;27;113;CTD;Analyse chimique 2;L3 PC - LAS;6;Salle 35 (DUB-01);17160
2025-12-08;Salle de cours 120 (LET-00);27333;LET;62;20;42;CM;Arts déco et design;L3 HAA - HA;12;Salle informatique 313 (LET-02);27510
2025-12-08;Salle de cours 120 (LET-00);27333;LET;62;26;36;TD;TD Vill occid romain;L2 HAA;1;Salle de cours 108 (LET-00);27288
2025-12-08;Salle de cours 120 (LET-00);27333;LET;62;26;36;CM;CM Art en Europe XVIe S;L2 HAA;12;Salle multimedia UTLA 137 (LET-00);27300
2025-12-08;Salle de cours 14 (LET-00);27323;LET;98;3;95;Cours;Découverte espagnol S1;<L1 LLCER - EA>Découverte CM Espagnol S1;13;Salle informatique 313 (LET-02);27510
2025-12-08;Salle de cours 220 (LET-01);27254;LET;60;3;57;TD;Atelier Historien MÂ/mode;L3 Histoire - Art & Patri;11;Labo de Langues 312 (LET-02);27512
2025-12-08;Salle de cours 23 (LET-01);27248;LET;80;1;79;CM;Histoire des idées politi;<L2 Histoire>0 Hist. des idées politiques Sem3;10;Salle informatique 313 (LET-02);27510
2025-12-08;Salle de cours 23 (LET-01);27248;LET;80;1;79;CM;Histoire des idées politi;<L2 Histoire>0 Hist. des idées politiques Sem3;10;Salle informatique 313 (LET-02);27510
2025-12-08;Salle de cours B_B1 (DEG-00);36289;DEG;100;8;92;CM;Contentieux constitution.;M2 Dt cont des libertés;1;Salle de réunion IAE CREG D_D210 (DEG-02);36444
2025-12-08;Salle de cours B_B1 (DEG-00);36289;DEG;100;34;66;TD;Droit du travail TD;<L3 Droit><TD Droit du travail>Groupe 3;1;Salle informatique B_B209 (DEG-02);36423
2025-12-08;Salle de cours B_B2 (DEG-00);36271;DEG;76;32;44;TD;Module de Prépro;<L3 AES Gestion des entrep><TD Module de préprofessionnal.>Groupe 1;10;Salle de cours 508 (BA2-02);16629
2025-12-08;Salle de cours B_B2 (DEG-00);36271;DEG;76;34;42;TD;Droit du travail TD;<L3 Droit><TD Droit du travail>Groupe 2;5;Salle informatique B_B209 (DEG-02);36423
2025-12-08;Salle de cours B_B2 (DEG-00);36271;DEG;76;28;48;TD;TD Comptabilités des sociétés;<L3 Economie Gestion>Coloration Comptabilité et management;8;Salle de cours B_B8 (DEG-00);36277
2025-12-08;Salle de cours C_C01 (DEG-00);36291;DEG;79;23;56;Cours;Culture générale;M2 Police et Sécu inté;1;Salle GREEN A_A01 (DEG-00);36278
2025-12-08;Salle de cours C_C03 (DEG-00);36287;DEG;50;21;29;TD;TD Conjoncture et croissance;<L3 Economie Gestion><TD Conjoncture et Croissance>Groupe 3;1;Salle GREEN A_A01 (DEG-00);36278
2025-12-08;Salle de cours C_C03 (DEG-00);36287;DEG;50;8;42;Cours;Droit Civil Ecrit;CAPA Droit 1e année (PAU);21;Salle informatique B_BARETOUS (DEG-01);36548
2025-12-08;Salle de cours C_C04 (DEG-00);36292;DEG;50;6;44;Cours;Economie Politique Oral;CAPA Droit 2e année (PAU);14;Salle de réunion IAE CREG D_D210 (DEG-02);36444
2025-12-08;Salle de cours C_C19 (DEG-01);36561;DEG;52;19;33;Cours;Anglais des Affaires;M1 CGAO;7;Salle de cours 007 (BA1-00);33446
2025-12-08;Salle de cours C_C19 (DEG-01);36561;DEG;52;19;33;Cours;Décision financière;M1 CGAO;12;Salle GREEN A_A01 (DEG-00);36278
2025-12-09;AMPHI STID (STI-00);24832;STI;165;28;137;TD;R5.11 Cogénération;[BUT 3 MTEE];2;Salle de cours 166 (B3-01);15984
2025-12-09;Amphi 1 (LET-00);27353;LET;150;46;104;Cours;Civilisation S5;L3 LLCER - EA - ER;7;Salle de Cours 003 (BA1-00);33458
2025-12-09;Amphi 1 (LET-00);27353;LET;150;51;99;TD;3 Histoire langue fr 3;L2 Lettres classiques;5;Salle de cours 509 (BA2-02);16630
2025-12-09;Amphi 1 (LET-00);27353;LET;150;51;99;TD;1 Linguistique française;L2 Lettres classiques;5;Salle de cours 509 (BA2-02);16630
2025-12-09;Amphi 1 (LET-00);27353;LET;150;26;124;CM;CM Vill occid romain;L2 HAA;9;Salle de cours IEFE 128 (LET-00);27298
2025-12-09;Amphi 3 (LET-02);27502;LET;300;43;257;Cours;Intro à la géographie-CM;L1 Géo Aménagement;12;Salle de cours 134 (LET-00);27341
2025-12-09;Amphi 3 (LET-02);27502;LET;300;104;196;Cours;Intro Sociologie S1;L1 Sociologie;11;Amphi B (EC9-02);16035
2025-12-09;Amphi 3 (LET-02);27502;LET;300;124;176;Cours;Civilisation S1;L1 LLCER - EA;12;Amphi B (EC9-02);16035
2025-12-09;Amphi 3 (LET-02);27502;LET;300;140;160;Cours;Civi pays anglo S1;L1 LEA - AE - langues spé;12;Amphi 400 (EC9-01);16026
2025-12-09;Amphi A_A300 (DEG-00);36276;DEG;300;23;277;CM;Initiation Généalogie;M2 Droit Notarial;1;Salle GREEN A_A01 (DEG-00);36278
2025-12-09;Amphi A_A400 (DEG-00);36274;DEG;400;138;262;Cours;Analyse financière;L3 AES Gestion des entrep;14;Amphi 400 (EC9-01);16026
2025-12-09;Amphi A_A400 (DEG-00);36274;DEG;400;138;262;Cours;Analyse financière;L3 AES Gestion des entrep;14;Amphi 400 (EC9-01);16026
2025-12-09;Amphi A_A600 (DEG-00);36275;DEG;600;172;428;Cours;Intro méthod. quant;L1 Economie et Gestion;2;Amphi (STAP-00);18427
2025-12-09;Amphi A_A600 (DEG-00);36275;DEG;600;214;386;Cours;Droit administratif;L2 Droit;12;Amphi 400 (EC9-01);16026
2025-12-09;Amphi A_A600 (DEG-00);36275;DEG;600;214;386;Cours;Droit administratif;L2 Droit;12;Amphi 400 (EC9-01);16026
2025-12-09;Amphi C_A120 (DEG-00);36290;DEG;120;21;99;Cours;FISCALITE AP DES AFFAIRES;M1 Compta ctrl audit;2;Salle GREEN A_A01 (DEG-00);36278
2025-12-09;Amphi C_A120 (DEG-00);36290;DEG;120;21;99;Cours;COMPTA. DE GESTION APPROFONDIE;M1 Compta ctrl audit;2;Salle GREEN A_A01 (DEG-00);36278
2025-12-09;Amphi C_A120 (DEG-00);36290;DEG;120;21;99;Cours;INITIATION A LA RECHERCHE;M1 Compta ctrl audit;1;Salle GREEN A_A01 (DEG-00);36278
2025-12-09;Amphi C_A120 (DEG-00);36290;DEG;120;15;105;Cours;Environnement économique;DU TG 1ère Année;10;Salle de réunion D_D04 (DEG-00);36235
2025-12-09;Amphi E (PAL-00);13842;PAL;75;14;61;Cours;OMP S3;L2 PC - Physique;11;Salle 18 (PAL-01);13877
2025-12-09;Amphi G (DUB-00);17228;DUB;140;52;88;Cours;Equations diff S5;L3 Mathématiques;5;Salle de cours 509 (BA2-02);16630
2025-12-09;Amphi G (DUB-00);17228;DUB;140;42;98;Cours;Techno orientée objet;L3 Informatique;2;Salle 25bis (DUB-00);17239
2025-12-09;Amphi H (DUB-00);17229;DUB;140;53;87;Cours;Intro topologie;L2 Mathématiques;1;Salle de cours 509 (BA2-02);16630
2025-12-09;Salle de cours 12 (LET-00);27321;LET;60;25;35;TD;Histoire moderne;L3 Histoire - ER;11;Salle de cours IEFE 128 (LET-00);27298
2025-12-09;Salle de cours 120 (LET-00);27333;LET;62;30;32;CM;Hist art ibéri mod & cont;L2 HAA;12;Salle de cours 166 (B3-01);15984
2025-12-09;Salle de cours 32 (LET-02);27514;LET;80;17;63;Cours;Tourisme, géographie amén;<L2 Géo Aménagement>3S-Tourisme, géographie et aménagement S3;7;Salle de cours IEFE 128 (LET-00);27298
2025-12-09;Salle de cours B_B1 (DEG-00);36289;DEG;100;39;61;TD;TD Analyse financière;<L3 Economie Gestion><TD Analyse Financière>Groupe 6;9;Amphi A_A400 (DEG-00);36274
2025-12-09;Salle de cours B_B1 (DEG-00);36289;DEG;100;11;89;Cours;Intro à la croissance;L2 Economie Gestion CMI;8;Salle immersive D_D20bis (DEG-00);83663
2025-12-09;Salle de cours B_B1 (DEG-00);36289;DEG;100;42;58;TD;TD Economie et Soutenabilité;<L1 Economie et Gestion><Economie et soutenabilité>Groupe 5;10;Salle de Cours 003 (BA1-00);33458
2025-12-09;Salle de cours B_B1 (DEG-00);36289;DEG;100;40;60;TD;TD Comptabilité;L1 Economie Gestion CMI;7;Salle 16 (PAL-01);13883
2025-12-09;Salle de cours B_B2 (DEG-00);36271;DEG;76;32;44;TD;Intro au droit constit TD;<L1 Droit (Pau)><TD droit constitutionnel>Groupe 9;4;Salle informatique B_B209 (DEG-02);36423
2025-12-09;Salle de cours B_B2 (DEG-00);36271;DEG;76;29;47;TD;TD Analyse financière;<L3 MIASHS - MID>L3 MIASHS MID - Analyse financière;1;Salle de cours/informatique C_C02 (DEG-00);36288
2025-12-09;Salle de cours C_C01 (DEG-00);36291;DEG;79;23;56;CM;Entrainements;M2 Police et Sécu inté;1;Salle GREEN A_A01 (DEG-00);36278
2025-12-09;Salle de cours C_C03 (DEG-00);36287;DEG;50;8;42;Cours;Droit Public Ecrit;CAPA Droit 1e année (PAU);22;Salle informatique B_BARETOUS (DEG-01);36548
2025-12-09;Salle de cours C_C04 (DEG-00);36292;DEG;50;13;37;Cours;Hist. des dts de l'H.;M1 Droit exécution peines;24;Salle GREEN A_A01 (DEG-00);36278
2025-12-09;Salle de cours C_C04 (DEG-00);36292;DEG;50;13;37;Cours;Hist. des dts de l'H.;M1 Droit exécution peines;24;Salle GREEN A_A01 (DEG-00);36278
2025-12-09;Salle de cours C_C04 (DEG-00);36292;DEG;50;6;44;Cours;Dt Adm Spécial Ecrit;CAPA Droit 2e année (PAU);13;Salle informatique B_BARETOUS (DEG-01);36548
2025-12-09;Salle de cours C_C19 (DEG-01);36561;DEG;52;19;33;Cours;Décision financière;M1 CGAO;12;Salle GREEN A_A01 (DEG-00);36278
2025-12-09;Salle de cours C_C19 (DEG-01);36561;DEG;52;8;44;TD;Anglais des Affaires;<M1 CGAO><Groupes>Groupe 2;19;Salle informatique B_BARETOUS (DEG-01);36548
2025-12-09;Salle de cours C_C19 (DEG-01);36561;DEG;52;11;41;TD;Anglais des Affaires;<M1 CGAO><Groupes>Groupe 1;21;Salle TP géochimie B330 (SCI_R-03);85206
2025-12-10;Amphi 2 (LET-00);27354;LET;140;65;75;Cours;Sociologie territoires;L2 Sociologie;8;Salle de cours 131 (B2-01);16957
2025-12-10;Amphi 3 (LET-02);27502;LET;300;140;160;Cours;Expr française S1 CM;L1 LEA - AE - langues spé;13;Amphi 400 (EC9-01);16026
2025-12-10;Amphi 3 (LET-02);27502;LET;300;124;176;Cours;Linguistique S1;L1 LLCER - EA;12;Amphi B (EC9-02);16035
2025-12-10;Amphi 3 (LET-02);27502;LET;300;124;176;Cours;Littérature S1;L1 LLCER - EA;12;Amphi B (EC9-02);16035
2025-12-10;Amphi 3 (LET-02);27502;LET;300;140;160;Cours;Gram angl S1 CM;L1 LEA - AE - langues spé;6;Amphi 400 (EC9-01);16026
2025-12-10;Amphi A_A150 (DEG-00);36279;DEG;150;44;106;Cours;Informatique;L3 AES Adm géné & dév soc;14;Salle 7 (PAL-00);13839
2025-12-10;Amphi C_A120 (DEG-00);36290;DEG;120;21;99;Cours;PP AUDIT ET CONTROLE INT;M1 Compta ctrl audit;1;Salle GREEN A_A01 (DEG-00);36278
2025-12-10;Amphi D (SCI_R-00);84870;SCI_R;192;47;145;TD;Physique du globe 1;L1 Sciences de la terre;1;Amphi C (SCI_R-00);84869
2025-12-10;Amphi E (PAL-00);13842;PAL;75;14;61;Cours;OMP S3;L2 PC - Physique;11;Salle 18 (PAL-01);13877
2025-12-10;Amphi G (DUB-00);17228;DUB;140;41;99;Cours;Maths géné pour l'info;<L1 Informatique><Groupes TD>L1 Info Gr1;4;Amphi H (DUB-00);17229
2025-12-10;Salle de cours 10 (LET-00);27320;LET;60;24;36;Cours;2 Traduction littéraire 1;L3 Lettres modernes;11;Salle de cours IEFE 127 (LET-00);27296
2025-12-10;Salle de cours 107 (LET-00);27308;LET;68;16;52;TD;Gram esp S1 TD;<L1 LEA - AE - langues spé><L1 LEA Spé TD>L1 LEA Gpe A;12;Salle informatique 313 (LET-02);27510
2025-12-10;Salle de cours 11 (LET-00);27324;LET;80;23;57;Cours;2 Nouvelles attentes;M2 Tourisme;1;Cartothèque 222bis (LET-01);27283
2025-12-10;Salle de cours 120 (LET-00);27333;LET;62;26;36;TD;TD Art en Europe XVIe S;L2 HAA;12;Salle de cours 144 (EC3-01);17123
2025-12-10;Salle de cours 121 (LET-00);27332;LET;70;26;44;CM;Archéo ville au MÂ;L2 HAA;1;Salle de cours 22 (LET-01);27244
2025-12-10;Salle de cours 13 (LET-00);27322;LET;70;12;58;TD;Expr française S1 TD;L1 LEA - AA - langues spé;12;Labo de Langues 316 (LET-02);27521
2025-12-10;Salle de cours 23 (LET-01);27248;LET;80;25;55;CM;Histoire moderne;L3 Histoire - ER;12;Salle GREEN A_A01 (DEG-00);36278
2025-12-10;Salle de cours 301 (LET-02);27528;LET;70;12;58;Cours;Agreg. Espagnol Mariana S1;M2 Etudes hispaniques;5;Salle informatique 313 (LET-02);27510
2025-12-10;Salle de cours 31 (LET-02);27515;LET;60;5;55;TD;Séminaire Elyse Ritchey;PREPA. AGREGAT. ESPAGNOL;4;Salle informatique 215 (LET-01);27272
2025-12-10;Salle de cours 32 (LET-02);27514;LET;80;20;60;TD;Portrait de territoire;<L3 GA - TDDTE>5S-Portrait de territoire S5;11;Labo de Langues 316 (LET-02);27521
2025-12-10;Salle de cours 32 (LET-02);27514;LET;80;7;73;TD;Intro. aux concours Sem5;<L3 GA - TDDTE>5S-Introduction aux concours S5;11;Salle informatique 313 (LET-02);27510
2025-12-10;Salle de cours B_B1 (DEG-00);36289;DEG;100;33;67;TD;TD Comptabilité;<L1 Economie et Gestion><Comptabilité>Groupe 3;8;Amphi A_A150 (DEG-00);36279
2025-12-10;Salle de cours B_B1 (DEG-00);36289;DEG;100;32;68;TD;Droit admin TD L2 Droit S3;<L2 Droit><TD droit administratif>Groupe 6;6;Salle de cours B_B6 (DEG-00);36270
2025-12-10;Salle de cours B_B2 (DEG-00);36271;DEG;76;18;58;Cours;Procédure civile (écrit);M2 Procédures contentieux;1;Salle GREEN A_A01 (DEG-00);36278
2025-12-10;Salle de cours B_B2 (DEG-00);36271;DEG;76;35;41;TD;Pocédure pénale TD;<L3 Droit><TD Procédure pénale>Groupe 1;10;Amphi A_A400 (DEG-00);36274
2025-12-10;Salle de cours C_C01 (DEG-00);36291;DEG;79;37;42;Cours;Dt euro dts de l'H. CM;M1 Police et Sécu inté;4;Salle de cours C_C11 (DEG-01);36553
2025-12-10;Salle de cours C_C01 (DEG-00);36291;DEG;79;37;42;Cours;Dt euro dts de l'H. CM;M1 Police et Sécu inté;4;Salle de cours C_C11 (DEG-01);36553
2025-12-10;Salle de cours C_C03 (DEG-00);36287;DEG;50;8;42;Cours;Droit Civil Ecrit;CAPA Droit 1e année (PAU);21;Salle informatique B_BARETOUS (DEG-01);36548
2025-12-10;Salle de cours C_C04 (DEG-00);36292;DEG;50;18;32;CM;DER commun;M1 Dt cont des libertés;2;Salle GREEN A_A01 (DEG-00);36278
2025-12-10;Salle de cours C_C04 (DEG-00);36292;DEG;50;18;32;CM;DER commun;M1 Dt cont des libertés;2;Salle GREEN A_A01 (DEG-00);36278
2025-12-10;Salle de cours C_C04 (DEG-00);36292;DEG;50;6;44;Cours;Droit Fiscal Oral;CAPA Droit 2e année (PAU);14;Salle de réunion IAE CREG D_D210 (DEG-02);36444
2025-12-10;Salle de cours C_C19 (DEG-01);36561;DEG;52;11;41;TD;Anglais des Affaires;<M1 CGAO><Groupes>Groupe 1;21;Salle TP géochimie B330 (SCI_R-03);85206
2025-12-10;Salle de cours C_C19 (DEG-01);36561;DEG;52;8;44;TD;Anglais des Affaires;<M1 CGAO><Groupes>Groupe 2;19;Salle informatique B_BARETOUS (DEG-01);36548
2025-12-10;Salle de cours C_C19 (DEG-01);36561;DEG;52;19;33;Cours;Compta de Gestion Appro.;M1 CGAO;10;Salle GREEN A_A01 (DEG-00);36278
2025-12-11;Amphi A_A150 (DEG-00);36279;DEG;150;18;132;CM;Thematic culture 3;<M2 SGM - BIM><Parcours CMI>CMI- GEM BIM 5ème Année;6;Salle GREEN A_A01 (DEG-00);36278
2025-12-11;Amphi C (SCI_R-00);84869;SCI_R;192;82;110;Cours;Biochimie générale;L2 Sciences de la vie;1;Amphi D (SCI_R-00);84870
2025-12-11;Amphi C (SCI_R-00);84869;SCI_R;192;87;105;Cours;UE Découverte II: MMI;L1 Informatique;11;Amphi 40 (EC3-00);17104
2025-12-11;Amphi D (SCI_R-00);84870;SCI_R;192;48;144;Cours;Chimie des solutions 3;L2 PC - LAS;8;Salle de Cours 003 (BA1-00);33458
2025-12-11;Amphi F (PAL-00);13841;PAL;75;27;48;TD;Catalyse homogène;L3 PC - LAS;4;Salle 2 (PAL-00);13837
2025-12-11;Amphi H (DUB-00);17229;DUB;140;22;118;Cours;Mécanique du Solide s3;L2 PC - Physique;1;Salle Info 26 (DUB-00);17238
2025-12-11;Amphi H (DUB-00);17229;DUB;140;22;118;TD;Ana & algèbre 1 PPPE;L3 MIASHS - PPPE;3;Salle 27 (DUB-00);17235
2025-12-11;Salle de cours 23 (LET-01);27248;LET;80;3;77;TD;Atelier Historien contemp;L3 Histoire - Art & Patri;13;Labo de Langues 312 (LET-02);27512
2025-12-11;Salle de cours 30 (LET-02);27513;LET;60;12;48;Cours;Thematic culture 1;<M1 CSV - EACM- GREEN>M1 GREEN EACM Thematic Culture;3;Salle informatique 201 (LET-01);27266
2025-12-11;Salle de cours 30 (LET-02);27513;LET;60;12;48;Cours;Thematic culture 4;<M1 SGM - MINEST - GREEN>M1 GREEN Minest Conférences;1;Salle informatique 201 (LET-01);27266
2025-12-11;Salle de cours B_B1 (DEG-00);36289;DEG;100;36;64;TD;Intro gestion TD;<L1 AES><TD Introduction à la gestion>Groupe 5;7;Salle de cours 162 (B3-01);15996
2025-12-11;Salle de cours B_B1 (DEG-00);36289;DEG;100;50;50;Cours;Criminologie;D.U Sc criminelles;14;Salle de Cours 003 (BA1-00);33458
2025-12-11;Salle de cours B_B1 (DEG-00);36289;DEG;100;50;50;Cours;Criminologie;D.U Sc criminelles;14;Salle de Cours 003 (BA1-00);33458
2025-12-11;Salle de cours B_B1 (DEG-00);36289;DEG;100;35;65;TD;TD Droit civil Semestre 7;<M1 Droit consommation><TD Droit civil>Groupe 1;1;Salle de cours C_C16 (DEG-01);36558
2025-12-11;Salle de cours B_B2 (DEG-00);36271;DEG;76;26;50;TD;TD Droit civil Semestre 7;<M1 Droit consommation><TD Droit civil>Groupe 2;1;Salle de cours/informatique C_C02 (DEG-00);36288
2025-12-11;Salle de cours C_C04 (DEG-00);36292;DEG;50;6;44;Cours;Proc Civ/Voies exéc Ecrit;CAPA Droit 2e année (PAU);12;Salle informatique B_BARETOUS (DEG-01);36548
2025-12-11;Salle de cours C_C18 (DEG-01);36560;DEG;50;12;38;TD;Séries temporelles 2;M2 Eur Inter Env Dév;2;Salle immersive D_D20bis (DEG-00);83663
2025-12-11;Salle de cours C_C18 (DEG-01);36560;DEG;50;12;38;TD;Séries temporelles 2;M2 Eur Inter Env Dév;2;Salle immersive D_D20bis (DEG-00);83663
2025-12-11;Salle de cours C_C18 (DEG-01);36560;DEG;50;12;38;CM;Séries temporelles 2;M2 Eur Inter Env Dév;1;Salle immersive D_D20bis (DEG-00);83663
2025-12-11;Salle de cours C_C19 (DEG-01);36561;DEG;52;19;33;Cours;Fondamentaux Compta-fisca;M1 CGAO;12;Salle de cours 007 (BA1-00);33446
2025-12-11;Salle de cours C_C19 (DEG-01);36561;DEG;52;19;33;Cours;Fondamentaux Compta-fisca;M1 CGAO;12;Salle de cours 007 (BA1-00);33446
2025-12-11;Salle de cours C_C19 (DEG-01);36561;DEG;52;19;33;Cours;Initiation recherche;M1 CGAO;13;Salle de cours 007 (BA1-00);33446
2025-12-12;AMPHI STID (STI-00);24832;STI;165;41;124;Cours;R3.13 PPP;[BUT 2 MTEE CM];1;Salle de cours 02 (STAP-00);18418
2025-12-12;Amphi A_A150 (DEG-00);36279;DEG;150;68;82;TD;TD Analyse financière;<L3 AES Gestion des entrep><TD Analyse financière>Groupe 3;1;Salle de cours B_B2 (DEG-00);36271
2025-12-12;Amphi A_A150 (DEG-00);36279;DEG;150;32;118;Cours;Cycles de conférences économie;L2 Economie Gestion CMI;2;Salle de cours B_B2 (DEG-00);36271
2025-12-12;Amphi A_A150 (DEG-00);36279;DEG;150;32;118;Cours;Cycles de conférences économie;L2 Economie Gestion CMI;2;Salle de cours B_B2 (DEG-00);36271
2025-12-12;Amphi A_A400 (DEG-00);36274;DEG;400;44;356;Cours;Droit du travail CM;L3 AES Adm géné & dév soc;23;Salle de Cours 003 (BA1-00);33458
2025-12-12;Amphi A_A400 (DEG-00);36274;DEG;400;44;356;Cours;Droit du travail CM;L3 AES Adm géné & dév soc;23;Salle de Cours 003 (BA1-00);33458
2025-12-12;Amphi C (SCI_R-00);84869;SCI_R;192;42;150;Cours;Proba approfondies &stat;L3 MIASHS - MID;1;Salle 25bis (DUB-00);17239
2025-12-12;Amphi C_A120 (DEG-00);36290;DEG;120;29;91;TD;Introduction au droit civil TD;;1;Salle de cours C_C03 (DEG-00);36287
2025-12-12;Amphi C_A120 (DEG-00);36290;DEG;120;33;87;TD;Introduction au droit civil TD;<L1 Droit (Pau)><TD droit civil>Groupe 6;1;Salle de cours C_C04 (DEG-00);36292
2025-12-12;Amphi E (PAL-00);13842;PAL;75;27;48;TD;Catalyse homogène;L3 PC - LAS;3;Salle 19 (PAL-01);13876
2025-12-12;Amphi G (DUB-00);17228;DUB;140;45;95;Cours;Biologie moléculaire prat;L3 SDV - BGST;3;Salle 1 (PAL-00);13836
2025-12-12;Amphi H (DUB-00);17229;DUB;140;27;113;Cours;Diagramme état thermo mél;L3 PC - LAS;1;Salle 27 (DUB-00);17235
2025-12-12;Amphi H (DUB-00);17229;DUB;140;27;113;Cours;Réact. chim organique;L3 PC - LAS;3;Salle 25 (DUB-00);17240
2025-12-12;Amphi H (DUB-00);17229;DUB;140;48;92;TD;Chimie des solutions 3;L2 PC - LAS;2;Salle de Cours 003 (BA1-00);33458
2025-12-12;Salle de cours 10 (LET-00);27320;LET;60;23;37;TD;2 Thème anglais;M1 LEA;1;Salle de cours 20 (LET-01);27252
2025-12-12;Salle de cours 10 (LET-00);27320;LET;60;13;47;TD;Prod et programmation 1;L3 Lettres - CTD;1;Salle informatique 201 (LET-01);27266
2025-12-12;Salle de cours 107 (LET-00);27308;LET;68;30;38;TD;Gram angl S1 TD;L1 LEA - AA - langues spé;12;Salle de cours 22 (LET-01);27244
2025-12-12;Salle de cours 12 (LET-00);27321;LET;60;29;31;TD;Histoire moderne;<L1 Histoire><L1 Histoire Sem1>TD3 Histoire Sem1;1;Salle de cours 223 (LET-01);27284
2025-12-12;Salle de cours 23 (LET-01);27248;LET;80;29;51;TD;Histoire comtemporaine;<L1 Histoire><L1 Histoire Sem1>TD3 Histoire Sem1;11;Salle de cours 166 (B3-01);15984
2025-12-12;Salle de cours 23 (LET-01);27248;LET;80;32;48;TD;Histoire comtemporaine;<L1 Histoire><L1 Histoire Sem1>TD1 Histoire Sem1;11;Salle de cours 508 (BA2-02);16629
2025-12-12;Salle de cours 23 (LET-01);27248;LET;80;26;54;CM;Archéologie préhistoire;L2 HAA;1;Salle de cours 12 (LET-00);27321
2025-12-12;Salle de cours 301 (LET-02);27528;LET;70;19;51;CM;Civi esp et hisp-am S5;L3 LLCER - EH - ER;8;Salle de cours 204 (LET-01);27267
2025-12-12;Salle de cours 31 (LET-02);27515;LET;60;5;55;CM;Agreg. Espagnol Ling. S1;PREPA. AGREGAT. ESPAGNOL;12;Salle informatique 201 (LET-01);27266
2025-12-12;Salle de cours B_B1 (DEG-00);36289;DEG;100;28;72;Cours;Droit processuel;M2 Procédures contentieux;1;Salle de cours B_B7 (DEG-00);36273
2025-12-12;Salle de cours C_C04 (DEG-00);36292;DEG;50;11;39;Cours;Eco et limites biophysiques;L2 Economie Gestion CMI;2;Salle GREEN A_A01 (DEG-00);36278
2025-12-12;Salle de cours C_C04 (DEG-00);36292;DEG;50;11;39;Cours;Eco et limites biophysiques;L2 Economie Gestion CMI;2;Salle GREEN A_A01 (DEG-00);36278
2025-12-12;Salle de cours C_C04 (DEG-00);36292;DEG;50;6;44;Cours;Droit Fiscal Oral;CAPA Droit 2e année (PAU);14;Salle de réunion IAE CREG D_D210 (DEG-02);36444
2025-12-12;Salle de cours C_C18 (DEG-01);36560;DEG;50;24;26;TD;TD Conjoncture et croissance;L3 Economie Gestion CMI;9;Salle GREEN A_A01 (DEG-00);36278
2025-12-12;Salle de cours C_C19 (DEG-01);36561;DEG;52;19;33;Cours;Compta de Gestion Appro.;M1 CGAO;10;Salle GREEN A_A01 (DEG-00);36278
2025-12-12;Salle de cours C_C19 (DEG-01);36561;DEG;52;19;33;Cours;Décision financière;M1 CGAO;12;Salle GREEN A_A01 (DEG-00);36278
2025-12-15;AMPHI STID (STI-00);24832;STI;165;41;124;Cours;3.08 Régulation installa;[BUT 2 MTEE CM];1;Salle de cours 02 (STAP-00);18418
2025-12-15;Amphi C (SCI_R-00);84869;SCI_R;192;22;170;Cours;Ana & algèbre 1 PPPE;L3 MIASHS - PPPE;1;Salle TP Physique B133 (SCI_R-01);84952
2025-12-15;Amphi F (PAL-00);13841;PAL;75;27;48;TD;Catalyse homogène;L3 PC - LAS;4;Salle 2 (PAL-00);13837
2025-12-15;Amphi G (DUB-00);17228;DUB;140;22;118;Cours;Mécanique du Solide s3;L2 PC - Physique;2;Salle 27 (DUB-00);17235
2025-12-15;Salle de cours 11 (LET-00);27324;LET;80;38;42;TD;Sociologie de l'art;L3 Sociologie;9;Salle de cours 406 (BA2-01);16739
2025-12-15;Salle de cours 12 (LET-00);27321;LET;60;25;35;TD;Histoire moderne;L3 Histoire - ER;11;Salle de cours IEFE 128 (LET-00);27298
2025-12-15;Salle de cours 220 (LET-01);27254;LET;60;1;59;CM;Histoire des idées politi;<L2 Histoire>0 Hist. des idées politiques Sem3;1;Salle informatique 201 (LET-01);27266
2025-12-15;Salle de cours 220 (LET-01);27254;LET;60;3;57;TD;Atelier Historien MÂ/mode;L3 Histoire - Art & Patri;11;Labo de Langues 312 (LET-02);27512
2025-12-15;Salle de cours 23 (LET-01);27248;LET;80;38;42;Cours;TA Version esp/all S3;L2 LEA - AE - langues spé;1;Salle de cours 212 (LET-01);27261
2025-12-15;Salle de cours B_B1 (DEG-00);36289;DEG;100;31;69;TD;TD Droit social;<L3 Economie Gestion><TD Droit social>Groupe 1;1;Salle informatique B_B209 (DEG-02);36423
2025-12-15;Salle de cours B_B1 (DEG-00);36289;DEG;100;19;81;TD;TD Droit social;<L3 Economie Gestion><TD Droit social>Groupe 2;2;Salle GREEN A_A01 (DEG-00);36278
2025-12-15;Salle de cours B_B1 (DEG-00);36289;DEG;100;19;81;TD;TD Droit social;<L3 Economie Gestion><TD Droit social>Groupe 2;2;Salle GREEN A_A01 (DEG-00);36278
2025-12-15;Salle de cours B_B2 (DEG-00);36271;DEG;76;32;44;TD;Module de Prépro;<L3 AES Gestion des entrep><TD Module de préprofessionnal.>Groupe 1;10;Salle de cours 508 (BA2-02);16629
2025-12-15;Salle de cours C_C03 (DEG-00);36287;DEG;50;8;42;CM;Contentieux constitution.;M2 Dt cont des libertés;1;Salle de réunion IAE CREG D_D210 (DEG-02);36444
2025-12-15;Salle de cours C_C03 (DEG-00);36287;DEG;50;8;42;Cours;Droit Civil Ecrit;CAPA Droit 1e année (PAU);21;Salle informatique B_BARETOUS (DEG-01);36548
2025-12-15;Salle de cours C_C04 (DEG-00);36292;DEG;50;6;44;Cours;Economie Politique Oral;CAPA Droit 2e année (PAU);14;Salle de réunion IAE CREG D_D210 (DEG-02);36444
2025-12-15;Salle de cours C_C19 (DEG-01);36561;DEG;52;19;33;Cours;Initiation recherche;M1 CGAO;13;Salle de cours 007 (BA1-00);33446
2025-12-15;Salle de cours C_C19 (DEG-01);36561;DEG;52;19;33;Cours;Décision financière;M1 CGAO;12;Salle GREEN A_A01 (DEG-00);36278
2025-12-16;AMPHI STID (STI-00);24832;STI;165;32;133;Cours;R1.04 Bases thermodyn.;BUT 1 - MTEE;3;Salle de cours 508 (BA2-02);16629
2025-12-16;Amphi 1 (LET-00);27353;LET;150;26;124;Cours;Villes de l'Occident romain;L2 HAA;1;Salle de cours IEFE 127 (LET-00);27296
2025-12-16;Amphi A_A300 (DEG-00);36276;DEG;300;11;289;Cours;Intro à la croissance;L2 Economie Gestion CMI;1;Salle immersive D_D20bis (DEG-00);83663
2025-12-16;Amphi A_A400 (DEG-00);36274;DEG;400;116;284;CM;Droit des sûretés CM;M1 juriste d'affaires F/E;2;Amphi B (EC9-02);16035
2025-12-16;Amphi A_A400 (DEG-00);36274;DEG;400;116;284;CM;Droit des sûretés CM;M1 juriste d'affaires F/E;2;Amphi B (EC9-02);16035
2025-12-16;Amphi A_A600 (DEG-00);36275;DEG;600;172;428;Cours;Intro méthod. quant;L1 Economie et Gestion;2;Amphi (STAP-00);18427
2025-12-16;Amphi A_A600 (DEG-00);36275;DEG;600;214;386;Cours;Droit administratif;L2 Droit;12;Amphi 400 (EC9-01);16026
2025-12-16;Amphi A_A600 (DEG-00);36275;DEG;600;214;386;Cours;Droit administratif;L2 Droit;12;Amphi 400 (EC9-01);16026
2025-12-16;Amphi E (PAL-00);13842;PAL;75;14;61;Cours;OMP S3;L2 PC - Physique;11;Salle 18 (PAL-01);13877
2025-12-16;Amphi F (PAL-00);13841;PAL;75;27;48;TD;Catalyse homogène;L3 PC - LAS;4;Salle 2 (PAL-00);13837
2025-12-16;Amphi F (PAL-00);13841;PAL;75;27;48;TD;Catalyse homogène;L3 PC - LAS;4;Salle 2 (PAL-00);13837
2025-12-16;Amphi G (DUB-00);17228;DUB;140;42;98;Cours;Techno orientée objet;L3 Informatique;2;Salle 25bis (DUB-00);17239
2025-12-16;Salle de cours 11 (LET-00);27324;LET;80;38;42;TD;Sociologie de l'art;L3 Sociologie;9;Salle de cours 406 (BA2-01);16739
2025-12-16;Salle de cours 11 (LET-00);27324;LET;80;37;43;Cours;TA Thème ang S3;L2 LEA - AA - écogestion;1;Salle de cours 135 (LET-00);27336
2025-12-16;Salle de cours 120 (LET-00);27333;LET;62;30;32;CM;Hist art ibéri mod & cont;L2 HAA;12;Salle de cours 166 (B3-01);15984
2025-12-16;Salle de cours 14 (LET-00);27323;LET;98;24;74;CM;Hab vil 1& cmp EU 17&18e;L3 HAA - HA;2;Salle de cours 22 (LET-01);27244
2025-12-16;Salle de cours 14 (LET-00);27323;LET;98;33;65;TD;Droit admin TD L2 Droit S3;<L2 Droit><TD droit administratif>Groupe 3;2;Salle de cours IEFE 131 (LET-00);27295
2025-12-16;Salle de cours B_B1 (DEG-00);36289;DEG;100;32;68;TD;Intro gestion TD;<L1 AES><TD Introduction à la gestion>Groupe 4;5;Salle informatique B_B209 (DEG-02);36423
2025-12-16;Salle de cours B_B1 (DEG-00);36289;DEG;100;31;69;TD;Droit admin TD L2 Droit S3;<L2 Droit><TD droit administratif>Groupe 1;1;Salle informatique B_B209 (DEG-02);36423
2025-12-16;Salle de cours B_B1 (DEG-00);36289;DEG;100;42;58;TD;TD Economie et Soutenabilité;<L1 Economie et Gestion><Economie et soutenabilité>Groupe 5;10;Salle de Cours 003 (BA1-00);33458
2025-12-16;Salle de cours B_B1 (DEG-00);36289;DEG;100;30;70;TD;TD Comptabilité;<L1 Economie et Gestion><Comptabilité>Groupe 6;1;Salle de cours/informatique C_C02 (DEG-00);36288
2025-12-16;Salle de cours B_B2 (DEG-00);36271;DEG;76;32;44;TD;Module de Prépro;<L3 AES Gestion des entrep><TD Module de préprofessionnal.>Groupe 1;10;Salle de cours 508 (BA2-02);16629
2025-12-16;Salle de cours B_B2 (DEG-00);36271;DEG;76;30;46;TD;Droit admin TD L2 Droit S3;<L2 Droit><TD droit administratif>Groupe 4;1;Salle de cours/informatique C_C02 (DEG-00);36288
2025-12-16;Salle de cours C_C04 (DEG-00);36292;DEG;50;6;44;Cours;Dt Adm Spécial Ecrit;CAPA Droit 2e année (PAU);13;Salle informatique B_BARETOUS (DEG-01);36548
2025-12-16;Salle de cours C_C18 (DEG-01);36560;DEG;50;11;39;CM;Mise en situation;M2 Droit transitions EE;2;Salle informatique B_ASPE (DEG-01);36531
2025-12-16;Salle de cours C_C19 (DEG-01);36561;DEG;52;8;44;TD;Anglais des Affaires;<M1 CGAO><Groupes>Groupe 2;19;Salle informatique B_BARETOUS (DEG-01);36548
2025-12-16;Salle de cours C_C19 (DEG-01);36561;DEG;52;11;41;TD;Anglais des Affaires;<M1 CGAO><Groupes>Groupe 1;21;Salle TP géochimie B330 (SCI_R-03);85206
2025-12-17;Amphi 1 (LET-00);27353;LET;150;56;94;TD;Sociologie des migrations;L3 Sociologie;1;Salle de cours 10 (LET-00);27320
2025-12-17;Amphi 3 (LET-02);27502;LET;300;140;160;Cours;Expr française S1 CM;L1 LEA - AE - langues spé;13;Amphi 400 (EC9-01);16026
2025-12-17;Amphi E (PAL-00);13842;PAL;75;27;48;TD;Catalyse homogène;L3 PC - LAS;3;Salle 19 (PAL-01);13876
2025-12-17;Amphi E (PAL-00);13842;PAL;75;27;48;Cours;Diagramme état thermo mél;L3 PC - LAS;10;Salle de cours 144 (EC3-01);17123
2025-12-17;Amphi E (PAL-00);13842;PAL;75;27;48;TD;Diagramme état thermo mél;L3 PC - LAS;11;Salle de cours 144 (EC3-01);17123
2025-12-17;Amphi H (DUB-00);17229;DUB;140;27;113;Cours;Réact. chim organique;L3 PC - LAS;3;Salle 25 (DUB-00);17240
2025-12-17;Salle de cours 11 (LET-00);27324;LET;80;38;42;Cours;TA Thème esp/all S3;L2 LEA - AE - langues spé;1;Salle de cours 229 (LET-01);27285
2025-12-17;Salle de cours 12 (LET-00);27321;LET;60;12;48;TD;Expr française S1 TD;L1 LEA - AA - langues spé;1;Salle informatique 201 (LET-01);27266
2025-12-17;Salle de cours 23 (LET-01);27248;LET;80;37;43;Cours;TA Thème esp/all S3;L2 LEA - AA - écogestion;1;Salle de cours 229 (LET-01);27285
2025-12-17;Salle de cours 301 (LET-02);27528;LET;70;12;58;Cours;Agreg. Espagnol Mariana S1;M2 Etudes hispaniques;5;Salle informatique 313 (LET-02);27510
2025-12-17;Salle de cours B_B1 (DEG-00);36289;DEG;100;44;56;Cours;Informatique;L3 AES Adm géné & dév soc;2;Salle de cours C_C01 (DEG-00);36291
2025-12-17;Salle de cours C_C03 (DEG-00);36287;DEG;50;8;42;Cours;Droit Commercial Oral;CAPA Droit 1e année (PAU);12;Salle de réunion IAE CREG D_D210 (DEG-02);36444
2025-12-17;Salle de cours C_C04 (DEG-00);36292;DEG;50;6;44;Cours;Droit Fiscal Oral;CAPA Droit 2e année (PAU);14;Salle de réunion IAE CREG D_D210 (DEG-02);36444
2025-12-17;Salle de cours C_C18 (DEG-01);36560;DEG;50;19;31;TD;Droit des sûretés TD;<M1 Droit Notarial><TD Droit de sûretés>GR2;2;Salle GREEN A_A01 (DEG-00);36278
2025-12-17;Salle de cours C_C19 (DEG-01);36561;DEG;52;11;41;TD;Anglais des Affaires;<M1 CGAO><Groupes>Groupe 1;21;Salle TP géochimie B330 (SCI_R-03);85206
2025-12-17;Salle de cours C_C19 (DEG-01);36561;DEG;52;8;44;TD;Anglais des Affaires;<M1 CGAO><Groupes>Groupe 2;19;Salle informatique B_BARETOUS (DEG-01);36548
2025-12-17;Salle de cours C_C19 (DEG-01);36561;DEG;52;19;33;Cours;Compta de Gestion Appro.;M1 CGAO;10;Salle GREEN A_A01 (DEG-00);36278
2025-12-18;AMPHI STID (STI-00);24832;STI;165;41;124;Cours;R3.12 Anglais;[BUT 2 MTEE CM];1;Salle de cours 02 (STAP-00);18418
2025-12-18;AMPHI STID (STI-00);24832;STI;165;41;124;Cours;R3.04 Chaufferie;[BUT 2 MTEE CM];1;Salle de cours 02 (STAP-00);18418
2025-12-18;AMPHI STID (STI-00);24832;STI;165;27;138;CM;R5.10 Complément Math;BUT 3 SD - Visualisation;1;Salle de cours 144 (EC3-01);17123
2025-12-18;Amphi C_A120 (DEG-00);36290;DEG;120;16;104;Cours;Thematic culture 3;<M2 SGM - BIM><Parcours CMI>CMI- GEM BIM 5ème Année;2;Salle GREEN A_A01 (DEG-00);36278
2025-12-18;Amphi D (SCI_R-00);84870;SCI_R;192;60;132;Cours;Réseaux I;L2 Informatique;1;Amphi C (SCI_R-00);84869
2025-12-18;Amphi Elsa Serfass (BA1-00);33455;BA1;80;21;59;CM;R 3-5 Programmation Objet;ISA NUM 2ème année;1;Laboratoire salle analyse 108 (BA1-01);33328
2025-12-18;Salle de cours 23 (LET-01);27248;LET;80;3;77;TD;Atelier Historien contemp;L3 Histoire - Art & Patri;13;Labo de Langues 312 (LET-02);27512
2025-12-18;Salle de cours 23 (LET-01);27248;LET;80;3;77;TD;Atelier Historien contemp;L3 Histoire - Art & Patri;13;Labo de Langues 312 (LET-02);27512
2025-12-18;Salle de cours 32 (LET-02);27514;LET;80;11;69;TD;English for Sustainability;M1 GREEN-ASSET - GÉO;2;Salle informatique 201 (LET-01);27266
2025-12-18;Salle de cours C_C04 (DEG-00);36292;DEG;50;6;44;Cours;Proc Civ/Voies exéc Ecrit;CAPA Droit 2e année (PAU);12;Salle informatique B_BARETOUS (DEG-01);36548
2025-12-18;Salle de cours C_C19 (DEG-01);36561;DEG;52;19;33;Cours;Fondamentaux Compta-fisca;M1 CGAO;12;Salle de cours 007 (BA1-00);33446
2025-12-18;Salle de cours C_C19 (DEG-01);36561;DEG;52;19;33;Cours;Fondamentaux Compta-fisca;M1 CGAO;12;Salle de cours 007 (BA1-00);33446
2025-12-19;AMPHI STID (STI-00);24832;STI;165;27;138;CM;R5.11Tests non paramétriq;BUT 3 SD - Visualisation;1;Salle de cours 144 (EC3-01);17123
2025-12-19;Salle de cours 11 (LET-00);27324;LET;80;38;42;Cours;TA Version ang S3;L2 LEA - AE - langues spé;1;Salle de cours 223 (LET-01);27284
2025-12-19;Salle de cours 23 (LET-01);27248;LET;80;34;46;Cours;TA Version ang S3;L2 LEA - AE - écogestion;1;Salle de cours IEFE 131 (LET-00);27295
2025-12-19;Salle de cours 32 (LET-02);27514;LET;80;11;69;TD;English for Sustainability;M1 GREEN-ASSET - GÉO;2;Salle informatique 201 (LET-01);27266
2025-12-19;Salle de cours C_C04 (DEG-00);36292;DEG;50;12;38;CM;Adopt°/contenu budget loc;M2 Drt Act publique loc;1;Salle informatique B_ASPE (DEG-01);36531
2025-12-19;Salle de cours C_C19 (DEG-01);36561;DEG;52;19;33;Cours;Anglais des Affaires;M1 CGAO;7;Salle de cours 007 (BA1-00);33446
2025-12-19;Salle de cours C_C19 (DEG-01);36561;DEG;52;19;33;Cours;Management de la RSE;M1 CGAO;4;Salle GREEN A_A01 (DEG-00);36278
2025-12-19;Salle de cours C_C19 (DEG-01);36561;DEG;52;19;33;Cours;Initiation recherche;M1 CGAO;13;Salle de cours 007 (BA1-00);33446
2026-01-05;AMPHI STID (STI-00);24832;STI;165;32;133;Cours;R1.10 Bases math.;BUT 1 - MTEE;2;Salle de cours 508 (BA2-02);16629
2026-01-05;Amphi (STAP-00);18427;STAP;300;124;176;Cours;1 Sciences de l'éducation;L2 STAPS EM (Tarbes);6;Amphi B (EC9-02);16035
2026-01-05;Amphi (STAP-00);18427;STAP;300;80;220;Cours;2 Progra entraînement;L3 STAPS ES (Tarbes);6;Amphi 40 (EC3-00);17104
2026-01-05;Amphi (STAP-00);18427;STAP;300;80;220;Cours;1 Physio entraînement;L3 STAPS ES (Tarbes);6;Salle de cours 32 (LET-02);27514
2026-01-05;Salle de cours C_C01 (DEG-00);36291;DEG;79;10;69;CM;Commerce inter;M1 GREEN-ASSET - ÉCO;2;Salle de réunion Direction C_SR1 (DEG-00);36286
2026-01-05;Salle de cours C_C01 (DEG-00);36291;DEG;79;10;69;CM;Commerce inter;M1 GREEN-ASSET - ÉCO;2;Salle de réunion Direction C_SR1 (DEG-00);36286
2026-01-05;Salle de cours C_C03 (DEG-00);36287;DEG;50;20;30;CM;Comptabilité;;1;Salle GREEN A_A01 (DEG-00);36278
2026-01-06;AMPHI STID (STI-00);24832;STI;165;32;133;Cours;R1.06 Energie électrique;BUT 1 - MTEE;2;Salle de cours 508 (BA2-02);16629
2026-01-06;AMPHI STID (STI-00);24832;STI;165;16;149;CM;3.10 Techniques sondage;BUT 2 SD - Exploration;1;Laboratoire TP biologie 103 (BA1-01);33332
2026-01-06;Salle de cours 220 (LET-01);27254;LET;60;24;36;CM;3 Droit/Amnt tour;M2 Tourisme;1;Salle de cours IEFE 127 (LET-00);27296
2026-01-06;Salle de cours 220 (LET-01);27254;LET;60;24;36;CM;2 Nx modèles d'entr touri;M2 Tourisme;1;Salle de cours IEFE 127 (LET-00);27296
2026-01-07;Amphi (STAP-00);18427;STAP;300;80;220;Cours;1 Labo d'analyse APSA;L3 STAPS ES (Tarbes);2;Salle de cours 23 (LET-01);27248
2026-01-07;Salle de cours C_C18 (DEG-01);36560;DEG;50;10;40;TD;Anglais L3 DEG S6;<L3 AES Coord & gestion><TD Anglais>Anglais L3 AES Coord & gestion;2;Salle immersive D_D20bis (DEG-00);83663
2026-01-08;AMPHI STID (STI-00);24832;STI;165;32;133;Cours;R1.08 Mesure et instrum.;BUT 1 - MTEE;6;Salle de cours 508 (BA2-02);16629
2026-01-08;Amphi (STAP-00);18427;STAP;300;88;212;Cours;1 Evaluation physique;L2 STAPS ES (Tarbes);7;Amphi 40 (EC3-00);17104
2026-01-08;Amphi (STAP-00);18427;STAP;300;88;212;Cours;1 Environnement/pratiques;L2 STAPS ES (Tarbes);10;Amphi 40 (EC3-00);17104
2026-01-08;Salle de cours 23 (LET-01);27248;LET;80;6;74;Cours;CAPES BLANC;M1 MEEF Lettres;1;Salle informatique 201 (LET-01);27266
2026-01-08;Salle de cours C_C03 (DEG-00);36287;DEG;50;24;26;CM;les moyens financiers;D.U Métiers admin gen ter;5;Salle de cours/informatique C_C02 (DEG-00);36288
2026-01-08;Salle de cours C_C19 (DEG-01);36561;DEG;52;24;28;CM;GESTION JURIDIQUE ENTREPR;M2 Compta ctrl audit;2;Salle de cours B_B208 (DEG-02);36422
2026-01-09;AMPHI STID (STI-00);24832;STI;165;32;133;CM;3.05 Algèbre linéaire;BUT 2 SD - Exploration;4;Salle de cours 508 (BA2-02);16629
2026-01-09;Salle de cours 30 (LET-02);27513;LET;60;11;49;CM;Project management;<M1 CSV - EACM- GREEN>M1 GREEN EACM Project Management;4;Salle informatique 201 (LET-01);27266
2026-01-09;Salle de cours C_C03 (DEG-00);36287;DEG;50;24;26;CM;les moyens matériels;D.U Métiers admin gen ter;2;Salle de cours/informatique C_C02 (DEG-00);36288
2026-01-09;Salle de cours C_C19 (DEG-01);36561;DEG;52;24;28;CM;FISCALITE DES GROUPES;M2 Compta ctrl audit;2;Salle de cours B_B207 (DEG-02);36421
2026-01-12;AMPHI STID (STI-00);24832;STI;165;41;124;Cours;3.01 Pompes à chaleur;[BUT 2 MTEE CM];1;Salle 25bis (DUB-00);17239
2026-01-12;Amphi (STAP-00);18427;STAP;300;124;176;CM;1 Stage en primaire;L2 STAPS EM (Tarbes);2;Amphi B (EC9-02);16035
2026-01-12;Amphi (STAP-00);18427;STAP;300;80;220;Cours;2 Progra entraînement;L3 STAPS ES (Tarbes);6;Amphi 40 (EC3-00);17104
2026-01-12;Amphi (STAP-00);18427;STAP;300;80;220;Cours;1 Physio entraînement;L3 STAPS ES (Tarbes);6;Salle de cours 32 (LET-02);27514
2026-01-12;Amphi A (SCI_R-00);85316;SCI_R;216;47;169;Cours;Structures géologiques 1;L1 Sciences de la terre;4;Amphi B (SCI_R-00);85297
2026-01-12;Amphi B (SCI_R-00);85297;SCI_R;220;69;151;Cours;Algorith math 3 python S4;L2 MIASHS;2;Salle de cours 131 (B2-01);16957
2026-01-12;Amphi C (SCI_R-00);84869;SCI_R;192;53;139;Cours;Calcul différentiel RN S4;L2 Mathématiques;10;Salle de cours 509 (BA2-02);16630
2026-01-12;Amphi C (SCI_R-00);84869;SCI_R;192;84;108;Cours;Génétique;L2 SDV - LAS;5;Amphi 40 (EC3-00);17104
2026-01-12;Amphi C (SCI_R-00);84869;SCI_R;192;84;108;Cours;OUMOBIO 2;L2 SDV - LAS;1;Amphi D (SCI_R-00);84870
2026-01-12;Amphi C_A120 (DEG-00);36290;DEG;120;25;95;Cours;Gestion de la production;M2 CGAO;2;Salle de cours C_C04 (DEG-00);36292
2026-01-12;Amphi D (SCI_R-00);84870;SCI_R;192;60;132;Cours;Analyse 2 S2;L1 Mathématiques;5;Salle de cours 304 (BA2-00);16671
2026-01-12;Amphi D (SCI_R-00);84870;SCI_R;192;60;132;Cours;Algèbre 2 S2;L1 Mathématiques;8;Salle de cours 304 (BA2-00);16671
2026-01-12;Amphi D (SCI_R-00);84870;SCI_R;192;49;143;Cours;Analyse chimique EC 1;L2 PC - LAS;1;Amphi C (SCI_R-00);84869
2026-01-12;Amphi F (PAL-00);13841;PAL;75;36;39;Cours;Outils bioinformatiques;L3 SDV - LAS;2;Salle 16 (PAL-01);13883
2026-01-12;Amphi G (DUB-00);17228;DUB;140;51;89;Cours;Fon chim polymères;L3 PC - Physique, Chimie;1;Amphi H (DUB-00);17229
2026-01-12;Amphi H (DUB-00);17229;DUB;140;53;87;Cours;Algèbre 4 S4;L2 Mathématiques;4;Salle de cours 509 (BA2-02);16630
2026-01-12;Salle de cours C_C19 (DEG-01);36561;DEG;52;25;27;Cours;Droit du Travail;M2 CGAO;1;Salle GREEN A_A01 (DEG-00);36278
2026-01-13;AMPHI STID (STI-00);24832;STI;165;41;124;Cours;R3.05 Réseaux hydraul aér;[BUT 2 MTEE CM];1;Salle de cours 02 (STAP-00);18418
2026-01-13;AMPHI STID (STI-00);24832;STI;165;41;124;Cours;SAE3.01 Dimensionnement;[BUT 2 MTEE CM];1;Salle 25bis (DUB-00);17239
2026-01-13;Amphi A (SCI_R-00);85316;SCI_R;216;84;132;Cours;Microbiologie 2;L2 SDV - LAS;3;Amphi 40 (EC3-00);17104
2026-01-13;Amphi A (SCI_R-00);85316;SCI_R;216;104;112;Cours;Algorithmique II;L1 Informatique;1;Amphi D (SCI_R-00);84870
2026-01-13;Amphi A_A300 (DEG-00);36276;DEG;300;105;195;Cours;Informatique;L3 Economie Gestion;10;Amphi B (EC9-02);16035
2026-01-13;Amphi B (SCI_R-00);85297;SCI_R;220;52;168;Cours;Calcul différentiel S6;L3 Mathématiques;5;Salle de cours 509 (BA2-02);16630
2026-01-13;Amphi B (SCI_R-00);85297;SCI_R;220;84;136;Cours;Physiologie animale 1;L2 SDV - LAS;1;Amphi D (SCI_R-00);84870
2026-01-13;Amphi B (SCI_R-00);85297;SCI_R;220;110;110;Cours;Etat solide;L1 Physique, Chimie;3;Amphi C_A120 (DEG-00);36290
2026-01-13;Amphi B (SCI_R-00);85297;SCI_R;220;53;167;Cours;Intro probabilités S4;L2 Mathématiques;6;Salle de cours 509 (BA2-02);16630
2026-01-13;Amphi C (SCI_R-00);84869;SCI_R;192;53;139;Cours;Calcul différentiel RN S4;L2 Mathématiques;10;Salle de cours 509 (BA2-02);16630
2026-01-13;Amphi C (SCI_R-00);84869;SCI_R;192;84;108;Cours;Génétique;L2 SDV - LAS;5;Amphi 40 (EC3-00);17104
2026-01-13;Amphi C (SCI_R-00);84869;SCI_R;192;52;140;Cours;Algèbre et géométrie S6;L3 Mathématiques;2;Salle de cours 509 (BA2-02);16630
2026-01-13;Amphi C (SCI_R-00);84869;SCI_R;192;76;116;Cours;Bases de données I;L2 MIASHS;5;Amphi 40 (EC3-00);17104
2026-01-13;Amphi D (SCI_R-00);84870;SCI_R;192;52;140;Cours;Calcul différentiel S6;L3 Mathématiques;4;Salle de cours 509 (BA2-02);16630
2026-01-13;Amphi E (PAL-00);13842;PAL;75;36;39;Cours;Biochimie des protéines;L3 SDV - LAS;6;Salle de cours 162 (B3-01);15996
2026-01-13;Amphi G (DUB-00);17228;DUB;140;35;105;Cours;Théorie des proba S6;L3 Mathématiques;4;Amphi H (DUB-00);17229
2026-01-13;Amphi G (DUB-00);17228;DUB;140;27;113;CTD;Electrochimie;L3 PC - Chimie;12;Salle de cours 144 (EC3-01);17123
2026-01-13;Amphi G (DUB-00);17228;DUB;140;53;87;Cours;Algèbre 4 S4;L2 Mathématiques;1;Salle de cours 509 (BA2-02);16630
2026-01-13;Amphi H (DUB-00);17229;DUB;140;60;80;Cours;Progr orientée objet;L2 Informatique;2;Salle de cours 304 (BA2-00);16671
2026-01-13;Amphi H (DUB-00);17229;DUB;140;11;129;Cours;Stratégie synth chim orga;L3 PC - Physique, Chimie;3;Salle Info 33 (DUB-01);17165
2026-01-13;Salle de cours 220 (LET-01);27254;LET;60;24;36;CM;1 Strat num;M2 Tourisme;1;Cartothèque 222bis (LET-01);27283
2026-01-13;Salle de cours B_B2 (DEG-00);36271;DEG;76;11;65;Cours;Économie du développement;<L3 Economie Gestion>Coloration banque et finance;8;Salle de cours/informatique C_C02 (DEG-00);36288
2026-01-13;Salle de cours C_C03 (DEG-00);36287;DEG;50;11;39;Cours;Eco envir & soutenabilité;<L3 Economie Gestion>Coloration banque et finance;1;Salle immersive D_D20bis (DEG-00);83663
2026-01-13;Salle de cours C_C18 (DEG-01);36560;DEG;50;10;40;TD;Anglais L3 DEG S6;<L3 AES Coord & gestion><TD Anglais>Anglais L3 AES Coord & gestion;2;Salle immersive D_D20bis (DEG-00);83663
2026-01-13;Salle de cours C_C19 (DEG-01);36561;DEG;52;25;27;Cours;Construct° Business Plans;M2 CGAO;1;Salle GREEN A_A01 (DEG-00);36278
2026-01-14;Amphi (STAP-00);18427;STAP;300;80;220;Cours;1 Labo d'analyse APSA;L3 STAPS ES (Tarbes);2;Salle de cours 23 (LET-01);27248
2026-01-14;Amphi A (SCI_R-00);85316;SCI_R;216;84;132;Cours;Microbiologie 2;L2 SDV - LAS;3;Amphi 40 (EC3-00);17104
2026-01-14;Amphi A (SCI_R-00);85316;SCI_R;216;47;169;Cours;Structures géologiques 1;L1 Sciences de la terre;4;Amphi B (SCI_R-00);85297
2026-01-14;Amphi A_A300 (DEG-00);36276;DEG;300;11;289;Cours;Finances de marché;<L3 Economie Gestion>Coloration banque et finance;2;Salle immersive D_D20bis (DEG-00);83663
2026-01-14;Amphi A_A300 (DEG-00);36276;DEG;300;11;289;Cours;Finances de marché;<L3 Economie Gestion>Coloration banque et finance;2;Salle immersive D_D20bis (DEG-00);83663
2026-01-14;Amphi B (SCI_R-00);85297;SCI_R;220;42;178;Cours;Concept° systèmes d'info;L3 Informatique;2;Salle 25 (DUB-00);17240
2026-01-14;Amphi B (SCI_R-00);85297;SCI_R;220;42;178;Cours;Concept° systèmes d'info;L3 Informatique;2;Salle 25 (DUB-00);17240
2026-01-14;Amphi C (SCI_R-00);84869;SCI_R;192;60;132;Cours;Systèmes d'exploitat° II;L2 Informatique;1;Salle de cours 304 (BA2-00);16671
2026-01-14;Amphi C (SCI_R-00);84869;SCI_R;192;53;139;Cours;Intro théorie groupes S4;L2 Mathématiques;1;Salle de cours 509 (BA2-02);16630
2026-01-14;Amphi C_A120 (DEG-00);36290;DEG;120;15;105;Cours;Management Stratégique;DU TG 2ième Année;10;Salle de réunion D_D04 (DEG-00);36235
2026-01-14;Amphi D (SCI_R-00);84870;SCI_R;192;87;105;Cours;Algèbre pour l'info;L1 Informatique;5;Amphi 40 (EC3-00);17104
2026-01-14;Amphi E (PAL-00);13842;PAL;75;1;74;Cours;Symétrie cristalline;<L2 Physique, Chimie>L2 PC Symétries cristallines;3;Salle 15 (PAL-01);13885
2026-01-14;Amphi F (PAL-00);13841;PAL;75;35;40;Cours;Algorit math 5 python S6;L3 Mathématiques;2;Salle de cours 162 (B3-01);15996
2026-01-14;Amphi G (DUB-00);17228;DUB;140;11;129;Cours;Stratégie synth chim orga;L3 PC - Physique, Chimie;2;Salle TP Informatique indus 38 (DUB-01);17153
2026-01-14;Amphi H (DUB-00);17229;DUB;140;47;93;Cours;Milieux sédimentaires 1;L1 Sciences de la terre;2;Salle 23 (DUB-00);17231
2026-01-14;Salle de cours C_C19 (DEG-01);36561;DEG;52;25;27;Cours;Contrôle Gestion Appli;M2 CGAO;2;Salle GREEN A_A01 (DEG-00);36278
2026-01-15;Amphi (STAP-00);18427;STAP;300;88;212;Cours;1 Evaluation physique;L2 STAPS ES (Tarbes);7;Amphi 40 (EC3-00);17104
2026-01-15;Amphi (STAP-00);18427;STAP;300;88;212;Cours;1 Environnement/pratiques;L2 STAPS ES (Tarbes);10;Amphi 40 (EC3-00);17104
2026-01-15;Amphi A (SCI_R-00);85316;SCI_R;216;47;169;Cours;Structures géologiques 1;L1 Sciences de la terre;4;Amphi B (SCI_R-00);85297
2026-01-15;Amphi A (SCI_R-00);85316;SCI_R;216;84;132;Cours;Physiologie animale 1;L2 SDV - LAS;1;Amphi D (SCI_R-00);84870
2026-01-15;Amphi A_A400 (DEG-00);36274;DEG;400;44;356;Cours;Contrôle de gestion;L3 AES Gestion des entrep;9;Salle de Cours 003 (BA1-00);33458
2026-01-15;Amphi A_A400 (DEG-00);36274;DEG;400;44;356;Cours;Contrôle de gestion;L3 AES Gestion des entrep;9;Salle de Cours 003 (BA1-00);33458
2026-01-15;Amphi B (SCI_R-00);85297;SCI_R;220;52;168;Cours;Algèbre et géométrie S6;L3 Mathématiques;2;Salle de cours 509 (BA2-02);16630
2026-01-15;Amphi C (SCI_R-00);84869;SCI_R;192;76;116;Cours;Bases de données I;L2 MIASHS;5;Amphi 40 (EC3-00);17104
2026-01-15;Amphi C (SCI_R-00);84869;SCI_R;192;84;108;Cours;Physiologie végétale 1;L2 SDV - LAS;12;Amphi 40 (EC3-00);17104
2026-01-15;Amphi C_A120 (DEG-00);36290;DEG;120;11;109;Cours;Histoire de la pensée;<L3 Economie Gestion>Coloration banque et finance;1;Salle immersive D_D20bis (DEG-00);83663
2026-01-15;Amphi C_A120 (DEG-00);36290;DEG;120;15;105;Cours;Management Stratégique;DU TG 2ième Année;10;Salle de réunion D_D04 (DEG-00);36235
2026-01-15;Amphi G (DUB-00);17228;DUB;140;48;92;Cours;Atosmitique et liaison ch;L2 PC - LAS;4;Salle de Cours 003 (BA1-00);33458
2026-01-15;Amphi H (DUB-00);17229;DUB;140;60;80;Cours;Algor math 1 Python S1;L1 Mathématiques;3;Salle de cours 304 (BA2-00);16671
2026-01-15;Salle de cours 13 (LET-00);27322;LET;70;6;64;Cours;CAPES BLANC;M1 MEEF Lettres;1;Salle informatique 201 (LET-01);27266
2026-01-15;Salle de cours 32 (LET-02);27514;LET;80;24;56;CM;Projet pédagogique;L3 GA - TDDTE;2;Salle de cours IEFE 127 (LET-00);27296
2026-01-15;Salle de cours 32 (LET-02);27514;LET;80;24;56;CM;Projet pédagogique;L3 GA - TDDTE;2;Salle de cours IEFE 127 (LET-00);27296
2026-01-15;Salle de cours C_C03 (DEG-00);36287;DEG;50;24;26;CM;L'urbanisme et affaires;D.U Métiers admin gen ter;2;Salle de cours/informatique C_C02 (DEG-00);36288
2026-01-15;Salle de cours C_C03 (DEG-00);36287;DEG;50;24;26;CM;les moyens financiers;D.U Métiers admin gen ter;5;Salle de cours/informatique C_C02 (DEG-00);36288
2026-01-15;Salle de cours C_C18 (DEG-01);36560;DEG;50;19;31;TD;TD Économie env. et soute.;<L3 Economie Gestion><TD Économie env. et soute.>Gp 2;1;Salle GREEN A_A01 (DEG-00);36278
2026-01-15;Salle de cours C_C19 (DEG-01);36561;DEG;52;25;27;Cours;Ingénierie Financière;M2 CGAO;1;Salle de cours/informatique C_C02 (DEG-00);36288
2026-01-15;Salle de cours C_C19 (DEG-01);36561;DEG;52;25;27;Cours;Contrôle Gestion Appli;M2 CGAO;2;Salle GREEN A_A01 (DEG-00);36278
2026-01-16;Amphi A (SCI_R-00);85316;SCI_R;216;104;112;Cours;Techniques de prog;L1 Informatique;2;Amphi B (SCI_R-00);85297
2026-01-16;Amphi A_A300 (DEG-00);36276;DEG;300;105;195;Cours;Microéconomie appliquée;L3 Economie Gestion;6;Amphi B (EC9-02);16035
2026-01-16;Amphi A_A300 (DEG-00);36276;DEG;300;105;195;Cours;Microéconomie appliquée;L3 Economie Gestion;6;Amphi B (EC9-02);16035
2026-01-16;Amphi A_A400 (DEG-00);36274;DEG;400;44;356;Cours;Fiscalité des Entreprises;L3 AES Gestion des entrep;2;Salle de cours C_C04 (DEG-00);36292
2026-01-16;Amphi A_A400 (DEG-00);36274;DEG;400;44;356;Cours;Fiscalité des Entreprises;L3 AES Gestion des entrep;2;Salle de cours C_C04 (DEG-00);36292
2026-01-16;Amphi C_A120 (DEG-00);36290;DEG;120;11;109;Cours;Comprendre les crises éco;<L3 Economie Gestion>Coloration banque et finance;1;Salle immersive D_D20bis (DEG-00);83663
2026-01-16;Amphi E (PAL-00);13842;PAL;75;1;74;Cours;Symétrie cristalline;<L2 Physique, Chimie>L2 PC Symétries cristallines;3;Salle 15 (PAL-01);13885
2026-01-16;Amphi E (PAL-00);13842;PAL;75;36;39;Cours;Biochimie des protéines;L3 SDV - LAS;6;Salle de cours 162 (B3-01);15996
2026-01-16;Amphi Elsa Serfass (BA1-00);33455;BA1;80;32;48;TD;Phéno vib et chocs;<L1 Phy Chimie - Anglet>Phénomènes vibratoires;1;Salle informatique 210-211 (BA1-02);33388
2026-01-16;Salle de cours 107 (LET-00);27308;LET;68;32;36;Cours;2 Projet jeunes chercheu;M2 HCP - Arts Archéo;1;Salle de cours 101 (LET-00);27328
2026-01-16;Salle de cours C_C03 (DEG-00);36287;DEG;50;24;26;CM;les moyens matériels;D.U Métiers admin gen ter;2;Salle de cours/informatique C_C02 (DEG-00);36288
2026-01-16;Salle de cours C_C03 (DEG-00);36287;DEG;50;24;26;CM;les moyens financiers;D.U Métiers admin gen ter;5;Salle de cours/informatique C_C02 (DEG-00);36288
2026-01-16;Salle de cours C_C19 (DEG-01);36561;DEG;52;25;27;Cours;Méthodologie Recherche;M2 CGAO;1;Salle de cours B_B206 (DEG-02);36420
2026-01-19;Amphi (STAP-00);18427;STAP;300;124;176;Cours;1 Sciences de l'éducation;L2 STAPS EM (Tarbes);6;Amphi B (EC9-02);16035
2026-01-19;Amphi (STAP-00);18427;STAP;300;80;220;Cours;2 Progra entraînement;L3 STAPS ES (Tarbes);6;Amphi 40 (EC3-00);17104
2026-01-19;Amphi (STAP-00);18427;STAP;300;80;220;Cours;1 Physio entraînement;L3 STAPS ES (Tarbes);6;Salle de cours 32 (LET-02);27514
2026-01-19;Amphi 1 (LET-00);27353;LET;150;74;76;CM;2 Fondamentaux en ortho 2;L1 Lettres - CTD;7;Salle de cours C_C01 (DEG-00);36291
2026-01-19;Amphi 1 (LET-00);27353;LET;150;74;76;CM;1 Grammaire descriptive 2;L1 Lettres - CTD;7;Amphi 40 (EC3-00);17104
2026-01-19;Amphi 1 (LET-00);27353;LET;150;74;76;CM;1 Littérature française 2;L1 Lettres - CTD;6;Amphi 40 (EC3-00);17104
2026-01-19;Amphi 1 (LET-00);27353;LET;150;51;99;CM;1 Litté française et fr 4;L2 Lettres classiques;6;Salle de cours 509 (BA2-02);16630
2026-01-19;Amphi 1 (LET-00);27353;LET;150;51;99;TD;1 Litté française et fr 4;L2 Lettres classiques;6;Salle de cours 220 (LET-01);27254
2026-01-19;Amphi 1 (LET-00);27353;LET;150;65;85;CM;Sociologie de l'éducation;L2 Sociologie;5;Salle de cours 301 (LET-02);27528
2026-01-19;Amphi A_A150 (DEG-00);36279;DEG;150;41;109;CM;Dt des procéd. collect.CM;<M1 Droit privé général>Droit des procédures collectives;23;Salle de Cours 003 (BA1-00);33458
2026-01-19;Amphi A_A150 (DEG-00);36279;DEG;150;41;109;CM;Dt des procéd. collect.CM;<M1 Droit privé général>Droit des procédures collectives;23;Salle de Cours 003 (BA1-00);33458
2026-01-19;Amphi A_A150 (DEG-00);36279;DEG;150;41;109;CM;Dt des procéd. collect.CM;<M1 Droit privé général>Droit des procédures collectives;23;Salle de Cours 003 (BA1-00);33458
2026-01-19;Amphi A_A150 (DEG-00);36279;DEG;150;60;90;Cours;Gds prob polit contemp 2;L3 Histoire - EJSP;2;Salle de cours B_B2 (DEG-00);36271
2026-01-19;Amphi A_A400 (DEG-00);36274;DEG;400;148;252;Cours;Comptabilité de gestion;L2 AES;3;Amphi 1 (LET-00);27353
2026-01-19;Amphi A_A600 (DEG-00);36275;DEG;600;118;482;Cours;Droit des sociétés CM;<L3 Droit>Colo droit des affaires;6;I-007 Nguéckock (ISA-00);78415
2026-01-19;Amphi A_A600 (DEG-00);36275;DEG;600;118;482;Cours;Droit des sociétés CM;<L3 Droit>Colo droit des affaires;6;I-007 Nguéckock (ISA-00);78415
2026-01-19;Amphi A_A600 (DEG-00);36275;DEG;600;118;482;Cours;Droit des sociétés CM;<L3 Droit>Colo droit des affaires;6;I-007 Nguéckock (ISA-00);78415
2026-01-19;Amphi A_A600 (DEG-00);36275;DEG;600;139;461;Cours;Hist dt inst pub;L1 AES;4;Amphi 2 (LET-00);27354
2026-01-19;Amphi A_A600 (DEG-00);36275;DEG;600;269;331;Cours;Droit constitutionnel;L1 Droit (Pau);6;Amphi 400 (EC9-01);16026
2026-01-19;Amphi A_A600 (DEG-00);36275;DEG;600;269;331;Cours;Droit constitutionnel;L1 Droit (Pau);6;Amphi 400 (EC9-01);16026
2026-01-19;Amphi B (SCI_R-00);85297;SCI_R;220;84;136;Cours;Physiologie végétale 1;L2 SDV - LAS;3;Amphi 40 (EC3-00);17104
2026-01-19;Amphi C (SCI_R-00);84869;SCI_R;192;53;139;Cours;Calcul différentiel RN S4;L2 Mathématiques;10;Salle de cours 509 (BA2-02);16630
2026-01-19;Amphi C (SCI_R-00);84869;SCI_R;192;69;123;Cours;Algorith math 3 python S4;L2 MIASHS;3;Salle de cours 131 (B2-01);16957
2026-01-19;Amphi C (SCI_R-00);84869;SCI_R;192;84;108;Cours;Physiologie animale 1;L2 SDV - LAS;5;Amphi 40 (EC3-00);17104
2026-01-19;Amphi D (SCI_R-00);84870;SCI_R;192;84;108;Cours;Microbiologie 2;L2 SDV - LAS;1;Amphi A (SCI_R-00);85316
2026-01-19;Amphi D (SCI_R-00);84870;SCI_R;192;60;132;Cours;Analyse 2 S2;L1 Mathématiques;5;Salle de cours 304 (BA2-00);16671
2026-01-19;Amphi D (SCI_R-00);84870;SCI_R;192;42;150;Cours;Systèmes distribués;L3 Informatique;2;Salle de cours 212 (LET-01);27261
2026-01-19;Amphi D (SCI_R-00);84870;SCI_R;192;42;150;Cours;Systèmes distribués;L3 Informatique;2;Salle de cours 212 (LET-01);27261
2026-01-19;Amphi E (PAL-00);13842;PAL;75;36;39;Cours;Outils bioinformatiques;L3 SDV - LAS;1;Salle 1 (PAL-00);13836
2026-01-19;Amphi G (DUB-00);17228;DUB;140;27;113;CTD;Electrochimie;L3 PC - Chimie;12;Salle de cours 144 (EC3-01);17123
2026-01-19;Amphi H (DUB-00);17229;DUB;140;51;89;Cours;Fon chim polymères;L3 PC - Physique, Chimie;1;Amphi G (DUB-00);17228
2026-01-19;Salle de cours 107 (LET-00);27308;LET;68;16;52;TD;Gram esp S2 TD;<L1 LEA - AE - langues spé><L1 LEA Spé TD>L1 LEA Gpe C;11;Salle informatique 313 (LET-02);27510
2026-01-19;Salle de cours 107 (LET-00);27308;LET;68;8;60;TD;Vers all S6;L3 LEA - AA - FLE;8;Salle informatique 201 (LET-01);27266
2026-01-19;Salle de cours 11 (LET-00);27324;LET;80;4;76;CM;France contexte européen;<L3 Histoire - ER>6Sem Géo La France dans le contexte européen;9;Salle informatique 214 (LET-01);27271
2026-01-19;Salle de cours 12 (LET-00);27321;LET;60;16;44;TD;Opinions et mass média;L3 Histoire - EJSP;11;Salle du conseil B11 (LET-01);27281
2026-01-19;Salle de cours 12 (LET-00);27321;LET;60;16;44;CM;Opinions et mass média;L3 Histoire - EJSP;11;Salle informatique 313 (LET-02);27510
2026-01-19;Salle de cours 13 (LET-00);27322;LET;70;28;42;TD;Vers esp S4;L2 LEA - AE - écogestion;11;Salle de cours 301 (LET-02);27528
2026-01-19;Salle de cours 23 (LET-01);27248;LET;80;22;58;CM;17 Gestion projet cult 4;L2 Lettres - CTD;8;Salle de cours IEFE 127 (LET-00);27296
2026-01-19;Salle de cours 30 (LET-02);27513;LET;60;14;46;CM;UE17 EC1 Litté et patrimoine;M2 Lettres et arts;10;Salle de cours 32 (LET-02);27514
2026-01-19;Salle de cours 32 (LET-02);27514;LET;80;16;64;TD;Opinions et mass média;L3 Histoire - EJSP;11;Salle informatique 313 (LET-02);27510
2026-01-19;Salle de cours 32 (LET-02);27514;LET;80;37;43;CM;Vers angl S4 CM;L2 LEA - AA - écogestion;6;Salle de cours 105 (LET-00);27306
2026-01-19;Salle de cours B_B1 (DEG-00);36289;DEG;100;33;67;CM;DIP 2;<M1 Droit privé général>DIP;22;Salle de cours 240 (EC3-02);73530
2026-01-19;Salle de cours B_B1 (DEG-00);36289;DEG;100;33;67;CM;DIP 2;<M1 Droit privé général>DIP;22;Salle de cours 240 (EC3-02);73530
2026-01-19;Salle de cours C_C01 (DEG-00);36291;DEG;79;11;68;Cours;Économie de la santé;L2 Economie Gestion CMI;1;Salle immersive D_D20bis (DEG-00);83663
2026-01-19;Salle de cours C_C03 (DEG-00);36287;DEG;50;8;42;Cours;Droit Civil Ecrit;CAPA Droit 1e année (PAU);21;Salle informatique B_BARETOUS (DEG-01);36548
2026-01-19;Salle de cours C_C19 (DEG-01);36561;DEG;52;19;33;Cours;Contrôle Gestion Approfondi;M1 CGAO;9;Salle de cours 007 (BA1-00);33446
2026-01-19;Salle de cours C_C19 (DEG-01);36561;DEG;52;19;33;Cours;Outils Management Financier;M1 CGAO;11;Salle de cours 007 (BA1-00);33446
2026-01-20;Amphi 1 (LET-00);27353;LET;150;27;123;CM;Spatialités aires culture;L2 Géo Aménagement;6;Salle de cours 113 (LET-00);27303
2026-01-20;Amphi 3 (LET-02);27502;LET;300;16;284;CM;Civi pays hispano S2;<L1 LEA - AE - langues spé><L1 LEA Spé TD>L1 LEA Gpe A;13;Labo de Langues 316 (LET-02);27521
2026-01-20;Amphi 3 (LET-02);27502;LET;300;30;270;CM;Civi pays anglo S2;L1 LEA - AA - langues spé;13;Salle de cours IEFE 132 (LET-00);27339
2026-01-20;Amphi 3 (LET-02);27502;LET;300;30;270;CM;Gram angl S2 CM;L1 LEA - AA - langues spé;6;Salle de cours 223 (LET-01);27284
2026-01-20;Amphi A (SCI_R-00);85316;SCI_R;216;47;169;Cours;PEP'S 1;<L1 Sciences de la vie>L1 SDV PEP'S 1;2;Salle de cours 110 (LET-00);79980
2026-01-20;Amphi A_A150 (DEG-00);36279;DEG;150;40;110;Cours;Droit des obligations 2;L2 AES;8;Salle Recherche (B3-00);15968
2026-01-20;Amphi A_A150 (DEG-00);36279;DEG;150;40;110;Cours;Droit des obligations 2;L2 AES;8;Salle Recherche (B3-00);15968
2026-01-20;Amphi A_A300 (DEG-00);36276;DEG;300;111;189;Cours;Théorie des organisations;L1 AES;11;Amphi B (EC9-02);16035
2026-01-20;Amphi A_A300 (DEG-00);36276;DEG;300;111;189;Cours;Théorie des organisations;L1 AES;11;Amphi B (EC9-02);16035
2026-01-20;Amphi A_A300 (DEG-00);36276;DEG;300;105;195;Cours;Informatique;L3 Economie Gestion;10;Amphi B (EC9-02);16035
2026-01-20;Amphi A_A400 (DEG-00);36274;DEG;400;163;237;Cours;Relations internationales;<L1 Droit (Pau)>Relations Internationales;24;Amphi 400 (EC9-01);16026
2026-01-20;Amphi A_A400 (DEG-00);36274;DEG;400;163;237;Cours;Relations internationales;<L1 Droit (Pau)>Relations Internationales;24;Amphi 400 (EC9-01);16026
2026-01-20;Amphi A_A400 (DEG-00);36274;DEG;400;61;339;Cours;Histoire droit pénal & fa;<L3 Droit>Colo droit civil;11;Salle de cours 127 (B2-01);16947
2026-01-20;Amphi A_A600 (DEG-00);36275;DEG;600;139;461;Cours;Hist dt inst pub;L1 AES;4;Amphi 2 (LET-00);27354
2026-01-20;Amphi B (SCI_R-00);85297;SCI_R;220;106;114;Cours;Thermodynamique;L1 Physique, Chimie;1;Amphi A (SCI_R-00);85316
2026-01-20;Amphi B (SCI_R-00);85297;SCI_R;220;52;168;Cours;Calcul différentiel S6;L3 Mathématiques;5;Salle de cours 509 (BA2-02);16630
2026-01-20;Amphi C (SCI_R-00);84869;SCI_R;192;84;108;Cours;Physiologie animale 1;L2 SDV - LAS;5;Amphi 40 (EC3-00);17104
2026-01-20;Amphi C (SCI_R-00);84869;SCI_R;192;84;108;Cours;Physiologie végétale 1;L2 SDV - LAS;12;Amphi 40 (EC3-00);17104
2026-01-20;Amphi C (SCI_R-00);84869;SCI_R;192;76;116;Cours;Bases de données I;L2 MIASHS;5;Amphi 40 (EC3-00);17104
2026-01-20;Amphi G (DUB-00);17228;DUB;140;35;105;Cours;Théorie des proba S6;L3 Mathématiques;4;Amphi H (DUB-00);17229
2026-01-20;Amphi G (DUB-00);17228;DUB;140;60;80;Cours;Algèbre 2 S2;L1 Mathématiques;1;Amphi H (DUB-00);17229
2026-01-20;Amphi G (DUB-00);17228;DUB;140;52;88;Cours;Algèbre et géométrie S6;L3 Mathématiques;2;Amphi H (DUB-00);17229
2026-01-20;Amphi G (DUB-00);17228;DUB;140;36;104;Cours;Biochimie des protéines;L3 SDV - LAS;4;Salle de cours 162 (B3-01);15996
2026-01-20;Amphi G (DUB-00);17228;DUB;140;36;104;Cours;Biochimie des protéines;L3 SDV - LAS;4;Salle de cours 162 (B3-01);15996
2026-01-20;Salle de cours 107 (LET-00);27308;LET;68;22;46;TD;Vers esp S6;L3 LEA - AE - écogestion;23;Salle de cours 167 (B3-01);15986
2026-01-20;Salle de cours 107 (LET-00);27308;LET;68;22;46;TD;Thème esp S6;L3 LEA - AE - écogestion;11;Salle de cours 167 (B3-01);15986
2026-01-20;Salle de cours 11 (LET-00);27324;LET;80;38;42;CM;Enjeux sociaux;L3 Sociologie;10;Salle de cours 406 (BA2-01);16739
2026-01-20;Salle de cours 12 (LET-00);27321;LET;60;16;44;TD;Hist relations inter TD;L3 Histoire - EJSP;3;Salle informatique 215 (LET-01);27272
2026-01-20;Salle de cours 12 (LET-00);27321;LET;60;18;42;CM;Hist. relations inter. CM;L3 Histoire - EJSP;14;Salle informatique 215 (LET-01);27272
2026-01-20;Salle de cours 120 (LET-00);27333;LET;62;24;38;CM;Droit du patrimoine;L3 HAA - HA;6;Salle de cours 167 (B3-01);15986
2026-01-20;Salle de cours 121 (LET-00);27332;LET;70;28;42;TD;Intro à la Recherche;L3 LLCER - EA - ER;12;Salle de cours IEFE 132 (LET-00);27339
2026-01-20;Salle de cours 13 (LET-00);27322;LET;70;28;42;TD;Cult gé hisp S4 TD;L2 LEA - AE - écogestion;13;Salle de cours IEFE 132 (LET-00);27339
2026-01-20;Salle de cours 13 (LET-00);27322;LET;70;30;40;TD;Thème angl S6;L3 LEA - AE - écogestion;12;Salle de cours 113 (LET-00);27303
2026-01-20;Salle de cours 13 (LET-00);27322;LET;70;28;42;CM;Civi pays hispano S4;L2 LEA - AE - écogestion;13;Salle de cours IEFE 132 (LET-00);27339
2026-01-20;Salle de cours 23 (LET-01);27248;LET;80;3;77;TD;Atel. historien ancienne;L3 Histoire - Art & Patri;12;Salle informatique 201 (LET-01);27266
2026-01-20;Salle de cours B_B1 (DEG-00);36289;DEG;100;11;89;Cours;Eco envir & soutenabilité;<L3 Economie Gestion>Coloration banque et finance;3;Salle de réunion D_D04 (DEG-00);36235
2026-01-20;Salle de cours B_B1 (DEG-00);36289;DEG;100;41;59;CM;Dt des procéd. collect.CM;<M1 Droit privé général>Droit des procédures collectives;1;Salle de cours B_B213 (DEG-02);36427
2026-01-20;Salle de cours B_B2 (DEG-00);36271;DEG;76;11;65;Cours;Économie du développement;<L3 Economie Gestion>Coloration banque et finance;8;Salle de cours/informatique C_C02 (DEG-00);36288
2026-01-20;Salle de cours B_B2 (DEG-00);36271;DEG;76;31;45;Cours;Dt propriétés pub CM;<L3 Droit>Colo droits et libertés;26;Salle de cours 508 (BA2-02);16629
2026-01-20;Salle de cours B_B2 (DEG-00);36271;DEG;76;31;45;Cours;Dt propriétés pub CM;<L3 Droit>Colo droits et libertés;26;Salle de cours 508 (BA2-02);16629
2026-01-20;Salle de cours C_C04 (DEG-00);36292;DEG;50;20;30;CM;Droit rural;M1 Droit Notarial;24;Salle de cours 167 (B3-01);15986
2026-01-20;Salle de cours C_C04 (DEG-00);36292;DEG;50;20;30;CM;Droit rural;M1 Droit Notarial;24;Salle de cours 167 (B3-01);15986
2026-01-20;Salle de cours C_C19 (DEG-01);36561;DEG;52;19;33;Cours;CM NORMES IFRS;M1 CGAO;4;Salle de cours 007 (BA1-00);33446
2026-01-20;Salle de cours C_C19 (DEG-01);36561;DEG;52;19;33;Cours;Consolidation;M1 CGAO;9;Salle de cours 007 (BA1-00);33446
2026-01-20;Salle de cours C_C19 (DEG-01);36561;DEG;52;19;33;Cours;Outils Management Financier;M1 CGAO;11;Salle de cours 007 (BA1-00);33446
2026-01-21;Amphi (STAP-00);18427;STAP;300;88;212;Cours;1 Nutrition;L2 STAPS ES (Tarbes);2;Amphi 40 (EC3-00);17104
2026-01-21;Amphi 2 (LET-00);27354;LET;140;53;87;CM;Civi pays hisp S6;L3 LEA - AE - écogestion;13;Salle de cours 509 (BA2-02);16630
2026-01-21;Amphi 3 (LET-02);27502;LET;300;104;196;TD;Découv chmps prof;L1 Sociologie;5;Amphi B (EC9-02);16035
2026-01-21;Amphi 3 (LET-02);27502;LET;300;104;196;CM;Sociologie des inégalités;L1 Sociologie;10;Amphi B (EC9-02);16035
2026-01-21;Amphi 3 (LET-02);27502;LET;300;103;197;CM;Histoire ancienne;L1 Histoire;12;Amphi B (EC9-02);16035
2026-01-21;Amphi A_A300 (DEG-00);36276;DEG;300;93;207;Cours;Économie générale;L1 AES;14;Auditorium (EC6-02);73560
2026-01-21;Amphi A_A300 (DEG-00);36276;DEG;300;93;207;Cours;Économie générale;L1 AES;14;Auditorium (EC6-02);73560
2026-01-21;Amphi A_A400 (DEG-00);36274;DEG;400;123;277;Cours;Droit de la famille CM;<L3 Droit>Colo droit des affaires;17;Amphi B (EC9-02);16035
2026-01-21;Amphi A_A400 (DEG-00);36274;DEG;400;123;277;Cours;Droit de la famille CM;<L3 Droit>Colo droit des affaires;17;Amphi B (EC9-02);16035
2026-01-21;Amphi A_A600 (DEG-00);36275;DEG;600;269;331;Cours;Sociologie juridique;L1 Droit (Pau);14;Amphi 400 (EC9-01);16026
2026-01-21;Amphi A_A600 (DEG-00);36275;DEG;600;269;331;Cours;Sociologie juridique;L1 Droit (Pau);14;Amphi 400 (EC9-01);16026
2026-01-21;Amphi B (SCI_R-00);85297;SCI_R;220;53;167;Cours;Intro probabilités S4;L2 Mathématiques;6;Salle de cours 509 (BA2-02);16630
2026-01-21;Amphi B (SCI_R-00);85297;SCI_R;220;60;160;Cours;Algor math 1 Python S1;L1 Mathématiques;1;Amphi A (SCI_R-00);85316
2026-01-21;Amphi C (SCI_R-00);84869;SCI_R;192;84;108;Cours;Microbiologie 2;L2 SDV - LAS;6;Amphi 40 (EC3-00);17104
2026-01-21;Amphi C (SCI_R-00);84869;SCI_R;192;84;108;Cours;Physiologie végétale 1;L2 SDV - LAS;12;Amphi 40 (EC3-00);17104
2026-01-21;Amphi C_A120 (DEG-00);36290;DEG;120;15;105;Cours;Management Stratégique;DU TG 2ième Année;10;Salle de réunion D_D04 (DEG-00);36235
2026-01-21;Amphi D (SCI_R-00);84870;SCI_R;192;87;105;Cours;Algèbre pour l'info;L1 Informatique;5;Amphi 40 (EC3-00);17104
2026-01-21;Amphi F (PAL-00);13841;PAL;75;35;40;Cours;Algorit math 5 python S6;L3 Mathématiques;2;Salle de cours 162 (B3-01);15996
2026-01-21;Amphi F (PAL-00);13841;PAL;75;1;74;Cours;Symétrie cristalline;<L2 Physique, Chimie>L2 PC Symétries cristallines;2;Salle 14 (PAL-01);13886
2026-01-21;Amphi G (DUB-00);17228;DUB;140;60;80;Cours;Progr orientée objet;L2 Informatique;2;Salle de cours 304 (BA2-00);16671
2026-01-21;Amphi G (DUB-00);17228;DUB;140;35;105;Cours;Théorie des proba S6;L3 Mathématiques;4;Amphi H (DUB-00);17229
2026-01-21;Amphi G (DUB-00);17228;DUB;140;47;93;Cours;Milieux sédimentaires 1;L1 Sciences de la terre;1;Amphi H (DUB-00);17229
2026-01-21;Salle de cours 107 (LET-00);27308;LET;68;12;56;TD;init th/vers angl S2;L1 LEA - AA - langues spé;13;Salle informatique 313 (LET-02);27510
2026-01-21;Salle de cours 107 (LET-00);27308;LET;68;16;52;TD;Com & médias esp S2;<L1 LEA - AE - langues spé><L1 LEA Spé TD>L1 LEA Gpe C;13;Labo de Langues 316 (LET-02);27521
2026-01-21;Salle de cours 107 (LET-00);27308;LET;68;30;38;TD;Gram angl S2 TD;L1 LEA - AA - langues spé;13;Salle de cours 135 (LET-00);27336
2026-01-21;Salle de cours 12 (LET-00);27321;LET;60;13;47;TD;2 Ateliers prat ciné 6;L3 Lettres - CTD;1;Salle informatique 214 (LET-01);27271
2026-01-21;Salle de cours 12 (LET-00);27321;LET;60;16;44;CM;Institutions publiques;L3 Histoire - EJSP;19;Salle de langues I-202 (ISA-02);78618
2026-01-21;Salle de cours 12 (LET-00);27321;LET;60;16;44;CM;Institutions publiques;L3 Histoire - EJSP;19;Salle de langues I-202 (ISA-02);78618
2026-01-21;Salle de cours 120 (LET-00);27333;LET;62;5;57;CM;Archéo monde rural au MÂ;L3 HAA - AP;11;Salle informatique 202 (LET-01);27273
2026-01-21;Salle de cours 13 (LET-00);27322;LET;70;28;42;CM;Gram & thème esp S4 CM;L2 LEA - AE - écogestion;11;Salle de cours 166 (B3-01);15984
2026-01-21;Salle de cours 14 (LET-00);27323;LET;98;1;97;Cours;Anglais LTDT S10;<M2 Tourisme><TD Anglais>Anglais M2 Tourisme (LTDT);8;Salle informatique 202 (LET-01);27273
2026-01-21;Salle de cours 14 (LET-00);27323;LET;98;24;74;CM;3 Approfond lit/styl 3;L3 Lettres modernes;7;Cartothèque 222bis (LET-01);27283
2026-01-21;Salle de cours 220 (LET-01);27254;LET;60;19;41;Cours;Environnement et société;L3 Histoire - EJSP;1;Salle informatique 215 (LET-01);27272
2026-01-21;Salle de cours 220 (LET-01);27254;LET;60;3;57;TD;Atel. historien med mod;L3 Histoire - Art & Patri;14;Labo de Langues 316 (LET-02);27521
2026-01-21;Salle de cours 23 (LET-01);27248;LET;80;25;55;TD;Histoire anc.;L3 Histoire - ER;12;Salle de cours IEFE 127 (LET-00);27296
2026-01-21;Salle de cours B_B1 (DEG-00);36289;DEG;100;11;89;Cours;Finances de marché;<L3 Economie Gestion>Coloration banque et finance;11;Salle de réunion 110 (B1-01);16830
2026-01-21;Salle de cours B_B1 (DEG-00);36289;DEG;100;11;89;Cours;Finances de marché;<L3 Economie Gestion>Coloration banque et finance;11;Salle de réunion 110 (B1-01);16830
2026-01-21;Salle de cours C_C19 (DEG-01);36561;DEG;52;19;33;Cours;Initiation recherche;M1 CGAO;13;Salle de cours 007 (BA1-00);33446
2026-01-21;Salle de cours C_C19 (DEG-01);36561;DEG;52;19;33;Cours;Anglais des Affaires;M1 CGAO;7;Salle de cours 007 (BA1-00);33446
2026-01-22;Amphi (STAP-00);18427;STAP;300;88;212;Cours;1 Evaluation physique;L2 STAPS ES (Tarbes);7;Amphi 40 (EC3-00);17104
2026-01-22;Amphi (STAP-00);18427;STAP;300;88;212;Cours;1 Environnement/pratiques;L2 STAPS ES (Tarbes);10;Amphi 40 (EC3-00);17104
2026-01-22;Amphi 2 (LET-00);27354;LET;140;43;97;CM;Intro changt climatique;L1 Géo Aménagement;9;Salle de Cours 003 (BA1-00);33458
2026-01-22;Amphi 3 (LET-02);27502;LET;300;124;176;CM;Linguistique S2;L1 LLCER - EA;7;Amphi B (EC9-02);16035
2026-01-22;Amphi 3 (LET-02);27502;LET;300;124;176;CM;Littérature S2;L1 LLCER - EA;11;Amphi B (EC9-02);16035
2026-01-22;Amphi A_A150 (DEG-00);36279;DEG;150;44;106;Cours;Contrôle de gestion;L3 AES Gestion des entrep;2;Salle de cours C_C03 (DEG-00);36287
2026-01-22;Amphi A_A150 (DEG-00);36279;DEG;150;44;106;Cours;Contrôle de gestion;L3 AES Gestion des entrep;2;Salle de cours C_C03 (DEG-00);36287
2026-01-22;Amphi A_A300 (DEG-00);36276;DEG;300;146;154;Cours;Macroéconomie 3;L2 Economie Gestion CMI;11;Amphi 400 (EC9-01);16026
2026-01-22;Amphi A_A400 (DEG-00);36274;DEG;400;10;390;Cours;Démographie économique;L1 Economie Gestion CMI;9;Salle de Réunion 14 (BU-01);16992
2026-01-22;Amphi A_A600 (DEG-00);36275;DEG;600;214;386;Cours;Dr collectivités territ;L2 Droit;18;Amphi 400 (EC9-01);16026
2026-01-22;Amphi A_A600 (DEG-00);36275;DEG;600;214;386;Cours;Pol protec soc europ;L2 Droit;20;Amphi 400 (EC9-01);16026
2026-01-22;Amphi A_A600 (DEG-00);36275;DEG;600;214;386;Cours;Pol protec soc europ;L2 Droit;20;Amphi 400 (EC9-01);16026
2026-01-22;Amphi D (SCI_R-00);84870;SCI_R;192;87;105;Cours;Programmation mobile;L1 Informatique;3;Amphi 40 (EC3-00);17104
2026-01-22;Amphi Elsa Serfass (BA1-00);33455;BA1;80;32;48;CM;Phéno vib et chocs;<L1 Phy Chimie - Anglet>Phénomènes vibratoires;3;Salle informatique 210-211 (BA1-02);33388
2026-01-22;Amphi G (DUB-00);17228;DUB;140;45;95;Cours;Biologie moléculaire 3;L3 SDV - BGST;2;Amphi H (DUB-00);17229
2026-01-22;Amphi H (DUB-00);17229;DUB;140;53;87;Cours;Intro théorie groupes S4;L2 Mathématiques;4;Salle de cours 509 (BA2-02);16630
2026-01-22;Amphi H (DUB-00);17229;DUB;140;42;98;Cours;Réseaux II;L3 Informatique;3;Salle 25bis (DUB-00);17239
2026-01-22;Salle de cours 13 (LET-00);27322;LET;70;22;48;CM;Express° trilingue entrep;L3 LEA - AE - écogestion;4;Salle de cours IEFE 127 (LET-00);27296
2026-01-22;Salle de cours 220 (LET-01);27254;LET;60;25;35;CM;Hist. médiévale;L3 Histoire - ER;12;Salle de cours 144 (EC3-01);17123
2026-01-22;Salle de cours 220 (LET-01);27254;LET;60;25;35;TD;Hist. médiévale;L3 Histoire - ER;12;Salle de cours 144 (EC3-01);17123
2026-01-22;Salle de cours 32 (LET-02);27514;LET;80;26;54;TD;Modern. & avt gardes TD;L2 HAA;11;Salle de cours IEFE 127 (LET-00);27296
2026-01-22;Salle de cours 32 (LET-02);27514;LET;80;30;50;CM;Modern. & avt gardes CM;L2 HAA;11;Salle de cours 166 (B3-01);15984
2026-01-22;Salle de cours C_C03 (DEG-00);36287;DEG;50;24;26;CM;Développement éco local;D.U Métiers admin gen ter;1;Salle de cours B_B206 (DEG-02);36420
2026-01-22;Salle de cours C_C04 (DEG-00);36292;DEG;50;18;32;CM;DER - Entraînement au GO;M2 Procédures contentieux;1;Salle de cours B_B207 (DEG-02);36421
2026-01-22;Salle de cours C_C04 (DEG-00);36292;DEG;50;25;25;CM;Cult.gén.&note synt. S2;<M1 Procédures contentieux>Culture générale et note de synthèse;24;Amphi A_A600 (DEG-00);36275
2026-01-22;Salle de cours C_C04 (DEG-00);36292;DEG;50;25;25;CM;Cult.gén.&note synt. S2;<M1 Procédures contentieux>Culture générale et note de synthèse;24;Amphi A_A600 (DEG-00);36275
2026-01-22;Salle de cours C_C18 (DEG-01);36560;DEG;50;11;39;Cours;Histoire de la pensée;<L3 Economie Gestion>Coloration banque et finance;1;Salle immersive D_D20bis (DEG-00);83663
2026-01-22;Salle de cours C_C19 (DEG-01);36561;DEG;52;11;41;TD;Anglais des Affaires;<M1 CGAO><Groupes>Groupe 1;21;Salle TP géochimie B330 (SCI_R-03);85206
2026-01-22;Salle de cours C_C19 (DEG-01);36561;DEG;52;19;33;Cours;Consolidation;M1 CGAO;9;Salle de cours 007 (BA1-00);33446
2026-01-22;Salle de cours C_C19 (DEG-01);36561;DEG;52;19;33;Cours;PACI;M1 CGAO;11;Salle de cours 007 (BA1-00);33446
2026-01-23;Amphi 1 (LET-00);27353;LET;150;34;116;CM;1 Histoire du cinéma 1;L1 Lettres - CTD;2;Salle de cours IEFE 131 (LET-00);27295
2026-01-23;Amphi 1 (LET-00);27353;LET;150;34;116;TD;1 Histoire du cinéma 1;L1 Lettres - CTD;3;Salle de cours 135 (LET-00);27336
2026-01-23;Amphi A (SCI_R-00);85316;SCI_R;216;60;156;Cours;Algèbre 2 S2;L1 Mathématiques;1;Amphi D (SCI_R-00);84870
2026-01-23;Amphi A_A150 (DEG-00);36279;DEG;150;44;106;Cours;Fiscalité des Entreprises;L3 AES Gestion des entrep;2;Salle de cours C_C03 (DEG-00);36287
2026-01-23;Amphi A_A150 (DEG-00);36279;DEG;150;44;106;Cours;Fiscalité des Entreprises;L3 AES Gestion des entrep;2;Salle de cours C_C03 (DEG-00);36287
2026-01-23;Amphi A_A300 (DEG-00);36276;DEG;300;146;154;Cours;Macroéconomie 3;L2 Economie Gestion CMI;11;Amphi 400 (EC9-01);16026
2026-01-23;Amphi A_A600 (DEG-00);36275;DEG;600;172;428;Cours;Informatique 1;L1 Economie et Gestion;4;Amphi A (SCI_R-00);85316
2026-01-23;Amphi A_A600 (DEG-00);36275;DEG;600;172;428;Cours;Informatique 1;L1 Economie et Gestion;4;Amphi A (SCI_R-00);85316
2026-01-23;Amphi B (SCI_R-00);85297;SCI_R;220;110;110;Cours;Etat solide;L1 Physique, Chimie;3;Amphi C_A120 (DEG-00);36290
2026-01-23;Amphi C (SCI_R-00);84869;SCI_R;192;60;132;Cours;Analyse 2 S2;L1 Mathématiques;1;Amphi D (SCI_R-00);84870
2026-01-23;Amphi C (SCI_R-00);84869;SCI_R;192;76;116;Cours;Bases de données I;L2 MIASHS;5;Amphi 40 (EC3-00);17104
2026-01-23;Amphi E (PAL-00);13842;PAL;75;1;74;Cours;Symétrie cristalline;<L2 PC - Chimie>L2 Chimie Symétrie cristalline;2;Salle 16 (PAL-01);13883
2026-01-23;Amphi G (DUB-00);17228;DUB;140;49;91;Cours;Analyse chimique EC 1;L2 PC - LAS;2;Salle de Cours 003 (BA1-00);33458
2026-01-23;Salle de cours 107 (LET-00);27308;LET;68;22;46;TD;Vers esp S6;L3 LEA - AE - écogestion;23;Salle de cours 167 (B3-01);15986
2026-01-23;Salle de cours 121 (LET-00);27332;LET;70;23;47;TD;Mathématiques S6;L3 LLCER - EA - PE;1;Salle de cours IEFE 127 (LET-00);27296
2026-01-23;Salle de cours 13 (LET-00);27322;LET;70;28;42;CM;Cult gé hisp S4 CM;L2 LEA - AE - écogestion;12;Salle multimedia UTLA 137 (LET-00);27300
2026-01-23;Salle de cours 14 (LET-00);27323;LET;98;6;92;TD;Enseigner l'orthographe;M1 MEEF Lettres;2;Salle de cours 203 (LET-01);27270
2026-01-23;Salle de cours 14 (LET-00);27323;LET;98;17;81;CM;2 - Approf stylistique;L2 Lettres modernes;11;Salle de cours 204 (LET-01);27267
2026-01-23;Salle de cours 14 (LET-00);27323;LET;98;17;81;TD;2 - Approf stylistique;L2 Lettres modernes;11;Salle de cours 203 (LET-01);27270
2026-01-23;Salle de cours 220 (LET-01);27254;LET;60;25;35;CM;Histoire anc.;L3 Histoire - ER;12;Salle de cours IEFE 128 (LET-00);27298
2026-01-23;Salle de cours B_B1 (DEG-00);36289;DEG;100;11;89;Cours;Comprendre les crises éco;<L3 Economie Gestion>Coloration banque et finance;1;Salle informatique B_ASPE (DEG-01);36531
2026-01-23;Salle de cours B_B1 (DEG-00);36289;DEG;100;11;89;Cours;Relations internation;L2 Economie Gestion CMI;2;Salle informatique B_ASPE (DEG-01);36531
2026-01-23;Salle de cours C_C01 (DEG-00);36291;DEG;79;11;68;Cours;Relations internation;L2 Economie Gestion CMI;2;Salle immersive D_D20bis (DEG-00);83663
2026-01-23;Salle de cours C_C03 (DEG-00);36287;DEG;50;24;26;CM;L'urbanisme et affaires;D.U Métiers admin gen ter;2;Salle de cours/informatique C_C02 (DEG-00);36288
2026-01-23;Salle de cours C_C03 (DEG-00);36287;DEG;50;8;42;Cours;Droit Public Ecrit;CAPA Droit 1e année (PAU);22;Salle informatique B_BARETOUS (DEG-01);36548
2026-01-23;Salle de cours C_C04 (DEG-00);36292;DEG;50;24;26;CM;les moyens matériels;D.U Métiers admin gen ter;1;Salle de cours B_B207 (DEG-02);36421
2026-01-23;Salle de cours C_C19 (DEG-01);36561;DEG;52;8;44;TD;Anglais des Affaires;<M1 CGAO><Groupes>Groupe 2;19;Salle informatique B_BARETOUS (DEG-01);36548
2026-01-23;Salle de cours C_C19 (DEG-01);36561;DEG;52;11;41;TD;Anglais des Affaires;<M1 CGAO><Groupes>Groupe 1;21;Salle TP géochimie B330 (SCI_R-03);85206
2026-01-23;Salle de cours C_C19 (DEG-01);36561;DEG;52;19;33;Cours;PACI;M1 CGAO;11;Salle de cours 007 (BA1-00);33446
2026-01-26;AMPHI STID (STI-00);24832;STI;165;32;133;Cours;R2.05 Thermodynamique;BUT 1 - MTEE;8;Salle de cours 508 (BA2-02);16629
2026-01-26;AMPHI STID (STI-00);24832;STI;165;32;133;Cours;R2.04 Hydraulique aérau;BUT 1 - MTEE;10;Salle de cours 508 (BA2-02);16629
2026-01-26;AMPHI STID (STI-00);24832;STI;165;32;133;Cours;R2.06 Elec. Automatisme;BUT 1 - MTEE;2;Salle de cours 508 (BA2-02);16629
2026-01-26;AMPHI STID (STI-00);24832;STI;165;32;133;CM;4.08 Modèle linéaire;BUT 2 SD - Exploration;2;Salle de cours 508 (BA2-02);16629
2026-01-26;Amphi (STAP-00);18427;STAP;300;124;176;Cours;1 Sciences de l'éducation;L2 STAPS EM (Tarbes);6;Amphi B (EC9-02);16035
2026-01-26;Amphi (STAP-00);18427;STAP;300;80;220;Cours;2 Progra entraînement;L3 STAPS ES (Tarbes);6;Amphi 40 (EC3-00);17104
2026-01-26;Amphi (STAP-00);18427;STAP;300;80;220;Cours;1 Physio entraînement;L3 STAPS ES (Tarbes);6;Salle de cours 32 (LET-02);27514
2026-01-26;Amphi 1 (LET-00);27353;LET;150;74;76;CM;2 Fondamentaux en ortho 2;L1 Lettres - CTD;7;Salle de cours C_C01 (DEG-00);36291
2026-01-26;Amphi 1 (LET-00);27353;LET;150;74;76;CM;1 Grammaire descriptive 2;L1 Lettres - CTD;7;Amphi 40 (EC3-00);17104
2026-01-26;Amphi 1 (LET-00);27353;LET;150;74;76;CM;1 Littérature française 2;L1 Lettres - CTD;6;Amphi 40 (EC3-00);17104
2026-01-26;Amphi 1 (LET-00);27353;LET;150;51;99;CM;1 Litté française et fr 4;L2 Lettres classiques;6;Salle de cours 509 (BA2-02);16630
2026-01-26;Amphi 1 (LET-00);27353;LET;150;51;99;TD;1 Litté française et fr 4;L2 Lettres classiques;6;Salle de cours 220 (LET-01);27254
2026-01-26;Amphi 1 (LET-00);27353;LET;150;65;85;CM;Sociologie de l'éducation;L2 Sociologie;5;Salle de cours 301 (LET-02);27528
2026-01-26;Amphi 3 (LET-02);27502;LET;300;104;196;CM;Sociologie générale S2;L1 Sociologie;10;Amphi B (EC9-02);16035
2026-01-26;Amphi A (SCI_R-00);85316;SCI_R;216;76;140;Cours;Bases de données I;L2 MIASHS;2;Amphi B (SCI_R-00);85297
2026-01-26;Amphi A_A150 (DEG-00);36279;DEG;150;17;133;Cours;Gestion des RH et QVT 2;L3 LEA - AE - écogestion;7;Salle informatique B_B209 (DEG-02);36423
2026-01-26;Amphi A_A150 (DEG-00);36279;DEG;150;41;109;CM;Dt des procéd. collect.CM;<M1 Droit privé général>Droit des procédures collectives;23;Salle de Cours 003 (BA1-00);33458
2026-01-26;Amphi A_A150 (DEG-00);36279;DEG;150;41;109;CM;Dt des procéd. collect.CM;<M1 Droit privé général>Droit des procédures collectives;23;Salle de Cours 003 (BA1-00);33458
2026-01-26;Amphi A_A150 (DEG-00);36279;DEG;150;60;90;Cours;Gds prob polit contemp 2;L3 Histoire - EJSP;2;Salle de cours B_B2 (DEG-00);36271
2026-01-26;Amphi A_A300 (DEG-00);36276;DEG;300;27;273;Cours;Droit commercial;L2 LEA - AA - écogestion;1;Salle de cours/informatique C_C02 (DEG-00);36288
2026-01-26;Amphi A_A300 (DEG-00);36276;DEG;300;146;154;Cours;Macroéconomie 3;L2 Economie Gestion CMI;11;Amphi 400 (EC9-01);16026
2026-01-26;Amphi A_A300 (DEG-00);36276;DEG;300;139;161;Cours;Hist dt inst pub;L1 AES;20;Amphi 400 (EC9-01);16026
2026-01-26;Amphi A_A300 (DEG-00);36276;DEG;300;93;207;Cours;Économie générale;L1 AES;14;Auditorium (EC6-02);73560
2026-01-26;Amphi A_A300 (DEG-00);36276;DEG;300;93;207;Cours;Économie générale;L1 AES;14;Auditorium (EC6-02);73560
2026-01-26;Amphi A_A400 (DEG-00);36274;DEG;400;148;252;Cours;Comptabilité de gestion;L2 AES;3;Amphi 1 (LET-00);27353
2026-01-26;Amphi A_A600 (DEG-00);36275;DEG;600;118;482;Cours;Droit des sociétés CM;<L3 Droit>Colo droit des affaires;6;I-007 Nguéckock (ISA-00);78415
2026-01-26;Amphi A_A600 (DEG-00);36275;DEG;600;118;482;Cours;Droit des sociétés CM;<L3 Droit>Colo droit des affaires;6;I-007 Nguéckock (ISA-00);78415
2026-01-26;Amphi A_A600 (DEG-00);36275;DEG;600;118;482;Cours;Droit des sociétés CM;<L3 Droit>Colo droit des affaires;6;I-007 Nguéckock (ISA-00);78415
2026-01-26;Amphi A_A600 (DEG-00);36275;DEG;600;229;371;Cours;Microéconomie 1;L1 MIASHS;8;Amphi 400 (EC9-01);16026
2026-01-26;Amphi A_A600 (DEG-00);36275;DEG;600;229;371;Cours;Microéconomie 1;L1 MIASHS;8;Amphi 400 (EC9-01);16026
2026-01-26;Amphi B (SCI_R-00);85297;SCI_R;220;84;136;Cours;Microbiologie 2;L2 SDV - LAS;7;Amphi 40 (EC3-00);17104
2026-01-26;Amphi C (SCI_R-00);84869;SCI_R;192;53;139;Cours;Calcul différentiel RN S4;L2 Mathématiques;10;Salle de cours 509 (BA2-02);16630
2026-01-26;Amphi C (SCI_R-00);84869;SCI_R;192;84;108;Cours;Génétique;L2 SDV - LAS;5;Amphi 40 (EC3-00);17104
2026-01-26;Amphi C_A120 (DEG-00);36290;DEG;120;21;99;CM;FUSION;M1 Compta ctrl audit;2;Salle informatique B_B209 (DEG-02);36423
2026-01-26;Amphi C_A120 (DEG-00);36290;DEG;120;24;96;CM;RECHERCHE COMPTA AUDIT;M2 Compta ctrl audit;2;Salle de cours B_B6 (DEG-00);36270
2026-01-26;Amphi C_A120 (DEG-00);36290;DEG;120;24;96;CM;GESTION JURIDIQUE ENTREPR;M2 Compta ctrl audit;2;Salle de cours B_B207 (DEG-02);36421
2026-01-26;Amphi D (SCI_R-00);84870;SCI_R;192;84;108;Cours;Physiologie animale 1;L2 SDV - LAS;1;Amphi B (SCI_R-00);85297
2026-01-26;Amphi D (SCI_R-00);84870;SCI_R;192;60;132;Cours;Analyse 2 S2;L1 Mathématiques;5;Salle de cours 304 (BA2-00);16671
2026-01-26;Amphi D (SCI_R-00);84870;SCI_R;192;51;141;Cours;Fon chim polymères;L3 PC - Physique, Chimie;1;Salle de cours 509 (BA2-02);16630
2026-01-26;Amphi E (PAL-00);13842;PAL;75;36;39;Cours;Biochimie des protéines;L3 SDV - LAS;6;Salle de cours 162 (B3-01);15996
2026-01-26;Amphi Elsa Serfass (BA1-00);33455;BA1;80;34;46;CM;Maths approfondies;<L1 Phy Chimie - Anglet>Mathématiques approfondies;2;Salle informatique - MAC 206 (BA1-02);33393
2026-01-26;Amphi F (PAL-00);13841;PAL;75;36;39;Cours;Outils bioinformatiques;L3 SDV - LAS;2;Salle 16 (PAL-01);13883
2026-01-26;Amphi H (DUB-00);17229;DUB;140;42;98;Cours;Paradigmes de programmat°;L3 Informatique;1;Salle 25 (DUB-00);17240
2026-01-26;Salle de cours 107 (LET-00);27308;LET;68;28;40;TD;Gram & thème esp S4 TD;L2 LEA - AE - écogestion;1;Salle de cours 108 (LET-00);27288
2026-01-26;Salle de cours 107 (LET-00);27308;LET;68;8;60;TD;Vers all S6;L3 LEA - AA - FLE;8;Salle informatique 201 (LET-01);27266
2026-01-26;Salle de cours 11 (LET-00);27324;LET;80;4;76;CM;France contexte européen;<L3 Histoire - ER>6Sem Géo La France dans le contexte européen;9;Salle informatique 214 (LET-01);27271
2026-01-26;Salle de cours 12 (LET-00);27321;LET;60;16;44;TD;Opinions et mass média;L3 Histoire - EJSP;11;Salle du conseil B11 (LET-01);27281
2026-01-26;Salle de cours 12 (LET-00);27321;LET;60;16;44;CM;Opinions et mass média;L3 Histoire - EJSP;11;Salle informatique 313 (LET-02);27510
2026-01-26;Salle de cours 30 (LET-02);27513;LET;60;14;46;CM;UE17 EC1 Litté et patrimoine;M2 Lettres et arts;10;Salle de cours 32 (LET-02);27514
2026-01-26;Salle de cours 32 (LET-02);27514;LET;80;16;64;TD;Opinions et mass média;L3 Histoire - EJSP;11;Salle informatique 313 (LET-02);27510
2026-01-26;Salle de cours 32 (LET-02);27514;LET;80;37;43;CM;Vers angl S4 CM;L2 LEA - AA - écogestion;6;Salle de cours 105 (LET-00);27306
2026-01-26;Salle de cours B_B1 (DEG-00);36289;DEG;100;33;67;CM;DIP 2;<M1 Droit privé général>DIP;22;Salle de cours 240 (EC3-02);73530
2026-01-26;Salle de cours B_B1 (DEG-00);36289;DEG;100;33;67;CM;DIP 2;<M1 Droit privé général>DIP;22;Salle de cours 240 (EC3-02);73530
2026-01-26;Salle de cours C_C01 (DEG-00);36291;DEG;79;27;52;Cours;Droit commercial;L2 LEA - AA - écogestion;6;Salle de cours 144 (EC3-01);17123
2026-01-26;Salle de cours C_C03 (DEG-00);36287;DEG;50;8;42;Cours;Droit Civil Ecrit;CAPA Droit 1e année (PAU);21;Salle informatique B_BARETOUS (DEG-01);36548
2026-01-26;Salle de cours C_C19 (DEG-01);36561;DEG;52;19;33;Cours;Outils Management Financier;M1 CGAO;11;Salle de cours 007 (BA1-00);33446
2026-01-27;AMPHI STID (STI-00);24832;STI;165;32;133;Cours;R2.04 Hydraulique aérau;BUT 1 - MTEE;10;Salle de cours 508 (BA2-02);16629
2026-01-27;Amphi 1 (LET-00);27353;LET;150;27;123;CM;Spatialités aires culture;L2 Géo Aménagement;6;Salle de cours 113 (LET-00);27303
2026-01-27;Amphi 3 (LET-02);27502;LET;300;30;270;CM;Civi pays anglo S2;L1 LEA - AA - langues spé;13;Salle de cours IEFE 132 (LET-00);27339
2026-01-27;Amphi 3 (LET-02);27502;LET;300;16;284;CM;Civi pays hispano S2;<L1 LEA - AE - langues spé><L1 LEA Spé TD>L1 LEA Gpe A;13;Labo de Langues 316 (LET-02);27521
2026-01-27;Amphi 3 (LET-02);27502;LET;300;30;270;CM;Gram angl S2 CM;L1 LEA - AA - langues spé;6;Salle de cours 223 (LET-01);27284
2026-01-27;Amphi A_A150 (DEG-00);36279;DEG;150;40;110;Cours;Droit des obligations 2;L2 AES;8;Salle Recherche (B3-00);15968
2026-01-27;Amphi A_A150 (DEG-00);36279;DEG;150;40;110;Cours;Droit des obligations 2;L2 AES;8;Salle Recherche (B3-00);15968
2026-01-27;Amphi A_A300 (DEG-00);36276;DEG;300;111;189;Cours;Théorie des organisations;L1 AES;11;Amphi B (EC9-02);16035
2026-01-27;Amphi A_A300 (DEG-00);36276;DEG;300;111;189;Cours;Théorie des organisations;L1 AES;11;Amphi B (EC9-02);16035
2026-01-27;Amphi A_A300 (DEG-00);36276;DEG;300;105;195;Cours;Informatique;L3 Economie Gestion;10;Amphi B (EC9-02);16035
2026-01-27;Amphi A_A400 (DEG-00);36274;DEG;400;163;237;Cours;Relations internationales;<L1 Droit (Pau)>Relations Internationales;24;Amphi 400 (EC9-01);16026
2026-01-27;Amphi A_A400 (DEG-00);36274;DEG;400;163;237;Cours;Relations internationales;<L1 Droit (Pau)>Relations Internationales;24;Amphi 400 (EC9-01);16026
2026-01-27;Amphi A_A400 (DEG-00);36274;DEG;400;61;339;Cours;Histoire droit pénal & fa;<L3 Droit>Colo droit civil;11;Salle de cours 127 (B2-01);16947
2026-01-27;Amphi A_A600 (DEG-00);36275;DEG;600;139;461;Cours;Hist dt inst pub;L1 AES;4;Amphi 2 (LET-00);27354
2026-01-27;Amphi A_A600 (DEG-00);36275;DEG;600;172;428;Cours;Stats descriptive / EXCEL;L1 Economie et Gestion;9;Amphi 400 (EC9-01);16026
2026-01-27;Amphi B (SCI_R-00);85297;SCI_R;220;84;136;Cours;Microbiologie 2;L2 SDV - LAS;7;Amphi 40 (EC3-00);17104
2026-01-27;Amphi B (SCI_R-00);85297;SCI_R;220;52;168;Cours;Calcul différentiel S6;L3 Mathématiques;5;Salle de cours 509 (BA2-02);16630
2026-01-27;Amphi C (SCI_R-00);84869;SCI_R;192;84;108;Cours;Physiologie végétale 1;L2 SDV - LAS;12;Amphi 40 (EC3-00);17104
2026-01-27;Amphi C_A120 (DEG-00);36290;DEG;120;21;99;CM;CONSOLIDATION;M1 Compta ctrl audit;2;Salle GREEN A_A01 (DEG-00);36278
2026-01-27;Amphi C_A120 (DEG-00);36290;DEG;120;15;105;Cours;Management Stratégique;DU TG 2ième Année;10;Salle de réunion D_D04 (DEG-00);36235
2026-01-27;Amphi D (SCI_R-00);84870;SCI_R;192;60;132;Cours;Algèbre 2 S2;L1 Mathématiques;8;Salle de cours 304 (BA2-00);16671
2026-01-27;Amphi D (SCI_R-00);84870;SCI_R;192;52;140;Cours;Algèbre et géométrie S6;L3 Mathématiques - CAPES;1;Amphi B (SCI_R-00);85297
2026-01-27;Amphi D (SCI_R-00);84870;SCI_R;192;84;108;Cours;OUMOBIO 2;L2 SDV - LAS;2;Amphi C (SCI_R-00);84869
2026-01-27;Amphi F (PAL-00);13841;PAL;75;1;74;Cours;Symétrie cristalline;<L2 Physique, Chimie>L2 PC Symétries cristallines;2;Salle 14 (PAL-01);13886
2026-01-27;Amphi G (DUB-00);17228;DUB;140;35;105;Cours;Théorie des proba S6;L3 Mathématiques;4;Amphi H (DUB-00);17229
2026-01-27;Amphi G (DUB-00);17228;DUB;140;60;80;Cours;Algor math 1 Python S1;L1 Mathématiques;2;Salle de cours 304 (BA2-00);16671
2026-01-27;Amphi G (DUB-00);17228;DUB;140;36;104;Cours;Biochimie des protéines;L3 SDV - LAS;4;Salle de cours 162 (B3-01);15996
2026-01-27;Amphi H (DUB-00);17229;DUB;140;53;87;Cours;Algèbre 4 S4;L2 Mathématiques;4;Salle de cours 509 (BA2-02);16630
2026-01-27;Amphi H (DUB-00);17229;DUB;140;11;129;Cours;Stratégie synth chim orga;L3 PC - Physique, Chimie;3;Salle Info 33 (DUB-01);17165
2026-01-27;Amphi H (DUB-00);17229;DUB;140;60;80;Cours;Progr orientée objet;L2 Informatique;2;Salle de cours 304 (BA2-00);16671
2026-01-27;Salle de cours 10 (LET-00);27320;LET;60;17;43;TD;Espagnol M2 S9 LLSH;M2 Patrim & musées;1;Salle informatique 215 (LET-01);27272
2026-01-27;Salle de cours 107 (LET-00);27308;LET;68;22;46;TD;Vers esp S6;L3 LEA - AE - écogestion;23;Salle de cours 167 (B3-01);15986
2026-01-27;Salle de cours 107 (LET-00);27308;LET;68;22;46;TD;Thème esp S6;L3 LEA - AE - écogestion;11;Salle de cours 167 (B3-01);15986
2026-01-27;Salle de cours 107 (LET-00);27308;LET;68;28;40;CM;Gram & thème esp S4 CM;L2 LEA - AE - écogestion;1;Salle de cours 108 (LET-00);27288
2026-01-27;Salle de cours 11 (LET-00);27324;LET;80;38;42;CM;Enjeux sociaux;L3 Sociologie;10;Salle de cours 406 (BA2-01);16739
2026-01-27;Salle de cours 12 (LET-00);27321;LET;60;18;42;CM;Hist. relations inter. CM;L3 Histoire - EJSP;14;Salle informatique 215 (LET-01);27272
2026-01-27;Salle de cours 120 (LET-00);27333;LET;62;24;38;CM;Droit du patrimoine;L3 HAA - HA;6;Salle de cours 167 (B3-01);15986
2026-01-27;Salle de cours 120 (LET-00);27333;LET;62;24;38;CM;Mét cons &med patrim;L3 HAA - HA;6;Salle de cours IEFE 128 (LET-00);27298
2026-01-27;Salle de cours 121 (LET-00);27332;LET;70;28;42;TD;Intro à la Recherche;L3 LLCER - EA - ER;12;Salle de cours IEFE 132 (LET-00);27339
2026-01-27;Salle de cours 13 (LET-00);27322;LET;70;28;42;TD;Cult gé hisp S4 TD;L2 LEA - AE - écogestion;13;Salle de cours IEFE 132 (LET-00);27339
2026-01-27;Salle de cours 13 (LET-00);27322;LET;70;30;40;TD;Thème angl S6;L3 LEA - AE - écogestion;12;Salle de cours 113 (LET-00);27303
2026-01-27;Salle de cours 23 (LET-01);27248;LET;80;3;77;TD;Atel. historien ancienne;L3 Histoire - Art & Patri;12;Salle informatique 201 (LET-01);27266
2026-01-27;Salle de cours B_B1 (DEG-00);36289;DEG;100;11;89;Cours;Eco envir & soutenabilité;<L3 Economie Gestion>Coloration banque et finance;3;Salle de réunion D_D04 (DEG-00);36235
2026-01-27;Salle de cours B_B2 (DEG-00);36271;DEG;76;11;65;Cours;Économie du développement;<L3 Economie Gestion>Coloration banque et finance;8;Salle de cours/informatique C_C02 (DEG-00);36288
2026-01-27;Salle de cours B_B2 (DEG-00);36271;DEG;76;31;45;Cours;Dt propriétés pub CM;<L3 Droit>Colo droits et libertés;26;Salle de cours 508 (BA2-02);16629
2026-01-27;Salle de cours B_B2 (DEG-00);36271;DEG;76;31;45;Cours;Dt propriétés pub CM;<L3 Droit>Colo droits et libertés;26;Salle de cours 508 (BA2-02);16629
2026-01-27;Salle de cours C_C04 (DEG-00);36292;DEG;50;20;30;CM;Droit rural;M1 Droit Notarial;24;Salle de cours 167 (B3-01);15986
2026-01-27;Salle de cours C_C04 (DEG-00);36292;DEG;50;20;30;CM;Droit rural;M1 Droit Notarial;24;Salle de cours 167 (B3-01);15986
2026-01-27;Salle de cours C_C18 (DEG-01);36560;DEG;50;23;27;Cours;Anglais M1 DEG S8;<M1 Drt Act Publique loc><TD Anglais>Anglais M1 Droit Mutualisé Gp 1;8;Salle de cours 167 (B3-01);15986
2026-01-27;Salle de cours C_C19 (DEG-01);36561;DEG;52;19;33;Cours;CM NORMES IFRS;M1 CGAO;4;Salle de cours 007 (BA1-00);33446
2026-01-27;Salle de cours C_C19 (DEG-01);36561;DEG;52;19;33;Cours;Consolidation;M1 CGAO;9;Salle de cours 007 (BA1-00);33446
2026-01-27;Salle de cours C_C19 (DEG-01);36561;DEG;52;19;33;Cours;Outils Management Financier;M1 CGAO;11;Salle de cours 007 (BA1-00);33446
2026-01-28;AMPHI STID (STI-00);24832;STI;165;32;133;Cours;R2.05 Thermodynamique;BUT 1 - MTEE;8;Salle de cours 508 (BA2-02);16629
2026-01-28;AMPHI STID (STI-00);24832;STI;165;32;133;Cours;R2.07 Math. appli.;BUT 1 - MTEE;2;Salle de cours 508 (BA2-02);16629
2026-01-28;Amphi (STAP-00);18427;STAP;300;124;176;Cours;1 Histoire de l'EPS;L2 STAPS EM (Tarbes);9;Amphi B (EC9-02);16035
2026-01-28;Amphi (STAP-00);18427;STAP;300;88;212;Cours;1 Nutrition;L2 STAPS ES (Tarbes);2;Amphi 40 (EC3-00);17104
2026-01-28;Amphi 2 (LET-00);27354;LET;140;53;87;CM;Civi pays hisp S6;L3 LEA - AE - écogestion;13;Salle de cours 509 (BA2-02);16630
2026-01-28;Amphi 3 (LET-02);27502;LET;300;104;196;TD;Découv chmps prof;L1 Sociologie;5;Amphi B (EC9-02);16035
2026-01-28;Amphi 3 (LET-02);27502;LET;300;104;196;CM;Sociologie des inégalités;L1 Sociologie;10;Amphi B (EC9-02);16035
2026-01-28;Amphi 3 (LET-02);27502;LET;300;103;197;CM;Histoire ancienne;L1 Histoire;12;Amphi B (EC9-02);16035
2026-01-28;Amphi A_A300 (DEG-00);36276;DEG;300;61;239;Cours;Marketing Stratégie;L3 LEA - AE - écogestion;8;Salle de cours 127 (B2-01);16947
2026-01-28;Amphi A_A300 (DEG-00);36276;DEG;300;61;239;Cours;Marketing Stratégie;L3 LEA - AE - écogestion;8;Salle de cours 127 (B2-01);16947
2026-01-28;Amphi A_A400 (DEG-00);36274;DEG;400;123;277;Cours;Droit de la famille CM;<L3 Droit>Colo droit des affaires;17;Amphi B (EC9-02);16035
2026-01-28;Amphi A_A400 (DEG-00);36274;DEG;400;123;277;Cours;Droit de la famille CM;<L3 Droit>Colo droit des affaires;17;Amphi B (EC9-02);16035
2026-01-28;Amphi A_A600 (DEG-00);36275;DEG;600;269;331;Cours;Sociologie juridique;L1 Droit (Pau);14;Amphi 400 (EC9-01);16026
2026-01-28;Amphi A_A600 (DEG-00);36275;DEG;600;269;331;Cours;Sociologie juridique;L1 Droit (Pau);14;Amphi 400 (EC9-01);16026
2026-01-28;Amphi A_A600 (DEG-00);36275;DEG;600;214;386;Cours;Dr collectivités territ;L2 Droit;18;Amphi 400 (EC9-01);16026
2026-01-28;Amphi A_A600 (DEG-00);36275;DEG;600;214;386;Cours;Dr collectivités territ;L2 Droit;18;Amphi 400 (EC9-01);16026
2026-01-28;Amphi B (SCI_R-00);85297;SCI_R;220;84;136;Cours;Microbiologie 2;L2 SDV - LAS;7;Amphi 40 (EC3-00);17104
2026-01-28;Amphi B (SCI_R-00);85297;SCI_R;220;53;167;Cours;Intro probabilités S4;L2 Mathématiques;6;Salle de cours 509 (BA2-02);16630
2026-01-28;Amphi D (SCI_R-00);84870;SCI_R;192;87;105;Cours;Algèbre pour l'info;L1 Informatique;5;Amphi 40 (EC3-00);17104
2026-01-28;Amphi D (SCI_R-00);84870;SCI_R;192;87;105;Cours;Programmation mobile;L1 Informatique;3;Amphi 40 (EC3-00);17104
2026-01-28;Amphi E (PAL-00);13842;PAL;75;1;74;TD;Electrocinétique-Electric;<L1 Physique, Chimie>L1 PC Electro-cinétique;4;Amphi F (PAL-00);13841
2026-01-28;Amphi E (PAL-00);13842;PAL;75;1;74;Cours;Electrocinétique-Electric;<L1 Physique, Chimie>L1 PC Electro-cinétique;1;Salle 16 (PAL-01);13883
2026-01-28;Amphi Elsa Serfass (BA1-00);33455;BA1;80;32;48;CM;Phéno vib et chocs;<L1 Phy Chimie - Anglet>Phénomènes vibratoires;3;Salle informatique 210-211 (BA1-02);33388
2026-01-28;Amphi G (DUB-00);17228;DUB;140;53;87;Cours;Intro théorie groupes S4;L2 Mathématiques;7;Salle de cours 509 (BA2-02);16630
2026-01-28;Amphi G (DUB-00);17228;DUB;140;35;105;CTD;Espa Lp séries Fourier S6;L3 Mathématiques;1;Salle 25 (DUB-00);17240
2026-01-28;Amphi G (DUB-00);17228;DUB;140;27;113;CTD;Electrochimie;L3 PC - Chimie;12;Salle de cours 144 (EC3-01);17123
2026-01-28;Amphi H (DUB-00);17229;DUB;140;35;105;Cours;Algorit math 5 python S6;L3 Mathématiques;1;Salle 25 (DUB-00);17240
2026-01-28;Amphi H (DUB-00);17229;DUB;140;47;93;Cours;Milieux sédimentaires 1;L1 Sciences de la terre;2;Salle 23 (DUB-00);17231
2026-01-28;Salle de cours 107 (LET-00);27308;LET;68;12;56;TD;init th/vers angl S2;L1 LEA - AA - langues spé;13;Salle informatique 313 (LET-02);27510
2026-01-28;Salle de cours 107 (LET-00);27308;LET;68;16;52;TD;Com & médias esp S2;<L1 LEA - AE - langues spé><L1 LEA Spé TD>L1 LEA Gpe C;13;Labo de Langues 316 (LET-02);27521
2026-01-28;Salle de cours 107 (LET-00);27308;LET;68;30;38;TD;Gram angl S2 TD;L1 LEA - AA - langues spé;13;Salle de cours 135 (LET-00);27336
2026-01-28;Salle de cours 12 (LET-00);27321;LET;60;16;44;TD;Gram esp S2 TD;<L1 LEA - AE - langues spé><L1 LEA Spé TD>L1 LEA Gpe C;1;Salle immersive & UNITA 305 (LET-02);81132
2026-01-28;Salle de cours 12 (LET-00);27321;LET;60;16;44;CM;Institutions publiques;L3 Histoire - EJSP;19;Salle de langues I-202 (ISA-02);78618
2026-01-28;Salle de cours 12 (LET-00);27321;LET;60;16;44;CM;Institutions publiques;L3 Histoire - EJSP;19;Salle de langues I-202 (ISA-02);78618
2026-01-28;Salle de cours 120 (LET-00);27333;LET;62;5;57;CM;Archéo monde rural au MÂ;L3 HAA - AP;11;Salle informatique 202 (LET-01);27273
2026-01-28;Salle de cours 13 (LET-00);27322;LET;70;28;42;CM;Gram & thème esp S4 CM;L2 LEA - AE - écogestion;11;Salle de cours 166 (B3-01);15984
2026-01-28;Salle de cours 14 (LET-00);27323;LET;98;1;97;Cours;Anglais LTDT S10;<M2 Tourisme><TD Anglais>Anglais M2 Tourisme (LTDT);8;Salle informatique 202 (LET-01);27273
2026-01-28;Salle de cours 14 (LET-00);27323;LET;98;24;74;CM;3 Approfond lit/styl 3;L3 Lettres modernes;7;Cartothèque 222bis (LET-01);27283
2026-01-28;Salle de cours 220 (LET-01);27254;LET;60;3;57;TD;Atel. historien med mod;L3 Histoire - Art & Patri;14;Labo de Langues 316 (LET-02);27521
2026-01-28;Salle de cours 23 (LET-01);27248;LET;80;25;55;TD;Histoire anc.;L3 Histoire - ER;12;Salle de cours IEFE 127 (LET-00);27296
2026-01-28;Salle de cours B_B1 (DEG-00);36289;DEG;100;11;89;Cours;Finances de marché;<L3 Economie Gestion>Coloration banque et finance;11;Salle de réunion 110 (B1-01);16830
2026-01-28;Salle de cours B_B1 (DEG-00);36289;DEG;100;11;89;Cours;Finances de marché;<L3 Economie Gestion>Coloration banque et finance;11;Salle de réunion 110 (B1-01);16830
2026-01-28;Salle de cours C_C19 (DEG-01);36561;DEG;52;19;33;Cours;Initiation recherche;M1 CGAO;13;Salle de cours 007 (BA1-00);33446
2026-01-28;Salle de cours C_C19 (DEG-01);36561;DEG;52;19;33;Cours;Anglais des Affaires;M1 CGAO;7;Salle de cours 007 (BA1-00);33446
2026-01-28;Salle de cours C_C19 (DEG-01);36561;DEG;52;19;33;Cours;Contrôle Gestion Approfondi;M1 CGAO;9;Salle de cours 007 (BA1-00);33446
2026-01-28;Salle de cours C_C19 (DEG-01);36561;DEG;52;11;41;TD;Anglais des Affaires;<M1 CGAO><Groupes>Groupe 1;21;Salle TP géochimie B330 (SCI_R-03);85206
2026-01-29;AMPHI STID (STI-00);24832;STI;165;32;133;Cours;R2.05 Thermodynamique;BUT 1 - MTEE;8;Salle de cours 508 (BA2-02);16629
2026-01-29;Amphi (STAP-00);18427;STAP;300;88;212;Cours;1 Evaluation physique;L2 STAPS ES (Tarbes);7;Amphi 40 (EC3-00);17104
2026-01-29;Amphi (STAP-00);18427;STAP;300;88;212;Cours;1 Environnement/pratiques;L2 STAPS ES (Tarbes);10;Amphi 40 (EC3-00);17104
2026-01-29;Amphi F (PAL-00);13841;PAL;75;17;58;CTD;Optimisation linéaire;L1 Mathématiques - Info;1;Amphi E (PAL-00);13842
2026-01-29;Salle de cours C_C01 (DEG-00);36291;DEG;79;18;61;CM;DER commun;M1 Dt cont des libertés;2;Salle GREEN A_A01 (DEG-00);36278
2026-01-29;Salle de cours C_C01 (DEG-00);36291;DEG;79;18;61;CM;DER commun;M1 Dt cont des libertés;2;Salle GREEN A_A01 (DEG-00);36278
2026-01-29;Salle de cours C_C19 (DEG-01);36561;DEG;52;19;33;Cours;PACI;M1 CGAO;11;Salle de cours 007 (BA1-00);33446
2026-01-30;Amphi 1 (LET-00);27353;LET;150;34;116;CM;1 Histoire du cinéma 1;L1 Lettres - CTD;2;Salle de cours IEFE 131 (LET-00);27295
2026-01-30;Amphi 1 (LET-00);27353;LET;150;34;116;TD;1 Histoire du cinéma 1;L1 Lettres - CTD;3;Salle de cours 135 (LET-00);27336
2026-01-30;Amphi A_A150 (DEG-00);36279;DEG;150;44;106;Cours;Fiscalité appli aux ets 2;L3 AES Gestion des entrep;11;Salle de Cours 003 (BA1-00);33458
2026-01-30;Amphi A_A150 (DEG-00);36279;DEG;150;44;106;Cours;Fiscalité appli aux ets 2;L3 AES Gestion des entrep;11;Salle de Cours 003 (BA1-00);33458
2026-01-30;Amphi A_A600 (DEG-00);36275;DEG;600;172;428;Cours;Informatique 1;L1 Economie et Gestion;4;Amphi A (SCI_R-00);85316
2026-01-30;Amphi A_A600 (DEG-00);36275;DEG;600;172;428;Cours;Informatique 1;L1 Economie et Gestion;4;Amphi A (SCI_R-00);85316
2026-01-30;Amphi D (SCI_R-00);84870;SCI_R;192;69;123;Cours;Algorith math 3 python S4;L2 MIASHS;1;Amphi A (SCI_R-00);85316
2026-01-30;Amphi E (PAL-00);13842;PAL;75;32;43;TD;Chimie organ fondamentale;L1 Physique, Chimie;1;Salle 16 (PAL-01);13883
2026-01-30;Amphi G (DUB-00);17228;DUB;140;60;80;Cours;Analyse 2 S2;L1 Mathématiques;1;Salle de cours 304 (BA2-00);16671
2026-01-30;Amphi H (DUB-00);17229;DUB;140;47;93;TD;Ecologie et Ecosystèmes;L1 SDV - LAS;1;Salle de cours 135 (LET-00);27336
2026-01-30;Salle de cours 10 (LET-00);27320;LET;60;16;44;TD;Hist relations inter TD;L3 Histoire - EJSP;6;Salle du conseil B11 (LET-01);27281
2026-01-30;Salle de cours 107 (LET-00);27308;LET;68;22;46;TD;Vers esp S6;L3 LEA - AE - écogestion;23;Salle de cours 167 (B3-01);15986
2026-01-30;Salle de cours 13 (LET-00);27322;LET;70;28;42;CM;Cult gé hisp S4 CM;L2 LEA - AE - écogestion;12;Salle multimedia UTLA 137 (LET-00);27300
2026-01-30;Salle de cours 14 (LET-00);27323;LET;98;17;81;CM;2 - Approf stylistique;L2 Lettres modernes;11;Salle de cours 204 (LET-01);27267
2026-01-30;Salle de cours 14 (LET-00);27323;LET;98;17;81;TD;2 - Approf stylistique;L2 Lettres modernes;11;Salle de cours 203 (LET-01);27270
2026-01-30;Salle de cours 220 (LET-01);27254;LET;60;25;35;CM;Histoire anc.;L3 Histoire - ER;12;Salle de cours IEFE 128 (LET-00);27298
2026-01-30;Salle de cours B_B2 (DEG-00);36271;DEG;76;11;65;Cours;Relations internation;L2 Economie Gestion CMI;8;Salle informatique B_ASPE (DEG-01);36531
2026-01-30;Salle de cours B_B2 (DEG-00);36271;DEG;76;11;65;Cours;Relations internation;L2 Economie Gestion CMI;8;Salle informatique B_ASPE (DEG-01);36531
2026-01-30;Salle de cours C_C01 (DEG-00);36291;DEG;79;24;55;CM;ANGLAIS DES AFFAIRES;M2 Compta ctrl audit;1;Salle de cours B_B206 (DEG-02);36420
2026-01-30;Salle de cours C_C03 (DEG-00);36287;DEG;50;11;39;Cours;Comprendre les crises éco;<L3 Economie Gestion>Coloration banque et finance;2;Salle immersive D_D20bis (DEG-00);83663
2026-01-30;Salle de cours C_C03 (DEG-00);36287;DEG;50;11;39;Cours;Comprendre les crises éco;<L3 Economie Gestion>Coloration banque et finance;2;Salle immersive D_D20bis (DEG-00);83663
2026-01-30;Salle de cours C_C03 (DEG-00);36287;DEG;50;23;27;CM;Dt contrats & obligat.;M2 Droit Notarial;1;Salle de cours B_B206 (DEG-02);36420
2026-01-30;Salle de cours C_C03 (DEG-00);36287;DEG;50;8;42;Cours;Droit Public Ecrit;CAPA Droit 1e année (PAU);22;Salle informatique B_BARETOUS (DEG-01);36548
2026-01-30;Salle de cours C_C04 (DEG-00);36292;DEG;50;24;26;CM;les moyens humains;D.U Métiers admin gen ter;3;Salle de cours B_B207 (DEG-02);36421
2026-01-30;Salle de cours C_C18 (DEG-01);36560;DEG;50;15;35;TD;TD Macroéconomie S4;<L2 Economie Gestion><TD Macroéconomie S4>Gp 2;1;Salle informatique B_OSSAU (DEG-01);36551
2026-01-30;Salle de cours C_C19 (DEG-01);36561;DEG;52;11;41;TD;Anglais des Affaires;<M1 CGAO><Groupes>Groupe 1;21;Salle TP géochimie B330 (SCI_R-03);85206
2026-01-30;Salle de cours C_C19 (DEG-01);36561;DEG;52;8;44;TD;Anglais des Affaires;<M1 CGAO><Groupes>Groupe 2;19;Salle informatique B_BARETOUS (DEG-01);36548
2026-01-30;Salle de cours C_C19 (DEG-01);36561;DEG;52;19;33;Cours;PACI;M1 CGAO;11;Salle de cours 007 (BA1-00);33446
2026-02-02;AMPHI STID (STI-00);24832;STI;165;32;133;Cours;R2.05 Thermodynamique;BUT 1 - MTEE;8;Salle de cours 508 (BA2-02);16629
2026-02-02;AMPHI STID (STI-00);24832;STI;165;32;133;Cours;R2.04 Hydraulique aérau;BUT 1 - MTEE;10;Salle de cours 508 (BA2-02);16629
2026-02-02;AMPHI STID (STI-00);24832;STI;165;28;137;Cours;R5.07 Prod. dist. vapeur;[BUT 3 MTEE];1;Salle TP Physique B118 (SCI_R-01);84964
2026-02-02;Amphi (STAP-00);18427;STAP;300;124;176;CM;1 Stage en primaire;L2 STAPS EM (Tarbes);2;Amphi B (EC9-02);16035
2026-02-02;Amphi (STAP-00);18427;STAP;300;80;220;Cours;2 Progra entraînement;L3 STAPS ES (Tarbes);6;Amphi 40 (EC3-00);17104
2026-02-02;Amphi (STAP-00);18427;STAP;300;80;220;Cours;1 Physio entraînement;L3 STAPS ES (Tarbes);6;Salle de cours 32 (LET-02);27514
2026-02-02;Amphi 1 (LET-00);27353;LET;150;74;76;CM;2 Fondamentaux en ortho 2;L1 Lettres - CTD;7;Salle de cours C_C01 (DEG-00);36291
2026-02-02;Amphi 1 (LET-00);27353;LET;150;74;76;CM;1 Grammaire descriptive 2;L1 Lettres - CTD;7;Amphi 40 (EC3-00);17104
2026-02-02;Amphi 1 (LET-00);27353;LET;150;74;76;CM;1 Littérature française 2;L1 Lettres - CTD;6;Amphi 40 (EC3-00);17104
2026-02-02;Amphi 1 (LET-00);27353;LET;150;65;85;CM;Sociologie de l'éducation;L2 Sociologie;5;Salle de cours 301 (LET-02);27528
2026-02-02;Amphi 3 (LET-02);27502;LET;300;104;196;CM;Sociologie générale S2;L1 Sociologie;10;Amphi B (EC9-02);16035
2026-02-02;Amphi A (SCI_R-00);85316;SCI_R;216;47;169;Cours;PEP'S 1;<L1 Sciences de la vie>L1 SDV PEP'S 1;2;Salle de cours 110 (LET-00);79980
2026-02-02;Amphi A_A150 (DEG-00);36279;DEG;150;17;133;Cours;Gestion des RH et QVT 2;L3 LEA - AE - écogestion;7;Salle informatique B_B209 (DEG-02);36423
2026-02-02;Amphi A_A150 (DEG-00);36279;DEG;150;41;109;CM;Dt des procéd. collect.CM;<M1 Droit privé général>Droit des procédures collectives;23;Salle de Cours 003 (BA1-00);33458
2026-02-02;Amphi A_A150 (DEG-00);36279;DEG;150;41;109;CM;Dt des procéd. collect.CM;<M1 Droit privé général>Droit des procédures collectives;23;Salle de Cours 003 (BA1-00);33458
2026-02-02;Amphi A_A300 (DEG-00);36276;DEG;300;118;182;Cours;Droit des sociétés CM;<L3 Droit>Colo droit des affaires;14;Amphi B (EC9-02);16035
2026-02-02;Amphi A_A300 (DEG-00);36276;DEG;300;118;182;Cours;Droit des sociétés CM;<L3 Droit>Colo droit des affaires;14;Amphi B (EC9-02);16035
2026-02-02;Amphi A_A300 (DEG-00);36276;DEG;300;139;161;Cours;Hist dt inst pub;L1 AES;20;Amphi 400 (EC9-01);16026
2026-02-02;Amphi A_A300 (DEG-00);36276;DEG;300;93;207;Cours;Économie générale;L1 AES;14;Auditorium (EC6-02);73560
2026-02-02;Amphi A_A600 (DEG-00);36275;DEG;600;27;573;Cours;Droit commercial;L2 LEA - AA - écogestion;1;Salle de cours B_B211 (DEG-02);36425
2026-02-02;Amphi A_A600 (DEG-00);36275;DEG;600;229;371;Cours;Microéconomie 1;L1 MIASHS;8;Amphi 400 (EC9-01);16026
2026-02-02;Amphi A_A600 (DEG-00);36275;DEG;600;269;331;Cours;Sociologie juridique;L1 Droit (Pau);14;Amphi 400 (EC9-01);16026
2026-02-02;Amphi B (SCI_R-00);85297;SCI_R;220;84;136;Cours;Génétique;L2 SDV - LAS;1;Amphi D (SCI_R-00);84870
2026-02-02;Amphi B (SCI_R-00);85297;SCI_R;220;84;136;Cours;Physiologie végétale 1;L2 SDV - LAS;3;Amphi 40 (EC3-00);17104
2026-02-02;Amphi C (SCI_R-00);84869;SCI_R;192;53;139;Cours;Calcul différentiel RN S4;L2 Mathématiques;10;Salle de cours 509 (BA2-02);16630
2026-02-02;Amphi C (SCI_R-00);84869;SCI_R;192;69;123;Cours;Algorith math 3 python S4;L2 MIASHS;3;Salle de cours 131 (B2-01);16957
2026-02-02;Amphi D (SCI_R-00);84870;SCI_R;192;1;191;Cours;Electrocinétique-Electric;<L1 Physique, Chimie>L1 PC Electro-cinétique;1;Box optique B120 (SCI_R-01);84961
2026-02-02;Amphi D (SCI_R-00);84870;SCI_R;192;60;132;Cours;Analyse 2 S2;L1 Mathématiques;5;Salle de cours 304 (BA2-00);16671
2026-02-02;Amphi E (PAL-00);13842;PAL;75;1;74;Cours;Symétrie cristalline;<L2 Physique, Chimie>L2 PC Symétries cristallines;3;Salle 15 (PAL-01);13885
2026-02-02;Amphi F (PAL-00);13841;PAL;75;36;39;Cours;Biochimie des protéines;L3 SDV - LAS;4;Salle de cours 162 (B3-01);15996
2026-02-02;Amphi G (DUB-00);17228;DUB;140;42;98;Cours;Systèmes distribués;L3 Informatique;2;Salle 25bis (DUB-00);17239
2026-02-02;Amphi G (DUB-00);17228;DUB;140;42;98;Cours;Systèmes distribués;L3 Informatique;2;Salle 25bis (DUB-00);17239
2026-02-02;Amphi H (DUB-00);17229;DUB;140;60;80;Cours;Systèmes d'exploitat° II;L2 Informatique;4;Salle de cours 304 (BA2-00);16671
2026-02-02;Salle de cours 107 (LET-00);27308;LET;68;16;52;TD;Gram esp S2 TD;<L1 LEA - AE - langues spé><L1 LEA Spé TD>L1 LEA Gpe C;11;Salle informatique 313 (LET-02);27510
2026-02-02;Salle de cours 107 (LET-00);27308;LET;68;8;60;TD;Vers all S6;L3 LEA - AA - FLE;8;Salle informatique 201 (LET-01);27266
2026-02-02;Salle de cours 107 (LET-00);27308;LET;68;6;62;TD;Express° trilingue entrep;L3 LEA - AA - langues spé;9;Salle du conseil B11 (LET-01);27281
2026-02-02;Salle de cours 11 (LET-00);27324;LET;80;4;76;CM;France contexte européen;<L3 Histoire - ER>6Sem Géo La France dans le contexte européen;9;Salle informatique 214 (LET-01);27271
2026-02-02;Salle de cours 12 (LET-00);27321;LET;60;16;44;TD;Opinions et mass média;L3 Histoire - EJSP;11;Salle du conseil B11 (LET-01);27281
2026-02-02;Salle de cours 12 (LET-00);27321;LET;60;16;44;CM;Opinions et mass média;L3 Histoire - EJSP;11;Salle informatique 313 (LET-02);27510
2026-02-02;Salle de cours 120 (LET-00);27333;LET;62;27;35;CM;XXX Tourisme, IA, Transitions;M1 Tourisme;2;Salle de cours 135 (LET-00);27336
2026-02-02;Salle de cours 121 (LET-00);27332;LET;70;19;51;CM;Civi esp et hisp-am S6;L3 LLCER - EH - ER;10;Salle du conseil B11 (LET-01);27281
2026-02-02;Salle de cours 13 (LET-00);27322;LET;70;28;42;TD;Vers esp S4;L2 LEA - AE - écogestion;11;Salle de cours 301 (LET-02);27528
2026-02-02;Salle de cours 23 (LET-01);27248;LET;80;22;58;CM;17 Gestion projet cult 4;L2 Lettres - CTD;8;Salle de cours IEFE 127 (LET-00);27296
2026-02-02;Salle de cours 23 (LET-01);27248;LET;80;3;77;TD;Atel. historien ancienne;L3 Histoire - Art & Patri;12;Salle informatique 201 (LET-01);27266
2026-02-02;Salle de cours 30 (LET-02);27513;LET;60;14;46;CM;UE17 EC1 Litté et patrimoine;M2 Lettres et arts;10;Salle de cours 32 (LET-02);27514
2026-02-02;Salle de cours 32 (LET-02);27514;LET;80;16;64;TD;Opinions et mass média;L3 Histoire - EJSP;11;Salle informatique 313 (LET-02);27510
2026-02-02;Salle de cours 32 (LET-02);27514;LET;80;37;43;CM;Vers angl S4 CM;L2 LEA - AA - écogestion;6;Salle de cours 105 (LET-00);27306
2026-02-02;Salle de cours B_B1 (DEG-00);36289;DEG;100;33;67;CM;DIP 2;<M1 Droit privé général>DIP;22;Salle de cours 240 (EC3-02);73530
2026-02-02;Salle de cours B_B1 (DEG-00);36289;DEG;100;33;67;CM;DIP 2;<M1 Droit privé général>DIP;22;Salle de cours 240 (EC3-02);73530
2026-02-02;Salle de cours C_C03 (DEG-00);36287;DEG;50;12;38;TD;Dt Pénal des affaires TD;M1 Droit exécution peines;1;Salle immersive D_D20bis (DEG-00);83663
2026-02-02;Salle de cours C_C03 (DEG-00);36287;DEG;50;8;42;Cours;Droit Civil Ecrit;CAPA Droit 1e année (PAU);21;Salle informatique B_BARETOUS (DEG-01);36548
2026-02-03;AMPHI STID (STI-00);24832;STI;165;41;124;Cours;R4.08 Conduite de projets;[BUT 2 MTEE CM];1;Salle de cours 06 (STAP-00);45522
2026-02-03;Amphi 3 (LET-02);27502;LET;300;30;270;CM;Civi pays anglo S2;L1 LEA - AA - langues spé;13;Salle de cours IEFE 132 (LET-00);27339
2026-02-03;Amphi 3 (LET-02);27502;LET;300;16;284;CM;Civi pays hispano S2;<L1 LEA - AE - langues spé><L1 LEA Spé TD>L1 LEA Gpe A;13;Labo de Langues 316 (LET-02);27521
2026-02-03;Amphi 3 (LET-02);27502;LET;300;30;270;CM;Gram angl S2 CM;L1 LEA - AA - langues spé;6;Salle de cours 223 (LET-01);27284
2026-02-03;Amphi A (SCI_R-00);85316;SCI_R;216;77;139;Cours;Informatique Fondamentale;L2 Informatique;1;Amphi C (SCI_R-00);84869
2026-02-03;Amphi A_A150 (DEG-00);36279;DEG;150;11;139;Cours;Eco envir & soutenabilité;<L3 Economie Gestion>Coloration banque et finance;1;Salle immersive D_D20bis (DEG-00);83663
2026-02-03;Amphi A_A150 (DEG-00);36279;DEG;150;40;110;Cours;Droit des obligations 2;L2 AES;8;Salle Recherche (B3-00);15968
2026-02-03;Amphi A_A150 (DEG-00);36279;DEG;150;40;110;Cours;Droit des obligations 2;L2 AES;8;Salle Recherche (B3-00);15968
2026-02-03;Amphi A_A300 (DEG-00);36276;DEG;300;111;189;Cours;Théorie des organisations;L1 AES;11;Amphi B (EC9-02);16035
2026-02-03;Amphi A_A300 (DEG-00);36276;DEG;300;139;161;Cours;Hist dt inst pub;L1 AES;20;Amphi 400 (EC9-01);16026
2026-02-03;Amphi A_A300 (DEG-00);36276;DEG;300;105;195;Cours;Informatique;L3 Economie Gestion;10;Amphi B (EC9-02);16035
2026-02-03;Amphi A_A400 (DEG-00);36274;DEG;400;164;236;Cours;Relations internationales;<L1 Droit (Pau)>Relations Internationales;24;Amphi 400 (EC9-01);16026
2026-02-03;Amphi A_A400 (DEG-00);36274;DEG;400;164;236;Cours;Relations internationales;<L1 Droit (Pau)>Relations Internationales;24;Amphi 400 (EC9-01);16026
2026-02-03;Amphi A_A400 (DEG-00);36274;DEG;400;61;339;Cours;Histoire droit pénal & fa;<L3 Droit>Colo droit civil;11;Salle de cours 127 (B2-01);16947
2026-02-03;Amphi A_A600 (DEG-00);36275;DEG;600;172;428;Cours;Stats descriptive / EXCEL;L1 Economie et Gestion;9;Amphi 400 (EC9-01);16026
2026-02-03;Amphi B (SCI_R-00);85297;SCI_R;220;52;168;Cours;Calcul différentiel S6;L3 Mathématiques;5;Salle de cours 509 (BA2-02);16630
2026-02-03;Amphi C (SCI_R-00);84869;SCI_R;192;84;108;Cours;Physiologie végétale 1;L2 SDV - LAS;12;Amphi 40 (EC3-00);17104
2026-02-03;Amphi C (SCI_R-00);84869;SCI_R;192;76;116;Cours;Bases de données I;L2 MIASHS;5;Amphi 40 (EC3-00);17104
2026-02-03;Amphi D (SCI_R-00);84870;SCI_R;192;60;132;Cours;Algèbre 2 S2;L1 Mathématiques;8;Salle de cours 304 (BA2-00);16671
2026-02-03;Amphi D (SCI_R-00);84870;SCI_R;192;84;108;Cours;OUMOBIO 2;L2 SDV - LAS;2;Amphi C (SCI_R-00);84869
2026-02-03;Amphi G (DUB-00);17228;DUB;140;52;88;Cours;Algèbre et géométrie S6;L3 Mathématiques;2;Amphi H (DUB-00);17229
2026-02-03;Amphi H (DUB-00);17229;DUB;140;35;105;Cours;Théorie des proba S6;L3 Mathématiques;2;Salle 25bis (DUB-00);17239
2026-02-03;Amphi H (DUB-00);17229;DUB;140;42;98;TD;Chimie organ fondamentale;<L1 Physique, Chimie>L1 PC Chimie Orga Fond;1;Salle 25 (DUB-00);17240
2026-02-03;Salle de cours 107 (LET-00);27308;LET;68;22;46;TD;Vers esp S6;L3 LEA - AE - écogestion;23;Salle de cours 167 (B3-01);15986
2026-02-03;Salle de cours 107 (LET-00);27308;LET;68;22;46;TD;Thème esp S6;L3 LEA - AE - écogestion;11;Salle de cours 167 (B3-01);15986
2026-02-03;Salle de cours 11 (LET-00);27324;LET;80;38;42;CM;Enjeux sociaux;L3 Sociologie;10;Salle de cours 406 (BA2-01);16739
2026-02-03;Salle de cours 120 (LET-00);27333;LET;62;24;38;CM;Droit du patrimoine;L3 HAA - HA;6;Salle de cours 167 (B3-01);15986
2026-02-03;Salle de cours 120 (LET-00);27333;LET;62;24;38;CM;Mét cons &med patrim;L3 HAA - HA;6;Salle de cours IEFE 128 (LET-00);27298
2026-02-03;Salle de cours 121 (LET-00);27332;LET;70;28;42;TD;Intro à la Recherche;L3 LLCER - EA - ER;12;Salle de cours IEFE 132 (LET-00);27339
2026-02-03;Salle de cours 13 (LET-00);27322;LET;70;28;42;CM;Civi pays hispano S4;L2 LEA - AE - écogestion;13;Salle de cours IEFE 132 (LET-00);27339
2026-02-03;Salle de cours 13 (LET-00);27322;LET;70;28;42;TD;Cult gé hisp S4 TD;L2 LEA - AE - écogestion;13;Salle de cours IEFE 132 (LET-00);27339
2026-02-03;Salle de cours 13 (LET-00);27322;LET;70;30;40;TD;Thème angl S6;L3 LEA - AE - écogestion;12;Salle de cours 113 (LET-00);27303
2026-02-03;Salle de cours 13 (LET-00);27322;LET;70;28;42;CM;Civi pays hispano S4;L2 LEA - AE - écogestion;13;Salle de cours IEFE 132 (LET-00);27339
2026-02-03;Salle de cours B_B1 (DEG-00);36289;DEG;100;33;67;TD;TD Stratégie des entreprises;<L3 AES Gestion des entrep><TD Stratégie des entreprises>Groupe 2;5;Salle de cours C_C11 (DEG-01);36553
2026-02-03;Salle de cours B_B2 (DEG-00);36271;DEG;76;36;40;TD;Droit constit TD S2;<L1 Droit (Pau)><TD droit constitutionnel S2>groupe 1;2;Salle de cours C_C11 (DEG-01);36553
2026-02-03;Salle de cours B_B2 (DEG-00);36271;DEG;76;31;45;Cours;Dt propriétés pub CM;<L3 Droit>Colo droits et libertés;26;Salle de cours 508 (BA2-02);16629
2026-02-03;Salle de cours B_B2 (DEG-00);36271;DEG;76;31;45;Cours;Dt propriétés pub CM;<L3 Droit>Colo droits et libertés;26;Salle de cours 508 (BA2-02);16629
2026-02-03;Salle de cours C_C04 (DEG-00);36292;DEG;50;20;30;CM;Droit rural;M1 Droit Notarial;24;Salle de cours 167 (B3-01);15986
2026-02-03;Salle de cours C_C04 (DEG-00);36292;DEG;50;20;30;CM;Droit rural;M1 Droit Notarial;24;Salle de cours 167 (B3-01);15986
2026-02-03;Salle de cours C_C18 (DEG-01);36560;DEG;50;23;27;Cours;Anglais M1 DEG S8;<M1 Drt Act Publique loc><TD Anglais>Anglais M1 Droit Mutualisé Gp 1;8;Salle de cours 167 (B3-01);15986
2026-02-04;Amphi 2 (LET-00);27354;LET;140;53;87;CM;Civi pays hisp S6;L3 LEA - AE - écogestion;13;Salle de cours 509 (BA2-02);16630
2026-02-04;Amphi 3 (LET-02);27502;LET;300;104;196;TD;Découv chmps prof;L1 Sociologie;5;Amphi B (EC9-02);16035
2026-02-04;Amphi 3 (LET-02);27502;LET;300;104;196;CM;Sociologie des inégalités;L1 Sociologie;10;Amphi B (EC9-02);16035
2026-02-04;Amphi 3 (LET-02);27502;LET;300;103;197;CM;Histoire ancienne;L1 Histoire;12;Amphi B (EC9-02);16035
2026-02-04;Amphi A_A300 (DEG-00);36276;DEG;300;123;177;Cours;Droit de la famille CM;<L3 Droit>Colo droit des affaires;4;Amphi B (EC9-02);16035
2026-02-04;Amphi A_A300 (DEG-00);36276;DEG;300;123;177;Cours;Droit de la famille CM;<L3 Droit>Colo droit des affaires;4;Amphi B (EC9-02);16035
2026-02-04;Amphi A_A300 (DEG-00);36276;DEG;300;119;181;Cours;Microéconomie 3;L2 Economie Gestion CMI;8;Amphi B (EC9-02);16035
2026-02-04;Amphi A_A300 (DEG-00);36276;DEG;300;105;195;Cours;Microéconomie appliquée;L3 Economie Gestion;6;Amphi B (EC9-02);16035
2026-02-04;Amphi A_A600 (DEG-00);36275;DEG;600;61;539;Cours;Marketing Stratégie;L3 LEA - AE - écogestion;2;Amphi C_A120 (DEG-00);36290
2026-02-04;Amphi A_A600 (DEG-00);36275;DEG;600;61;539;Cours;Marketing Stratégie;L3 LEA - AE - écogestion;2;Amphi C_A120 (DEG-00);36290
2026-02-04;Amphi A_A600 (DEG-00);36275;DEG;600;214;386;Cours;Dr collectivités territ;L2 Droit;18;Amphi 400 (EC9-01);16026
2026-02-04;Amphi A_A600 (DEG-00);36275;DEG;600;214;386;Cours;Dr collectivités territ;L2 Droit;18;Amphi 400 (EC9-01);16026
2026-02-04;Amphi B (SCI_R-00);85297;SCI_R;220;47;173;Cours;Milieux sédimentaires 1;L1 Sciences de la terre;1;Amphi C (SCI_R-00);84869
2026-02-04;Amphi C (SCI_R-00);84869;SCI_R;192;35;157;Cours;Algorit math 5 python S6;L3 Mathématiques;2;Amphi A (SCI_R-00);85316
2026-02-04;Amphi D (SCI_R-00);84870;SCI_R;192;87;105;Cours;Algèbre pour l'info;L1 Informatique;5;Amphi 40 (EC3-00);17104
2026-02-04;Amphi E (PAL-00);13842;PAL;75;1;74;Cours;Symétrie cristalline;<L2 PC - Chimie>L2 Chimie Symétrie cristalline;2;Salle 16 (PAL-01);13883
2026-02-04;Amphi G (DUB-00);17228;DUB;140;53;87;Cours;Intro théorie groupes S4;L2 Mathématiques;7;Salle de cours 509 (BA2-02);16630
2026-02-04;Amphi G (DUB-00);17228;DUB;140;27;113;CTD;Electrochimie;L3 PC - Chimie;12;Salle de cours 144 (EC3-01);17123
2026-02-04;Amphi H (DUB-00);17229;DUB;140;60;80;Cours;Algor math 1 Python S1;L1 Mathématiques;3;Salle de cours 304 (BA2-00);16671
2026-02-04;Amphi H (DUB-00);17229;DUB;140;19;121;Cours;Spé des système distribué;M1 Informatique - TI;2;Salle TP Microbio 42 (DUB-02);17197
2026-02-04;Amphi H (DUB-00);17229;DUB;140;19;121;Cours;Spé des système distribué;M1 Informatique - TI;2;Salle TP Microbio 42 (DUB-02);17197
2026-02-04;Salle de cours 107 (LET-00);27308;LET;68;12;56;TD;init th/vers angl S2;L1 LEA - AA - langues spé;13;Salle informatique 313 (LET-02);27510
2026-02-04;Salle de cours 107 (LET-00);27308;LET;68;16;52;TD;Com & médias esp S2;<L1 LEA - AE - langues spé><L1 LEA Spé TD>L1 LEA Gpe C;13;Labo de Langues 316 (LET-02);27521
2026-02-04;Salle de cours 107 (LET-00);27308;LET;68;30;38;TD;Gram angl S2 TD;L1 LEA - AA - langues spé;13;Salle de cours 135 (LET-00);27336
2026-02-04;Salle de cours 12 (LET-00);27321;LET;60;16;44;CM;Institutions publiques;L3 Histoire - EJSP;19;Salle de langues I-202 (ISA-02);78618
2026-02-04;Salle de cours 12 (LET-00);27321;LET;60;16;44;CM;Institutions publiques;L3 Histoire - EJSP;19;Salle de langues I-202 (ISA-02);78618
2026-02-04;Salle de cours 120 (LET-00);27333;LET;62;5;57;CM;Archéo monde rural au MÂ;L3 HAA - AP;11;Salle informatique 202 (LET-01);27273
2026-02-04;Salle de cours 13 (LET-00);27322;LET;70;28;42;CM;Gram & thème esp S4 CM;L2 LEA - AE - écogestion;11;Salle de cours 166 (B3-01);15984
2026-02-04;Salle de cours 14 (LET-00);27323;LET;98;1;97;Cours;Anglais LTDT S10;<M2 Tourisme><TD Anglais>Anglais M2 Tourisme (LTDT);8;Salle informatique 202 (LET-01);27273
2026-02-04;Salle de cours 14 (LET-00);27323;LET;98;24;74;CM;3 Approfond lit/styl 3;L3 Lettres modernes;7;Cartothèque 222bis (LET-01);27283
2026-02-04;Salle de cours 220 (LET-01);27254;LET;60;3;57;TD;Atel. historien med mod;L3 Histoire - Art & Patri;14;Labo de Langues 316 (LET-02);27521
2026-02-04;Salle de cours 23 (LET-01);27248;LET;80;25;55;TD;Histoire anc.;L3 Histoire - ER;12;Salle de cours IEFE 127 (LET-00);27296
2026-02-04;Salle de cours B_B1 (DEG-00);36289;DEG;100;11;89;Cours;Finances de marché;<L3 Economie Gestion>Coloration banque et finance;11;Salle de réunion 110 (B1-01);16830
2026-02-04;Salle de cours B_B1 (DEG-00);36289;DEG;100;26;74;TD;TD finance de marché;<L3 Economie Gestion>Coloration banque et finance;8;Salle de cours B_B6 (DEG-00);36270
2026-02-04;Salle de cours B_B2 (DEG-00);36271;DEG;76;32;44;TD;TD Statistiques descriptives;<L1 Economie et Gestion><TD statistiques descriptives>Gp 2;4;Salle de cours B_B6 (DEG-00);36270
2026-02-04;Salle de cours B_B2 (DEG-00);36271;DEG;76;37;39;TD;TD Contrôle de gestion;<L3 AES Gestion des entrep><TD Contrôle de gestion>Groupe 3;8;Amphi C_A120 (DEG-00);36290
2026-02-05;AMPHI STID (STI-00);24832;STI;165;32;133;Cours;R2.04 Hydraulique aérau;BUT 1 - MTEE;10;Salle de cours 508 (BA2-02);16629
2026-02-05;Amphi (STAP-00);18427;STAP;300;88;212;Cours;1 Evaluation physique;L2 STAPS ES (Tarbes);7;Amphi 40 (EC3-00);17104
2026-02-05;Amphi (STAP-00);18427;STAP;300;88;212;Cours;1 Environnement/pratiques;L2 STAPS ES (Tarbes);10;Amphi 40 (EC3-00);17104
2026-02-05;Amphi 2 (LET-00);27354;LET;140;43;97;CM;Intro changt climatique;L1 Géo Aménagement;9;Salle de Cours 003 (BA1-00);33458
2026-02-05;Amphi A_A300 (DEG-00);36276;DEG;300;146;154;Cours;Macroéconomie 3;L2 Economie Gestion CMI;11;Amphi 400 (EC9-01);16026
2026-02-05;Amphi A_A300 (DEG-00);36276;DEG;300;146;154;Cours;Macroéconomie 3;L2 Economie Gestion CMI;11;Amphi 400 (EC9-01);16026
2026-02-05;Amphi A_A400 (DEG-00);36274;DEG;400;10;390;Cours;Démographie économique;L1 Economie Gestion CMI;9;Salle de Réunion 14 (BU-01);16992
2026-02-05;Amphi A_A600 (DEG-00);36275;DEG;600;214;386;Cours;Dr collectivités territ;L2 Droit;18;Amphi 400 (EC9-01);16026
2026-02-05;Amphi D (SCI_R-00);84870;SCI_R;192;47;145;Cours;Structures géologiques 1;L1 Sciences de la terre;2;Salle 22 (DUB-00);17233
2026-02-05;Amphi D (SCI_R-00);84870;SCI_R;192;87;105;Cours;Programmation mobile;L1 Informatique;3;Amphi 40 (EC3-00);17104
2026-02-05;Amphi E (PAL-00);13842;PAL;75;36;39;Cours;Biochimie des protéines;L3 SDV - LAS;6;Salle de cours 162 (B3-01);15996
2026-02-05;Amphi G (DUB-00);17228;DUB;140;1;139;Cours;Electrocinétique-Electric;<L1 Physique, Chimie>L1 PC Electro-cinétique;6;Salle TP Informatique indus 38 (DUB-01);17153
2026-02-05;Amphi G (DUB-00);17228;DUB;140;42;98;Cours;Réseaux II;L3 Informatique;6;Salle informatique I-207 (ISA-02);78613
2026-02-05;Amphi H (DUB-00);17229;DUB;140;45;95;Cours;Immunologie;L3 SDV - BGST;2;Salle 24 (DUB-00);17227
2026-02-05;Amphi H (DUB-00);17229;DUB;140;42;98;TD;Tests d'hypothèse;L3 MIASHS - MID;8;Salle de Cours 003 (BA1-00);33458
2026-02-05;Salle de cours 107 (LET-00);27308;LET;68;31;37;CM;Conférence Chollet;M2 LEA TTD;1;Salle de cours 223 (LET-01);27284
2026-02-05;Salle de cours 13 (LET-00);27322;LET;70;22;48;CM;Express° trilingue entrep;L3 LEA - AE - écogestion;4;Salle de cours IEFE 127 (LET-00);27296
2026-02-05;Salle de cours 220 (LET-01);27254;LET;60;25;35;CM;Hist. médiévale;L3 Histoire - ER;12;Salle de cours 144 (EC3-01);17123
2026-02-05;Salle de cours 220 (LET-01);27254;LET;60;25;35;TD;Hist. médiévale;L3 Histoire - ER;12;Salle de cours 144 (EC3-01);17123
2026-02-05;Salle de cours 32 (LET-02);27514;LET;80;26;54;TD;Modern. & avt gardes TD;L2 HAA;11;Salle de cours IEFE 127 (LET-00);27296
2026-02-05;Salle de cours 32 (LET-02);27514;LET;80;30;50;CM;Modern. & avt gardes CM;L2 HAA;11;Salle de cours 166 (B3-01);15984
2026-02-05;Salle de cours B_B2 (DEG-00);36271;DEG;76;11;65;Cours;Hist. faits éco;L3 Economie Gestion CMI;3;Salle informatique B_ASPE (DEG-01);36531
2026-02-05;Salle de cours C_C04 (DEG-00);36292;DEG;50;24;26;TD;Gds prob polit contemp TD 2;<L3 AES Gestion des entrep>Gds prob polit contemp 2;10;Salle GREEN A_A01 (DEG-00);36278
2026-02-05;Salle de cours C_C04 (DEG-00);36292;DEG;50;12;38;TD;Init thème/vers angl S2;L1 LEA - AA - langues spé;5;Salle informatique B_ASPE (DEG-01);36531
2026-02-05;Salle de cours C_C04 (DEG-00);36292;DEG;50;25;25;CM;Cult.gén.&note synt. S2;<M1 Procédures contentieux>Culture générale et note de synthèse;24;Amphi A_A600 (DEG-00);36275
2026-02-05;Salle de cours C_C04 (DEG-00);36292;DEG;50;25;25;CM;Cult.gén.&note synt. S2;<M1 Procédures contentieux>Culture générale et note de synthèse;24;Amphi A_A600 (DEG-00);36275
2026-02-05;Salle de cours C_C18 (DEG-01);36560;DEG;50;10;40;CM;DER spécifique DPL;<M1 Dt cont des libertés>coloration DPL;2;Salle de réunion Direction C_SR1 (DEG-00);36286
2026-02-05;Salle de cours C_C18 (DEG-01);36560;DEG;50;10;40;CM;DER spécifique DPL;<M1 Dt cont des libertés>coloration DPL;2;Salle de réunion Direction C_SR1 (DEG-00);36286
2026-02-06;AMPHI STID (STI-00);24832;STI;165;28;137;Cours;R5.06 Filières énergét.;BUT 3 MTEE - Optimisation;2;Salle TP Physique B118 (SCI_R-01);84964
2026-02-06;Amphi 1 (LET-00);27353;LET;150;34;116;TD;1 Histoire du cinéma 1;L1 Lettres - CTD;3;Salle de cours 135 (LET-00);27336
2026-02-06;Amphi 2 (LET-00);27354;LET;140;23;117;TD;Mathématiques S6;L3 LLCER - EA - PE;8;Salle de cours IEFE 128 (LET-00);27298
2026-02-06;Amphi A (SCI_R-00);85316;SCI_R;216;84;132;Cours;Microbiologie 2;L2 SDV - LAS;3;Amphi 40 (EC3-00);17104
2026-02-06;Amphi A_A150 (DEG-00);36279;DEG;150;44;106;Cours;Fiscalité appli aux ets 2;L3 AES Gestion des entrep;11;Salle de Cours 003 (BA1-00);33458
2026-02-06;Amphi A_A150 (DEG-00);36279;DEG;150;44;106;Cours;Fiscalité appli aux ets 2;L3 AES Gestion des entrep;11;Salle de Cours 003 (BA1-00);33458
2026-02-06;Amphi A_A150 (DEG-00);36279;DEG;150;56;94;TD;TD Macroéconomie 1;L1 MIASHS;7;Salle de cours 163 (B3-01);15991
2026-02-06;Amphi A_A300 (DEG-00);36276;DEG;300;93;207;Cours;Droit civil;L1 AES;16;Auditorium (EC6-02);73560
2026-02-06;Amphi A_A300 (DEG-00);36276;DEG;300;93;207;Cours;Droit civil;L1 AES;16;Auditorium (EC6-02);73560
2026-02-06;Amphi B (SCI_R-00);85297;SCI_R;220;110;110;Cours;Etat solide;L1 Physique, Chimie;3;Amphi C_A120 (DEG-00);36290
2026-02-06;Amphi C (SCI_R-00);84869;SCI_R;192;84;108;Cours;Microbiologie 2;L2 SDV - LAS;6;Amphi 40 (EC3-00);17104
2026-02-06;Amphi C (SCI_R-00);84869;SCI_R;192;84;108;Cours;Physiologie animale 1;L2 SDV - LAS;5;Amphi 40 (EC3-00);17104
2026-02-06;Amphi D (SCI_R-00);84870;SCI_R;192;47;145;Cours;Chimie des solutions 2;L1 Sciences de la terre;2;Amphi A (SCI_R-00);85316
2026-02-06;Amphi F (PAL-00);13841;PAL;75;1;74;TD;Electrocinétique-Electric;<L1 Physique, Chimie>L1 PC Electro-cinétique;3;Box optique B120 (SCI_R-01);84961
2026-02-06;Amphi G (DUB-00);17228;DUB;140;42;98;Cours;Tests d'hypothèse;L3 MIASHS - MID;1;Salle 25 (DUB-00);17240
2026-02-06;Amphi G (DUB-00);17228;DUB;140;48;92;Cours;Atosmitique et liaison ch;L2 PC - LAS;4;Salle de Cours 003 (BA1-00);33458
2026-02-06;Amphi H (DUB-00);17229;DUB;140;45;95;Cours;Immunologie;L3 SDV - BGST;2;Salle 24 (DUB-00);17227
2026-02-06;Salle de cours 10 (LET-00);27320;LET;60;16;44;TD;Hist relations inter TD;L3 Histoire - EJSP;6;Salle du conseil B11 (LET-01);27281
2026-02-06;Salle de cours 107 (LET-00);27308;LET;68;22;46;TD;Vers esp S6;L3 LEA - AE - écogestion;23;Salle de cours 167 (B3-01);15986
2026-02-06;Salle de cours 13 (LET-00);27322;LET;70;28;42;CM;Cult gé hisp S4 CM;L2 LEA - AE - écogestion;12;Salle multimedia UTLA 137 (LET-00);27300
2026-02-06;Salle de cours 14 (LET-00);27323;LET;98;17;81;CM;2 - Approf stylistique;L2 Lettres modernes;11;Salle de cours 204 (LET-01);27267
2026-02-06;Salle de cours 14 (LET-00);27323;LET;98;17;81;TD;2 - Approf stylistique;L2 Lettres modernes;11;Salle de cours 203 (LET-01);27270
2026-02-06;Salle de cours 220 (LET-01);27254;LET;60;25;35;CM;Histoire anc.;L3 Histoire - ER;12;Salle de cours IEFE 128 (LET-00);27298
2026-02-06;Salle de cours B_B1 (DEG-00);36289;DEG;100;32;68;TD;Gds prob polit contemp TD 2;L3 Histoire - EJSP;9;Salle de cours 508 (BA2-02);16629
2026-02-06;Salle de cours B_B1 (DEG-00);36289;DEG;100;40;60;CM;Procéd civile d'exécution;M1 Droit privé général;2;Amphi A_A150 (DEG-00);36279
2026-02-06;Salle de cours B_B2 (DEG-00);36271;DEG;76;1;75;TD;TD Stratégie des entreprises;<L3 Economie Gestion><TD Stratégie des entreprises>Groupe 3;3;Salle de cours C_C01 (DEG-00);36291
2026-02-06;Salle de cours B_B2 (DEG-00);36271;DEG;76;11;65;Cours;Relations internation;L2 Economie Gestion CMI;8;Salle informatique B_ASPE (DEG-01);36531
2026-02-06;Salle de cours C_C03 (DEG-00);36287;DEG;50;22;28;TD;TD Macroéconomie S4;<L2 Economie Gestion><TD Macroéconomie S4>Gp 1;7;Salle de cours/informatique C_C02 (DEG-00);36288
2026-02-06;Salle de cours C_C03 (DEG-00);36287;DEG;50;8;42;Cours;Droit Public Ecrit;CAPA Droit 1e année (PAU);22;Salle informatique B_BARETOUS (DEG-01);36548
2026-02-09;AMPHI STID (STI-00);24832;STI;165;32;133;Cours;R2.04 Hydraulique aérau;BUT 1 - MTEE;10;Salle de cours 508 (BA2-02);16629
2026-02-09;AMPHI STID (STI-00);24832;STI;165;23;142;TD;R2.05 Thermodynamique;<BUT 1 - MTEE><Groupes TD>TD1;7;Salle de cours 167 (B3-01);15986
2026-02-09;AMPHI STID (STI-00);24832;STI;165;9;156;TD;R2.07 Math. appli.;<BUT 1 - MTEE><Groupes TD>TD2;13;Salle informatique B_BARETOUS (DEG-01);36548
2026-02-09;AMPHI STID (STI-00);24832;STI;165;32;133;CM;4.06 Explorat° valorisat°;BUT 2 SD - Exploration;2;Salle de cours 508 (BA2-02);16629
2026-02-09;Amphi (STAP-00);18427;STAP;300;124;176;Cours;1 Sciences de l'éducation;L2 STAPS EM (Tarbes);6;Amphi B (EC9-02);16035
2026-02-09;Amphi (STAP-00);18427;STAP;300;80;220;Cours;2 Progra entraînement;L3 STAPS ES (Tarbes);6;Amphi 40 (EC3-00);17104
2026-02-09;Amphi (STAP-00);18427;STAP;300;80;220;Cours;1 Physio entraînement;L3 STAPS ES (Tarbes);6;Salle de cours 32 (LET-02);27514
2026-02-09;Amphi 1 (LET-00);27353;LET;150;74;76;CM;2 Fondamentaux en ortho 2;L1 Lettres - CTD;7;Salle de cours C_C01 (DEG-00);36291
2026-02-09;Amphi 1 (LET-00);27353;LET;150;74;76;CM;1 Grammaire descriptive 2;L1 Lettres - CTD;7;Amphi 40 (EC3-00);17104
2026-02-09;Amphi 1 (LET-00);27353;LET;150;74;76;CM;1 Littérature française 2;L1 Lettres - CTD;6;Amphi 40 (EC3-00);17104
2026-02-09;Amphi 1 (LET-00);27353;LET;150;51;99;CM;1 Litté française et fr 4;L2 Lettres classiques;6;Salle de cours 509 (BA2-02);16630
2026-02-09;Amphi 1 (LET-00);27353;LET;150;51;99;TD;1 Litté française et fr 4;L2 Lettres classiques;6;Salle de cours 220 (LET-01);27254
2026-02-09;Amphi 1 (LET-00);27353;LET;150;65;85;CM;Sociologie de l'éducation;L2 Sociologie;5;Salle de cours 301 (LET-02);27528
2026-02-09;Amphi 3 (LET-02);27502;LET;300;104;196;CM;Sociologie générale S2;L1 Sociologie;10;Amphi B (EC9-02);16035
2026-02-09;Amphi A (SCI_R-00);85316;SCI_R;216;84;132;Cours;Génétique;L2 SDV - LAS;2;Amphi D (SCI_R-00);84870
2026-02-09;Amphi A (SCI_R-00);85316;SCI_R;216;69;147;Cours;Algorith math 3 python S4;L2 MIASHS;1;Amphi B (SCI_R-00);85297
2026-02-09;Amphi A_A150 (DEG-00);36279;DEG;150;17;133;Cours;Gestion des RH et QVT 2;L3 LEA - AE - écogestion;7;Salle informatique B_B209 (DEG-02);36423
2026-02-09;Amphi A_A150 (DEG-00);36279;DEG;150;41;109;CM;Dt des procéd. collect.CM;<M1 Droit privé général>Droit des procédures collectives;23;Salle de Cours 003 (BA1-00);33458
2026-02-09;Amphi A_A150 (DEG-00);36279;DEG;150;41;109;CM;Dt des procéd. collect.CM;<M1 Droit privé général>Droit des procédures collectives;23;Salle de Cours 003 (BA1-00);33458
2026-02-09;Amphi A_A300 (DEG-00);36276;DEG;300;118;182;Cours;Droit des sociétés CM;<L3 Droit>Colo droit des affaires;14;Amphi B (EC9-02);16035
2026-02-09;Amphi A_A300 (DEG-00);36276;DEG;300;118;182;Cours;Droit des sociétés CM;<L3 Droit>Colo droit des affaires;14;Amphi B (EC9-02);16035
2026-02-09;Amphi A_A300 (DEG-00);36276;DEG;300;139;161;Cours;Hist dt inst pub;L1 AES;20;Amphi 400 (EC9-01);16026
2026-02-09;Amphi A_A300 (DEG-00);36276;DEG;300;93;207;Cours;Économie générale;L1 AES;14;Auditorium (EC6-02);73560
2026-02-09;Amphi A_A600 (DEG-00);36275;DEG;600;229;371;Cours;Microéconomie 1;L1 MIASHS;8;Amphi 400 (EC9-01);16026
2026-02-09;Amphi A_A600 (DEG-00);36275;DEG;600;269;331;Cours;Sociologie juridique;L1 Droit (Pau);14;Amphi 400 (EC9-01);16026
2026-02-09;Amphi C (SCI_R-00);84869;SCI_R;192;53;139;Cours;Calcul différentiel RN S4;L2 Mathématiques;10;Salle de cours 509 (BA2-02);16630
2026-02-09;Amphi C_A120 (DEG-00);36290;DEG;120;15;105;Cours;Management Stratégique;DU TG 2ième Année;10;Salle de réunion D_D04 (DEG-00);36235
2026-02-09;Amphi F (PAL-00);13841;PAL;75;36;39;Cours;Biochimie des protéines;L3 SDV - LAS;4;Salle de cours 162 (B3-01);15996
2026-02-09;Amphi G (DUB-00);17228;DUB;140;45;95;Cours;Biologie moléculaire 3;L3 SDV - BGST;2;Amphi H (DUB-00);17229
2026-02-09;Salle de cours 10 (LET-00);27320;LET;60;27;33;TD;Analyse des paysages;L2 Géo Aménagement;1;Salle de cours 108 (LET-00);27288
2026-02-09;Salle de cours 107 (LET-00);27308;LET;68;16;52;TD;Gram esp S2 TD;<L1 LEA - AE - langues spé><L1 LEA Spé TD>L1 LEA Gpe C;11;Salle informatique 313 (LET-02);27510
2026-02-09;Salle de cours 107 (LET-00);27308;LET;68;8;60;TD;Vers all S6;L3 LEA - AA - FLE;8;Salle informatique 201 (LET-01);27266
2026-02-09;Salle de cours 107 (LET-00);27308;LET;68;6;62;TD;Express° trilingue entrep;L3 LEA - AA - langues spé;9;Salle du conseil B11 (LET-01);27281
2026-02-09;Salle de cours 11 (LET-00);27324;LET;80;4;76;CM;France contexte européen;<L3 Histoire - ER>6Sem Géo La France dans le contexte européen;9;Salle informatique 214 (LET-01);27271
2026-02-09;Salle de cours 12 (LET-00);27321;LET;60;16;44;TD;Opinions et mass média;L3 Histoire - EJSP;11;Salle du conseil B11 (LET-01);27281
2026-02-09;Salle de cours 12 (LET-00);27321;LET;60;16;44;CM;Opinions et mass média;L3 Histoire - EJSP;11;Salle informatique 313 (LET-02);27510
2026-02-09;Salle de cours 121 (LET-00);27332;LET;70;19;51;CM;Civi esp et hisp-am S6;L3 LLCER - EH - ER;10;Salle du conseil B11 (LET-01);27281
2026-02-09;Salle de cours 13 (LET-00);27322;LET;70;28;42;TD;Vers esp S4;L2 LEA - AE - écogestion;11;Salle de cours 301 (LET-02);27528
2026-02-09;Salle de cours 23 (LET-01);27248;LET;80;22;58;CM;17 Gestion projet cult 4;L2 Lettres - CTD;8;Salle de cours IEFE 127 (LET-00);27296
2026-02-09;Salle de cours 23 (LET-01);27248;LET;80;3;77;TD;Atel. historien ancienne;L3 Histoire - Art & Patri;12;Salle informatique 201 (LET-01);27266
2026-02-09;Salle de cours 30 (LET-02);27513;LET;60;14;46;CM;UE17 EC1 Litté et patrimoine;M2 Lettres et arts;10;Salle de cours 32 (LET-02);27514
2026-02-09;Salle de cours 32 (LET-02);27514;LET;80;16;64;TD;Opinions et mass média;L3 Histoire - EJSP;11;Salle informatique 313 (LET-02);27510
2026-02-09;Salle de cours 32 (LET-02);27514;LET;80;37;43;CM;Vers angl S4 CM;L2 LEA - AA - écogestion;6;Salle de cours 105 (LET-00);27306
2026-02-09;Salle de cours B_B1 (DEG-00);36289;DEG;100;33;67;CM;DIP 2;<M1 Droit privé général>DIP;22;Salle de cours 240 (EC3-02);73530
2026-02-09;Salle de cours B_B1 (DEG-00);36289;DEG;100;33;67;CM;DIP 2;<M1 Droit privé général>DIP;22;Salle de cours 240 (EC3-02);73530
2026-02-09;Salle de cours B_B2 (DEG-00);36271;DEG;76;35;41;TD;Dt des sociétés S8 TD;<M1 Droit consommation><TD Droit des sociétés>Groupe 1;8;Salle de cours B_B5 (DEG-00);36269
2026-02-09;Salle de cours B_B2 (DEG-00);36271;DEG;76;35;41;TD;TD Statistiques descriptives;<L1 Economie et Gestion><TD statistiques descriptives>Gp 4;2;Salle de cours IEFE 131 (LET-00);27295
2026-02-09;Salle de cours C_C01 (DEG-00);36291;DEG;79;24;55;Cours;Droit commercial;L2 LEA - AE - écogestion;1;Salle GREEN A_A01 (DEG-00);36278
2026-02-09;Salle de cours C_C03 (DEG-00);36287;DEG;50;11;39;Cours;Économie de la santé;L2 Economie Gestion CMI;1;Salle immersive D_D20bis (DEG-00);83663
2026-02-09;Salle de cours C_C03 (DEG-00);36287;DEG;50;8;42;Cours;Droit Civil Ecrit;CAPA Droit 1e année (PAU);21;Salle informatique B_BARETOUS (DEG-01);36548
2026-02-09;Salle de cours C_C04 (DEG-00);36292;DEG;50;11;39;Cours;Entraînement au grand oral;M2 Droit transitions EE;1;Salle immersive D_D20bis (DEG-00);83663
2026-02-09;Salle de cours C_C19 (DEG-01);36561;DEG;52;19;33;Cours;Contrôle Gestion Approfondi;M1 CGAO;9;Salle de cours 007 (BA1-00);33446
2026-02-09;Salle de cours C_C19 (DEG-01);36561;DEG;52;19;33;Cours;Outils Management Financier;M1 CGAO;11;Salle de cours 007 (BA1-00);33446
2026-02-10;AMPHI STID (STI-00);24832;STI;165;32;133;Cours;R2.04 Hydraulique aérau;BUT 1 - MTEE;10;Salle de cours 508 (BA2-02);16629
2026-02-10;AMPHI STID (STI-00);24832;STI;165;23;142;TD;R2.05 Thermodynamique;<BUT 1 - MTEE><Groupes TD>TD1;7;Salle de cours 167 (B3-01);15986
2026-02-10;Amphi 1 (LET-00);27353;LET;150;27;123;CM;Spatialités aires culture;L2 Géo Aménagement;6;Salle de cours 113 (LET-00);27303
2026-02-10;Amphi 3 (LET-02);27502;LET;300;30;270;CM;Civi pays anglo S2;L1 LEA - AA - langues spé;13;Salle de cours IEFE 132 (LET-00);27339
2026-02-10;Amphi 3 (LET-02);27502;LET;300;16;284;CM;Civi pays hispano S2;<L1 LEA - AE - langues spé><L1 LEA Spé TD>L1 LEA Gpe A;13;Labo de Langues 316 (LET-02);27521
2026-02-10;Amphi 3 (LET-02);27502;LET;300;30;270;CM;Gram angl S2 CM;L1 LEA - AA - langues spé;6;Salle de cours 223 (LET-01);27284
2026-02-10;Amphi A_A300 (DEG-00);36276;DEG;300;111;189;Cours;Théorie des organisations;L1 AES;11;Amphi B (EC9-02);16035
2026-02-10;Amphi A_A300 (DEG-00);36276;DEG;300;139;161;Cours;Hist dt inst pub;L1 AES;20;Amphi 400 (EC9-01);16026
2026-02-10;Amphi A_A300 (DEG-00);36276;DEG;300;105;195;Cours;Informatique;L3 Economie Gestion;10;Amphi B (EC9-02);16035
2026-02-10;Amphi A_A400 (DEG-00);36274;DEG;400;164;236;Cours;Relations internationales;<L1 Droit (Pau)>Relations Internationales;24;Amphi 400 (EC9-01);16026
2026-02-10;Amphi A_A400 (DEG-00);36274;DEG;400;164;236;Cours;Relations internationales;<L1 Droit (Pau)>Relations Internationales;24;Amphi 400 (EC9-01);16026
2026-02-10;Amphi A_A400 (DEG-00);36274;DEG;400;61;339;Cours;Histoire droit pénal & fa;<L3 Droit>Colo droit civil;11;Salle de cours 127 (B2-01);16947
2026-02-10;Amphi A_A600 (DEG-00);36275;DEG;600;19;581;Cours;CM NORMES IFRS;M1 CGAO;1;Salle GREEN A_A01 (DEG-00);36278
2026-02-10;Amphi A_A600 (DEG-00);36275;DEG;600;172;428;Cours;Stats descriptive / EXCEL;L1 Economie et Gestion;9;Amphi 400 (EC9-01);16026
2026-02-10;Amphi B (SCI_R-00);85297;SCI_R;220;52;168;Cours;Calcul différentiel S6;L3 Mathématiques;5;Salle de cours 509 (BA2-02);16630
2026-02-10;Amphi D (SCI_R-00);84870;SCI_R;192;35;157;Cours;Théorie des proba S6;L3 Mathématiques;2;Amphi C (SCI_R-00);84869
2026-02-10;Amphi E (PAL-00);13842;PAL;75;35;40;TD;Chimie organ fondamentale;<L1 Physique, Chimie>L1 PC Chimie Orga Fond;1;Salle 19 (PAL-01);13876
2026-02-10;Amphi H (DUB-00);17229;DUB;140;42;98;TD;Tests d'hypothèse;L3 MIASHS - MID;8;Salle de Cours 003 (BA1-00);33458
2026-02-10;Amphi H (DUB-00);17229;DUB;140;60;80;Cours;Algèbre 2 S2;L1 Mathématiques;1;Amphi G (DUB-00);17228
2026-02-10;Amphi H (DUB-00);17229;DUB;140;52;88;Cours;Algèbre et géométrie S6;L3 Mathématiques;1;Amphi G (DUB-00);17228
2026-02-10;Salle de cours 107 (LET-00);27308;LET;68;22;46;TD;Vers esp S6;L3 LEA - AE - écogestion;23;Salle de cours 167 (B3-01);15986
2026-02-10;Salle de cours 107 (LET-00);27308;LET;68;22;46;TD;Thème esp S6;L3 LEA - AE - écogestion;11;Salle de cours 167 (B3-01);15986
2026-02-10;Salle de cours 11 (LET-00);27324;LET;80;38;42;CM;Enjeux sociaux;L3 Sociologie;10;Salle de cours 406 (BA2-01);16739
2026-02-10;Salle de cours 12 (LET-00);27321;LET;60;18;42;CM;Hist. relations inter. CM;L3 Histoire - EJSP;14;Salle informatique 215 (LET-01);27272
2026-02-10;Salle de cours 120 (LET-00);27333;LET;62;24;38;CM;Droit du patrimoine;L3 HAA - HA;6;Salle de cours 167 (B3-01);15986
2026-02-10;Salle de cours 121 (LET-00);27332;LET;70;28;42;TD;Intro à la Recherche;L3 LLCER - EA - ER;12;Salle de cours IEFE 132 (LET-00);27339
2026-02-10;Salle de cours 13 (LET-00);27322;LET;70;28;42;TD;Cult gé hisp S4 TD;L2 LEA - AE - écogestion;13;Salle de cours IEFE 132 (LET-00);27339
2026-02-10;Salle de cours 13 (LET-00);27322;LET;70;30;40;TD;Thème angl S6;L3 LEA - AE - écogestion;12;Salle de cours 113 (LET-00);27303
2026-02-10;Salle de cours 13 (LET-00);27322;LET;70;28;42;CM;Civi pays hispano S4;L2 LEA - AE - écogestion;13;Salle de cours IEFE 132 (LET-00);27339
2026-02-10;Salle de cours 14 (LET-00);27323;LET;98;24;74;TD;Express° trilingue entrep;L3 LEA - AE - écogestion;9;Cartothèque 222bis (LET-01);27283
2026-02-10;Salle de cours 23 (LET-01);27248;LET;80;24;56;CM;1 Trans écol et tourisme;M2 Tourisme;1;Salle de cours 217 (LET-01);27257
2026-02-10;Salle de cours B_B1 (DEG-00);36289;DEG;100;11;89;Cours;Eco envir & soutenabilité;<L3 Economie Gestion>Coloration banque et finance;3;Salle de réunion D_D04 (DEG-00);36235
2026-02-10;Salle de cours B_B1 (DEG-00);36289;DEG;100;33;67;TD;TD Stratégie des entreprises;<L3 AES Gestion des entrep><TD Stratégie des entreprises>Groupe 2;5;Salle de cours C_C11 (DEG-01);36553
2026-02-10;Salle de cours B_B1 (DEG-00);36289;DEG;100;33;67;TD;TD Fiscalité appli aux ets 2;<L3 AES Gestion des entrep><TD Fiscalité appli aux ets 2>Groupe 1;7;Salle de cours B_B6 (DEG-00);36270
2026-02-10;Salle de cours B_B1 (DEG-00);36289;DEG;100;33;67;TD;TD Fiscalité appli aux ets 2;<L3 AES Gestion des entrep><TD Fiscalité appli aux ets 2>Groupe 1;7;Salle de cours B_B6 (DEG-00);36270
2026-02-10;Salle de cours B_B2 (DEG-00);36271;DEG;76;11;65;Cours;Ecologie;L2 Economie Gestion CMI;1;Salle immersive D_D20bis (DEG-00);83663
2026-02-10;Salle de cours B_B2 (DEG-00);36271;DEG;76;11;65;Cours;Économie du développement;<L3 Economie Gestion>Coloration banque et finance;8;Salle de cours/informatique C_C02 (DEG-00);36288
2026-02-10;Salle de cours B_B2 (DEG-00);36271;DEG;76;31;45;Cours;Dt propriétés pub CM;<L3 Droit>Colo droits et libertés;26;Salle de cours 508 (BA2-02);16629
2026-02-10;Salle de cours B_B2 (DEG-00);36271;DEG;76;31;45;Cours;Dt propriétés pub CM;<L3 Droit>Colo droits et libertés;26;Salle de cours 508 (BA2-02);16629
2026-02-10;Salle de cours C_C04 (DEG-00);36292;DEG;50;20;30;CM;Droit rural;M1 Droit Notarial;24;Salle de cours 167 (B3-01);15986
2026-02-10;Salle de cours C_C04 (DEG-00);36292;DEG;50;20;30;CM;Droit rural;M1 Droit Notarial;24;Salle de cours 167 (B3-01);15986
2026-02-10;Salle de cours C_C18 (DEG-01);36560;DEG;50;23;27;Cours;Anglais M1 DEG S8;<M1 Drt Act Publique loc><TD Anglais>Anglais M1 Droit Mutualisé Gp 1;8;Salle de cours 167 (B3-01);15986
2026-02-10;Salle de cours C_C18 (DEG-01);36560;DEG;50;22;28;TD;TD Comptabilité de gestion L2;<L2 AES><TD Comptabilité de gestion>Groupe 1;1;Salle GREEN A_A01 (DEG-00);36278
2026-02-10;Salle de cours C_C19 (DEG-01);36561;DEG;52;19;33;Cours;Consolidation;M1 CGAO;9;Salle de cours 007 (BA1-00);33446
2026-02-10;Salle de cours C_C19 (DEG-01);36561;DEG;52;8;44;TD;Anglais des Affaires;<M1 CGAO><Groupes>Groupe 2;19;Salle informatique B_BARETOUS (DEG-01);36548
2026-02-11;AMPHI STID (STI-00);24832;STI;165;21;144;Cours;R5.05 Valo. énerg. rejets;BUT 3 MTEE - Optimisation;1;Salle 14 (PAL-01);13886
2026-02-11;Amphi 2 (LET-00);27354;LET;140;53;87;CM;Civi pays hisp S6;L3 LEA - AE - écogestion;13;Salle de cours 509 (BA2-02);16630
2026-02-11;Amphi 3 (LET-02);27502;LET;300;104;196;CM;Sociologie des inégalités;L1 Sociologie;10;Amphi B (EC9-02);16035
2026-02-11;Amphi 3 (LET-02);27502;LET;300;103;197;CM;Histoire ancienne;L1 Histoire;12;Amphi B (EC9-02);16035
2026-02-11;Amphi A_A150 (DEG-00);36279;DEG;150;56;94;CM;CM Gestion de Projet;M1 Management SI;1;Salle de cours 163 (B3-01);15991
2026-02-11;Amphi A_A300 (DEG-00);36276;DEG;300;61;239;Cours;Marketing Stratégie;L3 LEA - AE - écogestion;8;Salle de cours 127 (B2-01);16947
2026-02-11;Amphi A_A300 (DEG-00);36276;DEG;300;61;239;Cours;Marketing Stratégie;L3 LEA - AE - écogestion;8;Salle de cours 127 (B2-01);16947
2026-02-11;Amphi A_A300 (DEG-00);36276;DEG;300;119;181;Cours;Microéconomie 3;L2 Economie Gestion CMI;8;Amphi B (EC9-02);16035
2026-02-11;Amphi A_A300 (DEG-00);36276;DEG;300;105;195;Cours;Microéconomie appliquée;L3 Economie Gestion;6;Amphi B (EC9-02);16035
2026-02-11;Amphi A_A400 (DEG-00);36274;DEG;400;123;277;Cours;Droit de la famille CM;<L3 Droit>Colo droit des affaires;17;Amphi B (EC9-02);16035
2026-02-11;Amphi A_A400 (DEG-00);36274;DEG;400;123;277;Cours;Droit de la famille CM;<L3 Droit>Colo droit des affaires;17;Amphi B (EC9-02);16035
2026-02-11;Amphi A_A600 (DEG-00);36275;DEG;600;214;386;Cours;Dr collectivités territ;L2 Droit;18;Amphi 400 (EC9-01);16026
2026-02-11;Amphi A_A600 (DEG-00);36275;DEG;600;214;386;Cours;Dr collectivités territ;L2 Droit;18;Amphi 400 (EC9-01);16026
2026-02-11;Amphi C (SCI_R-00);84869;SCI_R;192;87;105;Cours;Algèbre pour l'info;L1 Informatique;3;Amphi 40 (EC3-00);17104
2026-02-11;Amphi C_A120 (DEG-00);36290;DEG;120;36;84;TD;Droit civil TD L1 S2;<L1 Droit (Pau)><TD droit civil S2>Groupe 3;1;Salle de cours B_B5 (DEG-00);36269
2026-02-11;Amphi D (SCI_R-00);84870;SCI_R;192;47;145;Cours;Structures géologiques 1;L1 Sciences de la terre;2;Salle 22 (DUB-00);17233
2026-02-11;Amphi G (DUB-00);17228;DUB;140;53;87;Cours;Intro probabilités S4;L2 Mathématiques;2;Salle de cours 509 (BA2-02);16630
2026-02-11;Amphi H (DUB-00);17229;DUB;140;53;87;Cours;Intro théorie groupes S4;L2 Mathématiques;4;Salle de cours 509 (BA2-02);16630
2026-02-11;Amphi H (DUB-00);17229;DUB;140;60;80;Cours;Algor math 1 Python S1;L1 Mathématiques;3;Salle de cours 304 (BA2-00);16671
2026-02-11;Amphi H (DUB-00);17229;DUB;140;60;80;Cours;Systèmes d'exploitat° II;L2 Informatique;4;Salle de cours 304 (BA2-00);16671
2026-02-11;Salle de cours 107 (LET-00);27308;LET;68;12;56;TD;init th/vers angl S2;L1 LEA - AA - langues spé;13;Salle informatique 313 (LET-02);27510
2026-02-11;Salle de cours 107 (LET-00);27308;LET;68;16;52;TD;Com & médias esp S2;<L1 LEA - AE - langues spé><L1 LEA Spé TD>L1 LEA Gpe C;13;Labo de Langues 316 (LET-02);27521
2026-02-11;Salle de cours 107 (LET-00);27308;LET;68;30;38;TD;Gram angl S2 TD;L1 LEA - AA - langues spé;13;Salle de cours 135 (LET-00);27336
2026-02-11;Salle de cours 12 (LET-00);27321;LET;60;16;44;CM;Institutions publiques;L3 Histoire - EJSP;19;Salle de langues I-202 (ISA-02);78618
2026-02-11;Salle de cours 12 (LET-00);27321;LET;60;16;44;CM;Institutions publiques;L3 Histoire - EJSP;19;Salle de langues I-202 (ISA-02);78618
2026-02-11;Salle de cours 120 (LET-00);27333;LET;62;5;57;CM;Archéo monde rural au MÂ;L3 HAA - AP;11;Salle informatique 202 (LET-01);27273
2026-02-11;Salle de cours 13 (LET-00);27322;LET;70;28;42;CM;Gram & thème esp S4 CM;L2 LEA - AE - écogestion;11;Salle de cours 166 (B3-01);15984
2026-02-11;Salle de cours 14 (LET-00);27323;LET;98;43;55;CM;UE7 EC2 Littté et musique;M1 Etudes hispaniques;1;Salle de cours 114 (LET-00);27309
2026-02-11;Salle de cours 14 (LET-00);27323;LET;98;24;74;CM;3 Approfond lit/styl 3;L3 Lettres modernes;7;Cartothèque 222bis (LET-01);27283
2026-02-11;Salle de cours 220 (LET-01);27254;LET;60;3;57;TD;Atel. historien med mod;L3 Histoire - Art & Patri;14;Labo de Langues 316 (LET-02);27521
2026-02-11;Salle de cours 23 (LET-01);27248;LET;80;25;55;TD;Histoire anc.;L3 Histoire - ER;12;Salle de cours IEFE 127 (LET-00);27296
2026-02-11;Salle de cours B_B1 (DEG-00);36289;DEG;100;11;89;Cours;Finances de marché;<L3 Economie Gestion>Coloration banque et finance;11;Salle de réunion 110 (B1-01);16830
2026-02-11;Salle de cours B_B1 (DEG-00);36289;DEG;100;26;74;TD;TD finance de marché;<L3 Economie Gestion>Coloration banque et finance;8;Salle de cours B_B6 (DEG-00);36270
2026-02-11;Salle de cours B_B1 (DEG-00);36289;DEG;100;45;55;Cours;PAC CM;<L3 Droit>Colo droits et libertés;18;Salle de Cours 003 (BA1-00);33458
2026-02-11;Salle de cours B_B1 (DEG-00);36289;DEG;100;45;55;Cours;PAC CM;<L3 Droit>Colo droits et libertés;18;Salle de Cours 003 (BA1-00);33458
2026-02-11;Salle de cours B_B2 (DEG-00);36271;DEG;76;19;57;TD;Droit es sociétés TD;<L3 AES Gestion des entrep>Droit des sociétés;3;Salle de cours 109 (BA1-01);33327
2026-02-11;Salle de cours B_B2 (DEG-00);36271;DEG;76;37;39;TD;TD Contrôle de gestion;<L3 AES Gestion des entrep><TD Contrôle de gestion>Groupe 3;8;Amphi C_A120 (DEG-00);36290
2026-02-11;Salle de cours C_C19 (DEG-01);36561;DEG;52;19;33;Cours;Initiation recherche;M1 CGAO;13;Salle de cours 007 (BA1-00);33446
2026-02-11;Salle de cours C_C19 (DEG-01);36561;DEG;52;11;41;TD;Anglais des Affaires;<M1 CGAO><Groupes>Groupe 1;21;Salle TP géochimie B330 (SCI_R-03);85206
2026-02-11;Salle de cours C_C19 (DEG-01);36561;DEG;52;19;33;Cours;Contrôle Gestion Approfondi;M1 CGAO;9;Salle de cours 007 (BA1-00);33446
2026-02-12;AMPHI STID (STI-00);24832;STI;165;23;142;TD;R2.07 Math. appli.;<BUT 1 - MTEE><Groupes TD>TD1;6;Salle de cours 167 (B3-01);15986
2026-02-12;AMPHI STID (STI-00);24832;STI;165;9;156;TD;R2.07 Math. appli.;<BUT 1 - MTEE><Groupes TD>TD2;13;Salle informatique B_BARETOUS (DEG-01);36548
2026-02-12;Amphi (STAP-00);18427;STAP;300;88;212;Cours;1 Evaluation physique;L2 STAPS ES (Tarbes);7;Amphi 40 (EC3-00);17104
2026-02-12;Amphi (STAP-00);18427;STAP;300;88;212;Cours;1 Environnement/pratiques;L2 STAPS ES (Tarbes);10;Amphi 40 (EC3-00);17104
2026-02-12;Amphi 2 (LET-00);27354;LET;140;43;97;CM;Intro changt climatique;L1 Géo Aménagement;9;Salle de Cours 003 (BA1-00);33458
2026-02-12;Amphi 3 (LET-02);27502;LET;300;124;176;CM;Linguistique S2;L1 LLCER - EA;7;Amphi B (EC9-02);16035
2026-02-12;Amphi 3 (LET-02);27502;LET;300;124;176;CM;Littérature S2;L1 LLCER - EA;11;Amphi B (EC9-02);16035
2026-02-12;Amphi A_A300 (DEG-00);36276;DEG;300;146;154;Cours;Macroéconomie 3;L2 Economie Gestion CMI;11;Amphi 400 (EC9-01);16026
2026-02-12;Amphi A_A400 (DEG-00);36274;DEG;400;44;356;Cours;Contrôle de gestion;L3 AES Gestion des entrep;9;Salle de Cours 003 (BA1-00);33458
2026-02-12;Amphi A_A400 (DEG-00);36274;DEG;400;10;390;Cours;Démographie économique;L1 Economie Gestion CMI;9;Salle de Réunion 14 (BU-01);16992
2026-02-12;Amphi A_A600 (DEG-00);36275;DEG;600;214;386;Cours;Dr collectivités territ;L2 Droit;18;Amphi 400 (EC9-01);16026
2026-02-12;Amphi A_A600 (DEG-00);36275;DEG;600;269;331;Cours;Droit constitutionnel;L1 Droit (Pau);6;Amphi 400 (EC9-01);16026
2026-02-12;Amphi A_A600 (DEG-00);36275;DEG;600;269;331;Cours;Droit constitutionnel;L1 Droit (Pau);6;Amphi 400 (EC9-01);16026
2026-02-12;Amphi G (DUB-00);17228;DUB;140;1;139;Cours;Electrocinétique-Electric;<L1 Physique, Chimie>L1 PC Electro-cinétique;6;Salle TP Informatique indus 38 (DUB-01);17153
2026-02-12;Amphi G (DUB-00);17228;DUB;140;42;98;Cours;Réseaux II;L3 Informatique;6;Salle informatique I-207 (ISA-02);78613
2026-02-12;Amphi H (DUB-00);17229;DUB;140;47;93;TD;Microbiologie 1;L1 SDV - LAS;2;Salle de Cours 003 (BA1-00);33458
2026-02-12;Salle de cours 13 (LET-00);27322;LET;70;22;48;CM;Express° trilingue entrep;L3 LEA - AE - écogestion;4;Salle de cours IEFE 127 (LET-00);27296
2026-02-12;Salle de cours 13 (LET-00);27322;LET;70;28;42;CM;Gram & thème esp S4 CM;L2 LEA - AE - écogestion;11;Salle de cours 166 (B3-01);15984
2026-02-12;Salle de cours 220 (LET-01);27254;LET;60;25;35;CM;Hist. médiévale;L3 Histoire - ER;12;Salle de cours 144 (EC3-01);17123
2026-02-12;Salle de cours 220 (LET-01);27254;LET;60;25;35;TD;Hist. médiévale;L3 Histoire - ER;12;Salle de cours 144 (EC3-01);17123
2026-02-12;Salle de cours 32 (LET-02);27514;LET;80;26;54;TD;Modern. & avt gardes TD;L2 HAA;11;Salle de cours IEFE 127 (LET-00);27296
2026-02-12;Salle de cours 32 (LET-02);27514;LET;80;30;50;CM;Modern. & avt gardes CM;L2 HAA;11;Salle de cours 166 (B3-01);15984
2026-02-12;Salle de cours B_B2 (DEG-00);36271;DEG;76;31;45;TD;Droit des obligations TD S2;<L2 Droit><TD droit des obligations S2>Groupe 6;1;Salle de cours B_B6 (DEG-00);36270
2026-02-12;Salle de cours C_C03 (DEG-00);36287;DEG;50;24;26;CM;les moyens financiers;D.U Métiers admin gen ter;5;Salle de cours/informatique C_C02 (DEG-00);36288
2026-02-12;Salle de cours C_C03 (DEG-00);36287;DEG;50;24;26;CM;les moyens financiers;D.U Métiers admin gen ter;5;Salle de cours/informatique C_C02 (DEG-00);36288
2026-02-12;Salle de cours C_C04 (DEG-00);36292;DEG;50;24;26;TD;Gds prob polit contemp TD 2;<L3 AES Gestion des entrep>Gds prob polit contemp 2;10;Salle GREEN A_A01 (DEG-00);36278
2026-02-12;Salle de cours C_C04 (DEG-00);36292;DEG;50;25;25;CM;Cult.gén.&note synt. S2;<M1 Procédures contentieux>Culture générale et note de synthèse;24;Amphi A_A600 (DEG-00);36275
2026-02-12;Salle de cours C_C04 (DEG-00);36292;DEG;50;25;25;CM;Cult.gén.&note synt. S2;<M1 Procédures contentieux>Culture générale et note de synthèse;24;Amphi A_A600 (DEG-00);36275
2026-02-12;Salle de cours C_C19 (DEG-01);36561;DEG;52;19;33;Cours;Consolidation;M1 CGAO;9;Salle de cours 007 (BA1-00);33446
2026-02-12;Salle de cours C_C19 (DEG-01);36561;DEG;52;19;33;Cours;PACI;M1 CGAO;11;Salle de cours 007 (BA1-00);33446
2026-02-12;Salle de cours C_C19 (DEG-01);36561;DEG;52;19;33;CM;Anglais des Affaires;M1 CGAO;1;Salle GREEN A_A01 (DEG-00);36278
2026-02-13;AMPHI STID (STI-00);24832;STI;165;32;133;Cours;R2.05 Thermodynamique;BUT 1 - MTEE;8;Salle de cours 508 (BA2-02);16629
2026-02-13;AMPHI STID (STI-00);24832;STI;165;9;156;TD;R2.02 Energies renouv.;<BUT 1 - MTEE><Groupes TD>TD2;1;Salle informatique B_BARETOUS (DEG-01);36548
2026-02-13;Amphi (STAP-00);18427;STAP;300;28;272;TD;1 PEPS 1;<L1 commune STAPS (Tarbes)><groupe TD>G3;1;Salle de cours 04 (STAP-00);18414
2026-02-13;Amphi 3 (LET-02);27502;LET;300;23;277;TD;Mathématiques S6;L3 LLCER - EA - PE;2;Cartothèque 222bis (LET-01);27283
2026-02-13;Amphi A_A150 (DEG-00);36279;DEG;150;44;106;Cours;Fiscalité appli aux ets 2;L3 AES Gestion des entrep;11;Salle de Cours 003 (BA1-00);33458
2026-02-13;Amphi A_A150 (DEG-00);36279;DEG;150;44;106;Cours;Fiscalité appli aux ets 2;L3 AES Gestion des entrep;11;Salle de Cours 003 (BA1-00);33458
2026-02-13;Amphi A_A150 (DEG-00);36279;DEG;150;56;94;TD;TD Macroéconomie 1;L1 MIASHS;7;Salle de cours 163 (B3-01);15991
2026-02-13;Amphi A_A300 (DEG-00);36276;DEG;300;93;207;Cours;Droit civil;L1 AES;16;Auditorium (EC6-02);73560
2026-02-13;Amphi A_A300 (DEG-00);36276;DEG;300;93;207;Cours;Droit civil;L1 AES;16;Auditorium (EC6-02);73560
2026-02-13;Amphi C (SCI_R-00);84869;SCI_R;192;84;108;Cours;Physiologie animale 1;L2 SDV - LAS;5;Amphi 40 (EC3-00);17104
2026-02-13;Amphi D (SCI_R-00);84870;SCI_R;192;47;145;Cours;Chimie des solutions 2;L1 Sciences de la terre;2;Amphi A (SCI_R-00);85316
2026-02-13;Amphi F (PAL-00);13841;PAL;75;1;74;TD;Electrocinétique-Electric;<L1 Physique, Chimie>L1 PC Electro-cinétique;3;Box optique B120 (SCI_R-01);84961
2026-02-13;Salle de cours 10 (LET-00);27320;LET;60;16;44;TD;Hist relations inter TD;L3 Histoire - EJSP;6;Salle du conseil B11 (LET-01);27281
2026-02-13;Salle de cours 107 (LET-00);27308;LET;68;22;46;TD;Vers esp S6;L3 LEA - AE - écogestion;23;Salle de cours 167 (B3-01);15986
2026-02-13;Salle de cours 13 (LET-00);27322;LET;70;28;42;CM;Cult gé hisp S4 CM;L2 LEA - AE - écogestion;12;Salle multimedia UTLA 137 (LET-00);27300
2026-02-13;Salle de cours 220 (LET-01);27254;LET;60;25;35;CM;Histoire anc.;L3 Histoire - ER;12;Salle de cours IEFE 128 (LET-00);27298
2026-02-13;Salle de cours B_B1 (DEG-00);36289;DEG;100;32;68;TD;Gds prob polit contemp TD 2;L3 Histoire - EJSP;9;Salle de cours 508 (BA2-02);16629
2026-02-13;Salle de cours B_B1 (DEG-00);36289;DEG;100;39;61;TD;TD Macroéconomie 1;<L1 Economie et Gestion><TD Macroéconomie 1>Gp 4;2;Salle de cours B_B4 (DEG-00);36268
2026-02-13;Salle de cours B_B1 (DEG-00);36289;DEG;100;39;61;TD;TD Macroéconomie 1;<L1 Economie et Gestion><TD Macroéconomie 1>Gp 5;1;Salle de cours B_B4 (DEG-00);36268
2026-02-13;Salle de cours B_B2 (DEG-00);36271;DEG;76;1;75;TD;TD Stratégie des entreprises;<L3 Economie Gestion><TD Stratégie des entreprises>Groupe 3;3;Salle de cours C_C01 (DEG-00);36291
2026-02-13;Salle de cours B_B2 (DEG-00);36271;DEG;76;11;65;Cours;Relations internation;L2 Economie Gestion CMI;8;Salle informatique B_ASPE (DEG-01);36531
2026-02-13;Salle de cours B_B2 (DEG-00);36271;DEG;76;29;47;TD;TD Relations internationales;L2 Economie Gestion CMI;2;Salle de cours B_B6 (DEG-00);36270
2026-02-13;Salle de cours B_B2 (DEG-00);36271;DEG;76;30;46;TD;Droit des obligations TD S2;<L2 Droit><TD droit des obligations S2>Groupe 5;1;Salle de cours B_B211 (DEG-02);36425
2026-02-13;Salle de cours C_C03 (DEG-00);36287;DEG;50;22;28;TD;TD Macroéconomie S4;<L2 Economie Gestion><TD Macroéconomie S4>Gp 1;7;Salle de cours/informatique C_C02 (DEG-00);36288
2026-02-13;Salle de cours C_C03 (DEG-00);36287;DEG;50;8;42;Cours;Droit Public Ecrit;CAPA Droit 1e année (PAU);22;Salle informatique B_BARETOUS (DEG-01);36548
2026-02-13;Salle de cours C_C04 (DEG-00);36292;DEG;50;24;26;CM;les moyens humains;D.U Métiers admin gen ter;3;Salle de cours B_B207 (DEG-02);36421
2026-02-13;Salle de cours C_C19 (DEG-01);36561;DEG;52;8;44;TD;Anglais des Affaires;<M1 CGAO><Groupes>Groupe 2;19;Salle informatique B_BARETOUS (DEG-01);36548
2026-02-13;Salle de cours C_C19 (DEG-01);36561;DEG;52;11;41;TD;Anglais des Affaires;<M1 CGAO><Groupes>Groupe 1;21;Salle TP géochimie B330 (SCI_R-03);85206
2026-02-13;Salle de cours C_C19 (DEG-01);36561;DEG;52;19;33;Cours;PACI;M1 CGAO;11;Salle de cours 007 (BA1-00);33446
2026-02-19;Salle de cours C_C03 (DEG-00);36287;DEG;50;12;38;TD;Analyse des partiques pro;L3 AES Coord & gestion;2;Salle immersive D_D20bis (DEG-00);83663
2026-02-19;Salle de cours C_C03 (DEG-00);36287;DEG;50;12;38;TD;Analyse des partiques pro;L3 AES Coord & gestion;2;Salle immersive D_D20bis (DEG-00);83663
2026-02-20;Salle de cours C_C03 (DEG-00);36287;DEG;50;12;38;Cours;Méthodo de mémoire;L3 AES Coord & gestion;2;Salle immersive D_D20bis (DEG-00);83663
2026-02-20;Salle de cours C_C03 (DEG-00);36287;DEG;50;12;38;Cours;Méthodo de mémoire;L3 AES Coord & gestion;2;Salle immersive D_D20bis (DEG-00);83663
2026-02-23;AMPHI STID (STI-00);24832;STI;165;32;133;Cours;R2.04 Hydraulique aérau;BUT 1 - MTEE;10;Salle de cours 508 (BA2-02);16629
2026-02-23;AMPHI STID (STI-00);24832;STI;165;32;133;Cours;R2.05 Thermodynamique;BUT 1 - MTEE;8;Salle de cours 508 (BA2-02);16629
2026-02-23;Amphi 2 (LET-00);27354;LET;140;65;75;CM;Sociologie de l'éducation;L2 Sociologie;3;Salle de cours 301 (LET-02);27528
2026-02-23;Amphi 3 (LET-02);27502;LET;300;104;196;CM;Sociologie générale S2;L1 Sociologie;10;Amphi B (EC9-02);16035
2026-02-23;Amphi A (SCI_R-00);85316;SCI_R;216;84;132;Cours;Génétique;L2 SDV - LAS;2;Amphi D (SCI_R-00);84870
2026-02-23;Amphi A_A150 (DEG-00);36279;DEG;150;17;133;Cours;Gestion des RH et QVT 2;L3 LEA - AE - écogestion;7;Salle informatique B_B209 (DEG-02);36423
2026-02-23;Amphi A_A150 (DEG-00);36279;DEG;150;17;133;Cours;Gestion des RH et QVT 2;L3 LEA - AE - écogestion;7;Salle informatique B_B209 (DEG-02);36423
2026-02-23;Amphi A_A150 (DEG-00);36279;DEG;150;38;112;CM;Dt des procéd. collect.CM;<M1 Droit privé général>Droit des procédures collectives;23;Salle de Cours 003 (BA1-00);33458
2026-02-23;Amphi A_A150 (DEG-00);36279;DEG;150;38;112;CM;Dt des procéd. collect.CM;<M1 Droit privé général>Droit des procédures collectives;23;Salle de Cours 003 (BA1-00);33458
2026-02-23;Amphi A_A300 (DEG-00);36276;DEG;300;139;161;Cours;Hist dt inst pub;L1 AES;20;Amphi 400 (EC9-01);16026
2026-02-23;Amphi A_A300 (DEG-00);36276;DEG;300;93;207;Cours;Économie générale;L1 AES;14;Auditorium (EC6-02);73560
2026-02-23;Amphi A_A600 (DEG-00);36275;DEG;600;172;428;Cours;Maths pr éco/gestion;L1 Economie et Gestion;3;Amphi D (SCI_R-00);84870
2026-02-23;Amphi A_A600 (DEG-00);36275;DEG;600;269;331;Cours;Sociologie juridique;L1 Droit (Pau);14;Amphi 400 (EC9-01);16026
2026-02-23;Amphi B (SCI_R-00);85297;SCI_R;220;60;160;Cours;Algèbre 2 S2;L1 Mathématiques;3;Salle de cours 304 (BA2-00);16671
2026-02-23;Amphi C (SCI_R-00);84869;SCI_R;192;84;108;Cours;Physiologie végétale 1;L2 SDV - LAS;12;Amphi 40 (EC3-00);17104
2026-02-23;Amphi C (SCI_R-00);84869;SCI_R;192;84;108;Cours;Microbiologie 2;L2 SDV - LAS;6;Amphi 40 (EC3-00);17104
2026-02-23;Amphi C_A120 (DEG-00);36290;DEG;120;21;99;CM;FUSION;M1 Compta ctrl audit;2;Salle informatique B_B209 (DEG-02);36423
2026-02-23;Amphi C_A120 (DEG-00);36290;DEG;120;37;83;TD;TD comptabilité approfondie;<L3 Economie Gestion>Coloration comptabilité & Audit;1;Salle de cours C_C14 (DEG-01);36556
2026-02-23;Amphi G (DUB-00);17228;DUB;140;21;119;Cours;Méthodes en stat;L3 MIASHS - MID;2;Salle 34 (DUB-01);17164
2026-02-23;Amphi H (DUB-00);17229;DUB;140;42;98;Cours;Tests d'hypothèse;L3 MIASHS - MID;2;Salle 25bis (DUB-00);17239
2026-02-23;Salle de cours 107 (LET-00);27308;LET;68;16;52;TD;Gram esp S2 TD;<L1 LEA - AE - langues spé><L1 LEA Spé TD>L1 LEA Gpe C;11;Salle informatique 313 (LET-02);27510
2026-02-23;Salle de cours 107 (LET-00);27308;LET;68;6;62;TD;Express° trilingue entrep;L3 LEA - AA - langues spé;9;Salle du conseil B11 (LET-01);27281
2026-02-23;Salle de cours 11 (LET-00);27324;LET;80;4;76;CM;France contexte européen;<L3 Histoire - ER>6Sem Géo La France dans le contexte européen;9;Salle informatique 214 (LET-01);27271
2026-02-23;Salle de cours 12 (LET-00);27321;LET;60;16;44;TD;Opinions et mass média;L3 Histoire - EJSP;11;Salle du conseil B11 (LET-01);27281
2026-02-23;Salle de cours 12 (LET-00);27321;LET;60;16;44;CM;Opinions et mass média;L3 Histoire - EJSP;11;Salle informatique 313 (LET-02);27510
2026-02-23;Salle de cours 120 (LET-00);27333;LET;62;27;35;CM;XXX Tourisme, IA, Transitions;M1 Tourisme;2;Salle de cours 135 (LET-00);27336
2026-02-23;Salle de cours 121 (LET-00);27332;LET;70;19;51;CM;Civi esp et hisp-am S6;L3 LLCER - EH - ER;10;Salle du conseil B11 (LET-01);27281
2026-02-23;Salle de cours 13 (LET-00);27322;LET;70;28;42;TD;Vers esp S4;L2 LEA - AE - écogestion;11;Salle de cours 301 (LET-02);27528
2026-02-23;Salle de cours 23 (LET-01);27248;LET;80;22;58;CM;17 Gestion projet cult 4;L2 Lettres - CTD;8;Salle de cours IEFE 127 (LET-00);27296
2026-02-23;Salle de cours 23 (LET-01);27248;LET;80;3;77;TD;Atel. historien ancienne;L3 Histoire - Art & Patri;12;Salle informatique 201 (LET-01);27266
2026-02-23;Salle de cours 30 (LET-02);27513;LET;60;14;46;CM;UE17 EC1 Litté et patrimoine;M2 Lettres et arts;10;Salle de cours 32 (LET-02);27514
2026-02-23;Salle de cours 32 (LET-02);27514;LET;80;16;64;TD;Opinions et mass média;L3 Histoire - EJSP;11;Salle informatique 313 (LET-02);27510
2026-02-23;Salle de cours B_B1 (DEG-00);36289;DEG;100;33;67;CM;DIP 2;<M1 Droit privé général>DIP;22;Salle de cours 240 (EC3-02);73530
2026-02-23;Salle de cours B_B1 (DEG-00);36289;DEG;100;33;67;CM;DIP 2;<M1 Droit privé général>DIP;22;Salle de cours 240 (EC3-02);73530
2026-02-23;Salle de cours B_B2 (DEG-00);36271;DEG;76;32;44;TD;Dt des sociétés S8 TD;<M1 Droit consommation><TD Droit des sociétés>Groupe 1;8;Salle de cours B_B5 (DEG-00);36269
2026-02-23;Salle de cours B_B2 (DEG-00);36271;DEG;76;4;72;CM;Lib. et problé. environn.;<M2 Dt cont des libertés>coloration libertés;1;Salle informatique B_BARETOUS (DEG-01);36548
2026-02-23;Salle de cours C_C01 (DEG-00);36291;DEG;79;27;52;Cours;Droit commercial;L2 LEA - AA - écogestion;6;Salle de cours 144 (EC3-01);17123
2026-02-23;Salle de cours C_C03 (DEG-00);36287;DEG;50;8;42;Cours;Droit Civil Ecrit;CAPA Droit 1e année (PAU);21;Salle informatique B_BARETOUS (DEG-01);36548
2026-02-23;Salle de cours C_C04 (DEG-00);36292;DEG;50;23;27;CM;Criminalistique;M2 Police et Sécu inté;1;Salle informatique B_B209 (DEG-02);36423
2026-02-23;Salle de cours C_C19 (DEG-01);36561;DEG;52;19;33;Cours;Contrôle Gestion Approfondi;M1 CGAO;9;Salle de cours 007 (BA1-00);33446
2026-02-23;Salle de cours C_C19 (DEG-01);36561;DEG;52;19;33;Cours;Outils Management Financier;M1 CGAO;11;Salle de cours 007 (BA1-00);33446
2026-02-24;AMPHI STID (STI-00);24832;STI;165;32;133;Cours;R2.05 Thermodynamique;BUT 1 - MTEE;8;Salle de cours 508 (BA2-02);16629
2026-02-24;AMPHI STID (STI-00);24832;STI;165;32;133;Cours;R2.04 Hydraulique aérau;BUT 1 - MTEE;10;Salle de cours 508 (BA2-02);16629
2026-02-24;Amphi 3 (LET-02);27502;LET;300;30;270;CM;Civi pays anglo S2;L1 LEA - AA - langues spé;13;Salle de cours IEFE 132 (LET-00);27339
2026-02-24;Amphi 3 (LET-02);27502;LET;300;16;284;CM;Civi pays hispano S2;<L1 LEA - AE - langues spé><L1 LEA Spé TD>L1 LEA Gpe A;13;Labo de Langues 316 (LET-02);27521
2026-02-24;Amphi 3 (LET-02);27502;LET;300;30;270;CM;Gram angl S2 CM;L1 LEA - AA - langues spé;6;Salle de cours 223 (LET-01);27284
2026-02-24;Amphi A (SCI_R-00);85316;SCI_R;216;35;181;Cours;Théorie des proba S6;L3 Mathématiques;1;Amphi B (SCI_R-00);85297
2026-02-24;Amphi A (SCI_R-00);85316;SCI_R;216;47;169;Cours;Chimie des solutions 2;L1 Sciences de la terre;3;Salle de Cours 003 (BA1-00);33458
2026-02-24;Amphi A (SCI_R-00);85316;SCI_R;216;76;140;Cours;Bases de données I;L2 MIASHS;2;Amphi B (SCI_R-00);85297
2026-02-24;Amphi A (SCI_R-00);85316;SCI_R;216;84;132;Cours;OUMOBIO 2;L2 SDV - LAS;2;Amphi C (SCI_R-00);84869
2026-02-24;Amphi A_A300 (DEG-00);36276;DEG;300;111;189;Cours;Théorie des organisations;L1 AES;11;Amphi B (EC9-02);16035
2026-02-24;Amphi A_A300 (DEG-00);36276;DEG;300;139;161;Cours;Hist dt inst pub;L1 AES;20;Amphi 400 (EC9-01);16026
2026-02-24;Amphi A_A300 (DEG-00);36276;DEG;300;105;195;Cours;Informatique;L3 Economie Gestion;10;Amphi B (EC9-02);16035
2026-02-24;Amphi A_A400 (DEG-00);36274;DEG;400;164;236;Cours;Relations internationales;<L1 Droit (Pau)>Relations Internationales;24;Amphi 400 (EC9-01);16026
2026-02-24;Amphi A_A400 (DEG-00);36274;DEG;400;164;236;Cours;Relations internationales;<L1 Droit (Pau)>Relations Internationales;24;Amphi 400 (EC9-01);16026
2026-02-24;Amphi A_A400 (DEG-00);36274;DEG;400;61;339;Cours;Histoire droit pénal & fa;<L3 Droit>Colo droit civil;11;Salle de cours 127 (B2-01);16947
2026-02-24;Amphi A_A600 (DEG-00);36275;DEG;600;40;560;Cours;Droit administratif 2;L2 AES;2;Salle de cours C_C11 (DEG-01);36553
2026-02-24;Amphi A_A600 (DEG-00);36275;DEG;600;40;560;Cours;Droit administratif 2;L2 AES;2;Salle de cours C_C11 (DEG-01);36553
2026-02-24;Amphi A_A600 (DEG-00);36275;DEG;600;172;428;Cours;Stats descriptive / EXCEL;L1 Economie et Gestion;9;Amphi 400 (EC9-01);16026
2026-02-24;Amphi A_A600 (DEG-00);36275;DEG;600;172;428;Cours;Stats descriptive / EXCEL;L1 Economie et Gestion;9;Amphi 400 (EC9-01);16026
2026-02-24;Amphi C (SCI_R-00);84869;SCI_R;192;60;132;Cours;Compléments Math 2 S2;L1 Mathématiques;1;Amphi B (SCI_R-00);85297
2026-02-24;Amphi C (SCI_R-00);84869;SCI_R;192;52;140;Cours;Calcul différentiel S6;L3 Mathématiques;2;Amphi A (SCI_R-00);85316
2026-02-24;Amphi C (SCI_R-00);84869;SCI_R;192;84;108;Cours;Microbiologie 2;L2 SDV - LAS;6;Amphi 40 (EC3-00);17104
2026-02-24;Amphi D (SCI_R-00);84870;SCI_R;192;52;140;Cours;Algèbre et géométrie S6;L3 Mathématiques;5;Salle de cours 509 (BA2-02);16630
2026-02-24;Amphi H (DUB-00);17229;DUB;140;53;87;Cours;Algèbre 4 S4;L2 Mathématiques;4;Salle de cours 509 (BA2-02);16630
2026-02-24;Amphi H (DUB-00);17229;DUB;140;53;87;Cours;Algèbre 4 S4;L2 Mathématiques;4;Salle de cours 509 (BA2-02);16630
2026-02-24;Salle de cours 107 (LET-00);27308;LET;68;22;46;TD;Vers esp S6;L3 LEA - AE - écogestion;23;Salle de cours 167 (B3-01);15986
2026-02-24;Salle de cours 107 (LET-00);27308;LET;68;13;55;CM;UE17 EC2 La fin du monde;M2 Etudes anglophones;1;Salle informatique 214 (LET-01);27271
2026-02-24;Salle de cours 11 (LET-00);27324;LET;80;38;42;CM;Enjeux sociaux;L3 Sociologie;10;Salle de cours 406 (BA2-01);16739
2026-02-24;Salle de cours 12 (LET-00);27321;LET;60;16;44;TD;Hist relations inter TD;L3 Histoire - EJSP;3;Salle informatique 215 (LET-01);27272
2026-02-24;Salle de cours 12 (LET-00);27321;LET;60;18;42;CM;Hist. relations inter. CM;L3 Histoire - EJSP;14;Salle informatique 215 (LET-01);27272
2026-02-24;Salle de cours 120 (LET-00);27333;LET;62;24;38;CM;Droit du patrimoine;L3 HAA - HA;6;Salle de cours 167 (B3-01);15986
2026-02-24;Salle de cours 120 (LET-00);27333;LET;62;24;38;CM;Mét cons &med patrim;L3 HAA - HA;6;Salle de cours IEFE 128 (LET-00);27298
2026-02-24;Salle de cours 121 (LET-00);27332;LET;70;28;42;TD;Intro à la Recherche;L3 LLCER - EA - ER;12;Salle de cours IEFE 132 (LET-00);27339
2026-02-24;Salle de cours 13 (LET-00);27322;LET;70;28;42;TD;Cult gé hisp S4 TD;L2 LEA - AE - écogestion;13;Salle de cours IEFE 132 (LET-00);27339
2026-02-24;Salle de cours 13 (LET-00);27322;LET;70;28;42;CM;Civi pays hispano S4;L2 LEA - AE - écogestion;13;Salle de cours IEFE 132 (LET-00);27339
2026-02-24;Salle de cours 14 (LET-00);27323;LET;98;24;74;TD;Express° trilingue entrep;L3 LEA - AE - écogestion;9;Cartothèque 222bis (LET-01);27283
2026-02-24;Salle de cours 23 (LET-01);27248;LET;80;3;77;TD;Atel. historien ancienne;L3 Histoire - Art & Patri;12;Salle informatique 201 (LET-01);27266
2026-02-24;Salle de cours 32 (LET-02);27514;LET;80;26;54;CM;Art grec classique;L2 HAA;8;Salle de cours 144 (EC3-01);17123
2026-02-24;Salle de cours B_B1 (DEG-00);36289;DEG;100;36;64;TD;Droit constit TD S2;<L1 Droit (Pau)><TD droit constitutionnel S2>groupe 1;2;Salle de cours C_C11 (DEG-01);36553
2026-02-24;Salle de cours B_B2 (DEG-00);36271;DEG;76;11;65;Cours;Eco envir & soutenabilité;<L3 Economie Gestion>Coloration banque et finance;1;Salle informatique B_ASPE (DEG-01);36531
2026-02-24;Salle de cours B_B2 (DEG-00);36271;DEG;76;30;46;TD;TD Économie env. et soute.;<L3 Economie Gestion>Coloration banque et finance;2;Salle informatique B_B209 (DEG-02);36423
2026-02-24;Salle de cours B_B2 (DEG-00);36271;DEG;76;11;65;Cours;Économie du développement;<L3 Economie Gestion>Coloration banque et finance;8;Salle de cours/informatique C_C02 (DEG-00);36288
2026-02-24;Salle de cours B_B2 (DEG-00);36271;DEG;76;31;45;Cours;Dt propriétés pub CM;<L3 Droit>Colo droits et libertés;26;Salle de cours 508 (BA2-02);16629
2026-02-24;Salle de cours B_B2 (DEG-00);36271;DEG;76;31;45;Cours;Dt propriétés pub CM;<L3 Droit>Colo droits et libertés;26;Salle de cours 508 (BA2-02);16629
2026-02-24;Salle de cours C_C01 (DEG-00);36291;DEG;79;33;46;TD;TD Stratégie des entreprises;<L3 AES Gestion des entrep><TD Stratégie des entreprises>Groupe 2;1;Salle informatique B_B209 (DEG-02);36423
2026-02-24;Salle de cours C_C03 (DEG-00);36287;DEG;50;17;33;TD;Espagnol M2 S9 LLSH;M2 Patrim & musées;1;Salle GREEN A_A01 (DEG-00);36278
2026-02-24;Salle de cours C_C04 (DEG-00);36292;DEG;50;21;29;CM;Droit rural;M1 Droit Notarial;24;Salle de cours 167 (B3-01);15986
2026-02-24;Salle de cours C_C04 (DEG-00);36292;DEG;50;21;29;CM;Droit rural;M1 Droit Notarial;24;Salle de cours 167 (B3-01);15986
2026-02-24;Salle de cours C_C18 (DEG-01);36560;DEG;50;23;27;Cours;Anglais M1 DEG S8;<M1 Drt Act Publique loc><TD Anglais>Anglais M1 Droit Mutualisé Gp 1;8;Salle de cours 167 (B3-01);15986
2026-02-24;Salle de cours C_C19 (DEG-01);36561;DEG;52;19;33;Cours;CM NORMES IFRS;M1 CGAO;4;Salle de cours 007 (BA1-00);33446
2026-02-24;Salle de cours C_C19 (DEG-01);36561;DEG;52;8;44;TD;Anglais des Affaires;<M1 CGAO><Groupes>Groupe 2;19;Salle informatique B_BARETOUS (DEG-01);36548
2026-02-25;AMPHI STID (STI-00);24832;STI;165;9;156;TD;R2.07 Math. appli.;<BUT 1 - MTEE><Groupes TD>TD2;13;Salle informatique B_BARETOUS (DEG-01);36548
2026-02-25;Amphi 2 (LET-00);27354;LET;140;53;87;CM;Civi pays hisp S6;L3 LEA - AE - écogestion;13;Salle de cours 509 (BA2-02);16630
2026-02-25;Amphi 3 (LET-02);27502;LET;300;104;196;TD;Découv chmps prof;L1 Sociologie;5;Amphi B (EC9-02);16035
2026-02-25;Amphi 3 (LET-02);27502;LET;300;104;196;CM;Sociologie des inégalités;L1 Sociologie;10;Amphi B (EC9-02);16035
2026-02-25;Amphi 3 (LET-02);27502;LET;300;103;197;CM;Histoire ancienne;L1 Histoire;12;Amphi B (EC9-02);16035
2026-02-25;Amphi A_A150 (DEG-00);36279;DEG;150;32;118;TD;TD Maths pour éco gestion;<L1 Economie et Gestion><TD Maths pour éco gestion>Groupe 4;1;Salle informatique B_B209 (DEG-02);36423
2026-02-25;Amphi A_A300 (DEG-00);36276;DEG;300;61;239;Cours;Marketing Stratégie;L3 LEA - AE - écogestion;8;Salle de cours 127 (B2-01);16947
2026-02-25;Amphi A_A300 (DEG-00);36276;DEG;300;61;239;Cours;Marketing Stratégie;L3 LEA - AE - écogestion;8;Salle de cours 127 (B2-01);16947
2026-02-25;Amphi A_A300 (DEG-00);36276;DEG;300;119;181;Cours;Microéconomie 3;L2 Economie Gestion CMI;8;Amphi B (EC9-02);16035
2026-02-25;Amphi A_A300 (DEG-00);36276;DEG;300;105;195;Cours;Microéconomie appliquée;L3 Economie Gestion;6;Amphi B (EC9-02);16035
2026-02-25;Amphi A_A400 (DEG-00);36274;DEG;400;123;277;Cours;Droit de la famille CM;<L3 Droit>Colo droit des affaires;17;Amphi B (EC9-02);16035
2026-02-25;Amphi A_A600 (DEG-00);36275;DEG;600;214;386;Cours;Dr collectivités territ;L2 Droit;18;Amphi 400 (EC9-01);16026
2026-02-25;Amphi A_A600 (DEG-00);36275;DEG;600;214;386;Cours;Dr collectivités territ;L2 Droit;18;Amphi 400 (EC9-01);16026
2026-02-25;Amphi B (SCI_R-00);85297;SCI_R;220;87;133;Cours;Algèbre pour l'info;L1 Informatique;1;Amphi C (SCI_R-00);84869
2026-02-25;Amphi C (SCI_R-00);84869;SCI_R;192;35;157;Cours;Algorit math 5 python S6;L3 Mathématiques;2;Amphi A (SCI_R-00);85316
2026-02-25;Amphi C (SCI_R-00);84869;SCI_R;192;53;139;Cours;Intro probabilités S4;L2 Mathématiques;1;Amphi D (SCI_R-00);84870
2026-02-25;Amphi C_A120 (DEG-00);36290;DEG;120;15;105;Cours;Management Stratégique;DU TG 2ième Année;10;Salle de réunion D_D04 (DEG-00);36235
2026-02-25;Amphi D (SCI_R-00);84870;SCI_R;192;84;108;Cours;Physiologie végétale 1;L2 SDV - LAS;3;Amphi 40 (EC3-00);17104
2026-02-25;Amphi F (PAL-00);13841;PAL;75;21;54;CTD;Physique du globe 2;L2 Sciences de la terre;1;Salle 14 (PAL-01);13886
2026-02-25;Amphi G (DUB-00);17228;DUB;140;53;87;Cours;Intro théorie groupes S4;L2 Mathématiques;7;Salle de cours 509 (BA2-02);16630
2026-02-25;Amphi G (DUB-00);17228;DUB;140;1;139;TD;Electrocinétique-Electric;<L1 Physique, Chimie>L1 PC Electro-cinétique;2;Salle TP Informatique indus 38 (DUB-01);17153
2026-02-25;Amphi H (DUB-00);17229;DUB;140;60;80;Cours;Analyse 2 S2;L1 Mathématiques;6;Salle de cours 304 (BA2-00);16671
2026-02-25;Salle de cours 107 (LET-00);27308;LET;68;12;56;TD;init th/vers angl S2;L1 LEA - AA - langues spé;13;Salle informatique 313 (LET-02);27510
2026-02-25;Salle de cours 107 (LET-00);27308;LET;68;16;52;TD;Com & médias esp S2;<L1 LEA - AE - langues spé><L1 LEA Spé TD>L1 LEA Gpe C;13;Labo de Langues 316 (LET-02);27521
2026-02-25;Salle de cours 107 (LET-00);27308;LET;68;30;38;TD;Gram angl S2 TD;L1 LEA - AA - langues spé;13;Salle de cours 135 (LET-00);27336
2026-02-25;Salle de cours 12 (LET-00);27321;LET;60;16;44;CM;Institutions publiques;L3 Histoire - EJSP;19;Salle de langues I-202 (ISA-02);78618
2026-02-25;Salle de cours 12 (LET-00);27321;LET;60;16;44;CM;Institutions publiques;L3 Histoire - EJSP;19;Salle de langues I-202 (ISA-02);78618
2026-02-25;Salle de cours 120 (LET-00);27333;LET;62;5;57;CM;Archéo monde rural au MÂ;L3 HAA - AP;11;Salle informatique 202 (LET-01);27273
2026-02-25;Salle de cours 14 (LET-00);27323;LET;98;1;97;Cours;Anglais LTDT S10;<M2 Tourisme><TD Anglais>Anglais M2 Tourisme (LTDT);8;Salle informatique 202 (LET-01);27273
2026-02-25;Salle de cours 14 (LET-00);27323;LET;98;24;74;CM;3 Approfond lit/styl 3;L3 Lettres modernes;7;Cartothèque 222bis (LET-01);27283
2026-02-25;Salle de cours 220 (LET-01);27254;LET;60;3;57;TD;Atel. historien med mod;L3 Histoire - Art & Patri;14;Labo de Langues 316 (LET-02);27521
2026-02-25;Salle de cours 23 (LET-01);27248;LET;80;25;55;TD;Histoire anc.;L3 Histoire - ER;12;Salle de cours IEFE 127 (LET-00);27296
2026-02-25;Salle de cours B_B1 (DEG-00);36289;DEG;100;11;89;Cours;Finances de marché;<L3 Economie Gestion>Coloration banque et finance;11;Salle de réunion 110 (B1-01);16830
2026-02-25;Salle de cours B_B1 (DEG-00);36289;DEG;100;26;74;TD;TD finance de marché;<L3 Economie Gestion>Coloration banque et finance;8;Salle de cours B_B6 (DEG-00);36270
2026-02-25;Salle de cours B_B1 (DEG-00);36289;DEG;100;35;65;TD;Droit civil S2 TD;<M1 Droit Notarial><TD Droit civil>Groupe 1;1;Salle de cours B_B4 (DEG-00);36268
2026-02-25;Salle de cours B_B2 (DEG-00);36271;DEG;76;28;48;CM;Machine learning & python;M1 Commun Éco appliquée;2;Salle de cours B_B213 (DEG-02);36427
2026-02-25;Salle de cours B_B2 (DEG-00);36271;DEG;76;28;48;CM;Machine learning & python;M1 Commun Éco appliquée;2;Salle de cours B_B213 (DEG-02);36427
2026-02-25;Salle de cours C_C19 (DEG-01);36561;DEG;52;19;33;Cours;Initiation recherche;M1 CGAO;13;Salle de cours 007 (BA1-00);33446
2026-02-25;Salle de cours C_C19 (DEG-01);36561;DEG;52;19;33;Cours;Outils Management Financier;M1 CGAO;11;Salle de cours 007 (BA1-00);33446
2026-02-25;Salle de cours C_C19 (DEG-01);36561;DEG;52;19;33;Cours;Contrôle Gestion Approfondi;M1 CGAO;9;Salle de cours 007 (BA1-00);33446
2026-02-25;Salle de cours C_C19 (DEG-01);36561;DEG;52;11;41;TD;Anglais des Affaires;<M1 CGAO><Groupes>Groupe 1;21;Salle TP géochimie B330 (SCI_R-03);85206
2026-02-26;AMPHI STID (STI-00);24832;STI;165;9;156;TD;R2.05 Thermodynamique;<BUT 1 - MTEE><Groupes TD>TD2;6;Salle informatique B_BARETOUS (DEG-01);36548
2026-02-26;Amphi 2 (LET-00);27354;LET;140;43;97;CM;Intro changt climatique;L1 Géo Aménagement;9;Salle de Cours 003 (BA1-00);33458
2026-02-26;Amphi 3 (LET-02);27502;LET;300;74;226;CM;2 Repères chrono 2;L1 Lettres - CTD;1;Amphi 1 (LET-00);27353
2026-02-26;Amphi 3 (LET-02);27502;LET;300;124;176;CM;Linguistique S2;L1 LLCER - EA;7;Amphi B (EC9-02);16035
2026-02-26;Amphi 3 (LET-02);27502;LET;300;124;176;CM;Littérature S2;L1 LLCER - EA;11;Amphi B (EC9-02);16035
2026-02-26;Amphi A (SCI_R-00);85316;SCI_R;216;104;112;Cours;Techniques de prog;L1 Informatique;2;Amphi B (SCI_R-00);85297
2026-02-26;Amphi A_A150 (DEG-00);36279;DEG;150;51;99;Cours;GRH 1;L2 Economie Gestion CMI;6;Salle de cours B_B1 (DEG-00);36289
2026-02-26;Amphi A_A300 (DEG-00);36276;DEG;300;146;154;Cours;Macroéconomie 3;L2 Economie Gestion CMI;11;Amphi 400 (EC9-01);16026
2026-02-26;Amphi A_A400 (DEG-00);36274;DEG;400;44;356;Cours;Contrôle de gestion;L3 AES Gestion des entrep;9;Salle de Cours 003 (BA1-00);33458
2026-02-26;Amphi A_A400 (DEG-00);36274;DEG;400;10;390;Cours;Démographie économique;L1 Economie Gestion CMI;9;Salle de Réunion 14 (BU-01);16992
2026-02-26;Amphi A_A600 (DEG-00);36275;DEG;600;214;386;Cours;Dr collectivités territ;L2 Droit;18;Amphi 400 (EC9-01);16026
2026-02-26;Amphi A_A600 (DEG-00);36275;DEG;600;214;386;Cours;Pol protec soc europ;L2 Droit;20;Amphi 400 (EC9-01);16026
2026-02-26;Amphi A_A600 (DEG-00);36275;DEG;600;214;386;Cours;Pol protec soc europ;L2 Droit;20;Amphi 400 (EC9-01);16026
2026-02-26;Amphi F (PAL-00);13841;PAL;75;36;39;Cours;Biologie moléculaire 3;L3 SDV - LAS;1;Salle 16 (PAL-01);13883
2026-02-26;Amphi G (DUB-00);17228;DUB;140;27;113;CTD;Electrochimie;L3 PC - Chimie;12;Salle de cours 144 (EC3-01);17123
2026-02-26;Amphi G (DUB-00);17228;DUB;140;47;93;TD;Microbiologie 1;L1 SDV - LAS;1;Salle 22 (DUB-00);17233
2026-02-26;Amphi H (DUB-00);17229;DUB;140;42;98;Cours;Réseaux II;L3 Informatique;3;Salle 25bis (DUB-00);17239
2026-02-26;Salle de cours 120 (LET-00);27333;LET;62;24;38;CM;Art antique romain et ita;L3 HAA - HA;6;Salle de cours 167 (B3-01);15986
2026-02-26;Salle de cours 13 (LET-00);27322;LET;70;22;48;CM;Express° trilingue entrep;L3 LEA - AE - écogestion;4;Salle de cours IEFE 127 (LET-00);27296
2026-02-26;Salle de cours 220 (LET-01);27254;LET;60;25;35;CM;Hist. médiévale;L3 Histoire - ER;12;Salle de cours 144 (EC3-01);17123
2026-02-26;Salle de cours 220 (LET-01);27254;LET;60;25;35;TD;Hist. médiévale;L3 Histoire - ER;12;Salle de cours 144 (EC3-01);17123
2026-02-26;Salle de cours 32 (LET-02);27514;LET;80;26;54;TD;Modern. & avt gardes TD;L2 HAA;11;Salle de cours IEFE 127 (LET-00);27296
2026-02-26;Salle de cours 32 (LET-02);27514;LET;80;30;50;CM;Modern. & avt gardes CM;L2 HAA;11;Salle de cours 166 (B3-01);15984
2026-02-26;Salle de cours B_B2 (DEG-00);36271;DEG;76;10;66;CM;DER spécifique DPL;<M1 Dt cont des libertés>coloration DPL;2;Salle informatique B_ASPE (DEG-01);36531
2026-02-26;Salle de cours B_B2 (DEG-00);36271;DEG;76;10;66;CM;DER spécifique DPL;<M1 Dt cont des libertés>coloration DPL;2;Salle informatique B_ASPE (DEG-01);36531
2026-02-26;Salle de cours B_B2 (DEG-00);36271;DEG;76;11;65;Cours;Hist. faits éco;L3 Economie Gestion CMI;3;Salle informatique B_ASPE (DEG-01);36531
2026-02-26;Salle de cours C_C01 (DEG-00);36291;DEG;79;20;59;TD;TD Maths financières;<L2 Economie Gestion><TD Maths financières>Gp 1;1;Salle GREEN A_A01 (DEG-00);36278
2026-02-26;Salle de cours C_C03 (DEG-00);36287;DEG;50;18;32;TD;TD Maths pour éco gestion;<L1 Economie et Gestion><TD Maths pour éco gestion>Groupe 1;1;Salle GREEN A_A01 (DEG-00);36278
2026-02-26;Salle de cours C_C04 (DEG-00);36292;DEG;50;24;26;TD;Gds prob polit contemp TD 2;<L3 AES Gestion des entrep>Gds prob polit contemp 2;10;Salle GREEN A_A01 (DEG-00);36278
2026-02-26;Salle de cours C_C04 (DEG-00);36292;DEG;50;12;38;TD;Init thème/vers angl S2;L1 LEA - AA - langues spé;5;Salle informatique B_ASPE (DEG-01);36531
2026-02-26;Salle de cours C_C04 (DEG-00);36292;DEG;50;25;25;CM;Cult.gén.&note synt. S2;<M1 Procédures contentieux>Culture générale et note de synthèse;24;Amphi A_A600 (DEG-00);36275
2026-02-26;Salle de cours C_C04 (DEG-00);36292;DEG;50;25;25;CM;Cult.gén.&note synt. S2;<M1 Procédures contentieux>Culture générale et note de synthèse;24;Amphi A_A600 (DEG-00);36275
2026-02-26;Salle de cours C_C18 (DEG-01);36560;DEG;50;19;31;TD;TD droit de l'énergie;<M1 Droit transitions EE><TD droit de l'énergie>Groupe 1;4;Salle GREEN A_A01 (DEG-00);36278
2026-02-26;Salle de cours C_C19 (DEG-01);36561;DEG;52;19;33;Cours;Consolidation;M1 CGAO;9;Salle de cours 007 (BA1-00);33446
2026-02-26;Salle de cours C_C19 (DEG-01);36561;DEG;52;19;33;Cours;PACI;M1 CGAO;11;Salle de cours 007 (BA1-00);33446
2026-02-27;Amphi 3 (LET-02);27502;LET;300;23;277;TD;Mathématiques S6;L3 LLCER - EA - PE;2;Cartothèque 222bis (LET-01);27283
2026-02-27;Amphi A_A150 (DEG-00);36279;DEG;150;44;106;Cours;Fiscalité appli aux ets 2;L3 AES Gestion des entrep;11;Salle de Cours 003 (BA1-00);33458
2026-02-27;Amphi A_A150 (DEG-00);36279;DEG;150;56;94;TD;TD Macroéconomie 1;L1 MIASHS;7;Salle de cours 163 (B3-01);15991
2026-02-27;Amphi A_A150 (DEG-00);36279;DEG;150;51;99;Cours;GRH 1;L2 Economie Gestion CMI;6;Salle de cours B_B1 (DEG-00);36289
2026-02-27;Amphi A_A300 (DEG-00);36276;DEG;300;93;207;Cours;Droit civil;L1 AES;16;Auditorium (EC6-02);73560
2026-02-27;Amphi A_A300 (DEG-00);36276;DEG;300;93;207;Cours;Droit civil;L1 AES;16;Auditorium (EC6-02);73560
2026-02-27;Amphi C_A120 (DEG-00);36290;DEG;120;39;81;TD;TD Macroéconomie 1;<L1 Economie et Gestion><TD Macroéconomie 1>Gp 4;1;Salle de cours C_C13 (DEG-01);36555
2026-02-27;Amphi D (SCI_R-00);84870;SCI_R;192;42;150;TD;Tests d'hypothèse;L3 MIASHS - MID;4;Salle 17 (PAL-01);13878
2026-02-27;Amphi D (SCI_R-00);84870;SCI_R;192;42;150;TD;Tests d'hypothèse;L3 MIASHS - MID;4;Salle 17 (PAL-01);13878
2026-02-27;Amphi G (DUB-00);17228;DUB;140;27;113;CTD;Electrochimie;L3 PC - Chimie;12;Salle de cours 144 (EC3-01);17123
2026-02-27;Salle de cours 10 (LET-00);27320;LET;60;16;44;TD;Hist relations inter TD;L3 Histoire - EJSP;6;Salle du conseil B11 (LET-01);27281
2026-02-27;Salle de cours 107 (LET-00);27308;LET;68;22;46;TD;Vers esp S6;L3 LEA - AE - écogestion;23;Salle de cours 167 (B3-01);15986
2026-02-27;Salle de cours 13 (LET-00);27322;LET;70;28;42;CM;Cult gé hisp S4 CM;L2 LEA - AE - écogestion;12;Salle multimedia UTLA 137 (LET-00);27300
2026-02-27;Salle de cours 14 (LET-00);27323;LET;98;6;92;TD;Enseigner l'orthographe;M1 MEEF Lettres;2;Salle de cours 203 (LET-01);27270
2026-02-27;Salle de cours 14 (LET-00);27323;LET;98;17;81;CM;2 - Approf stylistique;L2 Lettres modernes;11;Salle de cours 204 (LET-01);27267
2026-02-27;Salle de cours 14 (LET-00);27323;LET;98;17;81;TD;2 - Approf stylistique;L2 Lettres modernes;11;Salle de cours 203 (LET-01);27270
2026-02-27;Salle de cours 220 (LET-01);27254;LET;60;25;35;CM;Histoire anc.;L3 Histoire - ER;12;Salle de cours IEFE 128 (LET-00);27298
2026-02-27;Salle de cours 301 (LET-02);27528;LET;70;20;50;CM;UE8 EC1 Nouv ruralités ciné;M1 MEEF LV Espagnol;5;Salle de cours 204 (LET-01);27267
2026-02-27;Salle de cours B_B1 (DEG-00);36289;DEG;100;11;89;Cours;Relations internation;L2 Economie Gestion CMI;2;Salle informatique B_ASPE (DEG-01);36531
2026-02-27;Salle de cours B_B1 (DEG-00);36289;DEG;100;29;71;TD;TD Relations internationales;L2 Economie Gestion CMI;1;Salle de cours B_B6 (DEG-00);36270
2026-02-27;Salle de cours B_B1 (DEG-00);36289;DEG;100;39;61;CM;Procéd civile d'exécution;M1 Droit privé général;2;Amphi A_A150 (DEG-00);36279
2026-02-27;Salle de cours B_B2 (DEG-00);36271;DEG;76;32;44;TD;Gds prob polit contemp TD 2;L3 Histoire - EJSP;1;Salle informatique B_B209 (DEG-02);36423
2026-02-27;Salle de cours B_B2 (DEG-00);36271;DEG;76;11;65;Cours;Relations internation;<L2 Economie Gestion>Coloration économie banque et finance;1;Salle immersive D_D20bis (DEG-00);83663
2026-02-27;Salle de cours C_C03 (DEG-00);36287;DEG;50;22;28;TD;TD Macroéconomie S4;<L2 Economie Gestion><TD Macroéconomie S4>Gp 1;7;Salle de cours/informatique C_C02 (DEG-00);36288
2026-02-27;Salle de cours C_C03 (DEG-00);36287;DEG;50;8;42;Cours;Droit Public Ecrit;CAPA Droit 1e année (PAU);22;Salle informatique B_BARETOUS (DEG-01);36548
2026-02-27;Salle de cours C_C04 (DEG-00);36292;DEG;50;18;32;CM;Cont.procéd. pén. (écrit);M2 Procédures contentieux;1;Salle GREEN A_A01 (DEG-00);36278
2026-02-27;Salle de cours C_C19 (DEG-01);36561;DEG;52;11;41;TD;Anglais des Affaires;<M1 CGAO><Groupes>Groupe 1;21;Salle TP géochimie B330 (SCI_R-03);85206
2026-02-27;Salle de cours C_C19 (DEG-01);36561;DEG;52;8;44;TD;Anglais des Affaires;<M1 CGAO><Groupes>Groupe 2;19;Salle informatique B_BARETOUS (DEG-01);36548
2026-02-27;Salle de cours C_C19 (DEG-01);36561;DEG;52;19;33;Cours;PACI;M1 CGAO;11;Salle de cours 007 (BA1-00);33446
2026-03-02;AMPHI STID (STI-00);24832;STI;165;41;124;CM;R4.03 Solaire therm et PV;[BUT 2 MTEE CM];1;Salle de cours 01 (STAP-00);18420
2026-03-02;AMPHI STID (STI-00);24832;STI;165;32;133;CM;4.06 Explorat° valorisat°;BUT 2 SD - Exploration;2;Salle de cours 508 (BA2-02);16629
2026-03-02;Amphi (STAP-00);18427;STAP;300;124;176;Cours;1 Sciences de l'éducation;L2 STAPS EM (Tarbes);6;Amphi B (EC9-02);16035
2026-03-02;Amphi 2 (LET-00);27354;LET;140;65;75;CM;Sociologie de l'éducation;L2 Sociologie;3;Salle de cours 301 (LET-02);27528
2026-03-02;Amphi 3 (LET-02);27502;LET;300;104;196;CM;Sociologie générale S2;L1 Sociologie;10;Amphi B (EC9-02);16035
2026-03-02;Amphi A_A150 (DEG-00);36279;DEG;150;17;133;Cours;Gestion des RH et QVT 2;L3 LEA - AE - écogestion;7;Salle informatique B_B209 (DEG-02);36423
2026-03-02;Amphi A_A150 (DEG-00);36279;DEG;150;41;109;CM;Dt des procéd. collect.CM;<M1 Droit privé général>Droit des procédures collectives;23;Salle de Cours 003 (BA1-00);33458
2026-03-02;Amphi A_A150 (DEG-00);36279;DEG;150;41;109;CM;Dt des procéd. collect.CM;<M1 Droit privé général>Droit des procédures collectives;23;Salle de Cours 003 (BA1-00);33458
2026-03-02;Amphi A_A300 (DEG-00);36276;DEG;300;118;182;Cours;Droit des sociétés CM;<L3 Droit>Colo droit des affaires;14;Amphi B (EC9-02);16035
2026-03-02;Amphi A_A300 (DEG-00);36276;DEG;300;118;182;Cours;Droit des sociétés CM;<L3 Droit>Colo droit des affaires;14;Amphi B (EC9-02);16035
2026-03-02;Amphi A_A300 (DEG-00);36276;DEG;300;139;161;Cours;Hist dt inst pub;L1 AES;20;Amphi 400 (EC9-01);16026
2026-03-02;Amphi A_A300 (DEG-00);36276;DEG;300;93;207;Cours;Économie générale;L1 AES;14;Auditorium (EC6-02);73560
2026-03-02;Amphi A_A600 (DEG-00);36275;DEG;600;172;428;Cours;Maths pr éco/gestion;L1 Economie et Gestion;3;Amphi D (SCI_R-00);84870
2026-03-02;Amphi A_A600 (DEG-00);36275;DEG;600;37;563;TD;TD comptabilité approfondie;<L3 Economie Gestion>Coloration comptabilité & Audit;1;Salle de cours C_C11 (DEG-01);36553
2026-03-02;Amphi A_A600 (DEG-00);36275;DEG;600;269;331;Cours;Sociologie juridique;L1 Droit (Pau);14;Amphi 400 (EC9-01);16026
2026-03-02;Amphi B (SCI_R-00);85297;SCI_R;220;60;160;Cours;Analyse 2 S2;L1 Mathématiques;1;Amphi A (SCI_R-00);85316
2026-03-02;Amphi C_A120 (DEG-00);36290;DEG;120;21;99;CM;CONSOLIDATION;M1 Compta ctrl audit;2;Salle GREEN A_A01 (DEG-00);36278
2026-03-02;Amphi D (SCI_R-00);84870;SCI_R;192;45;147;Cours;Biologie moléculaire 3;L3 SDV - BGST;1;Amphi A (SCI_R-00);85316
2026-03-02;Amphi Elsa Serfass (BA1-00);33455;BA1;80;34;46;CM;Maths approfondies;<L1 Phy Chimie - Anglet>Mathématiques approfondies;2;Salle informatique - MAC 206 (BA1-02);33393
2026-03-02;Amphi Elsa Serfass (BA1-00);33455;BA1;80;32;48;CM;Phéno vib et chocs;<L1 Phy Chimie - Anglet>Phénomènes vibratoires;3;Salle informatique 210-211 (BA1-02);33388
2026-03-02;Amphi F (PAL-00);13841;PAL;75;11;64;Cours;Stratégie synth chim orga;L3 PC - Physique, Chimie;1;Salle 14 (PAL-01);13886
2026-03-02;Amphi F (PAL-00);13841;PAL;75;1;74;Cours;Electrocinétique-Electric;<L1 Physique, Chimie>L1 PC Electro-cinétique;1;Salle 8 (PAL-00);13834
2026-03-02;Amphi G (DUB-00);17228;DUB;140;1;139;Cours;Electrocinétique-Electric;<L1 Physique, Chimie>L1 PC Electro-cinétique;6;Salle TP Informatique indus 38 (DUB-01);17153
2026-03-02;Amphi G (DUB-00);17228;DUB;140;69;71;Cours;Algorith math 3 python S4;L2 MIASHS;3;Salle de cours 131 (B2-01);16957
2026-03-02;Amphi G (DUB-00);17228;DUB;140;21;119;Cours;Méthodes en stat;L3 MIASHS - MID;2;Salle 34 (DUB-01);17164
2026-03-02;Amphi H (DUB-00);17229;DUB;140;60;80;Cours;Systèmes d'exploitat° II;L2 Informatique;4;Salle de cours 304 (BA2-00);16671
2026-03-02;Salle de cours 107 (LET-00);27308;LET;68;16;52;TD;Gram esp S2 TD;<L1 LEA - AE - langues spé><L1 LEA Spé TD>L1 LEA Gpe C;11;Salle informatique 313 (LET-02);27510
2026-03-02;Salle de cours 12 (LET-00);27321;LET;60;16;44;TD;Opinions et mass média;L3 Histoire - EJSP;11;Salle du conseil B11 (LET-01);27281
2026-03-02;Salle de cours 12 (LET-00);27321;LET;60;16;44;CM;Opinions et mass média;L3 Histoire - EJSP;11;Salle informatique 313 (LET-02);27510
2026-03-02;Salle de cours 120 (LET-00);27333;LET;62;20;42;CM;Les arts en Europe;L3 HAA - HA;12;Salle du conseil B11 (LET-01);27281
2026-03-02;Salle de cours 120 (LET-00);27333;LET;62;20;42;TD;Les arts en Europe;L3 HAA - HA;12;Salle du conseil B11 (LET-01);27281
2026-03-02;Salle de cours 121 (LET-00);27332;LET;70;19;51;CM;Civi esp et hisp-am S6;L3 LLCER - EH - ER;10;Salle du conseil B11 (LET-01);27281
2026-03-02;Salle de cours 13 (LET-00);27322;LET;70;28;42;CM;Cult gé hisp S4 CM;L2 LEA - AE - écogestion;12;Salle multimedia UTLA 137 (LET-00);27300
2026-03-02;Salle de cours 13 (LET-00);27322;LET;70;28;42;TD;Vers esp S4;L2 LEA - AE - écogestion;11;Salle de cours 301 (LET-02);27528
2026-03-02;Salle de cours 14 (LET-00);27323;LET;98;22;76;TD;Vers esp S6;L3 LEA - AE - écogestion;1;Cartothèque 222bis (LET-01);27283
2026-03-02;Salle de cours 23 (LET-01);27248;LET;80;17;63;TD;2 Phonétique du FLE;M1 FLE;1;Salle du conseil B11 (LET-01);27281
2026-03-02;Salle de cours 23 (LET-01);27248;LET;80;22;58;CM;17 Gestion projet cult 4;L2 Lettres - CTD;8;Salle de cours IEFE 127 (LET-00);27296
2026-03-02;Salle de cours 23 (LET-01);27248;LET;80;3;77;TD;Atel. historien ancienne;L3 Histoire - Art & Patri;12;Salle informatique 201 (LET-01);27266
2026-03-02;Salle de cours 30 (LET-02);27513;LET;60;14;46;CM;UE17 EC1 Litté et patrimoine;M2 Lettres et arts;10;Salle de cours 32 (LET-02);27514
2026-03-02;Salle de cours 32 (LET-02);27514;LET;80;16;64;TD;Opinions et mass média;L3 Histoire - EJSP;11;Salle informatique 313 (LET-02);27510
2026-03-02;Salle de cours 32 (LET-02);27514;LET;80;37;43;CM;Vers angl S4 CM;L2 LEA - AA - écogestion;6;Salle de cours 105 (LET-00);27306
2026-03-02;Salle de cours B_B1 (DEG-00);36289;DEG;100;33;67;CM;DIP 2;<M1 Droit privé général>DIP;22;Salle de cours 240 (EC3-02);73530
2026-03-02;Salle de cours B_B1 (DEG-00);36289;DEG;100;33;67;CM;DIP 2;<M1 Droit privé général>DIP;22;Salle de cours 240 (EC3-02);73530
2026-03-02;Salle de cours B_B2 (DEG-00);36271;DEG;76;33;43;TD;Dt des sociétés S8 TD;<M1 Droit consommation><TD Droit des sociétés>Groupe 1;8;Salle de cours B_B5 (DEG-00);36269
2026-03-02;Salle de cours B_B2 (DEG-00);36271;DEG;76;20;56;TD;TD Maths financières;<L2 Economie Gestion><TD Maths financières>Gp 1;1;Salle de cours B_B6 (DEG-00);36270
2026-03-02;Salle de cours B_B2 (DEG-00);36271;DEG;76;35;41;TD;TD Statistiques descriptives;<L1 Economie et Gestion><TD statistiques descriptives>Gp 4;2;Salle de cours IEFE 131 (LET-00);27295
2026-03-02;Salle de cours B_B2 (DEG-00);36271;DEG;76;26;50;TD;Dt des contrats TD;<M1 Procédures contentieux><TD Droit des contrats>Groupe 1;1;Salle de cours/informatique C_C02 (DEG-00);36288
2026-03-02;Salle de cours C_C01 (DEG-00);36291;DEG;79;27;52;Cours;Droit commercial;L2 LEA - AA - écogestion;6;Salle de cours 144 (EC3-01);17123
2026-03-02;Salle de cours C_C03 (DEG-00);36287;DEG;50;8;42;Cours;Droit Civil Ecrit;CAPA Droit 1e année (PAU);21;Salle informatique B_BARETOUS (DEG-01);36548
2026-03-02;Salle de cours C_C04 (DEG-00);36292;DEG;50;23;27;CM;Dt contrats & obligat.;M2 Droit Notarial;1;Salle de cours B_B7 (DEG-00);36273
2026-03-02;Salle de cours C_C19 (DEG-01);36561;DEG;52;18;34;CM;Arbitrage (écrit);M2 Procédures contentieux;1;Salle GREEN A_A01 (DEG-00);36278
2026-03-03;AMPHI STID (STI-00);24832;STI;165;25;140;TD;R4.07 Statistiques;[BUT 2 MTEE TD2 FA];1;Salle GREEN A_A01 (DEG-00);36278
2026-03-03;AMPHI STID (STI-00);24832;STI;165;23;142;TD;R2.05 Thermodynamique;<BUT 1 - MTEE><Groupes TD>TD1;7;Salle de cours 167 (B3-01);15986
2026-03-03;Amphi 3 (LET-02);27502;LET;300;30;270;CM;Civi pays anglo S2;L1 LEA - AA - langues spé;13;Salle de cours IEFE 132 (LET-00);27339
2026-03-03;Amphi 3 (LET-02);27502;LET;300;30;270;CM;Gram angl S2 CM;L1 LEA - AA - langues spé;6;Salle de cours 223 (LET-01);27284
2026-03-03;Amphi A_A300 (DEG-00);36276;DEG;300;111;189;Cours;Théorie des organisations;L1 AES;11;Amphi B (EC9-02);16035
2026-03-03;Amphi A_A300 (DEG-00);36276;DEG;300;139;161;Cours;Hist dt inst pub;L1 AES;20;Amphi 400 (EC9-01);16026
2026-03-03;Amphi A_A300 (DEG-00);36276;DEG;300;105;195;Cours;Informatique;L3 Economie Gestion;10;Amphi B (EC9-02);16035
2026-03-03;Amphi A_A400 (DEG-00);36274;DEG;400;164;236;Cours;Relations internationales;<L1 Droit (Pau)>Relations Internationales;24;Amphi 400 (EC9-01);16026
2026-03-03;Amphi A_A400 (DEG-00);36274;DEG;400;164;236;Cours;Relations internationales;<L1 Droit (Pau)>Relations Internationales;24;Amphi 400 (EC9-01);16026
2026-03-03;Amphi A_A400 (DEG-00);36274;DEG;400;119;281;Cours;Maths financières/calculs;DU C.M.I ECO DEV 2 ème A;1;Amphi C_A120 (DEG-00);36290
2026-03-03;Amphi A_A400 (DEG-00);36274;DEG;400;61;339;Cours;Histoire droit pénal & fa;<L3 Droit>Colo droit civil;11;Salle de cours 127 (B2-01);16947
2026-03-03;Amphi A_A600 (DEG-00);36275;DEG;600;172;428;Cours;Stats descriptive / EXCEL;L1 Economie et Gestion;9;Amphi 400 (EC9-01);16026
2026-03-03;Amphi A_A600 (DEG-00);36275;DEG;600;172;428;Cours;Stats descriptive / EXCEL;L1 Economie et Gestion;9;Amphi 400 (EC9-01);16026
2026-03-03;Amphi B (SCI_R-00);85297;SCI_R;220;84;136;Cours;OUMOBIO 2;L2 SDV - LAS;1;Amphi C (SCI_R-00);84869
2026-03-03;Amphi C (SCI_R-00);84869;SCI_R;192;84;108;Cours;Physiologie végétale 1;L2 SDV - LAS;12;Amphi 40 (EC3-00);17104
2026-03-03;Amphi C_A120 (DEG-00);36290;DEG;120;24;96;CM;SPE CONSEIL AUX ORGAS;M2 Compta ctrl audit;1;Salle GREEN A_A01 (DEG-00);36278
2026-03-03;Amphi D (SCI_R-00);84870;SCI_R;192;60;132;Cours;Algèbre 2 S2;L1 Mathématiques;8;Salle de cours 304 (BA2-00);16671
2026-03-03;Amphi D (SCI_R-00);84870;SCI_R;192;52;140;Cours;Algèbre et géométrie S6;L3 Mathématiques;5;Salle de cours 509 (BA2-02);16630
2026-03-03;Amphi E (PAL-00);13842;PAL;75;11;64;Cours;Stratégie synth chim orga;L3 PC - Physique, Chimie;2;Salle 14 (PAL-01);13886
2026-03-03;Amphi G (DUB-00);17228;DUB;140;52;88;Cours;Calcul différentiel S6;L3 Mathématiques;3;Salle de cours 509 (BA2-02);16630
2026-03-03;Amphi G (DUB-00);17228;DUB;140;53;87;Cours;Intro théorie groupes S4;L2 Mathématiques;7;Salle de cours 509 (BA2-02);16630
2026-03-03;Amphi G (DUB-00);17228;DUB;140;27;113;CTD;Electrochimie;L3 PC - Chimie;12;Salle de cours 144 (EC3-01);17123
2026-03-03;Salle de cours 107 (LET-00);27308;LET;68;22;46;TD;Vers esp S6;L3 LEA - AE - écogestion;23;Salle de cours 167 (B3-01);15986
2026-03-03;Salle de cours 107 (LET-00);27308;LET;68;22;46;TD;Thème esp S6;L3 LEA - AE - écogestion;11;Salle de cours 167 (B3-01);15986
2026-03-03;Salle de cours 11 (LET-00);27324;LET;80;38;42;CM;Enjeux sociaux;L3 Sociologie;10;Salle de cours 406 (BA2-01);16739
2026-03-03;Salle de cours 12 (LET-00);27321;LET;60;13;47;TD;16 - Gestion proj cult 6;L3 Lettres - CTD;1;Salle informatique 201 (LET-01);27266
2026-03-03;Salle de cours 120 (LET-00);27333;LET;62;24;38;CM;Droit du patrimoine;L3 HAA - HA;6;Salle de cours 167 (B3-01);15986
2026-03-03;Salle de cours 120 (LET-00);27333;LET;62;24;38;CM;Mét cons &med patrim;L3 HAA - HA;6;Salle de cours IEFE 128 (LET-00);27298
2026-03-03;Salle de cours 121 (LET-00);27332;LET;70;28;42;TD;Intro à la Recherche;L3 LLCER - EA - ER;12;Salle de cours IEFE 132 (LET-00);27339
2026-03-03;Salle de cours 13 (LET-00);27322;LET;70;28;42;TD;Cult gé hisp S4 TD;L2 LEA - AE - écogestion;13;Salle de cours IEFE 132 (LET-00);27339
2026-03-03;Salle de cours 13 (LET-00);27322;LET;70;30;40;TD;Thème angl S6;L3 LEA - AE - écogestion;12;Salle de cours 113 (LET-00);27303
2026-03-03;Salle de cours 13 (LET-00);27322;LET;70;28;42;CM;Civi pays hispano S4;L2 LEA - AE - écogestion;13;Salle de cours IEFE 132 (LET-00);27339
2026-03-03;Salle de cours 32 (LET-02);27514;LET;80;17;63;CM;1 Le français parlé;M1 FLE;2;Salle de cours 203 (LET-01);27270
2026-03-03;Salle de cours 32 (LET-02);27514;LET;80;26;54;CM;Art grec classique;L2 HAA;8;Salle de cours 144 (EC3-01);17123
2026-03-03;Salle de cours B_B1 (DEG-00);36289;DEG;100;33;67;TD;TD Stratégie des entreprises;<L3 AES Gestion des entrep><TD Stratégie des entreprises>Groupe 2;5;Salle de cours C_C11 (DEG-01);36553
2026-03-03;Salle de cours B_B1 (DEG-00);36289;DEG;100;33;67;TD;TD Fiscalité appli aux ets 2;<L3 AES Gestion des entrep><TD Fiscalité appli aux ets 2>Groupe 1;7;Salle de cours B_B6 (DEG-00);36270
2026-03-03;Salle de cours B_B2 (DEG-00);36271;DEG;76;26;50;TD;TD Économie env. et soute.;<L3 Economie Gestion><TD Économie env. et soute.>Gp 1;2;Salle de cours B_B8 (DEG-00);36277
2026-03-03;Salle de cours B_B2 (DEG-00);36271;DEG;76;30;46;TD;TD Économie env. et soute.;<L3 Economie Gestion>Coloration banque et finance;2;Salle informatique B_B209 (DEG-02);36423
2026-03-03;Salle de cours B_B2 (DEG-00);36271;DEG;76;36;40;TD;Droit constit TD S2;<L1 Droit (Pau)><TD droit constitutionnel S2>groupe 1;2;Salle de cours C_C11 (DEG-01);36553
2026-03-03;Salle de cours B_B2 (DEG-00);36271;DEG;76;31;45;Cours;Dt propriétés pub CM;<L3 Droit>Colo droits et libertés;26;Salle de cours 508 (BA2-02);16629
2026-03-03;Salle de cours B_B2 (DEG-00);36271;DEG;76;31;45;Cours;Dt propriétés pub CM;<L3 Droit>Colo droits et libertés;26;Salle de cours 508 (BA2-02);16629
2026-03-03;Salle de cours C_C04 (DEG-00);36292;DEG;50;21;29;CM;Droit rural;M1 Droit Notarial;24;Salle de cours 167 (B3-01);15986
2026-03-03;Salle de cours C_C04 (DEG-00);36292;DEG;50;21;29;CM;Droit rural;M1 Droit Notarial;24;Salle de cours 167 (B3-01);15986
2026-03-03;Salle de cours C_C18 (DEG-01);36560;DEG;50;23;27;Cours;Anglais M1 DEG S8;<M1 Drt Act Publique loc><TD Anglais>Anglais M1 Droit Mutualisé Gp 1;8;Salle de cours 167 (B3-01);15986
2026-03-03;Salle de cours C_C19 (DEG-01);36561;DEG;52;23;29;CM;Entraide polic.inter.;M2 Police et Sécu inté;1;Salle GREEN A_A01 (DEG-00);36278
2026-03-03;Salle de cours C_C19 (DEG-01);36561;DEG;52;24;28;CM;RECHERCHE COMPTA AUDIT;M2 Compta ctrl audit;1;Salle GREEN A_A01 (DEG-00);36278
2026-03-04;AMPHI STID (STI-00);24832;STI;165;9;156;TD;R2.05 Thermodynamique;<BUT 1 - MTEE><Groupes TD>TD2;6;Salle informatique B_BARETOUS (DEG-01);36548
2026-03-04;Amphi 2 (LET-00);27354;LET;140;53;87;CM;Civi pays hisp S6;L3 LEA - AE - écogestion;13;Salle de cours 509 (BA2-02);16630
2026-03-04;Amphi 3 (LET-02);27502;LET;300;104;196;CM;Sociologie des inégalités;L1 Sociologie;10;Amphi B (EC9-02);16035
2026-03-04;Amphi 3 (LET-02);27502;LET;300;103;197;CM;Histoire ancienne;L1 Histoire;12;Amphi B (EC9-02);16035
2026-03-04;Amphi A_A300 (DEG-00);36276;DEG;300;61;239;Cours;Marketing Stratégie;L3 LEA - AE - écogestion;8;Salle de cours 127 (B2-01);16947
2026-03-04;Amphi A_A300 (DEG-00);36276;DEG;300;61;239;Cours;Marketing Stratégie;L3 LEA - AE - écogestion;8;Salle de cours 127 (B2-01);16947
2026-03-04;Amphi A_A300 (DEG-00);36276;DEG;300;119;181;Cours;Microéconomie 3;L2 Economie Gestion CMI;8;Amphi B (EC9-02);16035
2026-03-04;Amphi A_A300 (DEG-00);36276;DEG;300;105;195;Cours;Microéconomie appliquée;L3 Economie Gestion;6;Amphi B (EC9-02);16035
2026-03-04;Amphi A_A400 (DEG-00);36274;DEG;400;123;277;Cours;Droit de la famille CM;<L3 Droit>Colo droit des affaires;17;Amphi B (EC9-02);16035
2026-03-04;Amphi A_A400 (DEG-00);36274;DEG;400;123;277;Cours;Droit de la famille CM;<L3 Droit>Colo droit des affaires;17;Amphi B (EC9-02);16035
2026-03-04;Amphi A_A600 (DEG-00);36275;DEG;600;214;386;Cours;Droit pénal géneral;L2 Droit;2;Amphi B (SCI_R-00);85297
2026-03-04;Amphi A_A600 (DEG-00);36275;DEG;600;214;386;Cours;Droit pénal géneral;L2 Droit;2;Amphi B (SCI_R-00);85297
2026-03-04;Amphi C (SCI_R-00);84869;SCI_R;192;84;108;Cours;Physiologie végétale 1;L2 SDV - LAS;12;Amphi 40 (EC3-00);17104
2026-03-04;Amphi D (SCI_R-00);84870;SCI_R;192;60;132;Cours;Compléments Math 2 S2;L1 Mathématiques;3;Salle de cours 304 (BA2-00);16671
2026-03-04;Amphi E (PAL-00);13842;PAL;75;11;64;Cours;Stratégie synth chim orga;L3 PC - Physique, Chimie;2;Salle 14 (PAL-01);13886
2026-03-04;Amphi G (DUB-00);17228;DUB;140;35;105;Cours;Algorit math 5 python S6;L3 Mathématiques;2;Salle 25 (DUB-00);17240
2026-03-04;Amphi G (DUB-00);17228;DUB;140;60;80;Cours;Algor math 1 Python S1;L1 Mathématiques;2;Salle de cours 304 (BA2-00);16671
2026-03-04;Salle de cours 107 (LET-00);27308;LET;68;12;56;TD;init th/vers angl S2;L1 LEA - AA - langues spé;13;Salle informatique 313 (LET-02);27510
2026-03-04;Salle de cours 107 (LET-00);27308;LET;68;16;52;TD;Com & médias esp S2;<L1 LEA - AE - langues spé><L1 LEA Spé TD>L1 LEA Gpe C;13;Labo de Langues 316 (LET-02);27521
2026-03-04;Salle de cours 107 (LET-00);27308;LET;68;30;38;TD;Gram angl S2 TD;L1 LEA - AA - langues spé;13;Salle de cours 135 (LET-00);27336
2026-03-04;Salle de cours 12 (LET-00);27321;LET;60;16;44;CM;Institutions publiques;L3 Histoire - EJSP;19;Salle de langues I-202 (ISA-02);78618
2026-03-04;Salle de cours 12 (LET-00);27321;LET;60;16;44;CM;Institutions publiques;L3 Histoire - EJSP;19;Salle de langues I-202 (ISA-02);78618
2026-03-04;Salle de cours 120 (LET-00);27333;LET;62;26;36;CM;Arts extra occidentaux;L2 HAA;6;Salle de cours 135 (LET-00);27336
2026-03-04;Salle de cours 120 (LET-00);27333;LET;62;5;57;CM;Archéo monde rural au MÂ;L3 HAA - AP;11;Salle informatique 202 (LET-01);27273
2026-03-04;Salle de cours 13 (LET-00);27322;LET;70;28;42;CM;Gram & thème esp S4 CM;L2 LEA - AE - écogestion;11;Salle de cours 166 (B3-01);15984
2026-03-04;Salle de cours 14 (LET-00);27323;LET;98;1;97;Cours;Anglais LTDT S10;<M2 Tourisme><TD Anglais>Anglais M2 Tourisme (LTDT);8;Salle informatique 202 (LET-01);27273
2026-03-04;Salle de cours 14 (LET-00);27323;LET;98;24;74;TD;3 Approfond lit/styl 3;L3 Lettres modernes;5;Cartothèque 222bis (LET-01);27283
2026-03-04;Salle de cours 220 (LET-01);27254;LET;60;24;36;TD;3 Conception & gestion;M2 Tourisme;1;Cartothèque 222bis (LET-01);27283
2026-03-04;Salle de cours 220 (LET-01);27254;LET;60;3;57;TD;Atel. historien med mod;L3 Histoire - Art & Patri;14;Labo de Langues 316 (LET-02);27521
2026-03-04;Salle de cours 23 (LET-01);27248;LET;80;25;55;TD;Histoire anc.;L3 Histoire - ER;12;Salle de cours IEFE 127 (LET-00);27296
2026-03-04;Salle de cours B_B1 (DEG-00);36289;DEG;100;11;89;Cours;Finances de marché;<L3 Economie Gestion>Coloration banque et finance;11;Salle de réunion 110 (B1-01);16830
2026-03-04;Salle de cours B_B1 (DEG-00);36289;DEG;100;26;74;TD;TD finance de marché;<L3 Economie Gestion>Coloration banque et finance;8;Salle de cours B_B6 (DEG-00);36270
2026-03-04;Salle de cours B_B1 (DEG-00);36289;DEG;100;45;55;Cours;PAC CM;<L3 Droit>Colo droits et libertés;18;Salle de Cours 003 (BA1-00);33458
2026-03-04;Salle de cours B_B1 (DEG-00);36289;DEG;100;45;55;Cours;PAC CM;<L3 Droit>Colo droits et libertés;18;Salle de Cours 003 (BA1-00);33458
2026-03-04;Salle de cours B_B2 (DEG-00);36271;DEG;76;37;39;TD;TD Statistiques descriptives;<L1 Economie et Gestion><TD statistiques descriptives>Gp 3;2;Salle de cours C_C01 (DEG-00);36291
2026-03-04;Salle de cours B_B2 (DEG-00);36271;DEG;76;35;41;TD;TD Maths pour éco gestion;<L1 Economie et Gestion><TD Maths pour éco gestion>Groupe 3;3;Salle de cours C_C15 (DEG-01);36557
2026-03-04;Salle de cours B_B2 (DEG-00);36271;DEG;76;37;39;TD;TD Contrôle de gestion;<L3 AES Gestion des entrep><TD Contrôle de gestion>Groupe 3;8;Amphi C_A120 (DEG-00);36290
2026-03-04;Salle de cours C_C18 (DEG-01);36560;DEG;50;11;39;TD;TD Microéconomie 3;L2 Economie Gestion CMI;1;Salle immersive D_D20bis (DEG-00);83663
2026-03-04;Salle de cours C_C18 (DEG-01);36560;DEG;50;1;49;TD;TD Comptabilité de gestion;<L2 Economie Gestion><TD Comptabilité de gestion>Gp 4;3;Salle de réunion IAE CREG D_D210 (DEG-02);36444
2026-03-04;Salle de cours C_C19 (DEG-01);36561;DEG;52;24;28;CM;ANGLAIS DES AFFAIRES;M2 Compta ctrl audit;3;Salle informatique B_B209 (DEG-02);36423
2026-03-04;Salle de cours C_C19 (DEG-01);36561;DEG;52;24;28;CM;FISCALITE DES GROUPES;M2 Compta ctrl audit;2;Salle de cours B_B207 (DEG-02);36421
2026-03-05;AMPHI STID (STI-00);24832;STI;165;41;124;Cours;R4.04 Echangeurs;[BUT 2 MTEE CM];1;Salle 25bis (DUB-00);17239
2026-03-05;Amphi 2 (LET-00);27354;LET;140;43;97;CM;Intro changt climatique;L1 Géo Aménagement;9;Salle de Cours 003 (BA1-00);33458
2026-03-05;Amphi 3 (LET-02);27502;LET;300;86;214;CM;9 - Hist lit cult art 6;L3 Lettres modernes;3;Amphi 40 (EC3-00);17104
2026-03-05;Amphi 3 (LET-02);27502;LET;300;124;176;CM;Linguistique S2;L1 LLCER - EA;7;Amphi B (EC9-02);16035
2026-03-05;Amphi 3 (LET-02);27502;LET;300;124;176;CM;Littérature S2;L1 LLCER - EA;11;Amphi B (EC9-02);16035
2026-03-05;Amphi A_A150 (DEG-00);36279;DEG;150;51;99;Cours;GRH 1;L2 Economie Gestion CMI;6;Salle de cours B_B1 (DEG-00);36289
2026-03-05;Amphi A_A300 (DEG-00);36276;DEG;300;146;154;Cours;Macroéconomie 3;L2 Economie Gestion CMI;11;Amphi 400 (EC9-01);16026
2026-03-05;Amphi A_A300 (DEG-00);36276;DEG;300;10;290;Cours;Démographie économique;L1 Economie Gestion CMI;1;Salle immersive D_D20bis (DEG-00);83663
2026-03-05;Amphi A_A600 (DEG-00);36275;DEG;600;214;386;Cours;Dr collectivités territ;L2 Droit;18;Amphi 400 (EC9-01);16026
2026-03-05;Amphi A_A600 (DEG-00);36275;DEG;600;269;331;Cours;Droit constitutionnel;L1 Droit (Pau);6;Amphi 400 (EC9-01);16026
2026-03-05;Amphi A_A600 (DEG-00);36275;DEG;600;269;331;Cours;Droit constitutionnel;L1 Droit (Pau);6;Amphi 400 (EC9-01);16026
2026-03-05;Amphi G (DUB-00);17228;DUB;140;60;80;Cours;Progr orientée objet;L2 Informatique;2;Salle de cours 304 (BA2-00);16671
2026-03-05;Amphi H (DUB-00);17229;DUB;140;42;98;Cours;Réseaux II;L3 Informatique;3;Salle 25bis (DUB-00);17239
2026-03-05;Salle de cours 10 (LET-00);27320;LET;60;26;34;CM;sciences et tech archéo;L2 HAA;1;Salle de cours 108 (LET-00);27288
2026-03-05;Salle de cours 107 (LET-00);27308;LET;68;17;51;TD;Thème allemand S6;L3 LEA - AA - FLE;1;Salle de cours 203 (LET-01);27270
2026-03-05;Salle de cours 120 (LET-00);27333;LET;62;24;38;CM;Art antique romain et ita;L3 HAA - HA;6;Salle de cours 167 (B3-01);15986
2026-03-05;Salle de cours 220 (LET-01);27254;LET;60;25;35;CM;Hist. médiévale;L3 Histoire - ER;12;Salle de cours 144 (EC3-01);17123
2026-03-05;Salle de cours 220 (LET-01);27254;LET;60;25;35;TD;Hist. médiévale;L3 Histoire - ER;12;Salle de cours 144 (EC3-01);17123
2026-03-05;Salle de cours B_B2 (DEG-00);36271;DEG;76;11;65;Cours;Hist. faits éco;L3 Economie Gestion CMI;3;Salle informatique B_ASPE (DEG-01);36531
2026-03-05;Salle de cours C_C03 (DEG-00);36287;DEG;50;24;26;CM;Fonctionnement interne;D.U Métiers admin gen ter;2;Salle GREEN A_A01 (DEG-00);36278
2026-03-05;Salle de cours C_C04 (DEG-00);36292;DEG;50;24;26;TD;Gds prob polit contemp TD 2;<L3 AES Gestion des entrep>Gds prob polit contemp 2;10;Salle GREEN A_A01 (DEG-00);36278
2026-03-05;Salle de cours C_C04 (DEG-00);36292;DEG;50;12;38;TD;Init thème/vers angl S2;L1 LEA - AA - langues spé;5;Salle informatique B_ASPE (DEG-01);36531
2026-03-05;Salle de cours C_C04 (DEG-00);36292;DEG;50;25;25;CM;Cult.gén.&note synt. S2;<M1 Procédures contentieux>Culture générale et note de synthèse;24;Amphi A_A600 (DEG-00);36275
2026-03-05;Salle de cours C_C04 (DEG-00);36292;DEG;50;25;25;CM;Cult.gén.&note synt. S2;<M1 Procédures contentieux>Culture générale et note de synthèse;24;Amphi A_A600 (DEG-00);36275
2026-03-05;Salle de cours C_C18 (DEG-01);36560;DEG;50;23;27;CM;Entrainements;M2 Police et Sécu inté;1;Salle de cours B_B208 (DEG-02);36422
2026-03-05;Salle de cours C_C19 (DEG-01);36561;DEG;52;24;28;CM;SPE CONSEIL AUX ORGAS;M2 Compta ctrl audit;1;Salle GREEN A_A01 (DEG-00);36278
2026-03-05;Salle de cours C_C19 (DEG-01);36561;DEG;52;24;28;CM;GESTION JURIDIQUE ENTREPR;M2 Compta ctrl audit;2;Salle de cours B_B208 (DEG-02);36422
2026-03-06;AMPHI STID (STI-00);24832;STI;165;28;137;TD;R5.17 Outils scientifiques;[BUT 3 MTEE];1;Salle de cours B_B8 (DEG-00);36277
2026-03-06;AMPHI STID (STI-00);24832;STI;165;41;124;Cours;R4.01 Traitement air;[BUT 2 MTEE CM];1;Salle 25bis (DUB-00);17239
2026-03-06;Amphi 2 (LET-00);27354;LET;140;23;117;TD;Mathématiques S6;L3 LLCER - EA - PE;8;Salle de cours IEFE 128 (LET-00);27298
2026-03-06;Amphi 3 (LET-02);27502;LET;300;34;266;CM;1 Histoire du cinéma 1;L1 Lettres - CTD;6;Salle de cours IEFE 131 (LET-00);27295
2026-03-06;Amphi 3 (LET-02);27502;LET;300;34;266;TD;1 Histoire du cinéma 1;L1 Lettres - CTD;6;Salle de cours IEFE 131 (LET-00);27295
2026-03-06;Amphi A_A150 (DEG-00);36279;DEG;150;44;106;Cours;Fiscalité appli aux ets 2;L3 AES Gestion des entrep;11;Salle de Cours 003 (BA1-00);33458
2026-03-06;Amphi A_A150 (DEG-00);36279;DEG;150;56;94;TD;TD Macroéconomie 1;L1 MIASHS;7;Salle de cours 163 (B3-01);15991
2026-03-06;Amphi A_A150 (DEG-00);36279;DEG;150;51;99;Cours;GRH 1;L2 Economie Gestion CMI;6;Salle de cours B_B1 (DEG-00);36289
2026-03-06;Amphi A_A300 (DEG-00);36276;DEG;300;93;207;Cours;Droit civil;L1 AES;16;Auditorium (EC6-02);73560
2026-03-06;Amphi A_A300 (DEG-00);36276;DEG;300;93;207;Cours;Droit civil;L1 AES;16;Auditorium (EC6-02);73560
2026-03-06;Amphi C (SCI_R-00);84869;SCI_R;192;84;108;Cours;Physiologie animale 1;L2 SDV - LAS;5;Amphi 40 (EC3-00);17104
2026-03-06;Amphi E (PAL-00);13842;PAL;75;1;74;TD;Electrocinétique-Electric;<L1 Physique, Chimie>L1 PC Electro-cinétique;4;Amphi F (PAL-00);13841
2026-03-06;Amphi E (PAL-00);13842;PAL;75;27;48;Cours;Projet;L3 PC - LAS;1;Salle 16 (PAL-01);13883
2026-03-06;Amphi G (DUB-00);17228;DUB;140;42;98;TD;Tests d'hypothèse;L3 MIASHS - MID;2;Salle 25bis (DUB-00);17239
2026-03-06;Amphi G (DUB-00);17228;DUB;140;42;98;TD;Tests d'hypothèse;L3 MIASHS - MID;2;Salle 25bis (DUB-00);17239
2026-03-06;Amphi H (DUB-00);17229;DUB;140;42;98;Cours;Tests d'hypothèse;L3 MIASHS - MID;2;Salle 25bis (DUB-00);17239
2026-03-06;Salle de cours 14 (LET-00);27323;LET;98;17;81;CM;2 - Approf stylistique;L2 Lettres modernes;11;Salle de cours 204 (LET-01);27267
2026-03-06;Salle de cours 14 (LET-00);27323;LET;98;17;81;TD;2 - Approf stylistique;L2 Lettres modernes;11;Salle de cours 203 (LET-01);27270
2026-03-06;Salle de cours 220 (LET-01);27254;LET;60;25;35;CM;Histoire anc.;L3 Histoire - ER;12;Salle de cours IEFE 128 (LET-00);27298
2026-03-06;Salle de cours 301 (LET-02);27528;LET;70;20;50;CM;UE8 EC1 Nouv ruralités ciné;M1 MEEF LV Espagnol;5;Salle de cours 204 (LET-01);27267
2026-03-06;Salle de cours 301 (LET-02);27528;LET;70;10;60;CM;UE8 EC1 Nouv ruralités ciné;M1 Etudes hispaniques;1;Salle informatique 201 (LET-01);27266
2026-03-06;Salle de cours B_B1 (DEG-00);36289;DEG;100;32;68;TD;Gds prob polit contemp TD 2;L3 Histoire - EJSP;9;Salle de cours 508 (BA2-02);16629
2026-03-06;Salle de cours B_B1 (DEG-00);36289;DEG;100;29;71;TD;Droit es sociétés TD;<L3 Droit><TD Droit des sociétés>Groupe 1;3;Salle informatique B_B209 (DEG-02);36423
2026-03-06;Salle de cours B_B1 (DEG-00);36289;DEG;100;31;69;TD;TD Macroéconomie S4;<L2 Economie Gestion><TD Macroéconomie S4>Gp 4;3;Salle informatique B_B209 (DEG-02);36423
2026-03-06;Salle de cours B_B2 (DEG-00);36271;DEG;76;11;65;Cours;Relations internation;L2 Economie Gestion CMI;8;Salle informatique B_ASPE (DEG-01);36531
2026-03-06;Salle de cours C_C03 (DEG-00);36287;DEG;50;24;26;CM;Fonctionnement interne;D.U Métiers admin gen ter;2;Salle GREEN A_A01 (DEG-00);36278
2026-03-06;Salle de cours C_C03 (DEG-00);36287;DEG;50;8;42;Cours;Droit Public Ecrit;CAPA Droit 1e année (PAU);22;Salle informatique B_BARETOUS (DEG-01);36548
2026-03-06;Salle de cours C_C19 (DEG-01);36561;DEG;52;24;28;CM;TRANSMISSION ENTREPRISE;M2 Compta ctrl audit;1;Salle GREEN A_A01 (DEG-00);36278
2026-03-06;Salle de cours C_C19 (DEG-01);36561;DEG;52;24;28;CM;ANGLAIS DES AFFAIRES;M2 Compta ctrl audit;3;Salle informatique B_B209 (DEG-02);36423
2026-03-09;AMPHI STID (STI-00);24832;STI;165;32;133;Cours;R2.04 Hydraulique aérau;BUT 1 - MTEE;10;Salle de cours 508 (BA2-02);16629
2026-03-09;AMPHI STID (STI-00);24832;STI;165;9;156;TD;R2.07 Math. appli.;<BUT 1 - MTEE><Groupes TD>TD2;13;Salle informatique B_BARETOUS (DEG-01);36548
2026-03-09;AMPHI STID (STI-00);24832;STI;165;23;142;TD;R2.05 Thermodynamique;<BUT 1 - MTEE><Groupes TD>TD1;7;Salle de cours 167 (B3-01);15986
2026-03-09;Amphi (STAP-00);18427;STAP;300;124;176;Cours;1 Sciences de l'éducation;L2 STAPS EM (Tarbes);6;Amphi B (EC9-02);16035
2026-03-09;Amphi 2 (LET-00);27354;LET;140;51;89;CM;1 Litté française et fr 4;L2 Lettres classiques;2;Salle de cours 509 (BA2-02);16630
2026-03-09;Amphi 2 (LET-00);27354;LET;140;51;89;TD;1 Litté française et fr 4;L2 Lettres classiques;2;Salle de cours 220 (LET-01);27254
2026-03-09;Amphi 2 (LET-00);27354;LET;140;65;75;CM;Sociologie de l'éducation;L2 Sociologie;3;Salle de cours 301 (LET-02);27528
2026-03-09;Amphi 3 (LET-02);27502;LET;300;104;196;CM;Sociologie générale S2;L1 Sociologie;10;Amphi B (EC9-02);16035
2026-03-09;Amphi A_A150 (DEG-00);36279;DEG;150;41;109;CM;Dt des procéd. collect.CM;<M1 Droit privé général>Droit des procédures collectives;23;Salle de Cours 003 (BA1-00);33458
2026-03-09;Amphi A_A150 (DEG-00);36279;DEG;150;41;109;CM;Dt des procéd. collect.CM;<M1 Droit privé général>Droit des procédures collectives;23;Salle de Cours 003 (BA1-00);33458
2026-03-09;Amphi A_A300 (DEG-00);36276;DEG;300;118;182;Cours;Droit des sociétés CM;<L3 Droit>Colo droit des affaires;14;Amphi B (EC9-02);16035
2026-03-09;Amphi A_A300 (DEG-00);36276;DEG;300;118;182;Cours;Droit des sociétés CM;<L3 Droit>Colo droit des affaires;14;Amphi B (EC9-02);16035
2026-03-09;Amphi A_A300 (DEG-00);36276;DEG;300;139;161;Cours;Hist dt inst pub;L1 AES;20;Amphi 400 (EC9-01);16026
2026-03-09;Amphi A_A300 (DEG-00);36276;DEG;300;93;207;Cours;Économie générale;L1 AES;14;Auditorium (EC6-02);73560
2026-03-09;Amphi A_A600 (DEG-00);36275;DEG;600;104;496;TD;Découv chmps prof;L1 Sociologie;1;Amphi A_A150 (DEG-00);36279
2026-03-09;Amphi A_A600 (DEG-00);36275;DEG;600;172;428;Cours;Maths pr éco/gestion;L1 Economie et Gestion;3;Amphi D (SCI_R-00);84870
2026-03-09;Amphi A_A600 (DEG-00);36275;DEG;600;269;331;Cours;Sociologie juridique;L1 Droit (Pau);14;Amphi 400 (EC9-01);16026
2026-03-09;Amphi C (SCI_R-00);84869;SCI_R;192;53;139;Cours;Calcul différentiel RN S4;L2 Mathématiques;10;Salle de cours 509 (BA2-02);16630
2026-03-09;Amphi C (SCI_R-00);84869;SCI_R;192;69;123;Cours;Algorith math 3 python S4;L2 MIASHS;3;Salle de cours 131 (B2-01);16957
2026-03-09;Amphi C (SCI_R-00);84869;SCI_R;192;84;108;Cours;Génétique;L2 SDV - LAS;5;Amphi 40 (EC3-00);17104
2026-03-09;Amphi C (SCI_R-00);84869;SCI_R;192;84;108;Cours;Microbiologie 2;L2 SDV - LAS;6;Amphi 40 (EC3-00);17104
2026-03-09;Amphi C_A120 (DEG-00);36290;DEG;120;25;95;Cours;Gestion de la production;M2 CGAO;2;Salle de cours C_C04 (DEG-00);36292
2026-03-09;Amphi H (DUB-00);17229;DUB;140;10;130;Cours;Mécanique des fluides S6;L3 PC - Physique, Chimie;1;Salle TP Informatique indus 38 (DUB-01);17153
2026-03-09;Salle de cours 107 (LET-00);27308;LET;68;16;52;TD;Gram esp S2 TD;<L1 LEA - AE - langues spé><L1 LEA Spé TD>L1 LEA Gpe C;11;Salle informatique 313 (LET-02);27510
2026-03-09;Salle de cours 107 (LET-00);27308;LET;68;8;60;TD;Vers all S6;L3 LEA - AA - FLE;8;Salle informatique 201 (LET-01);27266
2026-03-09;Salle de cours 107 (LET-00);27308;LET;68;6;62;TD;Express° trilingue entrep;L3 LEA - AA - langues spé;9;Salle du conseil B11 (LET-01);27281
2026-03-09;Salle de cours 11 (LET-00);27324;LET;80;4;76;CM;France contexte européen;<L3 Histoire - ER>6Sem Géo La France dans le contexte européen;9;Salle informatique 214 (LET-01);27271
2026-03-09;Salle de cours 12 (LET-00);27321;LET;60;16;44;TD;Opinions et mass média;L3 Histoire - EJSP;11;Salle du conseil B11 (LET-01);27281
2026-03-09;Salle de cours 12 (LET-00);27321;LET;60;16;44;CM;Opinions et mass média;L3 Histoire - EJSP;11;Salle informatique 313 (LET-02);27510
2026-03-09;Salle de cours 120 (LET-00);27333;LET;62;20;42;CM;Les arts en Europe;L3 HAA - HA;12;Salle du conseil B11 (LET-01);27281
2026-03-09;Salle de cours 120 (LET-00);27333;LET;62;20;42;TD;Les arts en Europe;L3 HAA - HA;12;Salle du conseil B11 (LET-01);27281
2026-03-09;Salle de cours 121 (LET-00);27332;LET;70;19;51;CM;Civi esp et hisp-am S6;L3 LLCER - EH - ER;10;Salle du conseil B11 (LET-01);27281
2026-03-09;Salle de cours 13 (LET-00);27322;LET;70;28;42;TD;Vers esp S4;L2 LEA - AE - écogestion;11;Salle de cours 301 (LET-02);27528
2026-03-09;Salle de cours 23 (LET-01);27248;LET;80;22;58;CM;17 Gestion projet cult 4;L2 Lettres - CTD;8;Salle de cours IEFE 127 (LET-00);27296
2026-03-09;Salle de cours 23 (LET-01);27248;LET;80;3;77;TD;Atel. historien ancienne;L3 Histoire - Art & Patri;12;Salle informatique 201 (LET-01);27266
2026-03-09;Salle de cours 30 (LET-02);27513;LET;60;14;46;CM;UE17 EC1 Litté et patrimoine;M2 Lettres et arts;10;Salle de cours 32 (LET-02);27514
2026-03-09;Salle de cours 32 (LET-02);27514;LET;80;16;64;TD;Opinions et mass média;L3 Histoire - EJSP;11;Salle informatique 313 (LET-02);27510
2026-03-09;Salle de cours 32 (LET-02);27514;LET;80;37;43;CM;Vers angl S4 CM;L2 LEA - AA - écogestion;6;Salle de cours 105 (LET-00);27306
2026-03-09;Salle de cours B_B1 (DEG-00);36289;DEG;100;33;67;CM;DIP 2;<M1 Droit privé général>DIP;22;Salle de cours 240 (EC3-02);73530
2026-03-09;Salle de cours B_B1 (DEG-00);36289;DEG;100;33;67;CM;DIP 2;<M1 Droit privé général>DIP;22;Salle de cours 240 (EC3-02);73530
2026-03-09;Salle de cours B_B2 (DEG-00);36271;DEG;76;32;44;TD;Dt des sociétés S8 TD;<M1 Droit consommation><TD Droit des sociétés>Groupe 1;8;Salle de cours B_B5 (DEG-00);36269
2026-03-09;Salle de cours C_C01 (DEG-00);36291;DEG;79;27;52;Cours;Droit commercial;L2 LEA - AA - écogestion;6;Salle de cours 144 (EC3-01);17123
2026-03-09;Salle de cours C_C03 (DEG-00);36287;DEG;50;8;42;Cours;Droit Civil Ecrit;CAPA Droit 1e année (PAU);21;Salle informatique B_BARETOUS (DEG-01);36548
2026-03-09;Salle de cours C_C04 (DEG-00);36292;DEG;50;20;30;TD;TD Maths financières;<L2 Economie Gestion><TD Maths financières>Gp 1;1;Salle GREEN A_A01 (DEG-00);36278
2026-03-09;Salle de cours C_C19 (DEG-01);36561;DEG;52;19;33;Cours;Contrôle Gestion Approfondi;M1 CGAO;9;Salle de cours 007 (BA1-00);33446
2026-03-09;Salle de cours C_C19 (DEG-01);36561;DEG;52;19;33;Cours;Outils Management Financier;M1 CGAO;11;Salle de cours 007 (BA1-00);33446
2026-03-10;AMPHI STID (STI-00);24832;STI;165;9;156;TD;R2.05 Thermodynamique;<BUT 1 - MTEE><Groupes TD>TD2;6;Salle informatique B_BARETOUS (DEG-01);36548
2026-03-10;AMPHI STID (STI-00);24832;STI;165;23;142;TD;R2.05 Thermodynamique;<BUT 1 - MTEE><Groupes TD>TD1;7;Salle de cours 167 (B3-01);15986
2026-03-10;AMPHI STID (STI-00);24832;STI;165;32;133;Cours;R2.04 Hydraulique aérau;;1;Salle de cours 508 (BA2-02);16629
2026-03-10;AMPHI STID (STI-00);24832;STI;165;32;133;CM;4.08 Modèle linéaire;BUT 2 SD - Exploration;2;Salle de cours 508 (BA2-02);16629
2026-03-10;Amphi 3 (LET-02);27502;LET;300;30;270;CM;Civi pays anglo S2;L1 LEA - AA - langues spé;13;Salle de cours IEFE 132 (LET-00);27339
2026-03-10;Amphi 3 (LET-02);27502;LET;300;30;270;CM;Civi pays anglo S2;L1 LEA - AA - langues spé;13;Salle de cours IEFE 132 (LET-00);27339
2026-03-10;Amphi A (SCI_R-00);85316;SCI_R;216;84;132;Cours;OUMOBIO 2;L2 SDV - LAS;2;Amphi C (SCI_R-00);84869
2026-03-10;Amphi A_A300 (DEG-00);36276;DEG;300;111;189;Cours;Théorie des organisations;L1 AES;11;Amphi B (EC9-02);16035
2026-03-10;Amphi A_A300 (DEG-00);36276;DEG;300;119;181;Cours;Maths financières/calculs;DU C.M.I ECO DEV 2 ème A;1;Amphi A_A400 (DEG-00);36274
2026-03-10;Amphi A_A300 (DEG-00);36276;DEG;300;139;161;Cours;Hist dt inst pub;L1 AES;20;Amphi 400 (EC9-01);16026
2026-03-10;Amphi A_A300 (DEG-00);36276;DEG;300;105;195;Cours;Informatique;L3 Economie Gestion;10;Amphi B (EC9-02);16035
2026-03-10;Amphi A_A400 (DEG-00);36274;DEG;400;165;235;Cours;Relations internationales;<L1 Droit (Pau)>Relations Internationales;24;Amphi 400 (EC9-01);16026
2026-03-10;Amphi A_A400 (DEG-00);36274;DEG;400;165;235;Cours;Relations internationales;<L1 Droit (Pau)>Relations Internationales;24;Amphi 400 (EC9-01);16026
2026-03-10;Amphi A_A400 (DEG-00);36274;DEG;400;61;339;Cours;Histoire droit pénal & fa;<L3 Droit>Colo droit civil;11;Salle de cours 127 (B2-01);16947
2026-03-10;Amphi C (SCI_R-00);84869;SCI_R;192;84;108;Cours;Génétique;L2 SDV - LAS;5;Amphi 40 (EC3-00);17104
2026-03-10;Amphi C (SCI_R-00);84869;SCI_R;192;84;108;Cours;Physiologie végétale 1;L2 SDV - LAS;12;Amphi 40 (EC3-00);17104
2026-03-10;Amphi C (SCI_R-00);84869;SCI_R;192;52;140;Cours;Algèbre et géométrie S6;L3 Mathématiques;2;Salle de cours 509 (BA2-02);16630
2026-03-10;Amphi C (SCI_R-00);84869;SCI_R;192;84;108;Cours;Microbiologie 2;L2 SDV - LAS;6;Amphi 40 (EC3-00);17104
2026-03-10;Amphi C_A120 (DEG-00);36290;DEG;120;15;105;Cours;Management Stratégique;DU TG 2ième Année;10;Salle de réunion D_D04 (DEG-00);36235
2026-03-10;Amphi D (SCI_R-00);84870;SCI_R;192;60;132;Cours;Algèbre 2 S2;L1 Mathématiques;8;Salle de cours 304 (BA2-00);16671
2026-03-10;Amphi D (SCI_R-00);84870;SCI_R;192;60;132;Cours;Analyse 2 S2;L1 Mathématiques;5;Salle de cours 304 (BA2-00);16671
2026-03-10;Amphi E (PAL-00);13842;PAL;75;16;59;TD;Bases de données I;L2 MIASHS;1;Salle 16 (PAL-01);13883
2026-03-10;Amphi F (PAL-00);13841;PAL;75;36;39;TD;Chimie organ fondamentale;<L1 Physique, Chimie>L1 PC Chimie Orga Fond;2;Salle 12 (PAL-01);13881
2026-03-10;Amphi F (PAL-00);13841;PAL;75;36;39;Cours;Biochimie des protéines;L3 SDV - LAS;4;Salle de cours 162 (B3-01);15996
2026-03-10;Amphi F (PAL-00);13841;PAL;75;36;39;Cours;Biochimie des protéines;L3 SDV - LAS;4;Salle de cours 162 (B3-01);15996
2026-03-10;Amphi G (DUB-00);17228;DUB;140;52;88;Cours;Calcul différentiel S6;L3 Mathématiques;3;Salle de cours 509 (BA2-02);16630
2026-03-10;Amphi G (DUB-00);17228;DUB;140;48;92;Cours;Atosmitique et liaison ch;L2 PC - LAS;4;Salle de Cours 003 (BA1-00);33458
2026-03-10;Salle de cours 107 (LET-00);27308;LET;68;22;46;TD;Vers esp S6;L3 LEA - AE - écogestion;23;Salle de cours 167 (B3-01);15986
2026-03-10;Salle de cours 107 (LET-00);27308;LET;68;22;46;TD;Thème esp S6;L3 LEA - AE - écogestion;11;Salle de cours 167 (B3-01);15986
2026-03-10;Salle de cours 11 (LET-00);27324;LET;80;38;42;CM;Enjeux sociaux;L3 Sociologie;10;Salle de cours 406 (BA2-01);16739
2026-03-10;Salle de cours 12 (LET-00);27321;LET;60;18;42;CM;Hist. relations inter. CM;L3 Histoire - EJSP;14;Salle informatique 215 (LET-01);27272
2026-03-10;Salle de cours 120 (LET-00);27333;LET;62;20;42;CM;Les arts en Europe;L3 HAA - HA;12;Salle du conseil B11 (LET-01);27281
2026-03-10;Salle de cours 120 (LET-00);27333;LET;62;20;42;TD;Les arts en Europe;L3 HAA - HA;12;Salle du conseil B11 (LET-01);27281
2026-03-10;Salle de cours 120 (LET-00);27333;LET;62;24;38;CM;Mét cons &med patrim;L3 HAA - HA;6;Salle de cours IEFE 128 (LET-00);27298
2026-03-10;Salle de cours 121 (LET-00);27332;LET;70;28;42;TD;Intro à la Recherche;L3 LLCER - EA - ER;12;Salle de cours IEFE 132 (LET-00);27339
2026-03-10;Salle de cours 121 (LET-00);27332;LET;70;1;69;TD;ALLEMAND A2 SP;<UE transverses CRL>UET Allemand niveau A2;1;Salle informatique 201 (LET-01);27266
2026-03-10;Salle de cours 13 (LET-00);27322;LET;70;28;42;TD;Cult gé hisp S4 TD;L2 LEA - AE - écogestion;13;Salle de cours IEFE 132 (LET-00);27339
2026-03-10;Salle de cours 13 (LET-00);27322;LET;70;30;40;TD;Thème angl S6;L3 LEA - AE - écogestion;12;Salle de cours 113 (LET-00);27303
2026-03-10;Salle de cours 13 (LET-00);27322;LET;70;28;42;CM;Civi pays hispano S4;L2 LEA - AE - écogestion;13;Salle de cours IEFE 132 (LET-00);27339
2026-03-10;Salle de cours 14 (LET-00);27323;LET;98;24;74;TD;Express° trilingue entrep;L3 LEA - AE - écogestion;9;Cartothèque 222bis (LET-01);27283
2026-03-10;Salle de cours 32 (LET-02);27514;LET;80;17;63;CM;1 Le français parlé;M1 FLE;2;Salle de cours 203 (LET-01);27270
2026-03-10;Salle de cours 32 (LET-02);27514;LET;80;17;63;TD;9 Méthodo recherche / TER;;1;Salle de cours 203 (LET-01);27270
2026-03-10;Salle de cours 32 (LET-02);27514;LET;80;26;54;CM;Art grec classique;L2 HAA;8;Salle de cours 144 (EC3-01);17123
2026-03-10;Salle de cours B_B1 (DEG-00);36289;DEG;100;36;64;TD;Droit constit TD S2;<L1 Droit (Pau)><TD droit constitutionnel S2>groupe 1;2;Salle de cours C_C11 (DEG-01);36553
2026-03-10;Salle de cours B_B1 (DEG-00);36289;DEG;100;33;67;TD;TD Fiscalité appli aux ets 2;<L3 AES Gestion des entrep><TD Fiscalité appli aux ets 2>Groupe 1;7;Salle de cours B_B6 (DEG-00);36270
2026-03-10;Salle de cours B_B2 (DEG-00);36271;DEG;76;11;65;Cours;Économie du développement;<L3 Economie Gestion>Coloration banque et finance;8;Salle de cours/informatique C_C02 (DEG-00);36288
2026-03-10;Salle de cours B_B2 (DEG-00);36271;DEG;76;31;45;Cours;Dt propriétés pub CM;<L3 Droit>Colo droits et libertés;26;Salle de cours 508 (BA2-02);16629
2026-03-10;Salle de cours B_B2 (DEG-00);36271;DEG;76;31;45;Cours;Dt propriétés pub CM;<L3 Droit>Colo droits et libertés;26;Salle de cours 508 (BA2-02);16629
2026-03-10;Salle de cours C_C04 (DEG-00);36292;DEG;50;21;29;CM;Droit rural;M1 Droit Notarial;24;Salle de cours 167 (B3-01);15986
2026-03-10;Salle de cours C_C04 (DEG-00);36292;DEG;50;21;29;CM;Droit rural;M1 Droit Notarial;24;Salle de cours 167 (B3-01);15986
2026-03-10;Salle de cours C_C19 (DEG-01);36561;DEG;52;19;33;Cours;CM NORMES IFRS;M1 CGAO;4;Salle de cours 007 (BA1-00);33446
2026-03-10;Salle de cours C_C19 (DEG-01);36561;DEG;52;19;33;Cours;Consolidation;M1 CGAO;9;Salle de cours 007 (BA1-00);33446
2026-03-10;Salle de cours C_C19 (DEG-01);36561;DEG;52;11;41;TD;Anglais des Affaires;<M1 CGAO><Groupes>Groupe 1;21;Salle TP géochimie B330 (SCI_R-03);85206
2026-03-11;AMPHI STID (STI-00);24832;STI;165;23;142;TD;R2.05 Thermodynamique;<BUT 1 - MTEE><Groupes TD>TD1;7;Salle de cours 167 (B3-01);15986
2026-03-11;Amphi (STAP-00);18427;STAP;300;124;176;Cours;1 Histoire de l'EPS;L2 STAPS EM (Tarbes);9;Amphi B (EC9-02);16035
2026-03-11;Amphi 2 (LET-00);27354;LET;140;53;87;CM;Civi pays hisp S6;L3 LEA - AE - écogestion;13;Salle de cours 509 (BA2-02);16630
2026-03-11;Amphi 3 (LET-02);27502;LET;300;104;196;CM;Sociologie des inégalités;L1 Sociologie;10;Amphi B (EC9-02);16035
2026-03-11;Amphi 3 (LET-02);27502;LET;300;103;197;CM;Histoire ancienne;L1 Histoire;12;Amphi B (EC9-02);16035
2026-03-11;Amphi A_A400 (DEG-00);36274;DEG;400;123;277;Cours;Droit de la famille CM;<L3 Droit>Colo droit des affaires;17;Amphi B (EC9-02);16035
2026-03-11;Amphi A_A400 (DEG-00);36274;DEG;400;123;277;Cours;Droit de la famille CM;<L3 Droit>Colo droit des affaires;17;Amphi B (EC9-02);16035
2026-03-11;Amphi A_A600 (DEG-00);36275;DEG;600;214;386;Cours;Dr collectivités territ;L2 Droit;18;Amphi 400 (EC9-01);16026
2026-03-11;Amphi A_A600 (DEG-00);36275;DEG;600;214;386;Cours;Dr collectivités territ;L2 Droit;18;Amphi 400 (EC9-01);16026
2026-03-11;Amphi B (SCI_R-00);85297;SCI_R;220;47;173;Cours;Chimie des solutions 2;<L1 Sciences de la vie>< Parcours CMI>CMI- GEM SDV 1ère Année;2;Amphi A (SCI_R-00);85316
2026-03-11;Amphi B (SCI_R-00);85297;SCI_R;220;47;173;Cours;PEP'S 1;<L1 Sciences de la vie>L1 SDV PEP'S 1;1;Amphi D (SCI_R-00);84870
2026-03-11;Amphi C (SCI_R-00);84869;SCI_R;192;49;143;Cours;Analyse chimique EC 1;L2 PC - LAS;1;Amphi A (SCI_R-00);85316
2026-03-11;Amphi C (SCI_R-00);84869;SCI_R;192;87;105;Cours;Algèbre pour l'info;L1 Informatique;3;Amphi 40 (EC3-00);17104
2026-03-11;Amphi C (SCI_R-00);84869;SCI_R;192;84;108;Cours;Physiologie végétale 1;L2 SDV - LAS;12;Amphi 40 (EC3-00);17104
2026-03-11;Amphi D (SCI_R-00);84870;SCI_R;192;60;132;Cours;Compléments Math 2 S2;L1 Mathématiques;3;Salle de cours 304 (BA2-00);16671
2026-03-11;Amphi E (PAL-00);13842;PAL;75;31;44;Cours;Fluides et géoressources1;M1 Géo. - SIG - Alt;1;Salle 5 (PAL-00);13835
2026-03-11;Amphi Elsa Serfass (BA1-00);33455;BA1;80;25;55;CM;R 2-4 Intro Dev Mobile;ISA NUM 1ère année;1;Salle informatique 205 (BA1-02);33394
2026-03-11;Amphi F (PAL-00);13841;PAL;75;35;40;CTD;Espa Lp séries Fourier S6;L3 Mathématiques;1;Salle 16 (PAL-01);13883
2026-03-11;Amphi G (DUB-00);17228;DUB;140;53;87;Cours;Intro probabilités S4;L2 Mathématiques;2;Salle de cours 509 (BA2-02);16630
2026-03-11;Amphi H (DUB-00);17229;DUB;140;47;93;TD;Microbiologie 1;L1 SDV - LAS;2;Salle de Cours 003 (BA1-00);33458
2026-03-11;Salle de cours 107 (LET-00);27308;LET;68;12;56;TD;init th/vers angl S2;L1 LEA - AA - langues spé;13;Salle informatique 313 (LET-02);27510
2026-03-11;Salle de cours 107 (LET-00);27308;LET;68;16;52;TD;Com & médias esp S2;<L1 LEA - AE - langues spé><L1 LEA Spé TD>L1 LEA Gpe C;13;Labo de Langues 316 (LET-02);27521
2026-03-11;Salle de cours 107 (LET-00);27308;LET;68;30;38;TD;Gram angl S2 TD;L1 LEA - AA - langues spé;13;Salle de cours 135 (LET-00);27336
2026-03-11;Salle de cours 12 (LET-00);27321;LET;60;16;44;CM;Institutions publiques;L3 Histoire - EJSP;19;Salle de langues I-202 (ISA-02);78618
2026-03-11;Salle de cours 12 (LET-00);27321;LET;60;16;44;CM;Institutions publiques;L3 Histoire - EJSP;19;Salle de langues I-202 (ISA-02);78618
2026-03-11;Salle de cours 120 (LET-00);27333;LET;62;26;36;CM;Arts extra occidentaux;L2 HAA;6;Salle de cours 135 (LET-00);27336
2026-03-11;Salle de cours 120 (LET-00);27333;LET;62;30;32;TD;Express° trilingue entrep;L3 LEA - AE - écogestion;1;Salle de cours 22 (LET-01);27244
2026-03-11;Salle de cours 120 (LET-00);27333;LET;62;5;57;CM;Archéo monde rural au MÂ;L3 HAA - AP;11;Salle informatique 202 (LET-01);27273
2026-03-11;Salle de cours 13 (LET-00);27322;LET;70;28;42;CM;Gram & thème esp S4 CM;L2 LEA - AE - écogestion;11;Salle de cours 166 (B3-01);15984
2026-03-11;Salle de cours 14 (LET-00);27323;LET;98;1;97;Cours;Anglais LTDT S10;<M2 Tourisme><TD Anglais>Anglais M2 Tourisme (LTDT);8;Salle informatique 202 (LET-01);27273
2026-03-11;Salle de cours 14 (LET-00);27323;LET;98;24;74;CM;3 Approfond lit/styl 3;L3 Lettres modernes;7;Cartothèque 222bis (LET-01);27283
2026-03-11;Salle de cours 220 (LET-01);27254;LET;60;3;57;TD;Atel. historien med mod;L3 Histoire - Art & Patri;14;Labo de Langues 316 (LET-02);27521
2026-03-11;Salle de cours 220 (LET-01);27254;LET;60;3;57;TD;Atel. historien med mod;L3 Histoire - Art & Patri;14;Labo de Langues 316 (LET-02);27521
2026-03-11;Salle de cours 23 (LET-01);27248;LET;80;25;55;TD;Histoire anc.;L3 Histoire - ER;12;Salle de cours IEFE 127 (LET-00);27296
2026-03-11;Salle de cours B_B1 (DEG-00);36289;DEG;100;11;89;Cours;Finances de marché;<L3 Economie Gestion>Coloration banque et finance;11;Salle de réunion 110 (B1-01);16830
2026-03-11;Salle de cours B_B1 (DEG-00);36289;DEG;100;26;74;TD;TD finance de marché;<L3 Economie Gestion>Coloration banque et finance;8;Salle de cours B_B6 (DEG-00);36270
2026-03-11;Salle de cours B_B2 (DEG-00);36271;DEG;76;37;39;TD;TD Statistiques descriptives;<L1 Economie et Gestion><TD statistiques descriptives>Gp 3;2;Salle de cours C_C01 (DEG-00);36291
2026-03-11;Salle de cours B_B2 (DEG-00);36271;DEG;76;32;44;TD;TD Statistiques descriptives;<L1 Economie et Gestion><TD statistiques descriptives>Gp 2;4;Salle de cours B_B6 (DEG-00);36270
2026-03-11;Salle de cours B_B2 (DEG-00);36271;DEG;76;37;39;TD;TD Contrôle de gestion;<L3 AES Gestion des entrep><TD Contrôle de gestion>Groupe 3;8;Amphi C_A120 (DEG-00);36290
2026-03-11;Salle de cours C_C01 (DEG-00);36291;DEG;79;35;44;TD;Droit civil S2 TD;<M1 Droit Notarial><TD Droit civil>Groupe 1;5;Salle de cours 162 (B3-01);15996
2026-03-11;Salle de cours C_C01 (DEG-00);36291;DEG;79;29;50;TD;Droit civil S2 TD;<M1 Droit consommation><TD Droit civil>Groupe 2;5;Salle informatique B_B209 (DEG-02);36423
2026-03-11;Salle de cours C_C18 (DEG-01);36560;DEG;50;23;27;CM;Droit immobilier I;M2 Droit Notarial;1;Salle GREEN A_A01 (DEG-00);36278
2026-03-11;Salle de cours C_C19 (DEG-01);36561;DEG;52;19;33;Cours;Initiation recherche;M1 CGAO;13;Salle de cours 007 (BA1-00);33446
2026-03-11;Salle de cours C_C19 (DEG-01);36561;DEG;52;19;33;Cours;Outils Management Financier;M1 CGAO;11;Salle de cours 007 (BA1-00);33446
2026-03-11;Salle de cours C_C19 (DEG-01);36561;DEG;52;19;33;Cours;Contrôle Gestion Approfondi;M1 CGAO;9;Salle de cours 007 (BA1-00);33446
2026-03-11;Salle de cours C_C19 (DEG-01);36561;DEG;52;8;44;TD;Anglais des Affaires;<M1 CGAO><Groupes>Groupe 2;19;Salle informatique B_BARETOUS (DEG-01);36548
2026-03-12;AMPHI STID (STI-00);24832;STI;165;32;133;Cours;R2.02 Energies renouv.;BUT 1 - MTEE;1;Salle de cours 508 (BA2-02);16629
2026-03-12;AMPHI STID (STI-00);24832;STI;165;9;156;TD;R2.05 Thermodynamique;<BUT 1 - MTEE><Groupes TD>TD2;6;Salle informatique B_BARETOUS (DEG-01);36548
2026-03-12;AMPHI STID (STI-00);24832;STI;165;9;156;TD;R2.07 Math. appli.;<BUT 1 - MTEE><Groupes TD>TD2;13;Salle informatique B_BARETOUS (DEG-01);36548
2026-03-12;Amphi (STAP-00);18427;STAP;300;88;212;Cours;1 Environnement/pratiques;L2 STAPS ES (Tarbes);10;Amphi 40 (EC3-00);17104
2026-03-12;Amphi 3 (LET-02);27502;LET;300;124;176;CM;Littérature S2;L1 LLCER - EA;11;Amphi B (EC9-02);16035
2026-03-12;Amphi 3 (LET-02);27502;LET;300;48;252;Cours;Rencontre Littéraire Lettres;L1 Lettres - CTD;1;Salle de cours 114 (LET-00);27309
2026-03-12;Amphi A_A400 (DEG-00);36274;DEG;400;44;356;Cours;Contrôle de gestion;L3 AES Gestion des entrep;9;Salle de Cours 003 (BA1-00);33458
2026-03-12;Amphi A_A400 (DEG-00);36274;DEG;400;10;390;Cours;Démographie économique;L1 Economie Gestion CMI;9;Salle de Réunion 14 (BU-01);16992
2026-03-12;Amphi A_A600 (DEG-00);36275;DEG;600;214;386;Cours;Dr collectivités territ;L2 Droit;18;Amphi 400 (EC9-01);16026
2026-03-12;Amphi A_A600 (DEG-00);36275;DEG;600;214;386;Cours;Pol protec soc europ;L2 Droit;20;Amphi 400 (EC9-01);16026
2026-03-12;Amphi A_A600 (DEG-00);36275;DEG;600;214;386;Cours;Pol protec soc europ;L2 Droit;20;Amphi 400 (EC9-01);16026
2026-03-12;Amphi B (SCI_R-00);85297;SCI_R;220;84;136;Cours;Microbiologie 2;L2 SDV - LAS;7;Amphi 40 (EC3-00);17104
2026-03-12;Amphi C (SCI_R-00);84869;SCI_R;192;23;169;CTD;Electromagnétisme S4;L2 PC - Physique;1;Salle TP Physique B133 (SCI_R-01);84952
2026-03-12;Amphi D (SCI_R-00);84870;SCI_R;192;60;132;Cours;Progr orientée objet;L2 Informatique;2;Amphi C (SCI_R-00);84869
2026-03-12;Amphi E (PAL-00);13842;PAL;75;36;39;Cours;Biochimie des protéines;L3 SDV - LAS;6;Salle de cours 162 (B3-01);15996
2026-03-12;Amphi E (PAL-00);13842;PAL;75;36;39;Cours;Biochimie des protéines;L3 SDV - LAS;6;Salle de cours 162 (B3-01);15996
2026-03-12;Amphi F (PAL-00);13841;PAL;75;1;74;TD;Electrocinétique-Electric;<L1 Physique, Chimie>L1 PC Electro-cinétique;3;Box optique B120 (SCI_R-01);84961
2026-03-12;Amphi G (DUB-00);17228;DUB;140;48;92;Cours;Atosmitique et liaison ch;L2 PC - LAS;4;Salle de Cours 003 (BA1-00);33458
2026-03-12;Amphi G (DUB-00);17228;DUB;140;41;99;CTD;Outils pour la symétrie m;L2 PC - Chimie;1;Salle 25 (DUB-00);17240
2026-03-12;Amphi G (DUB-00);17228;DUB;140;42;98;Cours;Réseaux II;L3 Informatique;6;Salle informatique I-207 (ISA-02);78613
2026-03-12;Salle de cours 120 (LET-00);27333;LET;62;24;38;CM;Art antique romain et ita;L3 HAA - HA;6;Salle de cours 167 (B3-01);15986
2026-03-12;Salle de cours 220 (LET-01);27254;LET;60;25;35;CM;Hist. médiévale;L3 Histoire - ER;12;Salle de cours 144 (EC3-01);17123
2026-03-12;Salle de cours 220 (LET-01);27254;LET;60;25;35;TD;Hist. médiévale;L3 Histoire - ER;12;Salle de cours 144 (EC3-01);17123
2026-03-12;Salle de cours 32 (LET-02);27514;LET;80;26;54;TD;Modern. & avt gardes TD;L2 HAA;11;Salle de cours IEFE 127 (LET-00);27296
2026-03-12;Salle de cours 32 (LET-02);27514;LET;80;30;50;CM;Modern. & avt gardes CM;L2 HAA;11;Salle de cours 166 (B3-01);15984
2026-03-12;Salle de cours B_B1 (DEG-00);36289;DEG;100;11;89;Cours;Hist. faits éco;L3 Economie Gestion CMI;4;Salle de cours/informatique C_C02 (DEG-00);36288
2026-03-12;Salle de cours C_C04 (DEG-00);36292;DEG;50;24;26;TD;Gds prob polit contemp TD 2;<L3 AES Gestion des entrep>Gds prob polit contemp 2;10;Salle GREEN A_A01 (DEG-00);36278
2026-03-12;Salle de cours C_C04 (DEG-00);36292;DEG;50;12;38;TD;Init thème/vers angl S2;L1 LEA - AA - langues spé;5;Salle informatique B_ASPE (DEG-01);36531
2026-03-12;Salle de cours C_C04 (DEG-00);36292;DEG;50;25;25;CM;Cult.gén.&note synt. S2;<M1 Procédures contentieux>Culture générale et note de synthèse;24;Amphi A_A600 (DEG-00);36275
2026-03-12;Salle de cours C_C04 (DEG-00);36292;DEG;50;25;25;CM;Cult.gén.&note synt. S2;<M1 Procédures contentieux>Culture générale et note de synthèse;24;Amphi A_A600 (DEG-00);36275
2026-03-12;Salle de cours C_C18 (DEG-01);36560;DEG;50;19;31;TD;TD droit de l'énergie;<M1 Droit transitions EE><TD droit de l'énergie>Groupe 1;4;Salle GREEN A_A01 (DEG-00);36278
2026-03-12;Salle de cours C_C18 (DEG-01);36560;DEG;50;11;39;CM;Mise en situation;M2 Droit transitions EE;2;Salle informatique B_ASPE (DEG-01);36531
2026-03-12;Salle de cours C_C19 (DEG-01);36561;DEG;52;19;33;Cours;Consolidation;M1 CGAO;9;Salle de cours 007 (BA1-00);33446
2026-03-12;Salle de cours C_C19 (DEG-01);36561;DEG;52;19;33;Cours;PACI;M1 CGAO;11;Salle de cours 007 (BA1-00);33446
2026-03-13;Amphi 2 (LET-00);27354;LET;140;23;117;TD;Mathématiques S6;L3 LLCER - EA - PE;8;Salle de cours IEFE 128 (LET-00);27298
2026-03-13;Amphi 3 (LET-02);27502;LET;300;34;266;CM;1 Histoire du cinéma 1;L1 Lettres - CTD;6;Salle de cours IEFE 131 (LET-00);27295
2026-03-13;Amphi 3 (LET-02);27502;LET;300;34;266;TD;1 Histoire du cinéma 1;L1 Lettres - CTD;6;Salle de cours IEFE 131 (LET-00);27295
2026-03-13;Amphi A_A300 (DEG-00);36276;DEG;300;93;207;Cours;Droit civil;L1 AES;16;Auditorium (EC6-02);73560
2026-03-13;Amphi A_A300 (DEG-00);36276;DEG;300;93;207;Cours;Droit civil;L1 AES;16;Auditorium (EC6-02);73560
2026-03-13;Amphi A_A600 (DEG-00);36275;DEG;600;269;331;Cours;Droit civil;L1 Droit (Pau);1;Amphi A_A300 (DEG-00);36276
2026-03-13;Amphi B (SCI_R-00);85297;SCI_R;220;49;171;Cours;Analyse chimique EC 1;L2 PC - LAS;1;Amphi C (SCI_R-00);84869
2026-03-13;Amphi C_A120 (DEG-00);36290;DEG;120;56;64;TD;TD Macroéconomie 1;L1 MIASHS;1;Salle de cours B_B2 (DEG-00);36271
2026-03-13;Amphi F (PAL-00);13841;PAL;75;1;74;CM;Electrocinétique-Electric;<L1 Physique, Chimie>L1 PC Electro-cinétique;1;Salle 15 (PAL-01);13885
2026-03-13;Amphi G (DUB-00);17228;DUB;140;27;113;CTD;Electrochimie;L3 PC - Chimie;12;Salle de cours 144 (EC3-01);17123
2026-03-13;Amphi H (DUB-00);17229;DUB;140;42;98;TD;Tests d'hypothèse;L3 MIASHS - MID;8;Salle de Cours 003 (BA1-00);33458
2026-03-13;Amphi H (DUB-00);17229;DUB;140;42;98;TD;Tests d'hypothèse;L3 MIASHS - MID;8;Salle de Cours 003 (BA1-00);33458
2026-03-13;Salle de cours 10 (LET-00);27320;LET;60;16;44;TD;Hist relations inter TD;L3 Histoire - EJSP;6;Salle du conseil B11 (LET-01);27281
2026-03-13;Salle de cours 107 (LET-00);27308;LET;68;22;46;TD;Vers esp S6;L3 LEA - AE - écogestion;23;Salle de cours 167 (B3-01);15986
2026-03-13;Salle de cours 13 (LET-00);27322;LET;70;28;42;CM;Cult gé hisp S4 CM;L2 LEA - AE - écogestion;12;Salle multimedia UTLA 137 (LET-00);27300
2026-03-13;Salle de cours 14 (LET-00);27323;LET;98;17;81;CM;2 - Approf stylistique;L2 Lettres modernes;11;Salle de cours 204 (LET-01);27267
2026-03-13;Salle de cours 14 (LET-00);27323;LET;98;17;81;TD;2 - Approf stylistique;L2 Lettres modernes;11;Salle de cours 203 (LET-01);27270
2026-03-13;Salle de cours B_B1 (DEG-00);36289;DEG;100;32;68;TD;Gds prob polit contemp TD 2;L3 Histoire - EJSP;9;Salle de cours 508 (BA2-02);16629
2026-03-13;Salle de cours B_B2 (DEG-00);36271;DEG;76;11;65;Cours;Relations internation;L2 Economie Gestion CMI;8;Salle informatique B_ASPE (DEG-01);36531
2026-03-13;Salle de cours C_C03 (DEG-00);36287;DEG;50;22;28;TD;TD Macroéconomie S4;<L2 Economie Gestion><TD Macroéconomie S4>Gp 1;7;Salle de cours/informatique C_C02 (DEG-00);36288
2026-03-13;Salle de cours C_C03 (DEG-00);36287;DEG;50;8;42;Cours;Droit Public Ecrit;CAPA Droit 1e année (PAU);22;Salle informatique B_BARETOUS (DEG-01);36548
2026-03-13;Salle de cours C_C19 (DEG-01);36561;DEG;52;8;44;TD;Anglais des Affaires;<M1 CGAO><Groupes>Groupe 2;19;Salle informatique B_BARETOUS (DEG-01);36548
2026-03-13;Salle de cours C_C19 (DEG-01);36561;DEG;52;11;41;TD;Anglais des Affaires;<M1 CGAO><Groupes>Groupe 1;21;Salle TP géochimie B330 (SCI_R-03);85206
2026-03-13;Salle de cours C_C19 (DEG-01);36561;DEG;52;19;33;Cours;PACI;M1 CGAO;11;Salle de cours 007 (BA1-00);33446
2026-03-16;Amphi 2 (LET-00);27354;LET;140;51;89;CM;1 Litté française et fr 4;L2 Lettres classiques;2;Salle de cours 509 (BA2-02);16630
2026-03-16;Amphi 2 (LET-00);27354;LET;140;51;89;TD;1 Litté française et fr 4;L2 Lettres classiques;2;Salle de cours 220 (LET-01);27254
2026-03-16;Amphi 3 (LET-02);27502;LET;300;104;196;CM;Sociologie générale S2;L1 Sociologie;10;Amphi B (EC9-02);16035
2026-03-16;Amphi A_A150 (DEG-00);36279;DEG;150;41;109;CM;Dt des procéd. collect.CM;<M1 Droit privé général>Droit des procédures collectives;23;Salle de Cours 003 (BA1-00);33458
2026-03-16;Amphi A_A150 (DEG-00);36279;DEG;150;41;109;CM;Dt des procéd. collect.CM;<M1 Droit privé général>Droit des procédures collectives;23;Salle de Cours 003 (BA1-00);33458
2026-03-16;Amphi A_A300 (DEG-00);36276;DEG;300;118;182;Cours;Droit des sociétés CM;<L3 Droit>Colo droit des affaires;14;Amphi B (EC9-02);16035
2026-03-16;Amphi A_A300 (DEG-00);36276;DEG;300;118;182;Cours;Droit des sociétés CM;<L3 Droit>Colo droit des affaires;14;Amphi B (EC9-02);16035
2026-03-16;Amphi A_A300 (DEG-00);36276;DEG;300;139;161;Cours;Hist dt inst pub;L1 AES;20;Amphi 400 (EC9-01);16026
2026-03-16;Amphi A_A300 (DEG-00);36276;DEG;300;93;207;Cours;Économie générale;L1 AES;14;Auditorium (EC6-02);73560
2026-03-16;Amphi A_A600 (DEG-00);36275;DEG;600;214;386;Cours;Dr collectivités territ;L2 Droit;18;Amphi 400 (EC9-01);16026
2026-03-16;Amphi A_A600 (DEG-00);36275;DEG;600;214;386;Cours;Droit administratif;L2 Droit;12;Amphi 400 (EC9-01);16026
2026-03-16;Amphi A_A600 (DEG-00);36275;DEG;600;214;386;Cours;Droit administratif;L2 Droit;12;Amphi 400 (EC9-01);16026
2026-03-16;Amphi A_A600 (DEG-00);36275;DEG;600;229;371;Cours;Microéconomie 1;L1 MIASHS;8;Amphi 400 (EC9-01);16026
2026-03-16;Amphi A_A600 (DEG-00);36275;DEG;600;269;331;Cours;Sociologie juridique;L1 Droit (Pau);14;Amphi 400 (EC9-01);16026
2026-03-16;Amphi B (SCI_R-00);85297;SCI_R;220;69;151;Cours;Algorith math 3 python S4;L2 MIASHS;2;Salle de cours 131 (B2-01);16957
2026-03-16;Amphi C_A120 (DEG-00);36290;DEG;120;15;105;Cours;Management Stratégique;DU TG 2ième Année;10;Salle de réunion D_D04 (DEG-00);36235
2026-03-16;Amphi D (SCI_R-00);84870;SCI_R;192;84;108;Cours;Génétique;L2 SDV - LAS;1;Amphi 40 (EC3-00);17104
2026-03-16;Amphi G (DUB-00);17228;DUB;140;36;104;Cours;Biochimie des protéines;L3 SDV - LAS;4;Salle de cours 162 (B3-01);15996
2026-03-16;Amphi G (DUB-00);17228;DUB;140;27;113;CTD;Electrochimie;L3 PC - Chimie;12;Salle de cours 144 (EC3-01);17123
2026-03-16;Salle de cours 107 (LET-00);27308;LET;68;16;52;TD;Gram esp S2 TD;<L1 LEA - AE - langues spé><L1 LEA Spé TD>L1 LEA Gpe C;11;Salle informatique 313 (LET-02);27510
2026-03-16;Salle de cours 107 (LET-00);27308;LET;68;8;60;TD;Vers all S6;L3 LEA - AA - FLE;8;Salle informatique 201 (LET-01);27266
2026-03-16;Salle de cours 107 (LET-00);27308;LET;68;6;62;TD;Express° trilingue entrep;L3 LEA - AA - langues spé;9;Salle du conseil B11 (LET-01);27281
2026-03-16;Salle de cours 11 (LET-00);27324;LET;80;4;76;CM;France contexte européen;<L3 Histoire - ER>6Sem Géo La France dans le contexte européen;9;Salle informatique 214 (LET-01);27271
2026-03-16;Salle de cours 120 (LET-00);27333;LET;62;20;42;CM;Les arts en Europe;L3 HAA - HA;12;Salle du conseil B11 (LET-01);27281
2026-03-16;Salle de cours 120 (LET-00);27333;LET;62;20;42;TD;Les arts en Europe;L3 HAA - HA;12;Salle du conseil B11 (LET-01);27281
2026-03-16;Salle de cours 121 (LET-00);27332;LET;70;19;51;CM;Civi esp et hisp-am S6;L3 LLCER - EH - ER;10;Salle du conseil B11 (LET-01);27281
2026-03-16;Salle de cours 13 (LET-00);27322;LET;70;28;42;TD;Vers esp S4;L2 LEA - AE - écogestion;11;Salle de cours 301 (LET-02);27528
2026-03-16;Salle de cours 23 (LET-01);27248;LET;80;22;58;CM;17 Gestion projet cult 4;L2 Lettres - CTD;8;Salle de cours IEFE 127 (LET-00);27296
2026-03-16;Salle de cours 30 (LET-02);27513;LET;60;14;46;CM;UE17 EC1 Litté et patrimoine;M2 Lettres et arts;10;Salle de cours 32 (LET-02);27514
2026-03-16;Salle de cours 32 (LET-02);27514;LET;80;37;43;CM;Civi pays angl S4;L2 LEA - AA - écogestion;1;Salle de cours 223 (LET-01);27284
2026-03-16;Salle de cours B_B1 (DEG-00);36289;DEG;100;33;67;CM;DIP 2;<M1 Droit privé général>DIP;22;Salle de cours 240 (EC3-02);73530
2026-03-16;Salle de cours B_B1 (DEG-00);36289;DEG;100;33;67;CM;DIP 2;<M1 Droit privé général>DIP;22;Salle de cours 240 (EC3-02);73530
2026-03-16;Salle de cours B_B2 (DEG-00);36271;DEG;76;32;44;TD;Dt des sociétés S8 TD;<M1 Droit consommation><TD Droit des sociétés>Groupe 1;8;Salle de cours B_B5 (DEG-00);36269
2026-03-16;Salle de cours C_C03 (DEG-00);36287;DEG;50;8;42;Cours;Droit Civil Ecrit;CAPA Droit 1e année (PAU);21;Salle informatique B_BARETOUS (DEG-01);36548
2026-03-16;Salle de cours C_C04 (DEG-00);36292;DEG;50;11;39;Cours;Comprendre les crises éco;<L3 Economie Gestion>Coloration banque et finance;1;Salle immersive D_D20bis (DEG-00);83663
2026-03-16;Salle de cours C_C19 (DEG-01);36561;DEG;52;19;33;Cours;Contrôle Gestion Approfondi;M1 CGAO;9;Salle de cours 007 (BA1-00);33446
2026-03-16;Salle de cours C_C19 (DEG-01);36561;DEG;52;19;33;Cours;Outils Management Financier;M1 CGAO;11;Salle de cours 007 (BA1-00);33446
2026-03-17;AMPHI STID (STI-00);24832;STI;165;32;133;Cours;R2.01 Conf th vis acoust;BUT 1 - MTEE;4;Salle de cours 508 (BA2-02);16629
2026-03-17;AMPHI STID (STI-00);24832;STI;165;32;133;Cours;R2.01 Conf th vis acoust;BUT 1 - MTEE;4;Salle de cours 508 (BA2-02);16629
2026-03-17;AMPHI STID (STI-00);24832;STI;165;23;142;TD;R2.07 Math. appli.;<BUT 1 - MTEE><Groupes TD>TD1;6;Salle de cours 167 (B3-01);15986
2026-03-17;Amphi 3 (LET-02);27502;LET;300;30;270;CM;Civi pays anglo S2;L1 LEA - AA - langues spé;13;Salle de cours IEFE 132 (LET-00);27339
2026-03-17;Amphi 3 (LET-02);27502;LET;300;16;284;CM;Civi pays hispano S2;<L1 LEA - AE - langues spé><L1 LEA Spé TD>L1 LEA Gpe A;13;Labo de Langues 316 (LET-02);27521
2026-03-17;Amphi A (SCI_R-00);85316;SCI_R;216;47;169;Cours;Chimie des solutions 2;L1 Sciences de la terre;3;Salle de Cours 003 (BA1-00);33458
2026-03-17;Amphi A (SCI_R-00);85316;SCI_R;216;47;169;Cours;Structures géologiques 1;L1 Sciences de la terre;4;Amphi B (SCI_R-00);85297
2026-03-17;Amphi A_A300 (DEG-00);36276;DEG;300;111;189;Cours;Théorie des organisations;L1 AES;11;Amphi B (EC9-02);16035
2026-03-17;Amphi A_A300 (DEG-00);36276;DEG;300;104;196;CM;Histoire sociologie;L1 Sociologie;1;Amphi C_A120 (DEG-00);36290
2026-03-17;Amphi A_A300 (DEG-00);36276;DEG;300;139;161;Cours;Hist dt inst pub;L1 AES;20;Amphi 400 (EC9-01);16026
2026-03-17;Amphi A_A300 (DEG-00);36276;DEG;300;105;195;Cours;Informatique;L3 Economie Gestion;10;Amphi B (EC9-02);16035
2026-03-17;Amphi A_A400 (DEG-00);36274;DEG;400;165;235;Cours;Relations internationales;<L1 Droit (Pau)>Relations Internationales;24;Amphi 400 (EC9-01);16026
2026-03-17;Amphi A_A400 (DEG-00);36274;DEG;400;165;235;Cours;Relations internationales;<L1 Droit (Pau)>Relations Internationales;24;Amphi 400 (EC9-01);16026
2026-03-17;Amphi A_A400 (DEG-00);36274;DEG;400;61;339;Cours;Histoire droit pénal & fa;<L3 Droit>Colo droit civil;11;Salle de cours 127 (B2-01);16947
2026-03-17;Amphi A_A600 (DEG-00);36275;DEG;600;172;428;Cours;Stats descriptive / EXCEL;L1 Economie et Gestion;9;Amphi 400 (EC9-01);16026
2026-03-17;Amphi B (SCI_R-00);85297;SCI_R;220;53;167;Cours;Algèbre 4 S4;L2 Mathématiques;2;Salle de cours 509 (BA2-02);16630
2026-03-17;Amphi B (SCI_R-00);85297;SCI_R;220;52;168;Cours;Algèbre et géométrie S6;L3 Mathématiques;2;Salle de cours 509 (BA2-02);16630
2026-03-17;Amphi C (SCI_R-00);84869;SCI_R;192;35;157;Cours;Théorie des proba S6;L3 Mathématiques;2;Amphi A (SCI_R-00);85316
2026-03-17;Amphi C (SCI_R-00);84869;SCI_R;192;52;140;Cours;Calcul différentiel S6;L3 Mathématiques;2;Amphi A (SCI_R-00);85316
2026-03-17;Amphi D (SCI_R-00);84870;SCI_R;192;60;132;Cours;Algèbre 2 S2;L1 Mathématiques;8;Salle de cours 304 (BA2-00);16671
2026-03-17;Amphi D (SCI_R-00);84870;SCI_R;192;47;145;Cours;Chimie des solutions 2;<L1 Sciences de la vie>< Parcours CMI>CMI- GEM SDV 1ère Année;2;Salle de Cours 003 (BA1-00);33458
2026-03-17;Amphi D (SCI_R-00);84870;SCI_R;192;41;151;Cours;Outils pour la symétrie m;L2 PC - Chimie;1;Amphi A (SCI_R-00);85316
2026-03-17;Amphi D (SCI_R-00);84870;SCI_R;192;84;108;Cours;Physiologie végétale 1;L2 SDV - LAS;3;Amphi 40 (EC3-00);17104
2026-03-17;Amphi F (PAL-00);13841;PAL;75;30;45;TD;Chimie organ fondamentale;<L1 Physique, Chimie>L1 PC Chimie Orga Fond;2;Salle 12 (PAL-01);13881
2026-03-17;Amphi G (DUB-00);17228;DUB;140;53;87;Cours;Intro théorie groupes S4;L2 Mathématiques;7;Salle de cours 509 (BA2-02);16630
2026-03-17;Amphi H (DUB-00);17229;DUB;140;60;80;Cours;Analyse 2 S2;L1 Mathématiques;6;Salle de cours 304 (BA2-00);16671
2026-03-17;Amphi H (DUB-00);17229;DUB;140;40;100;Cours;Intro géo urbaine;L1 MIASHS;1;Salle 25 (DUB-00);17240
2026-03-17;Amphi H (DUB-00);17229;DUB;140;53;87;Cours;Intro probabilités S4;L2 Mathématiques;1;Salle de cours 509 (BA2-02);16630
2026-03-17;Salle de cours 10 (LET-00);27320;LET;60;18;42;TD;Espagnol M1 LLSH S8;<M1 Patrim & musées><TD Espagnol>Espagnol M1 Patrimoine et Musée (PM);1;Salle informatique 215 (LET-01);27272
2026-03-17;Salle de cours 107 (LET-00);27308;LET;68;22;46;TD;Vers esp S6;L3 LEA - AE - écogestion;23;Salle de cours 167 (B3-01);15986
2026-03-17;Salle de cours 107 (LET-00);27308;LET;68;22;46;TD;Thème esp S6;L3 LEA - AE - écogestion;11;Salle de cours 167 (B3-01);15986
2026-03-17;Salle de cours 11 (LET-00);27324;LET;80;38;42;CM;Enjeux sociaux;L3 Sociologie;10;Salle de cours 406 (BA2-01);16739
2026-03-17;Salle de cours 12 (LET-00);27321;LET;60;16;44;CM;Hist. relations inter. CM;L3 Histoire - EJSP;14;Salle informatique 215 (LET-01);27272
2026-03-17;Salle de cours 12 (LET-00);27321;LET;60;18;42;CM;Hist. relations inter. CM;L3 Histoire - EJSP;14;Salle informatique 215 (LET-01);27272
2026-03-17;Salle de cours 120 (LET-00);27333;LET;62;20;42;CM;Les arts en Europe;L3 HAA - HA;12;Salle du conseil B11 (LET-01);27281
2026-03-17;Salle de cours 120 (LET-00);27333;LET;62;20;42;TD;Les arts en Europe;L3 HAA - HA;12;Salle du conseil B11 (LET-01);27281
2026-03-17;Salle de cours 120 (LET-00);27333;LET;62;24;38;CM;Mét cons &med patrim;L3 HAA - HA;6;Salle de cours IEFE 128 (LET-00);27298
2026-03-17;Salle de cours 121 (LET-00);27332;LET;70;28;42;TD;Intro à la Recherche;L3 LLCER - EA - ER;12;Salle de cours IEFE 132 (LET-00);27339
2026-03-17;Salle de cours 13 (LET-00);27322;LET;70;28;42;TD;Cult gé hisp S4 TD;L2 LEA - AE - écogestion;13;Salle de cours IEFE 132 (LET-00);27339
2026-03-17;Salle de cours 13 (LET-00);27322;LET;70;30;40;TD;Thème angl S6;L3 LEA - AE - écogestion;12;Salle de cours 113 (LET-00);27303
2026-03-17;Salle de cours 13 (LET-00);27322;LET;70;28;42;CM;Civi pays hispano S4;L2 LEA - AE - écogestion;13;Salle de cours IEFE 132 (LET-00);27339
2026-03-17;Salle de cours 14 (LET-00);27323;LET;98;24;74;TD;Express° trilingue entrep;L3 LEA - AE - écogestion;9;Cartothèque 222bis (LET-01);27283
2026-03-17;Salle de cours 32 (LET-02);27514;LET;80;7;73;TD;Intro étude des milieux;<L2 MIASHS>L2 MIASHS Intro étud mil nat;1;Salle informatique 201 (LET-01);27266
2026-03-17;Salle de cours 32 (LET-02);27514;LET;80;26;54;CM;Art grec classique;L2 HAA;8;Salle de cours 144 (EC3-01);17123
2026-03-17;Salle de cours B_B1 (DEG-00);36289;DEG;100;33;67;TD;TD Stratégie des entreprises;<L3 AES Gestion des entrep><TD Stratégie des entreprises>Groupe 2;5;Salle de cours C_C11 (DEG-01);36553
2026-03-17;Salle de cours B_B1 (DEG-00);36289;DEG;100;33;67;TD;TD Fiscalité appli aux ets 2;<L3 AES Gestion des entrep><TD Fiscalité appli aux ets 2>Groupe 1;7;Salle de cours B_B6 (DEG-00);36270
2026-03-17;Salle de cours B_B2 (DEG-00);36271;DEG;76;11;65;Cours;Économie du développement;<L3 Economie Gestion>Coloration banque et finance;8;Salle de cours/informatique C_C02 (DEG-00);36288
2026-03-17;Salle de cours B_B2 (DEG-00);36271;DEG;76;31;45;Cours;Dt propriétés pub CM;<L3 Droit>Colo droits et libertés;26;Salle de cours 508 (BA2-02);16629
2026-03-17;Salle de cours B_B2 (DEG-00);36271;DEG;76;31;45;Cours;Dt propriétés pub CM;<L3 Droit>Colo droits et libertés;26;Salle de cours 508 (BA2-02);16629
2026-03-17;Salle de cours C_C01 (DEG-00);36291;DEG;79;23;56;CM;Criminalistique;M2 Police et Sécu inté;1;Salle GREEN A_A01 (DEG-00);36278
2026-03-17;Salle de cours C_C04 (DEG-00);36292;DEG;50;21;29;CM;Droit rural;M1 Droit Notarial;24;Salle de cours 167 (B3-01);15986
2026-03-17;Salle de cours C_C04 (DEG-00);36292;DEG;50;21;29;CM;Droit rural;M1 Droit Notarial;24;Salle de cours 167 (B3-01);15986
2026-03-17;Salle de cours C_C18 (DEG-01);36560;DEG;50;23;27;Cours;Anglais M1 DEG S8;<M1 Drt Act Publique loc><TD Anglais>Anglais M1 Droit Mutualisé Gp 1;8;Salle de cours 167 (B3-01);15986
2026-03-17;Salle de cours C_C19 (DEG-01);36561;DEG;52;19;33;Cours;Consolidation;M1 CGAO;9;Salle de cours 007 (BA1-00);33446
2026-03-17;Salle de cours C_C19 (DEG-01);36561;DEG;52;19;33;Cours;Outils Management Financier;M1 CGAO;11;Salle de cours 007 (BA1-00);33446
2026-03-18;AMPHI STID (STI-00);24832;STI;165;32;133;Cours;R2.01 Conf th vis acoust;BUT 1 - MTEE;4;Salle de cours 508 (BA2-02);16629
2026-03-18;AMPHI STID (STI-00);24832;STI;165;23;142;TD;R2.05 Thermodynamique;<BUT 1 - MTEE><Groupes TD>TD1;7;Salle de cours 167 (B3-01);15986
2026-03-18;Amphi 2 (LET-00);27354;LET;140;53;87;CM;Civi pays hisp S6;L3 LEA - AE - écogestion;13;Salle de cours 509 (BA2-02);16630
2026-03-18;Amphi 3 (LET-02);27502;LET;300;104;196;CM;Sociologie des inégalités;L1 Sociologie;10;Amphi B (EC9-02);16035
2026-03-18;Amphi 3 (LET-02);27502;LET;300;103;197;CM;Histoire ancienne;L1 Histoire;12;Amphi B (EC9-02);16035
2026-03-18;Amphi A_A400 (DEG-00);36274;DEG;400;123;277;Cours;Droit de la famille CM;<L3 Droit>Colo droit des affaires;17;Amphi B (EC9-02);16035
2026-03-18;Amphi A_A400 (DEG-00);36274;DEG;400;123;277;Cours;Droit de la famille CM;<L3 Droit>Colo droit des affaires;17;Amphi B (EC9-02);16035
2026-03-18;Amphi A_A600 (DEG-00);36275;DEG;600;147;453;CM;Santé publique & drt sant;L3 AES Coord & gestion;1;Amphi 1 (LET-00);27353
2026-03-18;Amphi B (SCI_R-00);85297;SCI_R;220;110;110;Cours;Mathématiques S2;L1 Physique, Chimie;3;I-006 Kompong Speu (ISA-00);78413
2026-03-18;Amphi F (PAL-00);13841;PAL;75;18;57;TD;Chim org fonct, méca rela;<L2 Sciences de la vie>L2 SDV - Chimie Orga;2;Salle 5 (PAL-00);13835
2026-03-18;Amphi F (PAL-00);13841;PAL;75;30;45;TD;Chim org fonct, méca rela;<L2 Sciences de la vie>L2 SDV - Chimie Orga;2;Salle 5 (PAL-00);13835
2026-03-18;Amphi G (DUB-00);17228;DUB;140;35;105;Cours;Algorit math 5 python S6;L3 Mathématiques;2;Salle 25 (DUB-00);17240
2026-03-18;Amphi G (DUB-00);17228;DUB;140;27;113;CTD;Electrochimie;L3 PC - Chimie;12;Salle de cours 144 (EC3-01);17123
2026-03-18;Amphi H (DUB-00);17229;DUB;140;47;93;CTD;Physique pour SDT;L1 Sciences de la terre;5;Salle de cours 135 (LET-00);27336
2026-03-18;Salle de cours 10 (LET-00);27320;LET;60;5;55;TD;Séminaire Elyse Ritchey;PREPA. AGREGAT. ESPAGNOL;4;Salle immersive & UNITA 305 (LET-02);81132
2026-03-18;Salle de cours 107 (LET-00);27308;LET;68;12;56;TD;init th/vers angl S2;L1 LEA - AA - langues spé;13;Salle informatique 313 (LET-02);27510
2026-03-18;Salle de cours 107 (LET-00);27308;LET;68;16;52;TD;Com & médias esp S2;<L1 LEA - AE - langues spé><L1 LEA Spé TD>L1 LEA Gpe C;13;Labo de Langues 316 (LET-02);27521
2026-03-18;Salle de cours 107 (LET-00);27308;LET;68;30;38;TD;Gram angl S2 TD;L1 LEA - AA - langues spé;13;Salle de cours 135 (LET-00);27336
2026-03-18;Salle de cours 12 (LET-00);27321;LET;60;16;44;CM;Institutions publiques;L3 Histoire - EJSP;19;Salle de langues I-202 (ISA-02);78618
2026-03-18;Salle de cours 12 (LET-00);27321;LET;60;16;44;CM;Institutions publiques;L3 Histoire - EJSP;19;Salle de langues I-202 (ISA-02);78618
2026-03-18;Salle de cours 120 (LET-00);27333;LET;62;26;36;CM;Arts extra occidentaux;L2 HAA;6;Salle de cours 135 (LET-00);27336
2026-03-18;Salle de cours 120 (LET-00);27333;LET;62;5;57;CM;Archéo monde rural au MÂ;L3 HAA - AP;11;Salle informatique 202 (LET-01);27273
2026-03-18;Salle de cours 13 (LET-00);27322;LET;70;28;42;CM;Gram & thème esp S4 CM;L2 LEA - AE - écogestion;11;Salle de cours 166 (B3-01);15984
2026-03-18;Salle de cours 14 (LET-00);27323;LET;98;1;97;Cours;Anglais LTDT S10;<M2 Tourisme><TD Anglais>Anglais M2 Tourisme (LTDT);8;Salle informatique 202 (LET-01);27273
2026-03-18;Salle de cours 14 (LET-00);27323;LET;98;24;74;TD;3 Approfond lit/styl 3;L3 Lettres modernes;5;Cartothèque 222bis (LET-01);27283
2026-03-18;Salle de cours 220 (LET-01);27254;LET;60;3;57;TD;Atel. historien med mod;L3 Histoire - Art & Patri;14;Labo de Langues 316 (LET-02);27521
2026-03-18;Salle de cours 23 (LET-01);27248;LET;80;25;55;TD;Histoire anc.;L3 Histoire - ER;12;Salle de cours IEFE 127 (LET-00);27296
2026-03-18;Salle de cours B_B1 (DEG-00);36289;DEG;100;11;89;Cours;Finances de marché;<L3 Economie Gestion>Coloration banque et finance;11;Salle de réunion 110 (B1-01);16830
2026-03-18;Salle de cours B_B1 (DEG-00);36289;DEG;100;26;74;TD;TD finance de marché;<L3 Economie Gestion>Coloration banque et finance;8;Salle de cours B_B6 (DEG-00);36270
2026-03-18;Salle de cours B_B1 (DEG-00);36289;DEG;100;45;55;Cours;PAC CM;<L3 Droit>Colo droits et libertés;18;Salle de Cours 003 (BA1-00);33458
2026-03-18;Salle de cours B_B1 (DEG-00);36289;DEG;100;45;55;Cours;PAC CM;<L3 Droit>Colo droits et libertés;18;Salle de Cours 003 (BA1-00);33458
2026-03-18;Salle de cours B_B2 (DEG-00);36271;DEG;76;19;57;Cours;Anglais M1 DEG S8;<M1 Droit transitions EE><TD Anglais>Anglais M1 Droit Mutualisé Gp 3;1;Salle de cours B_B206 (DEG-02);36420
2026-03-18;Salle de cours B_B2 (DEG-00);36271;DEG;76;32;44;TD;TD Statistiques descriptives;<L1 Economie et Gestion><TD statistiques descriptives>Gp 2;4;Salle de cours B_B6 (DEG-00);36270
2026-03-18;Salle de cours B_B2 (DEG-00);36271;DEG;76;35;41;TD;TD Maths pour éco gestion;<L1 Economie et Gestion><TD Maths pour éco gestion>Groupe 3;3;Salle de cours C_C15 (DEG-01);36557
2026-03-18;Salle de cours C_C19 (DEG-01);36561;DEG;52;19;33;Cours;Initiation recherche;M1 CGAO;13;Salle de cours 007 (BA1-00);33446
2026-03-19;AMPHI STID (STI-00);24832;STI;165;9;156;TD;R2.05 Thermodynamique;<BUT 1 - MTEE><Groupes TD>TD2;6;Salle informatique B_BARETOUS (DEG-01);36548
2026-03-19;Amphi (STAP-00);18427;STAP;300;88;212;Cours;1 Environnement/pratiques;L2 STAPS ES (Tarbes);10;Amphi 40 (EC3-00);17104
2026-03-19;Amphi 2 (LET-00);27354;LET;140;43;97;CM;Intro changt climatique;L1 Géo Aménagement;9;Salle de Cours 003 (BA1-00);33458
2026-03-19;Amphi 3 (LET-02);27502;LET;300;86;214;CM;9 - Hist lit cult art 6;L3 Lettres modernes;3;Amphi 40 (EC3-00);17104
2026-03-19;Amphi 3 (LET-02);27502;LET;300;124;176;CM;Linguistique S2;L1 LLCER - EA;7;Amphi B (EC9-02);16035
2026-03-19;Amphi 3 (LET-02);27502;LET;300;124;176;CM;Littérature S2;L1 LLCER - EA;11;Amphi B (EC9-02);16035
2026-03-19;Amphi A_A400 (DEG-00);36274;DEG;400;44;356;Cours;Contrôle de gestion;L3 AES Gestion des entrep;9;Salle de Cours 003 (BA1-00);33458
2026-03-19;Amphi A_A400 (DEG-00);36274;DEG;400;10;390;Cours;Démographie économique;L1 Economie Gestion CMI;9;Salle de Réunion 14 (BU-01);16992
2026-03-19;Amphi A_A600 (DEG-00);36275;DEG;600;214;386;Cours;Dr collectivités territ;L2 Droit;18;Amphi 400 (EC9-01);16026
2026-03-19;Amphi A_A600 (DEG-00);36275;DEG;600;214;386;Cours;Pol protec soc europ;L2 Droit;20;Amphi 400 (EC9-01);16026
2026-03-19;Amphi A_A600 (DEG-00);36275;DEG;600;214;386;Cours;Pol protec soc europ;L2 Droit;20;Amphi 400 (EC9-01);16026
2026-03-19;Amphi D (SCI_R-00);84870;SCI_R;192;47;145;Cours;Chimie des solutions 2;<L1 Sciences de la vie>< Parcours CMI>CMI- GEM SDV 1ère Année;2;Salle de Cours 003 (BA1-00);33458
2026-03-19;Amphi D (SCI_R-00);84870;SCI_R;192;48;144;Cours;Atosmitique et liaison ch;L2 PC - LAS;1;Amphi A (SCI_R-00);85316
2026-03-19;Amphi G (DUB-00);17228;DUB;140;42;98;Cours;Paradigmes de programmat°;;1;Salle 25bis (DUB-00);17239
2026-03-19;Amphi G (DUB-00);17228;DUB;140;1;139;Cours;Electrocinétique-Electric;<L1 Physique, Chimie>L1 PC Electro-cinétique;6;Salle TP Informatique indus 38 (DUB-01);17153
2026-03-19;Amphi H (DUB-00);17229;DUB;140;47;93;CTD;Physique pour SDT;L1 Sciences de la terre;5;Salle de cours 135 (LET-00);27336
2026-03-19;Salle de cours 120 (LET-00);27333;LET;62;24;38;CM;Art antique romain et ita;L3 HAA - HA;6;Salle de cours 167 (B3-01);15986
2026-03-19;Salle de cours 220 (LET-01);27254;LET;60;25;35;CM;Hist. médiévale;L3 Histoire - ER;12;Salle de cours 144 (EC3-01);17123
2026-03-19;Salle de cours 220 (LET-01);27254;LET;60;25;35;TD;Hist. médiévale;L3 Histoire - ER;12;Salle de cours 144 (EC3-01);17123
2026-03-19;Salle de cours 32 (LET-02);27514;LET;80;26;54;TD;Modern. & avt gardes TD;L2 HAA;11;Salle de cours IEFE 127 (LET-00);27296
2026-03-19;Salle de cours 32 (LET-02);27514;LET;80;30;50;CM;Modern. & avt gardes CM;L2 HAA;11;Salle de cours 166 (B3-01);15984
2026-03-19;Salle de cours B_B1 (DEG-00);36289;DEG;100;11;89;Cours;Hist. faits éco;L3 Economie Gestion CMI;4;Salle de cours/informatique C_C02 (DEG-00);36288
2026-03-19;Salle de cours C_C04 (DEG-00);36292;DEG;50;24;26;TD;Gds prob polit contemp TD 2;<L3 AES Gestion des entrep>Gds prob polit contemp 2;10;Salle GREEN A_A01 (DEG-00);36278
2026-03-19;Salle de cours C_C04 (DEG-00);36292;DEG;50;12;38;TD;Init thème/vers angl S2;L1 LEA - AA - langues spé;5;Salle informatique B_ASPE (DEG-01);36531
2026-03-19;Salle de cours C_C04 (DEG-00);36292;DEG;50;25;25;CM;Cult.gén.&note synt. S2;<M1 Procédures contentieux>Culture générale et note de synthèse;24;Amphi A_A600 (DEG-00);36275
2026-03-19;Salle de cours C_C04 (DEG-00);36292;DEG;50;25;25;CM;Cult.gén.&note synt. S2;<M1 Procédures contentieux>Culture générale et note de synthèse;24;Amphi A_A600 (DEG-00);36275
2026-03-19;Salle de cours C_C18 (DEG-01);36560;DEG;50;24;26;CM;les moyens humains;D.U Métiers admin gen ter;2;Salle de cours/informatique C_C02 (DEG-00);36288
2026-03-19;Salle de cours C_C18 (DEG-01);36560;DEG;50;24;26;CM;Bilan mi-formation;D.U Métiers admin gen ter;1;Salle de cours B_B206 (DEG-02);36420
2026-03-19;Salle de cours C_C18 (DEG-01);36560;DEG;50;24;26;CM;xxx.Point rapport de stage;D.U Métiers admin gen ter;1;Salle GREEN A_A01 (DEG-00);36278
2026-03-19;Salle de cours C_C19 (DEG-01);36561;DEG;52;19;33;Cours;PACI;M1 CGAO;11;Salle de cours 007 (BA1-00);33446
2026-03-20;Amphi 2 (LET-00);27354;LET;140;23;117;TD;Mathématiques S6;L3 LLCER - EA - PE;8;Salle de cours IEFE 128 (LET-00);27298
2026-03-20;Amphi 3 (LET-02);27502;LET;300;34;266;CM;1 Histoire du cinéma 1;L1 Lettres - CTD;6;Salle de cours IEFE 131 (LET-00);27295
2026-03-20;Amphi 3 (LET-02);27502;LET;300;34;266;TD;1 Histoire du cinéma 1;L1 Lettres - CTD;6;Salle de cours IEFE 131 (LET-00);27295
2026-03-20;Amphi A_A150 (DEG-00);36279;DEG;150;44;106;Cours;Fiscalité appli aux ets 2;L3 AES Gestion des entrep;11;Salle de Cours 003 (BA1-00);33458
2026-03-20;Amphi A_A150 (DEG-00);36279;DEG;150;42;108;TD;Droit de la famille TD;<L3 Droit><TD Droit de la famille S2>Groupe 3;1;Salle 25bis (DUB-00);17239
2026-03-20;Amphi A_A300 (DEG-00);36276;DEG;300;56;244;TD;TD Macroéconomie 1;L1 MIASHS;1;Salle de cours 163 (B3-01);15991
2026-03-20;Amphi A_A300 (DEG-00);36276;DEG;300;93;207;Cours;Droit civil;L1 AES;16;Auditorium (EC6-02);73560
2026-03-20;Amphi A_A300 (DEG-00);36276;DEG;300;93;207;Cours;Droit civil;L1 AES;16;Auditorium (EC6-02);73560
2026-03-20;Amphi A_A600 (DEG-00);36275;DEG;600;229;371;Cours;Microéconomie 1;L1 MIASHS;8;Amphi 400 (EC9-01);16026
2026-03-20;Amphi B (SCI_R-00);85297;SCI_R;220;104;116;Cours;Algorithmique II;L1 Informatique;1;Amphi C (SCI_R-00);84869
2026-03-20;Amphi D (SCI_R-00);84870;SCI_R;192;35;157;Cours;Théorie des proba S6;L3 Mathématiques;2;Amphi C (SCI_R-00);84869
2026-03-20;Amphi H (DUB-00);17229;DUB;140;42;98;TD;Tests d'hypothèse;L3 MIASHS - MID;8;Salle de Cours 003 (BA1-00);33458
2026-03-20;Amphi H (DUB-00);17229;DUB;140;42;98;TD;Tests d'hypothèse;L3 MIASHS - MID;8;Salle de Cours 003 (BA1-00);33458
2026-03-20;Salle de cours 10 (LET-00);27320;LET;60;16;44;TD;Hist relations inter TD;L3 Histoire - EJSP;6;Salle du conseil B11 (LET-01);27281
2026-03-20;Salle de cours 107 (LET-00);27308;LET;68;22;46;TD;Vers esp S6;L3 LEA - AE - écogestion;23;Salle de cours 167 (B3-01);15986
2026-03-20;Salle de cours 13 (LET-00);27322;LET;70;28;42;CM;Cult gé hisp S4 CM;L2 LEA - AE - écogestion;12;Salle multimedia UTLA 137 (LET-00);27300
2026-03-20;Salle de cours 14 (LET-00);27323;LET;98;17;81;CM;2 - Approf stylistique;L2 Lettres modernes;11;Salle de cours 204 (LET-01);27267
2026-03-20;Salle de cours 14 (LET-00);27323;LET;98;17;81;TD;2 - Approf stylistique;L2 Lettres modernes;11;Salle de cours 203 (LET-01);27270
2026-03-20;Salle de cours 220 (LET-01);27254;LET;60;25;35;CM;Histoire anc.;L3 Histoire - ER;12;Salle de cours IEFE 128 (LET-00);27298
2026-03-20;Salle de cours B_B1 (DEG-00);36289;DEG;100;32;68;TD;Gds prob polit contemp TD 2;L3 Histoire - EJSP;9;Salle de cours 508 (BA2-02);16629
2026-03-20;Salle de cours B_B1 (DEG-00);36289;DEG;100;39;61;TD;TD Macroéconomie 1;<L1 Economie et Gestion><TD Macroéconomie 1>Gp 4;2;Salle de cours B_B4 (DEG-00);36268
2026-03-20;Salle de cours B_B1 (DEG-00);36289;DEG;100;29;71;TD;Droit es sociétés TD;<L3 Droit><TD Droit des sociétés>Groupe 1;3;Salle informatique B_B209 (DEG-02);36423
2026-03-20;Salle de cours B_B1 (DEG-00);36289;DEG;100;30;70;TD;Droit es sociétés TD;<L3 Droit><TD Droit des sociétés>Groupe 2;1;Salle de cours B_B6 (DEG-00);36270
2026-03-20;Salle de cours B_B2 (DEG-00);36271;DEG;76;22;54;TD;TD Macroéconomie S4;<L2 Economie Gestion><TD Macroéconomie S4>Gp 1;1;Salle de cours B_B6 (DEG-00);36270
2026-03-20;Salle de cours B_B2 (DEG-00);36271;DEG;76;11;65;Cours;Comprendre les crises éco;<L3 Economie Gestion>Coloration banque et finance;1;Salle informatique B_ASPE (DEG-01);36531
2026-03-20;Salle de cours C_C03 (DEG-00);36287;DEG;50;8;42;Cours;Droit Public Ecrit;CAPA Droit 1e année (PAU);22;Salle informatique B_BARETOUS (DEG-01);36548
2026-03-20;Salle de cours C_C04 (DEG-00);36292;DEG;50;24;26;CM;Méthodo professionnelle;D.U Métiers admin gen ter;1;Salle de cours B_B6 (DEG-00);36270
2026-03-20;Salle de cours C_C04 (DEG-00);36292;DEG;50;24;26;CM;les moyens humains;D.U Métiers admin gen ter;3;Salle de cours B_B207 (DEG-02);36421
2026-03-20;Salle de cours C_C18 (DEG-01);36560;DEG;50;18;32;CM;Questions administratives;M1 Dt cont des libertés;4;Salle informatique B_B209 (DEG-02);36423
2026-03-20;Salle de cours C_C18 (DEG-01);36560;DEG;50;18;32;CM;Questions administratives;M1 Dt cont des libertés;4;Salle informatique B_B209 (DEG-02);36423
2026-03-20;Salle de cours C_C19 (DEG-01);36561;DEG;52;19;33;Cours;Anglais des Affaires;M1 CGAO;7;Salle de cours 007 (BA1-00);33446
2026-03-23;AMPHI STID (STI-00);24832;STI;165;9;156;TD;R2.07 Math. appli.;<BUT 1 - MTEE><Groupes TD>TD2;13;Salle informatique B_BARETOUS (DEG-01);36548
2026-03-23;Amphi 1 (LET-00);27353;LET;150;74;76;CM;2 Fondamentaux en ortho 2;L1 Lettres - CTD;7;Salle de cours C_C01 (DEG-00);36291
2026-03-23;Amphi 1 (LET-00);27353;LET;150;74;76;CM;1 Grammaire descriptive 2;L1 Lettres - CTD;7;Amphi 40 (EC3-00);17104
2026-03-23;Amphi 1 (LET-00);27353;LET;150;51;99;CM;1 Litté française et fr 4;L2 Lettres classiques;6;Salle de cours 509 (BA2-02);16630
2026-03-23;Amphi 1 (LET-00);27353;LET;150;51;99;TD;1 Litté française et fr 4;L2 Lettres classiques;6;Salle de cours 220 (LET-01);27254
2026-03-23;Amphi 1 (LET-00);27353;LET;150;65;85;CM;Sociologie de l'éducation;L2 Sociologie;5;Salle de cours 301 (LET-02);27528
2026-03-23;Amphi 3 (LET-02);27502;LET;300;104;196;CM;Sociologie générale S2;L1 Sociologie;10;Amphi B (EC9-02);16035
2026-03-23;Amphi A_A150 (DEG-00);36279;DEG;150;17;133;Cours;Gestion des RH et QVT 2;L3 LEA - AE - écogestion;7;Salle informatique B_B209 (DEG-02);36423
2026-03-23;Amphi A_A150 (DEG-00);36279;DEG;150;41;109;CM;Dt des procéd. collect.CM;<M1 Droit privé général>Droit des procédures collectives;23;Salle de Cours 003 (BA1-00);33458
2026-03-23;Amphi A_A150 (DEG-00);36279;DEG;150;41;109;CM;Dt des procéd. collect.CM;<M1 Droit privé général>Droit des procédures collectives;23;Salle de Cours 003 (BA1-00);33458
2026-03-23;Amphi A_A300 (DEG-00);36276;DEG;300;118;182;Cours;Droit des sociétés CM;<L3 Droit>Colo droit des affaires;14;Amphi B (EC9-02);16035
2026-03-23;Amphi A_A300 (DEG-00);36276;DEG;300;118;182;Cours;Droit des sociétés CM;<L3 Droit>Colo droit des affaires;14;Amphi B (EC9-02);16035
2026-03-23;Amphi A_A300 (DEG-00);36276;DEG;300;139;161;Cours;Hist dt inst pub;L1 AES;20;Amphi 400 (EC9-01);16026
2026-03-23;Amphi A_A300 (DEG-00);36276;DEG;300;93;207;Cours;Économie générale;L1 AES;14;Auditorium (EC6-02);73560
2026-03-23;Amphi A_A600 (DEG-00);36275;DEG;600;269;331;Cours;Sociologie juridique;L1 Droit (Pau);14;Amphi 400 (EC9-01);16026
2026-03-23;Amphi B (SCI_R-00);85297;SCI_R;220;53;167;Cours;Calcul différentiel RN S4;L2 Mathématiques;1;Amphi A (SCI_R-00);85316
2026-03-23;Amphi B (SCI_R-00);85297;SCI_R;220;84;136;Cours;Microbiologie 2;L2 SDV - LAS;7;Amphi 40 (EC3-00);17104
2026-03-23;Amphi C_A120 (DEG-00);36290;DEG;120;31;89;CM;Droit de la police;M1 Police et Sécu inté;1;Salle informatique B_B209 (DEG-02);36423
2026-03-23;Amphi C_A120 (DEG-00);36290;DEG;120;15;105;Cours;Management Stratégique;DU TG 2ième Année;10;Salle de réunion D_D04 (DEG-00);36235
2026-03-23;Amphi D (SCI_R-00);84870;SCI_R;192;47;145;Cours;PEP'S 1;<L1 Sciences de la vie>L1 SDV PEP'S 1;1;Amphi A (SCI_R-00);85316
2026-03-23;Amphi G (DUB-00);17228;DUB;140;25;115;CTD;Electrochimie;L3 PC - Chimie;12;Salle de cours 144 (EC3-01);17123
2026-03-23;Salle de cours 107 (LET-00);27308;LET;68;16;52;TD;Gram esp S2 TD;<L1 LEA - AE - langues spé><L1 LEA Spé TD>L1 LEA Gpe C;11;Salle informatique 313 (LET-02);27510
2026-03-23;Salle de cours 107 (LET-00);27308;LET;68;8;60;TD;Vers all S6;L3 LEA - AA - FLE;8;Salle informatique 201 (LET-01);27266
2026-03-23;Salle de cours 107 (LET-00);27308;LET;68;6;62;TD;Express° trilingue entrep;L3 LEA - AA - langues spé;9;Salle du conseil B11 (LET-01);27281
2026-03-23;Salle de cours 11 (LET-00);27324;LET;80;4;76;CM;France contexte européen;<L3 Histoire - ER>6Sem Géo La France dans le contexte européen;9;Salle informatique 214 (LET-01);27271
2026-03-23;Salle de cours 12 (LET-00);27321;LET;60;16;44;TD;Opinions et mass média;L3 Histoire - EJSP;11;Salle du conseil B11 (LET-01);27281
2026-03-23;Salle de cours 12 (LET-00);27321;LET;60;16;44;CM;Opinions et mass média;L3 Histoire - EJSP;11;Salle informatique 313 (LET-02);27510
2026-03-23;Salle de cours 120 (LET-00);27333;LET;62;20;42;CM;Les arts en Europe;L3 HAA - HA;12;Salle du conseil B11 (LET-01);27281
2026-03-23;Salle de cours 120 (LET-00);27333;LET;62;20;42;TD;Les arts en Europe;L3 HAA - HA;12;Salle du conseil B11 (LET-01);27281
2026-03-23;Salle de cours 121 (LET-00);27332;LET;70;19;51;CM;Civi esp et hisp-am S6;L3 LLCER - EH - ER;10;Salle du conseil B11 (LET-01);27281
2026-03-23;Salle de cours 13 (LET-00);27322;LET;70;28;42;TD;Vers esp S4;L2 LEA - AE - écogestion;11;Salle de cours 301 (LET-02);27528
2026-03-23;Salle de cours 23 (LET-01);27248;LET;80;22;58;CM;17 Gestion projet cult 4;L2 Lettres - CTD;8;Salle de cours IEFE 127 (LET-00);27296
2026-03-23;Salle de cours 23 (LET-01);27248;LET;80;3;77;TD;Atel. historien ancienne;L3 Histoire - Art & Patri;12;Salle informatique 201 (LET-01);27266
2026-03-23;Salle de cours 30 (LET-02);27513;LET;60;14;46;CM;UE17 EC1 Litté et patrimoine;M2 Lettres et arts;10;Salle de cours 32 (LET-02);27514
2026-03-23;Salle de cours 31 (LET-02);27515;LET;60;12;48;CM;3 Le questionnaire;M1 socio jeun mobil env;1;Labo de Langues 312 (LET-02);27512
2026-03-23;Salle de cours 32 (LET-02);27514;LET;80;16;64;TD;Opinions et mass média;L3 Histoire - EJSP;11;Salle informatique 313 (LET-02);27510
2026-03-23;Salle de cours B_B1 (DEG-00);36289;DEG;100;33;67;CM;DIP 2;<M1 Droit privé général>DIP;22;Salle de cours 240 (EC3-02);73530
2026-03-23;Salle de cours B_B1 (DEG-00);36289;DEG;100;33;67;CM;DIP 2;<M1 Droit privé général>DIP;22;Salle de cours 240 (EC3-02);73530
2026-03-23;Salle de cours B_B2 (DEG-00);36271;DEG;76;33;43;TD;Dt des sociétés S8 TD;<M1 Droit consommation><TD Droit des sociétés>Groupe 1;8;Salle de cours B_B5 (DEG-00);36269
2026-03-23;Salle de cours B_B2 (DEG-00);36271;DEG;76;37;39;TD;TD comptabilité approfondie;<L3 Economie Gestion>Coloration comptabilité & Audit;2;Salle de cours C_C01 (DEG-00);36291
2026-03-23;Salle de cours C_C03 (DEG-00);36287;DEG;50;8;42;Cours;Droit Civil Ecrit;CAPA Droit 1e année (PAU);21;Salle informatique B_BARETOUS (DEG-01);36548
2026-03-23;Salle de cours C_C19 (DEG-01);36561;DEG;52;18;34;Cours;Digitalisation;;2;Salle informatique B_B209 (DEG-02);36423
2026-03-23;Salle de cours C_C19 (DEG-01);36561;DEG;52;18;34;Cours;Digitalisation;;2;Salle informatique B_B209 (DEG-02);36423
2026-03-24;AMPHI STID (STI-00);24832;STI;165;23;142;TD;R2.07 Math. appli.;<BUT 1 - MTEE><Groupes TD>TD1;6;Salle de cours 167 (B3-01);15986
2026-03-24;AMPHI STID (STI-00);24832;STI;165;9;156;TD;R2.07 Math. appli.;<BUT 1 - MTEE><Groupes TD>TD2;13;Salle informatique B_BARETOUS (DEG-01);36548
2026-03-24;Amphi 3 (LET-02);27502;LET;300;30;270;CM;Civi pays anglo S2;L1 LEA - AA - langues spé;13;Salle de cours IEFE 132 (LET-00);27339
2026-03-24;Amphi 3 (LET-02);27502;LET;300;16;284;CM;Civi pays hispano S2;<L1 LEA - AE - langues spé><L1 LEA Spé TD>L1 LEA Gpe A;13;Labo de Langues 316 (LET-02);27521
2026-03-24;Amphi A (SCI_R-00);85316;SCI_R;216;47;169;Cours;Chimie des solutions 2;L1 Sciences de la terre;3;Salle de Cours 003 (BA1-00);33458
2026-03-24;Amphi A_A150 (DEG-00);36279;DEG;150;40;110;Cours;Droit des obligations 2;L2 AES;8;Salle Recherche (B3-00);15968
2026-03-24;Amphi A_A150 (DEG-00);36279;DEG;150;40;110;Cours;Droit des obligations 2;L2 AES;8;Salle Recherche (B3-00);15968
2026-03-24;Amphi A_A300 (DEG-00);36276;DEG;300;111;189;Cours;Théorie des organisations;L1 AES;11;Amphi B (EC9-02);16035
2026-03-24;Amphi A_A300 (DEG-00);36276;DEG;300;139;161;Cours;Hist dt inst pub;L1 AES;20;Amphi 400 (EC9-01);16026
2026-03-24;Amphi A_A300 (DEG-00);36276;DEG;300;105;195;Cours;Informatique;L3 Economie Gestion CMI;1;Amphi C_A120 (DEG-00);36290
2026-03-24;Amphi A_A400 (DEG-00);36274;DEG;400;165;235;Cours;Relations internationales;<L1 Droit (Pau)>Relations Internationales;24;Amphi 400 (EC9-01);16026
2026-03-24;Amphi A_A400 (DEG-00);36274;DEG;400;165;235;Cours;Relations internationales;<L1 Droit (Pau)>Relations Internationales;24;Amphi 400 (EC9-01);16026
2026-03-24;Amphi A_A400 (DEG-00);36274;DEG;400;61;339;Cours;Histoire droit pénal & fa;<L3 Droit>Colo droit civil;11;Salle de cours 127 (B2-01);16947
2026-03-24;Amphi A_A600 (DEG-00);36275;DEG;600;101;499;CM;Epreuve 2 : Droit oblig;Prépa concours CFPA;1;I-006 Kompong Speu (ISA-00);78413
2026-03-24;Amphi A_A600 (DEG-00);36275;DEG;600;172;428;Cours;Stats descriptive / EXCEL;L1 Economie et Gestion;9;Amphi 400 (EC9-01);16026
2026-03-24;Amphi B (SCI_R-00);85297;SCI_R;220;76;144;Cours;Bases de données I;L2 MIASHS;1;Amphi C (SCI_R-00);84869
2026-03-24;Amphi B (SCI_R-00);85297;SCI_R;220;53;167;Cours;Algèbre 4 S4;L2 Mathématiques;2;Salle de cours 509 (BA2-02);16630
2026-03-24;Amphi C (SCI_R-00);84869;SCI_R;192;84;108;Cours;Physiologie végétale 1;L2 SDV - LAS;12;Amphi 40 (EC3-00);17104
2026-03-24;Amphi D (SCI_R-00);84870;SCI_R;192;60;132;Cours;Algèbre 2 S2;L1 Mathématiques;8;Salle de cours 304 (BA2-00);16671
2026-03-24;Amphi D (SCI_R-00);84870;SCI_R;192;52;140;Cours;Algèbre et géométrie S6;L3 Mathématiques;5;Salle de cours 509 (BA2-02);16630
2026-03-24;Amphi D (SCI_R-00);84870;SCI_R;192;53;139;Cours;Intro probabilités S4;L2 Mathématiques;1;Amphi C (SCI_R-00);84869
2026-03-24;Amphi G (DUB-00);17228;DUB;140;11;129;Cours;Stratégie synth chim orga;L3 PC - Physique, Chimie;2;Salle TP Informatique indus 38 (DUB-01);17153
2026-03-24;Amphi H (DUB-00);17229;DUB;140;35;105;Cours;Théorie des proba S6;L3 Mathématiques;2;Salle 25bis (DUB-00);17239
2026-03-24;Amphi H (DUB-00);17229;DUB;140;60;80;Cours;Analyse 2 S2;L1 Mathématiques;6;Salle de cours 304 (BA2-00);16671
2026-03-24;Salle de cours 107 (LET-00);27308;LET;68;22;46;TD;Vers esp S6;L3 LEA - AE - écogestion;23;Salle de cours 167 (B3-01);15986
2026-03-24;Salle de cours 107 (LET-00);27308;LET;68;22;46;TD;Thème esp S6;L3 LEA - AE - écogestion;11;Salle de cours 167 (B3-01);15986
2026-03-24;Salle de cours 11 (LET-00);27324;LET;80;38;42;CM;Enjeux sociaux;L3 Sociologie;10;Salle de cours 406 (BA2-01);16739
2026-03-24;Salle de cours 12 (LET-00);27321;LET;60;16;44;CM;Hist. relations inter. CM;L3 Histoire - EJSP;14;Salle informatique 215 (LET-01);27272
2026-03-24;Salle de cours 12 (LET-00);27321;LET;60;18;42;CM;Hist. relations inter. CM;L3 Histoire - EJSP;14;Salle informatique 215 (LET-01);27272
2026-03-24;Salle de cours 120 (LET-00);27333;LET;62;20;42;CM;Les arts en Europe;L3 HAA - HA;12;Salle du conseil B11 (LET-01);27281
2026-03-24;Salle de cours 120 (LET-00);27333;LET;62;20;42;TD;Les arts en Europe;L3 HAA - HA;12;Salle du conseil B11 (LET-01);27281
2026-03-24;Salle de cours 121 (LET-00);27332;LET;70;28;42;TD;Intro à la Recherche;L3 LLCER - EA - ER;12;Salle de cours IEFE 132 (LET-00);27339
2026-03-24;Salle de cours 13 (LET-00);27322;LET;70;28;42;TD;Cult gé hisp S4 TD;L2 LEA - AE - écogestion;13;Salle de cours IEFE 132 (LET-00);27339
2026-03-24;Salle de cours 13 (LET-00);27322;LET;70;30;40;TD;Thème angl S6;L3 LEA - AE - écogestion;12;Salle de cours 113 (LET-00);27303
2026-03-24;Salle de cours 13 (LET-00);27322;LET;70;28;42;CM;Civi pays hispano S4;L2 LEA - AE - écogestion;13;Salle de cours IEFE 132 (LET-00);27339
2026-03-24;Salle de cours 14 (LET-00);27323;LET;98;24;74;TD;Express° trilingue entrep;L3 LEA - AE - écogestion;9;Cartothèque 222bis (LET-01);27283
2026-03-24;Salle de cours 32 (LET-02);27514;LET;80;26;54;CM;Art grec classique;L2 HAA;8;Salle de cours 144 (EC3-01);17123
2026-03-24;Salle de cours B_B1 (DEG-00);36289;DEG;100;33;67;TD;TD Fiscalité appli aux ets 2;<L3 AES Gestion des entrep><TD Fiscalité appli aux ets 2>Groupe 1;7;Salle de cours B_B6 (DEG-00);36270
2026-03-24;Salle de cours B_B2 (DEG-00);36271;DEG;76;31;45;Cours;Dt propriétés pub CM;<L3 Droit>Colo droits et libertés;26;Salle de cours 508 (BA2-02);16629
2026-03-24;Salle de cours B_B2 (DEG-00);36271;DEG;76;31;45;Cours;Dt propriétés pub CM;<L3 Droit>Colo droits et libertés;26;Salle de cours 508 (BA2-02);16629
2026-03-24;Salle de cours C_C03 (DEG-00);36287;DEG;50;23;27;CM;Criminalistique;M2 Police et Sécu inté;1;Salle GREEN A_A01 (DEG-00);36278
2026-03-24;Salle de cours C_C04 (DEG-00);36292;DEG;50;21;29;CM;Droit rural;M1 Droit Notarial;24;Salle de cours 167 (B3-01);15986
2026-03-24;Salle de cours C_C04 (DEG-00);36292;DEG;50;21;29;CM;Droit rural;M1 Droit Notarial;24;Salle de cours 167 (B3-01);15986
2026-03-24;Salle de cours C_C18 (DEG-01);36560;DEG;50;23;27;Cours;Anglais M1 DEG S8;<M1 Drt Act Publique loc><TD Anglais>Anglais M1 Droit Mutualisé Gp 1;8;Salle de cours 167 (B3-01);15986
2026-03-25;AMPHI STID (STI-00);24832;STI;165;9;156;TD;R2.05 Thermodynamique;<BUT 1 - MTEE><Groupes TD>TD2;6;Salle informatique B_BARETOUS (DEG-01);36548
2026-03-25;Amphi (STAP-00);18427;STAP;300;124;176;Cours;1 Histoire de l'EPS;L2 STAPS EM (Tarbes);9;Amphi B (EC9-02);16035
2026-03-25;Amphi 2 (LET-00);27354;LET;140;53;87;CM;Civi pays hisp S6;L3 LEA - AE - écogestion;13;Salle de cours 509 (BA2-02);16630
2026-03-25;Amphi 3 (LET-02);27502;LET;300;104;196;TD;Découv chmps prof;L1 Sociologie;5;Amphi B (EC9-02);16035
2026-03-25;Amphi 3 (LET-02);27502;LET;300;104;196;CM;Sociologie des inégalités;L1 Sociologie;10;Amphi B (EC9-02);16035
2026-03-25;Amphi 3 (LET-02);27502;LET;300;103;197;CM;Histoire ancienne;L1 Histoire;12;Amphi B (EC9-02);16035
2026-03-25;Amphi A (SCI_R-00);85316;SCI_R;216;60;156;Cours;Sécurité Informatique;L2 Informatique;1;Amphi C (SCI_R-00);84869
2026-03-25;Amphi A_A300 (DEG-00);36276;DEG;300;103;197;CM;Monde contemporain;L1 Histoire;1;Amphi A_A600 (DEG-00);36275
2026-03-25;Amphi A_A400 (DEG-00);36274;DEG;400;123;277;Cours;Droit de la famille CM;<L3 Droit>Colo droit des affaires;17;Amphi B (EC9-02);16035
2026-03-25;Amphi A_A400 (DEG-00);36274;DEG;400;123;277;Cours;Droit de la famille CM;<L3 Droit>Colo droit des affaires;17;Amphi B (EC9-02);16035
2026-03-25;Amphi A_A400 (DEG-00);36274;DEG;400;119;281;Cours;Microéconomie 3;L2 Economie Gestion CMI;1;Amphi A_A300 (DEG-00);36276
2026-03-25;Amphi A_A600 (DEG-00);36275;DEG;600;269;331;Cours;Sociologie juridique;L1 Droit (Pau);14;Amphi 400 (EC9-01);16026
2026-03-25;Amphi A_A600 (DEG-00);36275;DEG;600;269;331;Cours;Sociologie juridique;L1 Droit (Pau);14;Amphi 400 (EC9-01);16026
2026-03-25;Amphi B (SCI_R-00);85297;SCI_R;220;84;136;Cours;Microbiologie 2;L2 SDV - LAS;7;Amphi 40 (EC3-00);17104
2026-03-25;Amphi B (SCI_R-00);85297;SCI_R;220;110;110;Cours;Mathématiques S2;L1 Physique, Chimie;3;I-006 Kompong Speu (ISA-00);78413
2026-03-25;Amphi D (SCI_R-00);84870;SCI_R;192;53;139;Cours;Intro théorie groupes S4;L2 Mathématiques;1;Amphi C (SCI_R-00);84869
2026-03-25;Amphi D (SCI_R-00);84870;SCI_R;192;87;105;Cours;Algèbre pour l'info;L1 Informatique;5;Amphi 40 (EC3-00);17104
2026-03-25;Amphi G (DUB-00);17228;DUB;140;27;113;CTD;Electrochimie;L3 PC - Chimie;12;Salle de cours 144 (EC3-01);17123
2026-03-25;Amphi H (DUB-00);17229;DUB;140;42;98;Cours;Concept° systèmes d'info;L3 Informatique;2;Salle informatique I-207 (ISA-02);78613
2026-03-25;Amphi H (DUB-00);17229;DUB;140;47;93;CTD;Physique pour SDT;L1 Sciences de la terre;5;Salle de cours 135 (LET-00);27336
2026-03-25;Salle de cours 10 (LET-00);27320;LET;60;5;55;TD;Séminaire Elyse Ritchey;PREPA. AGREGAT. ESPAGNOL;4;Salle immersive & UNITA 305 (LET-02);81132
2026-03-25;Salle de cours 107 (LET-00);27308;LET;68;12;56;TD;init th/vers angl S2;L1 LEA - AA - langues spé;13;Salle informatique 313 (LET-02);27510
2026-03-25;Salle de cours 107 (LET-00);27308;LET;68;16;52;TD;Com & médias esp S2;<L1 LEA - AE - langues spé><L1 LEA Spé TD>L1 LEA Gpe C;13;Labo de Langues 316 (LET-02);27521
2026-03-25;Salle de cours 107 (LET-00);27308;LET;68;30;38;TD;Gram angl S2 TD;L1 LEA - AA - langues spé;13;Salle de cours 135 (LET-00);27336
2026-03-25;Salle de cours 120 (LET-00);27333;LET;62;26;36;CM;Arts extra occidentaux;L2 HAA;6;Salle de cours 135 (LET-00);27336
2026-03-25;Salle de cours 120 (LET-00);27333;LET;62;5;57;CM;Archéo monde rural au MÂ;L3 HAA - AP;11;Salle informatique 202 (LET-01);27273
2026-03-25;Salle de cours 14 (LET-00);27323;LET;98;24;74;CM;3 Approfond lit/styl 3;L3 Lettres modernes;7;Cartothèque 222bis (LET-01);27283
2026-03-25;Salle de cours 220 (LET-01);27254;LET;60;3;57;TD;Atel. historien med mod;L3 Histoire - Art & Patri;14;Labo de Langues 316 (LET-02);27521
2026-03-25;Salle de cours 23 (LET-01);27248;LET;80;25;55;TD;Histoire anc.;L3 Histoire - ER;12;Salle de cours IEFE 127 (LET-00);27296
2026-03-25;Salle de cours B_B1 (DEG-00);36289;DEG;100;11;89;Cours;Finances de marché;<L3 Economie Gestion>Coloration banque et finance;11;Salle de réunion 110 (B1-01);16830
2026-03-25;Salle de cours B_B1 (DEG-00);36289;DEG;100;26;74;TD;TD finance de marché;<L3 Economie Gestion>Coloration banque et finance;8;Salle de cours B_B6 (DEG-00);36270
2026-03-25;Salle de cours B_B2 (DEG-00);36271;DEG;76;32;44;TD;TD Statistiques descriptives;<L1 Economie et Gestion><TD statistiques descriptives>Gp 2;4;Salle de cours B_B6 (DEG-00);36270
2026-03-25;Salle de cours B_B2 (DEG-00);36271;DEG;76;19;57;TD;Droit es sociétés TD;<L3 AES Gestion des entrep>Droit des sociétés;3;Salle de cours 109 (BA1-01);33327
2026-03-25;Salle de cours B_B2 (DEG-00);36271;DEG;76;37;39;TD;TD Contrôle de gestion;<L3 AES Gestion des entrep><TD Contrôle de gestion>Groupe 3;8;Amphi C_A120 (DEG-00);36290
2026-03-25;Salle de cours C_C01 (DEG-00);36291;DEG;79;35;44;TD;Droit civil S2 TD;<M1 Droit Notarial><TD Droit civil>Groupe 1;5;Salle de cours 162 (B3-01);15996
2026-03-25;Salle de cours C_C01 (DEG-00);36291;DEG;79;29;50;TD;Droit civil S2 TD;<M1 Droit consommation><TD Droit civil>Groupe 2;5;Salle informatique B_B209 (DEG-02);36423
2026-03-25;Salle de cours C_C04 (DEG-00);36292;DEG;50;23;27;CM;Procédure pénale;M2 Police et Sécu inté;1;Salle GREEN A_A01 (DEG-00);36278
2026-03-25;Salle de cours C_C18 (DEG-01);36560;DEG;50;1;49;TD;TD Comptabilité de gestion;<L2 Economie Gestion><TD Comptabilité de gestion>Gp 4;3;Salle de réunion IAE CREG D_D210 (DEG-02);36444
2026-03-26;AMPHI STID (STI-00);24832;STI;165;41;124;Cours;R4.05 Conduction chaleur;[BUT 2 MTEE CM];1;Salle de cours 01 (STAP-00);18420
2026-03-26;Amphi (STAP-00);18427;STAP;300;88;212;Cours;1 Evaluation psycho;L2 STAPS ES (Tarbes);4;Amphi 40 (EC3-00);17104
2026-03-26;Amphi (STAP-00);18427;STAP;300;88;212;Cours;1 Environnement/pratiques;L2 STAPS ES (Tarbes);10;Amphi 40 (EC3-00);17104
2026-03-26;Amphi 2 (LET-00);27354;LET;140;43;97;CM;Intro changt climatique;L1 Géo Aménagement;9;Salle de Cours 003 (BA1-00);33458
2026-03-26;Amphi 3 (LET-02);27502;LET;300;86;214;CM;9 - Hist lit cult art 6;L3 Lettres modernes;3;Amphi 40 (EC3-00);17104
2026-03-26;Amphi 3 (LET-02);27502;LET;300;124;176;CM;Littérature S2;L1 LLCER - EA;11;Amphi B (EC9-02);16035
2026-03-26;Amphi A_A150 (DEG-00);36279;DEG;150;51;99;Cours;GRH 1;L2 Economie Gestion CMI;6;Salle de cours B_B1 (DEG-00);36289
2026-03-26;Amphi A_A300 (DEG-00);36276;DEG;300;146;154;Cours;Macroéconomie 3;L2 Economie Gestion CMI;11;Amphi 400 (EC9-01);16026
2026-03-26;Amphi A_A300 (DEG-00);36276;DEG;300;33;267;Cours;Langue étrangère anglais;<M1 MOT><Groupe  Anglais>Groupe Anglais Intermédiaire;1;Salle de cours B_B6 (DEG-00);36270
2026-03-26;Amphi A_A400 (DEG-00);36274;DEG;400;44;356;Cours;Contrôle de gestion;L3 AES Gestion des entrep;9;Salle de Cours 003 (BA1-00);33458
2026-03-26;Amphi A_A400 (DEG-00);36274;DEG;400;10;390;Cours;Démographie économique;L1 Economie Gestion CMI;9;Salle de Réunion 14 (BU-01);16992
2026-03-26;Amphi A_A600 (DEG-00);36275;DEG;600;214;386;Cours;Pol protec soc europ;L2 Droit;20;Amphi 400 (EC9-01);16026
2026-03-26;Amphi A_A600 (DEG-00);36275;DEG;600;214;386;Cours;Pol protec soc europ;L2 Droit;20;Amphi 400 (EC9-01);16026
2026-03-26;Amphi B (SCI_R-00);85297;SCI_R;220;47;173;Cours;Chimie des solutions 2;<L1 Sciences de la vie>< Parcours CMI>CMI- GEM SDV 1ère Année;2;Amphi A (SCI_R-00);85316
2026-03-26;Amphi D (SCI_R-00);84870;SCI_R;192;11;181;Cours;Stratégie synth chim orga;L3 PC - Physique, Chimie;1;Salle info B222 (SCI_R-02);85256
2026-03-26;Amphi G (DUB-00);17228;DUB;140;42;98;Cours;Réseaux II;L3 Informatique;6;Salle informatique I-207 (ISA-02);78613
2026-03-26;Salle de cours 120 (LET-00);27333;LET;62;24;38;CM;Art antique romain et ita;L3 HAA - HA;6;Salle de cours 167 (B3-01);15986
2026-03-26;Salle de cours 220 (LET-01);27254;LET;60;25;35;CM;Hist. médiévale;L3 Histoire - ER;12;Salle de cours 144 (EC3-01);17123
2026-03-26;Salle de cours 220 (LET-01);27254;LET;60;25;35;TD;Hist. médiévale;L3 Histoire - ER;12;Salle de cours 144 (EC3-01);17123
2026-03-26;Salle de cours B_B1 (DEG-00);36289;DEG;100;11;89;Cours;Hist. faits éco;L3 Economie Gestion CMI;4;Salle de cours/informatique C_C02 (DEG-00);36288
2026-03-26;Salle de cours B_B2 (DEG-00);36271;DEG;76;33;43;Cours;MEDECINE LEGALE;CERTIF SC CRIM;1;Salle de cours B_B6 (DEG-00);36270
2026-03-26;Salle de cours C_C04 (DEG-00);36292;DEG;50;24;26;TD;Gds prob polit contemp TD 2;<L3 AES Gestion des entrep>Gds prob polit contemp 2;10;Salle GREEN A_A01 (DEG-00);36278
2026-03-26;Salle de cours C_C04 (DEG-00);36292;DEG;50;25;25;CM;Cult.gén.&note synt. S2;<M1 Procédures contentieux>Culture générale et note de synthèse;24;Amphi A_A600 (DEG-00);36275
2026-03-26;Salle de cours C_C04 (DEG-00);36292;DEG;50;25;25;CM;Cult.gén.&note synt. S2;<M1 Procédures contentieux>Culture générale et note de synthèse;24;Amphi A_A600 (DEG-00);36275
2026-03-26;Salle de cours C_C18 (DEG-01);36560;DEG;50;24;26;CM;Méthodo professionnelle;D.U Métiers admin gen ter;1;Salle GREEN A_A01 (DEG-00);36278
2026-03-26;Salle de cours C_C18 (DEG-01);36560;DEG;50;24;26;CM;les moyens humains;D.U Métiers admin gen ter;2;Salle de cours/informatique C_C02 (DEG-00);36288
2026-03-26;Salle de cours C_C18 (DEG-01);36560;DEG;50;24;26;CM;les moyens financiers;D.U Métiers admin gen ter;1;Salle GREEN A_A01 (DEG-00);36278
2026-03-27;AMPHI STID (STI-00);24832;STI;165;27;138;CM;R6.02 Méthodes statistiqu;BUT 3 SD - Visualisation;1;Salle de cours 144 (EC3-01);17123
2026-03-27;Amphi 2 (LET-00);27354;LET;140;23;117;TD;Mathématiques S6;L3 LLCER - EA - PE;8;Salle de cours IEFE 128 (LET-00);27298
2026-03-27;Amphi 3 (LET-02);27502;LET;300;34;266;CM;1 Histoire du cinéma 1;L1 Lettres - CTD;6;Salle de cours IEFE 131 (LET-00);27295
2026-03-27;Amphi 3 (LET-02);27502;LET;300;34;266;TD;1 Histoire du cinéma 1;L1 Lettres - CTD;6;Salle de cours IEFE 131 (LET-00);27295
2026-03-27;Amphi A_A150 (DEG-00);36279;DEG;150;44;106;Cours;Fiscalité appli aux ets 2;L3 AES Gestion des entrep;11;Salle de Cours 003 (BA1-00);33458
2026-03-27;Amphi A_A150 (DEG-00);36279;DEG;150;56;94;TD;TD Macroéconomie 1;L1 MIASHS;7;Salle de cours 163 (B3-01);15991
2026-03-27;Amphi A_A300 (DEG-00);36276;DEG;300;44;256;Cours;Fiscalité appli aux ets 2;L3 AES Gestion des entrep;1;Salle de cours C_C18 (DEG-01);36560
2026-03-27;Amphi A_A300 (DEG-00);36276;DEG;300;93;207;Cours;Droit civil;L1 AES;16;Auditorium (EC6-02);73560
2026-03-27;Amphi A_A300 (DEG-00);36276;DEG;300;93;207;Cours;Droit civil;L1 AES;16;Auditorium (EC6-02);73560
2026-03-27;Amphi D (SCI_R-00);84870;SCI_R;192;42;150;Cours;Tests d'hypothèse;L3 MIASHS - MID;1;Amphi A (SCI_R-00);85316
2026-03-27;Amphi D (SCI_R-00);84870;SCI_R;192;42;150;TD;Tests d'hypothèse;L3 MIASHS - MID;4;Salle 17 (PAL-01);13878
2026-03-27;Amphi G (DUB-00);17228;DUB;140;60;80;Cours;Compléments Math 2 S2;L1 Mathématiques;1;Salle de cours 304 (BA2-00);16671
2026-03-27;Amphi G (DUB-00);17228;DUB;140;60;80;Cours;Systèmes d'exploitat° II;L2 Informatique;2;Salle de cours 304 (BA2-00);16671
2026-03-27;Amphi H (DUB-00);17229;DUB;140;47;93;CTD;Physique pour SDT;L1 Sciences de la terre;5;Salle de cours 135 (LET-00);27336
2026-03-27;Salle de cours 107 (LET-00);27308;LET;68;22;46;TD;Vers esp S6;L3 LEA - AE - écogestion;23;Salle de cours 167 (B3-01);15986
2026-03-27;Salle de cours 13 (LET-00);27322;LET;70;28;42;CM;Cult gé hisp S4 CM;L2 LEA - AE - écogestion;12;Salle multimedia UTLA 137 (LET-00);27300
2026-03-27;Salle de cours 14 (LET-00);27323;LET;98;17;81;CM;2 - Approf stylistique;L2 Lettres modernes;11;Salle de cours 204 (LET-01);27267
2026-03-27;Salle de cours 14 (LET-00);27323;LET;98;17;81;TD;2 - Approf stylistique;L2 Lettres modernes;11;Salle de cours 203 (LET-01);27270
2026-03-27;Salle de cours 220 (LET-01);27254;LET;60;25;35;CM;Histoire anc.;L3 Histoire - ER;12;Salle de cours IEFE 128 (LET-00);27298
2026-03-27;Salle de cours 301 (LET-02);27528;LET;70;20;50;CM;UE8 EC1 Nouv ruralités ciné;M1 MEEF LV Espagnol;5;Salle de cours 204 (LET-01);27267
2026-03-27;Salle de cours B_B1 (DEG-00);36289;DEG;100;32;68;TD;Gds prob polit contemp TD 2;L3 Histoire - EJSP;9;Salle de cours 508 (BA2-02);16629
2026-03-27;Salle de cours B_B1 (DEG-00);36289;DEG;100;42;58;TD;Droit de la famille TD;<L3 Droit><TD Droit de la famille S2>Groupe 3;1;Salle de cours C_C18 (DEG-01);36560
2026-03-27;Salle de cours B_B1 (DEG-00);36289;DEG;100;37;63;TD;TD Théorie des organisations;<L1 Economie et Gestion>Théorie des organisations;1;Salle de cours C_C13 (DEG-01);36555
2026-03-27;Salle de cours B_B1 (DEG-00);36289;DEG;100;31;69;TD;TD Macroéconomie S4;<L2 Economie Gestion><TD Macroéconomie S4>Gp 4;3;Salle informatique B_B209 (DEG-02);36423
2026-03-27;Salle de cours B_B2 (DEG-00);36271;DEG;76;37;39;TD;TD Stratégie des entreprises;<L3 Economie Gestion><TD Stratégie des entreprises>Groupe 3;3;Salle de cours C_C01 (DEG-00);36291
2026-03-27;Salle de cours B_B2 (DEG-00);36271;DEG;76;11;65;Cours;Relations internation;L2 Economie Gestion CMI;8;Salle informatique B_ASPE (DEG-01);36531
2026-03-27;Salle de cours C_C03 (DEG-00);36287;DEG;50;22;28;TD;TD Macroéconomie S4;<L2 Economie Gestion><TD Macroéconomie S4>Gp 1;7;Salle de cours/informatique C_C02 (DEG-00);36288
2026-03-27;Salle de cours C_C03 (DEG-00);36287;DEG;50;8;42;Cours;Droit Public Ecrit;CAPA Droit 1e année (PAU);22;Salle informatique B_BARETOUS (DEG-01);36548
2026-03-30;AMPHI STID (STI-00);24832;STI;165;9;156;TD;R2.07 Math. appli.;<BUT 1 - MTEE><Groupes TD>TD2;13;Salle informatique B_BARETOUS (DEG-01);36548
2026-03-30;Amphi (STAP-00);18427;STAP;300;22;278;TD;16 Transfert des connaiss;M1 STAPS EPPM;2;Salle de cours 167 (B3-01);15986
2026-03-30;Amphi 1 (LET-00);27353;LET;150;74;76;CM;2 Fondamentaux en ortho 2;L1 Lettres - CTD;7;Salle de cours C_C01 (DEG-00);36291
2026-03-30;Amphi 1 (LET-00);27353;LET;150;74;76;CM;1 Grammaire descriptive 2;L1 Lettres - CTD;7;Amphi 40 (EC3-00);17104
2026-03-30;Amphi 1 (LET-00);27353;LET;150;74;76;CM;1 Littérature française 2;L1 Lettres - CTD;6;Amphi 40 (EC3-00);17104
2026-03-30;Amphi 1 (LET-00);27353;LET;150;51;99;CM;1 Litté française et fr 4;L2 Lettres classiques;6;Salle de cours 509 (BA2-02);16630
2026-03-30;Amphi 1 (LET-00);27353;LET;150;51;99;TD;1 Litté française et fr 4;L2 Lettres classiques;6;Salle de cours 220 (LET-01);27254
2026-03-30;Amphi 3 (LET-02);27502;LET;300;104;196;CM;Sociologie générale S2;L1 Sociologie;10;Amphi B (EC9-02);16035
2026-03-30;Amphi 3 (LET-02);27502;LET;300;104;196;CM;Sociologie générale S2;L1 Sociologie;10;Amphi B (EC9-02);16035
2026-03-30;Amphi A_A150 (DEG-00);36279;DEG;150;41;109;CM;Dt des procéd. collect.CM;<M1 Droit privé général>Droit des procédures collectives;23;Salle de Cours 003 (BA1-00);33458
2026-03-30;Amphi A_A150 (DEG-00);36279;DEG;150;41;109;CM;Dt des procéd. collect.CM;<M1 Droit privé général>Droit des procédures collectives;23;Salle de Cours 003 (BA1-00);33458
2026-03-30;Amphi A_A300 (DEG-00);36276;DEG;300;118;182;Cours;Droit des sociétés CM;<L3 Droit>Colo droit des affaires;14;Amphi B (EC9-02);16035
2026-03-30;Amphi A_A300 (DEG-00);36276;DEG;300;118;182;Cours;Droit des sociétés CM;<L3 Droit>Colo droit des affaires;14;Amphi B (EC9-02);16035
2026-03-30;Amphi A_A300 (DEG-00);36276;DEG;300;139;161;Cours;Hist dt inst pub;L1 AES;20;Amphi 400 (EC9-01);16026
2026-03-30;Amphi A_A300 (DEG-00);36276;DEG;300;93;207;Cours;Économie générale;L1 AES;14;Auditorium (EC6-02);73560
2026-03-30;Amphi A_A600 (DEG-00);36275;DEG;600;214;386;Cours;Droit administratif;L2 Droit;12;Amphi 400 (EC9-01);16026
2026-03-30;Amphi A_A600 (DEG-00);36275;DEG;600;214;386;Cours;Droit administratif;L2 Droit;12;Amphi 400 (EC9-01);16026
2026-03-30;Amphi A_A600 (DEG-00);36275;DEG;600;229;371;Cours;Microéconomie 1;L1 MIASHS;8;Amphi 400 (EC9-01);16026
2026-03-30;Amphi A_A600 (DEG-00);36275;DEG;600;269;331;Cours;Sociologie juridique;L1 Droit (Pau);14;Amphi 400 (EC9-01);16026
2026-03-30;Amphi C (SCI_R-00);84869;SCI_R;192;53;139;Cours;Calcul différentiel RN S4;L2 Mathématiques;10;Salle de cours 509 (BA2-02);16630
2026-03-30;Amphi C_A120 (DEG-00);36290;DEG;120;24;96;CM;GESTION JURIDIQUE ENTREPR;M2 Compta ctrl audit;2;Salle de cours B_B207 (DEG-02);36421
2026-03-30;Amphi C_A120 (DEG-00);36290;DEG;120;15;105;Cours;Management Stratégique;DU TG 2ième Année;10;Salle de réunion D_D04 (DEG-00);36235
2026-03-30;Amphi D (SCI_R-00);84870;SCI_R;192;52;140;Cours;Calcul différentiel S6;L3 Mathématiques;4;Salle de cours 509 (BA2-02);16630
2026-03-30;Amphi D (SCI_R-00);84870;SCI_R;192;52;140;Cours;Calcul différentiel S6;L3 Mathématiques;4;Salle de cours 509 (BA2-02);16630
2026-03-30;Amphi G (DUB-00);17228;DUB;140;69;71;Cours;Algorith math 3 python S4;L2 MIASHS;3;Salle de cours 131 (B2-01);16957
2026-03-30;Amphi G (DUB-00);17228;DUB;140;42;98;Cours;Réseaux II;L3 Informatique;6;Salle informatique I-207 (ISA-02);78613
2026-03-30;Amphi H (DUB-00);17229;DUB;140;60;80;Cours;Systèmes d'exploitat° II;L2 Informatique;4;Salle de cours 304 (BA2-00);16671
2026-03-30;Amphi H (DUB-00);17229;DUB;140;47;93;CTD;Physique pour SDT;L1 Sciences de la terre;5;Salle de cours 135 (LET-00);27336
2026-03-30;Salle de cours 107 (LET-00);27308;LET;68;16;52;TD;Gram esp S2 TD;<L1 LEA - AE - langues spé><L1 LEA Spé TD>L1 LEA Gpe C;11;Salle informatique 313 (LET-02);27510
2026-03-30;Salle de cours 107 (LET-00);27308;LET;68;6;62;TD;Express° trilingue entrep;L3 LEA - AA - langues spé;9;Salle du conseil B11 (LET-01);27281
2026-03-30;Salle de cours 11 (LET-00);27324;LET;80;4;76;CM;France contexte européen;<L3 Histoire - ER>6Sem Géo La France dans le contexte européen;9;Salle informatique 214 (LET-01);27271
2026-03-30;Salle de cours 12 (LET-00);27321;LET;60;16;44;TD;Opinions et mass média;L3 Histoire - EJSP;11;Salle du conseil B11 (LET-01);27281
2026-03-30;Salle de cours 12 (LET-00);27321;LET;60;16;44;CM;Opinions et mass média;L3 Histoire - EJSP;11;Salle informatique 313 (LET-02);27510
2026-03-30;Salle de cours 120 (LET-00);27333;LET;62;12;50;TD;3 Le questionnaire;M1 socio jeun mobil env;1;Salle informatique 214 (LET-01);27271
2026-03-30;Salle de cours 121 (LET-00);27332;LET;70;19;51;CM;Civi esp et hisp-am S6;L3 LLCER - EH - ER;10;Salle du conseil B11 (LET-01);27281
2026-03-30;Salle de cours 13 (LET-00);27322;LET;70;28;42;TD;Vers esp S4;L2 LEA - AE - écogestion;11;Salle de cours 301 (LET-02);27528
2026-03-30;Salle de cours 23 (LET-01);27248;LET;80;3;77;TD;Atel. historien ancienne;L3 Histoire - Art & Patri;12;Salle informatique 201 (LET-01);27266
2026-03-30;Salle de cours 32 (LET-02);27514;LET;80;16;64;TD;Opinions et mass média;L3 Histoire - EJSP;11;Salle informatique 313 (LET-02);27510
2026-03-30;Salle de cours 32 (LET-02);27514;LET;80;40;40;TD;Linguistique S4;<L2 LLCER - EA><groupes TD>TD A;1;Salle de cours 105 (LET-00);27306
2026-03-30;Salle de cours B_B1 (DEG-00);36289;DEG;100;20;80;TD;TD Maths financières;<L2 Economie Gestion><TD Maths financières>Gp 1;1;Salle de cours B_B207 (DEG-02);36421
2026-03-30;Salle de cours B_B1 (DEG-00);36289;DEG;100;33;67;CM;DIP 2;<M1 Droit privé général>DIP;22;Salle de cours 240 (EC3-02);73530
2026-03-30;Salle de cours B_B1 (DEG-00);36289;DEG;100;33;67;CM;DIP 2;<M1 Droit privé général>DIP;22;Salle de cours 240 (EC3-02);73530
2026-03-30;Salle de cours B_B2 (DEG-00);36271;DEG;76;30;46;TD;Dt des sociétés S8 TD;<M1 Droit consommation><TD Droit des sociétés>Groupe 1;8;Salle de cours B_B5 (DEG-00);36269
2026-03-30;Salle de cours B_B2 (DEG-00);36271;DEG;76;37;39;TD;TD comptabilité approfondie;<L3 Economie Gestion>Coloration comptabilité & Audit;2;Salle de cours C_C01 (DEG-00);36291
2026-03-30;Salle de cours C_C01 (DEG-00);36291;DEG;79;27;52;Cours;Droit commercial;L2 LEA - AA - écogestion;6;Salle de cours 144 (EC3-01);17123
2026-03-30;Salle de cours C_C03 (DEG-00);36287;DEG;50;8;42;Cours;Droit Civil Ecrit;CAPA Droit 1e année (PAU);21;Salle informatique B_BARETOUS (DEG-01);36548
2026-03-30;Salle de cours C_C04 (DEG-00);36292;DEG;50;17;33;Cours;Gestion des RH et QVT 2;L3 LEA - AE - écogestion;2;Salle de cours B_B207 (DEG-02);36421
2026-03-30;Salle de cours C_C04 (DEG-00);36292;DEG;50;17;33;Cours;Gestion des RH et QVT 2;L3 LEA - AE - écogestion;2;Salle de cours B_B207 (DEG-02);36421
2026-03-30;Salle de cours C_C19 (DEG-01);36561;DEG;52;24;28;CM;ANGLAIS DES AFFAIRES;M2 Compta ctrl audit;3;Salle informatique B_B209 (DEG-02);36423
2026-03-31;AMPHI STID (STI-00);24832;STI;165;23;142;TD;R2.07 Math. appli.;<BUT 1 - MTEE><Groupes TD>TD1;6;Salle de cours 167 (B3-01);15986
2026-03-31;Amphi 1 (LET-00);27353;LET;150;27;123;CM;Spatialités aires culture;L2 Géo Aménagement;6;Salle de cours 113 (LET-00);27303
2026-03-31;Amphi 3 (LET-02);27502;LET;300;30;270;CM;Civi pays anglo S2;L1 LEA - AA - langues spé;13;Salle de cours IEFE 132 (LET-00);27339
2026-03-31;Amphi 3 (LET-02);27502;LET;300;16;284;CM;Civi pays hispano S2;<L1 LEA - AE - langues spé><L1 LEA Spé TD>L1 LEA Gpe A;13;Labo de Langues 316 (LET-02);27521
2026-03-31;Amphi A_A300 (DEG-00);36276;DEG;300;139;161;Cours;Hist dt inst pub;L1 AES;20;Amphi 400 (EC9-01);16026
2026-03-31;Amphi A_A400 (DEG-00);36274;DEG;400;165;235;Cours;Relations internationales;<L1 Droit (Pau)>Relations Internationales;24;Amphi 400 (EC9-01);16026
2026-03-31;Amphi A_A400 (DEG-00);36274;DEG;400;165;235;Cours;Relations internationales;<L1 Droit (Pau)>Relations Internationales;24;Amphi 400 (EC9-01);16026
2026-03-31;Amphi A_A400 (DEG-00);36274;DEG;400;61;339;Cours;Histoire droit pénal & fa;<L3 Droit>Colo droit civil;11;Salle de cours 127 (B2-01);16947
2026-03-31;Amphi A_A600 (DEG-00);36275;DEG;600;105;495;Cours;Informatique;L3 Economie Gestion;1;Amphi B (EC9-02);16035
2026-03-31;Amphi C (SCI_R-00);84869;SCI_R;192;35;157;Cours;Théorie des proba S6;L3 Mathématiques;2;Amphi A (SCI_R-00);85316
2026-03-31;Amphi C_A120 (DEG-00);36290;DEG;120;24;96;CM;FISCALITE DES GROUPES;M2 Compta ctrl audit;1;Salle de cours B_B207 (DEG-02);36421
2026-03-31;Amphi C_A120 (DEG-00);36290;DEG;120;24;96;CM;RECHERCHE COMPTA AUDIT;M2 Compta ctrl audit;2;Salle de cours B_B6 (DEG-00);36270
2026-03-31;Amphi C_A120 (DEG-00);36290;DEG;120;33;87;TD;TD Fiscalité appli aux ets 2;;1;Salle de cours B_B6 (DEG-00);36270
2026-03-31;Amphi D (SCI_R-00);84870;SCI_R;192;60;132;Cours;Algèbre 2 S2;L1 Mathématiques;8;Salle de cours 304 (BA2-00);16671
2026-03-31;Amphi G (DUB-00);17228;DUB;140;60;80;Cours;Systèmes d'exploitat° II;L2 Informatique;2;Salle de cours 304 (BA2-00);16671
2026-03-31;Amphi G (DUB-00);17228;DUB;140;53;87;Cours;Intro théorie groupes S4;L2 Mathématiques;7;Salle de cours 509 (BA2-02);16630
2026-03-31;Amphi H (DUB-00);17229;DUB;140;60;80;Cours;Analyse 2 S2;L1 Mathématiques;6;Salle de cours 304 (BA2-00);16671
2026-03-31;Salle de cours 107 (LET-00);27308;LET;68;22;46;TD;Vers esp S6;L3 LEA - AE - écogestion;23;Salle de cours 167 (B3-01);15986
2026-03-31;Salle de cours 107 (LET-00);27308;LET;68;22;46;TD;Thème esp S6;L3 LEA - AE - écogestion;11;Salle de cours 167 (B3-01);15986
2026-03-31;Salle de cours 11 (LET-00);27324;LET;80;38;42;CM;Enjeux sociaux;L3 Sociologie;10;Salle de cours 406 (BA2-01);16739
2026-03-31;Salle de cours 12 (LET-00);27321;LET;60;18;42;CM;Hist. relations inter. CM;L3 Histoire - EJSP;14;Salle informatique 215 (LET-01);27272
2026-03-31;Salle de cours 13 (LET-00);27322;LET;70;28;42;TD;Cult gé hisp S4 TD;L2 LEA - AE - écogestion;13;Salle de cours IEFE 132 (LET-00);27339
2026-03-31;Salle de cours 13 (LET-00);27322;LET;70;30;40;TD;Thème angl S6;L3 LEA - AE - écogestion;12;Salle de cours 113 (LET-00);27303
2026-03-31;Salle de cours 13 (LET-00);27322;LET;70;28;42;CM;Civi pays hispano S4;L2 LEA - AE - écogestion;13;Salle de cours IEFE 132 (LET-00);27339
2026-03-31;Salle de cours 14 (LET-00);27323;LET;98;24;74;TD;Express° trilingue entrep;L3 LEA - AE - écogestion;9;Cartothèque 222bis (LET-01);27283
2026-03-31;Salle de cours 301 (LET-02);27528;LET;70;13;57;CM;Anglais S8 master police;<M1 Police et Sécu inté><TD Anglais>Anglais M1 PSI et Exécution des peines;1;Salle informatique 201 (LET-01);27266
2026-03-31;Salle de cours 32 (LET-02);27514;LET;80;26;54;TD;Modern. & avt gardes TD;L2 HAA;11;Salle de cours IEFE 127 (LET-00);27296
2026-03-31;Salle de cours 32 (LET-02);27514;LET;80;40;40;TD;Langue écrite S2;<L1 LLCER - EA><groupes TD>TD A;2;Amphi 1 (LET-00);27353
2026-03-31;Salle de cours B_B1 (DEG-00);36289;DEG;100;44;56;Cours;Contrôle de gestion;L3 AES Gestion des entrep;1;Salle de cours C_C19 (DEG-01);36561
2026-03-31;Salle de cours B_B1 (DEG-00);36289;DEG;100;33;67;TD;TD Fiscalité appli aux ets 2;<L3 AES Gestion des entrep><TD Fiscalité appli aux ets 2>Groupe 1;7;Salle de cours B_B6 (DEG-00);36270
2026-03-31;Salle de cours B_B2 (DEG-00);36271;DEG;76;11;65;Cours;Économie du développement;<L3 Economie Gestion>Coloration banque et finance;8;Salle de cours/informatique C_C02 (DEG-00);36288
2026-03-31;Salle de cours B_B2 (DEG-00);36271;DEG;76;31;45;Cours;Dt propriétés pub CM;<L3 Droit>Colo droits et libertés;26;Salle de cours 508 (BA2-02);16629
2026-03-31;Salle de cours B_B2 (DEG-00);36271;DEG;76;31;45;Cours;Dt propriétés pub CM;<L3 Droit>Colo droits et libertés;26;Salle de cours 508 (BA2-02);16629
2026-03-31;Salle de cours C_C01 (DEG-00);36291;DEG;79;4;75;CM;DER DPL;<M2 Dt cont des libertés>coloration libertés;1;Salle de réunion IAE CREG D_D210 (DEG-02);36444
2026-03-31;Salle de cours C_C04 (DEG-00);36292;DEG;50;21;29;CM;Droit rural;M1 Droit Notarial;24;Salle de cours 167 (B3-01);15986
2026-03-31;Salle de cours C_C04 (DEG-00);36292;DEG;50;21;29;CM;Droit rural;M1 Droit Notarial;24;Salle de cours 167 (B3-01);15986
2026-03-31;Salle de cours C_C18 (DEG-01);36560;DEG;50;23;27;Cours;Anglais M1 DEG S8;<M1 Drt Act Publique loc><TD Anglais>Anglais M1 Droit Mutualisé Gp 1;8;Salle de cours 167 (B3-01);15986
2026-04-01;AMPHI STID (STI-00);24832;STI;165;32;133;Cours;R2.01 Conf th vis acoust;BUT 1 - MTEE;4;Salle de cours 508 (BA2-02);16629
2026-04-01;AMPHI STID (STI-00);24832;STI;165;9;156;TD;R2.07 Math. appli.;<BUT 1 - MTEE><Groupes TD>TD2;13;Salle informatique B_BARETOUS (DEG-01);36548
2026-04-01;Amphi (STAP-00);18427;STAP;300;124;176;Cours;1 Histoire de l'EPS;L2 STAPS EM (Tarbes);9;Amphi B (EC9-02);16035
2026-04-01;Amphi 2 (LET-00);27354;LET;140;53;87;CM;Civi pays hisp S6;L3 LEA - AE - écogestion;13;Salle de cours 509 (BA2-02);16630
2026-04-01;Amphi 3 (LET-02);27502;LET;300;104;196;CM;Sociologie de la famille;L1 Sociologie;1;Amphi C_A120 (DEG-00);36290
2026-04-01;Amphi 3 (LET-02);27502;LET;300;104;196;CM;Sociologie des inégalités;L1 Sociologie;10;Amphi B (EC9-02);16035
2026-04-01;Amphi 3 (LET-02);27502;LET;300;103;197;CM;Histoire ancienne;L1 Histoire;12;Amphi B (EC9-02);16035
2026-04-01;Amphi A (SCI_R-00);85316;SCI_R;216;104;112;Cours;latex;L1 Informatique;1;Amphi C (SCI_R-00);84869
2026-04-01;Amphi A (SCI_R-00);85316;SCI_R;216;87;129;Cours;Algèbre pour l'info;L1 Informatique;1;Amphi B (SCI_R-00);85297
2026-04-01;Amphi A_A150 (DEG-00);36279;DEG;150;56;94;Cours;CM Gestion de projet 2;M1 Management SI;1;Salle de cours C_C01 (DEG-00);36291
2026-04-01;Amphi A_A400 (DEG-00);36274;DEG;400;123;277;Cours;Droit de la famille CM;<L3 Droit>Colo droit des affaires;17;Amphi B (EC9-02);16035
2026-04-01;Amphi A_A400 (DEG-00);36274;DEG;400;123;277;Cours;Droit de la famille CM;<L3 Droit>Colo droit des affaires;17;Amphi B (EC9-02);16035
2026-04-01;Amphi A_A600 (DEG-00);36275;DEG;600;214;386;Cours;Droit des obligations;L2 Droit;2;Amphi A (SCI_R-00);85316
2026-04-01;Amphi A_A600 (DEG-00);36275;DEG;600;214;386;Cours;Droit des obligations;L2 Droit;2;Amphi A (SCI_R-00);85316
2026-04-01;Amphi D (SCI_R-00);84870;SCI_R;192;60;132;Cours;Progr orientée objet;L2 Informatique;2;Amphi C (SCI_R-00);84869
2026-04-01;Amphi G (DUB-00);17228;DUB;140;1;139;Cours;Electrocinétique-Electric;<L1 Physique, Chimie>L1 PC Electro-cinétique;6;Salle TP Informatique indus 38 (DUB-01);17153
2026-04-01;Salle de cours 10 (LET-00);27320;LET;60;15;45;TD;15 Lang lit civi grecq 2;L2 Lettres classiques;1;Salle informatique 201 (LET-01);27266
2026-04-01;Salle de cours 10 (LET-00);27320;LET;60;5;55;TD;Séminaire Elyse Ritchey;PREPA. AGREGAT. ESPAGNOL;4;Salle immersive & UNITA 305 (LET-02);81132
2026-04-01;Salle de cours 107 (LET-00);27308;LET;68;12;56;TD;init th/vers angl S2;L1 LEA - AA - langues spé;13;Salle informatique 313 (LET-02);27510
2026-04-01;Salle de cours 107 (LET-00);27308;LET;68;16;52;TD;Com & médias esp S2;<L1 LEA - AE - langues spé><L1 LEA Spé TD>L1 LEA Gpe C;13;Labo de Langues 316 (LET-02);27521
2026-04-01;Salle de cours 107 (LET-00);27308;LET;68;30;38;TD;Gram angl S2 TD;L1 LEA - AA - langues spé;13;Salle de cours 135 (LET-00);27336
2026-04-01;Salle de cours 12 (LET-00);27321;LET;60;16;44;CM;Institutions publiques;L3 Histoire - EJSP;19;Salle de langues I-202 (ISA-02);78618
2026-04-01;Salle de cours 12 (LET-00);27321;LET;60;16;44;CM;Institutions publiques;L3 Histoire - EJSP;19;Salle de langues I-202 (ISA-02);78618
2026-04-01;Salle de cours 13 (LET-00);27322;LET;70;28;42;CM;Gram & thème esp S4 CM;L2 LEA - AE - écogestion;11;Salle de cours 166 (B3-01);15984
2026-04-01;Salle de cours 220 (LET-01);27254;LET;60;25;35;CM;Histoire anc.;L3 Histoire - ER;12;Salle de cours IEFE 128 (LET-00);27298
2026-04-01;Salle de cours 220 (LET-01);27254;LET;60;3;57;TD;Atel. historien med mod;L3 Histoire - Art & Patri;14;Labo de Langues 316 (LET-02);27521
2026-04-01;Salle de cours 23 (LET-01);27248;LET;80;25;55;TD;Histoire anc.;L3 Histoire - ER;12;Salle de cours IEFE 127 (LET-00);27296
2026-04-01;Salle de cours B_B1 (DEG-00);36289;DEG;100;19;81;Cours;Anglais M1 DEG S8;<M1 Droit transitions EE><TD Anglais>Anglais M1 Droit Mutualisé Gp 3;1;Salle GREEN A_A01 (DEG-00);36278
2026-04-01;Salle de cours B_B1 (DEG-00);36289;DEG;100;41;59;TD;TD Microéconomie;<L1 Economie et Gestion><TD Microéconomie 1>Gp 2;1;Salle de cours B_B2 (DEG-00);36271
2026-04-01;Salle de cours B_B1 (DEG-00);36289;DEG;100;26;74;TD;TD finance de marché;<L3 Economie Gestion>Coloration banque et finance;8;Salle de cours B_B6 (DEG-00);36270
2026-04-01;Salle de cours B_B1 (DEG-00);36289;DEG;100;45;55;Cours;PAC CM;<L3 Droit>Colo droits et libertés;18;Salle de Cours 003 (BA1-00);33458
2026-04-01;Salle de cours B_B1 (DEG-00);36289;DEG;100;45;55;Cours;PAC CM;<L3 Droit>Colo droits et libertés;18;Salle de Cours 003 (BA1-00);33458
2026-04-01;Salle de cours B_B2 (DEG-00);36271;DEG;76;35;41;TD;TD Maths pour éco gestion;<L1 Economie et Gestion><TD Maths pour éco gestion>Groupe 3;3;Salle de cours C_C15 (DEG-01);36557
2026-04-01;Salle de cours C_C01 (DEG-00);36291;DEG;79;35;44;TD;Droit civil S2 TD;<M1 Droit Notarial><TD Droit civil>Groupe 1;5;Salle de cours 162 (B3-01);15996
2026-04-01;Salle de cours C_C01 (DEG-00);36291;DEG;79;29;50;TD;Droit civil S2 TD;<M1 Droit consommation><TD Droit civil>Groupe 2;5;Salle informatique B_B209 (DEG-02);36423
2026-04-01;Salle de cours C_C18 (DEG-01);36560;DEG;50;1;49;TD;TD Comptabilité de gestion;<L2 Economie Gestion><TD Comptabilité de gestion>Gp 4;3;Salle de réunion IAE CREG D_D210 (DEG-02);36444
2026-04-02;AMPHI STID (STI-00);24832;STI;165;41;124;Cours;R4.02 Bois énergie;[BUT 2 MTEE CM];1;Salle de cours 02 (STAP-00);18418
2026-04-02;AMPHI STID (STI-00);24832;STI;165;41;124;Cours;R3.14 Machines thermiques;[BUT 2 MTEE CM];1;Salle de cours 02 (STAP-00);18418
2026-04-02;Amphi (STAP-00);18427;STAP;300;88;212;Cours;1 Evaluation psycho;L2 STAPS ES (Tarbes);4;Amphi 40 (EC3-00);17104
2026-04-02;Amphi (STAP-00);18427;STAP;300;88;212;Cours;1 Environnement/pratiques;L2 STAPS ES (Tarbes);10;Amphi 40 (EC3-00);17104
2026-04-02;Amphi 2 (LET-00);27354;LET;140;43;97;CM;Intro changt climatique;L1 Géo Aménagement;9;Salle de Cours 003 (BA1-00);33458
2026-04-02;Amphi 3 (LET-02);27502;LET;300;124;176;CM;Linguistique S2;L1 LLCER - EA;7;Amphi B (EC9-02);16035
2026-04-02;Amphi 3 (LET-02);27502;LET;300;124;176;CM;Littérature S2;L1 LLCER - EA;11;Amphi B (EC9-02);16035
2026-04-02;Amphi A_A300 (DEG-00);36276;DEG;300;146;154;Cours;Macroéconomie 3;L2 Economie Gestion CMI;11;Amphi 400 (EC9-01);16026
2026-04-02;Amphi A_A400 (DEG-00);36274;DEG;400;143;257;Cours;Macroéconomie 3;L2 Economie Gestion CMI;1;TK. Sherwood (FER-00);76312
2026-04-02;Amphi A_A400 (DEG-00);36274;DEG;400;10;390;Cours;Démographie économique;L1 Economie Gestion CMI;9;Salle de Réunion 14 (BU-01);16992
2026-04-02;Amphi A_A600 (DEG-00);36275;DEG;600;214;386;Cours;Pol protec soc europ;L2 Droit;20;Amphi 400 (EC9-01);16026
2026-04-02;Amphi A_A600 (DEG-00);36275;DEG;600;214;386;Cours;Pol protec soc europ;L2 Droit;20;Amphi 400 (EC9-01);16026
2026-04-02;Amphi B (SCI_R-00);85297;SCI_R;220;110;110;Cours;Etat de la matière;L1 Physique, Chimie;1;Amphi C (SCI_R-00);84869
2026-04-02;Amphi D (SCI_R-00);84870;SCI_R;192;60;132;Cours;Compléments Math 2 S2;L1 Mathématiques;3;Salle de cours 304 (BA2-00);16671
2026-04-02;Amphi G (DUB-00);17228;DUB;140;1;139;TD;Electrocinétique-Electric;<L1 Physique, Chimie>L1 PC Electro-cinétique;2;Salle TP Informatique indus 38 (DUB-01);17153
2026-04-02;Amphi G (DUB-00);17228;DUB;140;42;98;Cours;Réseaux II;L3 Informatique;6;Salle informatique I-207 (ISA-02);78613
2026-04-02;Amphi H (DUB-00);17229;DUB;140;11;129;Cours;Stratégie synth chim orga;L3 PC - Physique, Chimie;3;Salle Info 33 (DUB-01);17165
2026-04-02;Amphi H (DUB-00);17229;DUB;140;41;99;Cours;Analyse chimique EC 2;L2 PC - LAS;1;Salle 24 (DUB-00);17227
2026-04-02;Salle de cours 220 (LET-01);27254;LET;60;25;35;CM;Hist. médiévale;L3 Histoire - ER;12;Salle de cours 144 (EC3-01);17123
2026-04-02;Salle de cours 220 (LET-01);27254;LET;60;25;35;TD;Hist. médiévale;L3 Histoire - ER;12;Salle de cours 144 (EC3-01);17123
2026-04-02;Salle de cours 32 (LET-02);27514;LET;80;30;50;CM;Modern. & avt gardes CM;L2 HAA;11;Salle de cours 166 (B3-01);15984
2026-04-02;Salle de cours B_B1 (DEG-00);36289;DEG;100;11;89;Cours;Hist. faits éco;L3 Economie Gestion CMI;4;Salle de cours/informatique C_C02 (DEG-00);36288
2026-04-02;Salle de cours B_B2 (DEG-00);36271;DEG;76;26;50;TD;TD Économie env. et soute.;<L3 Economie Gestion><TD Économie env. et soute.>Gp 1;2;Salle de cours B_B8 (DEG-00);36277
2026-04-02;Salle de cours C_C01 (DEG-00);36291;DEG;79;18;61;CM;DER - Entraînement au GO;M2 Procédures contentieux;1;Salle GREEN A_A01 (DEG-00);36278
2026-04-02;Salle de cours C_C04 (DEG-00);36292;DEG;50;24;26;TD;Gds prob polit contemp TD 2;<L3 AES Gestion des entrep>Gds prob polit contemp 2;10;Salle GREEN A_A01 (DEG-00);36278
2026-04-02;Salle de cours C_C04 (DEG-00);36292;DEG;50;11;39;TD;Ecotoxicologie;L3 Economie Gestion CMI;1;Salle informatique B_ASPE (DEG-01);36531
2026-04-02;Salle de cours C_C04 (DEG-00);36292;DEG;50;25;25;CM;Cult.gén.&note synt. S2;<M1 Procédures contentieux>Culture générale et note de synthèse;24;Amphi A_A600 (DEG-00);36275
2026-04-02;Salle de cours C_C04 (DEG-00);36292;DEG;50;25;25;CM;Cult.gén.&note synt. S2;<M1 Procédures contentieux>Culture générale et note de synthèse;24;Amphi A_A600 (DEG-00);36275
2026-04-02;Salle de cours C_C19 (DEG-01);36561;DEG;52;21;31;CM;FINANCE D'ENTREPRISE APP;M1 Compta ctrl audit;1;Salle GREEN A_A01 (DEG-00);36278
2026-04-03;Amphi 2 (LET-00);27354;LET;140;23;117;TD;Mathématiques S6;L3 LLCER - EA - PE;8;Salle de cours IEFE 128 (LET-00);27298
2026-04-03;Amphi 3 (LET-02);27502;LET;300;34;266;CM;1 Histoire du cinéma 1;L1 Lettres - CTD;6;Salle de cours IEFE 131 (LET-00);27295
2026-04-03;Amphi 3 (LET-02);27502;LET;300;34;266;TD;1 Histoire du cinéma 1;L1 Lettres - CTD;6;Salle de cours IEFE 131 (LET-00);27295
2026-04-03;Amphi A_A150 (DEG-00);36279;DEG;150;44;106;Cours;Fiscalité appli aux ets 2;L3 AES Gestion des entrep;11;Salle de Cours 003 (BA1-00);33458
2026-04-03;Amphi A_A150 (DEG-00);36279;DEG;150;56;94;TD;TD Macroéconomie 1;L1 MIASHS;7;Salle de cours 163 (B3-01);15991
2026-04-03;Amphi A_A150 (DEG-00);36279;DEG;150;51;99;Cours;GRH 1;L2 Economie Gestion CMI;6;Salle de cours B_B1 (DEG-00);36289
2026-04-03;Amphi A_A300 (DEG-00);36276;DEG;300;93;207;Cours;Droit civil;L1 AES;16;Auditorium (EC6-02);73560
2026-04-03;Amphi A_A300 (DEG-00);36276;DEG;300;93;207;Cours;Droit civil;L1 AES;16;Auditorium (EC6-02);73560
2026-04-03;Amphi H (DUB-00);17229;DUB;140;42;98;TD;Tests d'hypothèse;L3 MIASHS - MID;8;Salle de Cours 003 (BA1-00);33458
2026-04-03;Amphi H (DUB-00);17229;DUB;140;42;98;TD;Tests d'hypothèse;L3 MIASHS - MID;8;Salle de Cours 003 (BA1-00);33458
2026-04-03;Salle de cours 107 (LET-00);27308;LET;68;22;46;TD;Vers esp S6;L3 LEA - AE - écogestion;23;Salle de cours 167 (B3-01);15986
2026-04-03;Salle de cours 13 (LET-00);27322;LET;70;28;42;CM;Cult gé hisp S4 CM;L2 LEA - AE - écogestion;12;Salle multimedia UTLA 137 (LET-00);27300
2026-04-03;Salle de cours 14 (LET-00);27323;LET;98;17;81;CM;2 - Approf stylistique;L2 Lettres modernes;11;Salle de cours 204 (LET-01);27267
2026-04-03;Salle de cours 14 (LET-00);27323;LET;98;17;81;TD;2 - Approf stylistique;L2 Lettres modernes;11;Salle de cours 203 (LET-01);27270
2026-04-03;Salle de cours 220 (LET-01);27254;LET;60;25;35;CM;Histoire anc.;L3 Histoire - ER;12;Salle de cours IEFE 128 (LET-00);27298
2026-04-03;Salle de cours 301 (LET-02);27528;LET;70;20;50;CM;UE8 EC1 Nouv ruralités ciné;M1 MEEF LV Espagnol;5;Salle de cours 204 (LET-01);27267
2026-04-03;Salle de cours B_B1 (DEG-00);36289;DEG;100;32;68;TD;Gds prob polit contemp TD 2;L3 Histoire - EJSP;9;Salle de cours 508 (BA2-02);16629
2026-04-03;Salle de cours B_B1 (DEG-00);36289;DEG;100;29;71;TD;Droit es sociétés TD;<L3 Droit><TD Droit des sociétés>Groupe 1;3;Salle informatique B_B209 (DEG-02);36423
2026-04-03;Salle de cours B_B1 (DEG-00);36289;DEG;100;31;69;TD;TD Macroéconomie S4;<L2 Economie Gestion><TD Macroéconomie S4>Gp 4;3;Salle informatique B_B209 (DEG-02);36423
2026-04-03;Salle de cours B_B2 (DEG-00);36271;DEG;76;11;65;Cours;Relations internation;L2 Economie Gestion CMI;8;Salle informatique B_ASPE (DEG-01);36531
2026-04-03;Salle de cours B_B2 (DEG-00);36271;DEG;76;29;47;TD;Droit constit TD S2;<L1 Droit (Pau)><TD droit constitutionnel S2>groupe 2;1;Salle de cours B_B211 (DEG-02);36425
2026-04-03;Salle de cours C_C01 (DEG-00);36291;DEG;79;23;56;CM;Droit immobilier II;M2 Droit Notarial;1;Salle GREEN A_A01 (DEG-00);36278
2026-04-03;Salle de cours C_C01 (DEG-00);36291;DEG;79;8;71;CM;Contentieux pénal (écrit);<M2 Procédures contentieux>Contentieux pénal;1;Salle de réunion IAE CREG D_D210 (DEG-02);36444
2026-04-03;Salle de cours C_C03 (DEG-00);36287;DEG;50;22;28;TD;TD Macroéconomie S4;<L2 Economie Gestion><TD Macroéconomie S4>Gp 1;7;Salle de cours/informatique C_C02 (DEG-00);36288
2026-04-03;Salle de cours C_C19 (DEG-01);36561;DEG;52;21;31;Cours;ANGLAIS DES AFFAIRES;M1 Compta ctrl audit;1;Salle de cours B_B207 (DEG-02);36421
2026-04-07;Amphi (STAP-00);18427;STAP;300;124;176;Cours;1 Histoire de l'EPS;L2 STAPS EM (Tarbes);9;Amphi B (EC9-02);16035
2026-04-07;Amphi (STAP-00);18427;STAP;300;124;176;Cours;1 Histoire de l'EPS;L2 STAPS EM (Tarbes);9;Amphi B (EC9-02);16035
2026-04-07;Amphi 1 (LET-00);27353;LET;150;27;123;CM;Spatialités aires culture;L2 Géo Aménagement;6;Salle de cours 113 (LET-00);27303
2026-04-07;Amphi 3 (LET-02);27502;LET;300;30;270;CM;Civi pays anglo S2;L1 LEA - AA - langues spé;13;Salle de cours IEFE 132 (LET-00);27339
2026-04-07;Amphi 3 (LET-02);27502;LET;300;16;284;CM;Civi pays hispano S2;<L1 LEA - AE - langues spé><L1 LEA Spé TD>L1 LEA Gpe A;13;Labo de Langues 316 (LET-02);27521
2026-04-07;Amphi 3 (LET-02);27502;LET;300;16;284;CM;Civi pays hispano S2;<L1 LEA - AE - langues spé><L1 LEA Spé TD>L1 LEA Gpe A;13;Labo de Langues 316 (LET-02);27521
2026-04-07;Amphi A_A300 (DEG-00);36276;DEG;300;105;195;Cours;Informatique;L3 Economie Gestion;10;Amphi B (EC9-02);16035
2026-04-07;Amphi A_A400 (DEG-00);36274;DEG;400;165;235;Cours;Relations internationales;<L1 Droit (Pau)>Relations Internationales;24;Amphi 400 (EC9-01);16026
2026-04-07;Amphi A_A400 (DEG-00);36274;DEG;400;165;235;Cours;Relations internationales;<L1 Droit (Pau)>Relations Internationales;24;Amphi 400 (EC9-01);16026
2026-04-07;Amphi A_A600 (DEG-00);36275;DEG;600;229;371;Cours;Macroéconomie 1;L1 MIASHS;2;Amphi 400 (EC9-01);16026
2026-04-07;Amphi A_A600 (DEG-00);36275;DEG;600;139;461;Cours;Hist dt inst pub;L1 AES;4;Amphi 2 (LET-00);27354
2026-04-07;Amphi A_A600 (DEG-00);36275;DEG;600;61;539;Cours;Histoire droit pénal & fa;<L3 Droit>Colo droit civil;1;Salle de cours B_B2 (DEG-00);36271
2026-04-07;Amphi B (SCI_R-00);85297;SCI_R;220;60;160;Cours;Algèbre 2 S2;L1 Mathématiques;3;Salle de cours 304 (BA2-00);16671
2026-04-07;Amphi B (SCI_R-00);85297;SCI_R;220;110;110;Cours;Mathématiques S2;L1 Physique, Chimie;3;I-006 Kompong Speu (ISA-00);78413
2026-04-07;Amphi B (SCI_R-00);85297;SCI_R;220;84;136;Cours;Microbiologie 2;L2 SDV - LAS;7;Amphi 40 (EC3-00);17104
2026-04-07;Amphi C (SCI_R-00);84869;SCI_R;192;53;139;Cours;Calcul différentiel RN S4;L2 Mathématiques;10;Salle de cours 509 (BA2-02);16630
2026-04-07;Amphi C (SCI_R-00);84869;SCI_R;192;84;108;Cours;Physiologie végétale 1;L2 SDV - LAS;12;Amphi 40 (EC3-00);17104
2026-04-07;Amphi G (DUB-00);17228;DUB;140;53;87;Cours;Intro théorie groupes S4;L2 Mathématiques;7;Salle de cours 509 (BA2-02);16630
2026-04-07;Amphi H (DUB-00);17229;DUB;140;15;125;Cours;Résistance matériaux S6;L3 PC - SGM;1;Salle TP Electronique 39 (DUB-01);17156
2026-04-07;Amphi H (DUB-00);17229;DUB;140;60;80;Cours;Analyse 2 S2;L1 Mathématiques;6;Salle de cours 304 (BA2-00);16671
2026-04-07;Amphi H (DUB-00);17229;DUB;140;42;98;Cours;Concept° systèmes d'info;L3 Informatique;2;Salle informatique I-207 (ISA-02);78613
2026-04-07;Salle de cours 107 (LET-00);27308;LET;68;22;46;TD;Vers esp S6;L3 LEA - AE - écogestion;23;Salle de cours 167 (B3-01);15986
2026-04-07;Salle de cours 11 (LET-00);27324;LET;80;12;68;TD;3 Le questionnaire;M1 socio jeun mobil env;1;Salle informatique 201 (LET-01);27266
2026-04-07;Salle de cours 120 (LET-00);27333;LET;62;20;42;CM;Les arts en Europe;L3 HAA - HA;12;Salle du conseil B11 (LET-01);27281
2026-04-07;Salle de cours 120 (LET-00);27333;LET;62;20;42;TD;Les arts en Europe;L3 HAA - HA;12;Salle du conseil B11 (LET-01);27281
2026-04-07;Salle de cours 121 (LET-00);27332;LET;70;28;42;TD;Intro à la Recherche;L3 LLCER - EA - ER;12;Salle de cours IEFE 132 (LET-00);27339
2026-04-07;Salle de cours 13 (LET-00);27322;LET;70;28;42;TD;Cult gé hisp S4 TD;L2 LEA - AE - écogestion;13;Salle de cours IEFE 132 (LET-00);27339
2026-04-07;Salle de cours 13 (LET-00);27322;LET;70;30;40;TD;Thème angl S6;L3 LEA - AE - écogestion;12;Salle de cours 113 (LET-00);27303
2026-04-07;Salle de cours 13 (LET-00);27322;LET;70;28;42;CM;Civi pays hispano S4;L2 LEA - AE - écogestion;13;Salle de cours IEFE 132 (LET-00);27339
2026-04-07;Salle de cours 14 (LET-00);27323;LET;98;24;74;TD;Express° trilingue entrep;L3 LEA - AE - écogestion;9;Cartothèque 222bis (LET-01);27283
2026-04-07;Salle de cours 32 (LET-02);27514;LET;80;26;54;CM;Art grec classique;L2 HAA;8;Salle de cours 144 (EC3-01);17123
2026-04-07;Salle de cours B_B1 (DEG-00);36289;DEG;100;33;67;TD;TD Stratégie des entreprises;<L3 AES Gestion des entrep><TD Stratégie des entreprises>Groupe 2;5;Salle de cours C_C11 (DEG-01);36553
2026-04-07;Salle de cours B_B1 (DEG-00);36289;DEG;100;20;80;CM;Orienta. & pol. publ.;M1 Droit transitions EE;1;Salle GREEN A_A01 (DEG-00);36278
2026-04-07;Salle de cours B_B2 (DEG-00);36271;DEG;76;20;56;CM;Orienta. & pol. publ.;M1 Droit transitions EE;2;Salle GREEN A_A01 (DEG-00);36278
2026-04-07;Salle de cours B_B2 (DEG-00);36271;DEG;76;31;45;Cours;Dt propriétés pub CM;<L3 Droit>Colo droits et libertés;26;Salle de cours 508 (BA2-02);16629
2026-04-07;Salle de cours B_B2 (DEG-00);36271;DEG;76;31;45;Cours;Dt propriétés pub CM;<L3 Droit>Colo droits et libertés;26;Salle de cours 508 (BA2-02);16629
2026-04-07;Salle de cours C_C04 (DEG-00);36292;DEG;50;20;30;CM;Droit rural;M1 Droit Notarial;24;Salle de cours 167 (B3-01);15986
2026-04-07;Salle de cours C_C04 (DEG-00);36292;DEG;50;20;30;CM;Droit rural;M1 Droit Notarial;24;Salle de cours 167 (B3-01);15986
2026-04-08;Amphi (STAP-00);18427;STAP;300;124;176;Cours;1 Histoire de l'EPS;L2 STAPS EM (Tarbes);9;Amphi B (EC9-02);16035
2026-04-08;Amphi 2 (LET-00);27354;LET;140;53;87;CM;Civi pays hisp S6;L3 LEA - AE - écogestion;13;Salle de cours 509 (BA2-02);16630
2026-04-08;Amphi 3 (LET-02);27502;LET;300;103;197;CM;Histoire ancienne;L1 Histoire;12;Amphi B (EC9-02);16035
2026-04-08;Amphi A_A150 (DEG-00);36279;DEG;150;61;89;Cours;Intro au droit fiscal CM;<L3 Droit>Colo droits et libertés;1;Salle de cours C_C01 (DEG-00);36291
2026-04-08;Amphi A_A300 (DEG-00);36276;DEG;300;123;177;Cours;Droit de la famille CM;<L3 Droit>Colo droit des affaires;4;Amphi B (EC9-02);16035
2026-04-08;Amphi A_A300 (DEG-00);36276;DEG;300;123;177;Cours;Droit de la famille CM;<L3 Droit>Colo droit des affaires;4;Amphi B (EC9-02);16035
2026-04-08;Amphi A_A300 (DEG-00);36276;DEG;300;119;181;Cours;Microéconomie 3;L2 Economie Gestion CMI;8;Amphi B (EC9-02);16035
2026-04-08;Amphi A_A600 (DEG-00);36275;DEG;600;214;386;Cours;Pol protec soc europ;L2 Droit;20;Amphi 400 (EC9-01);16026
2026-04-08;Amphi A_A600 (DEG-00);36275;DEG;600;214;386;Cours;Pol protec soc europ;L2 Droit;20;Amphi 400 (EC9-01);16026
2026-04-08;Amphi B (SCI_R-00);85297;SCI_R;220;53;167;Cours;Intro probabilités S4;L2 Mathématiques;6;Salle de cours 509 (BA2-02);16630
2026-04-08;Amphi D (SCI_R-00);84870;SCI_R;192;47;145;TD;Maths pour SDT 2;L1 Sciences de la terre;1;Amphi C (SCI_R-00);84869
2026-04-08;Amphi E (PAL-00);13842;PAL;75;1;74;TD;Electrocinétique-Electric;<L1 Physique, Chimie>L1 PC Electro-cinétique;4;Amphi F (PAL-00);13841
2026-04-08;Salle de cours 10 (LET-00);27320;LET;60;5;55;TD;Séminaire Elyse Ritchey;PREPA. AGREGAT. ESPAGNOL;4;Salle immersive & UNITA 305 (LET-02);81132
2026-04-08;Salle de cours 107 (LET-00);27308;LET;68;12;56;TD;init th/vers angl S2;L1 LEA - AA - langues spé;13;Salle informatique 313 (LET-02);27510
2026-04-08;Salle de cours 107 (LET-00);27308;LET;68;16;52;TD;Com & médias esp S2;<L1 LEA - AE - langues spé><L1 LEA Spé TD>L1 LEA Gpe C;13;Labo de Langues 316 (LET-02);27521
2026-04-08;Salle de cours 107 (LET-00);27308;LET;68;30;38;TD;Gram angl S2 TD;L1 LEA - AA - langues spé;13;Salle de cours 135 (LET-00);27336
2026-04-08;Salle de cours 12 (LET-00);27321;LET;60;16;44;CM;Institutions publiques;L3 Histoire - EJSP;19;Salle de langues I-202 (ISA-02);78618
2026-04-08;Salle de cours 13 (LET-00);27322;LET;70;28;42;CM;Gram & thème esp S4 CM;L2 LEA - AE - écogestion;11;Salle de cours 166 (B3-01);15984
2026-04-08;Salle de cours 14 (LET-00);27323;LET;98;1;97;Cours;Anglais LTDT S10;<M2 Tourisme><TD Anglais>Anglais M2 Tourisme (LTDT);8;Salle informatique 202 (LET-01);27273
2026-04-08;Salle de cours 14 (LET-00);27323;LET;98;24;74;TD;3 Approfond lit/styl 3;L3 Lettres modernes;5;Cartothèque 222bis (LET-01);27283
2026-04-08;Salle de cours 220 (LET-01);27254;LET;60;25;35;CM;Hist. médiévale;L3 Histoire - ER;12;Salle de cours 144 (EC3-01);17123
2026-04-08;Salle de cours 220 (LET-01);27254;LET;60;3;57;TD;Atel. historien med mod;L3 Histoire - Art & Patri;14;Labo de Langues 316 (LET-02);27521
2026-04-08;Salle de cours 23 (LET-01);27248;LET;80;25;55;TD;Histoire anc.;L3 Histoire - ER;12;Salle de cours IEFE 127 (LET-00);27296
2026-04-08;Salle de cours B_B1 (DEG-00);36289;DEG;100;45;55;Cours;PAC CM;<L3 Droit>Colo droits et libertés;18;Salle de Cours 003 (BA1-00);33458
2026-04-08;Salle de cours B_B1 (DEG-00);36289;DEG;100;45;55;Cours;PAC CM;<L3 Droit>Colo droits et libertés;18;Salle de Cours 003 (BA1-00);33458
2026-04-08;Salle de cours B_B2 (DEG-00);36271;DEG;76;20;56;CM;Orienta. & pol. publ.;M1 Droit transitions EE;2;Salle GREEN A_A01 (DEG-00);36278
2026-04-08;Salle de cours C_C01 (DEG-00);36291;DEG;79;35;44;TD;Droit civil S2 TD;<M1 Droit Notarial><TD Droit civil>Groupe 1;5;Salle de cours 162 (B3-01);15996
2026-04-08;Salle de cours C_C01 (DEG-00);36291;DEG;79;29;50;TD;Droit civil S2 TD;<M1 Droit consommation><TD Droit civil>Groupe 2;5;Salle informatique B_B209 (DEG-02);36423
2026-04-09;Amphi (STAP-00);18427;STAP;300;22;278;TD;16 Transfert des connaiss;M1 STAPS EPPM;2;Salle de cours 167 (B3-01);15986
2026-04-09;Amphi 2 (LET-00);27354;LET;140;43;97;CM;Intro changt climatique;L1 Géo Aménagement;9;Salle de Cours 003 (BA1-00);33458
2026-04-09;Amphi 3 (LET-02);27502;LET;300;124;176;CM;Littérature S2;L1 LLCER - EA;11;Amphi B (EC9-02);16035
2026-04-09;Amphi A_A300 (DEG-00);36276;DEG;300;146;154;Cours;Macroéconomie 3;L2 Economie Gestion CMI;11;Amphi 400 (EC9-01);16026
2026-04-09;Amphi A_A400 (DEG-00);36274;DEG;400;44;356;Cours;Contrôle de gestion;L3 AES Gestion des entrep;9;Salle de Cours 003 (BA1-00);33458
2026-04-09;Amphi A_A400 (DEG-00);36274;DEG;400;44;356;Cours;Contrôle de gestion;L3 AES Gestion des entrep;9;Salle de Cours 003 (BA1-00);33458
2026-04-09;Amphi A_A600 (DEG-00);36275;DEG;600;214;386;Cours;Pol protec soc europ;L2 Droit;20;Amphi 400 (EC9-01);16026
2026-04-09;Amphi A_A600 (DEG-00);36275;DEG;600;214;386;Cours;Pol protec soc europ;L2 Droit;20;Amphi 400 (EC9-01);16026
2026-04-09;Amphi G (DUB-00);17228;DUB;140;23;117;CTD;Electromagnétisme S4;L2 PC - Physique;1;Salle 34 (DUB-01);17164
2026-04-09;Salle de cours 13 (LET-00);27322;LET;70;28;42;CM;Gram & thème esp S4 CM;L2 LEA - AE - écogestion;11;Salle de cours 166 (B3-01);15984
2026-04-09;Salle de cours 220 (LET-01);27254;LET;60;25;35;CM;Hist. médiévale;L3 Histoire - ER;12;Salle de cours 144 (EC3-01);17123
2026-04-09;Salle de cours 220 (LET-01);27254;LET;60;25;35;TD;Hist. médiévale;L3 Histoire - ER;12;Salle de cours 144 (EC3-01);17123
2026-04-09;Salle de cours 32 (LET-02);27514;LET;80;26;54;TD;Modern. & avt gardes TD;L2 HAA;11;Salle de cours IEFE 127 (LET-00);27296
2026-04-09;Salle de cours 32 (LET-02);27514;LET;80;30;50;CM;Modern. & avt gardes CM;L2 HAA;11;Salle de cours 166 (B3-01);15984
2026-04-09;Salle de cours C_C01 (DEG-00);36291;DEG;79;11;68;Cours;Relations internation;L2 Economie Gestion CMI;2;Salle immersive D_D20bis (DEG-00);83663
2026-04-09;Salle de cours C_C04 (DEG-00);36292;DEG;50;24;26;TD;Gds prob polit contemp TD 2;<L3 AES Gestion des entrep>Gds prob polit contemp 2;10;Salle GREEN A_A01 (DEG-00);36278
2026-04-09;Salle de cours C_C04 (DEG-00);36292;DEG;50;25;25;CM;Cult.gén.&note synt. S2;<M1 Procédures contentieux>Culture générale et note de synthèse;24;Amphi A_A600 (DEG-00);36275
2026-04-09;Salle de cours C_C04 (DEG-00);36292;DEG;50;25;25;CM;Cult.gén.&note synt. S2;<M1 Procédures contentieux>Culture générale et note de synthèse;24;Amphi A_A600 (DEG-00);36275
2026-04-09;Salle de cours C_C18 (DEG-01);36560;DEG;50;19;31;TD;TD droit de l'énergie;<M1 Droit transitions EE><TD droit de l'énergie>Groupe 1;4;Salle GREEN A_A01 (DEG-00);36278
2026-04-09;Salle de cours C_C19 (DEG-01);36561;DEG;52;18;34;Cours;DER - Entraînement au GO;M2 Procédures contentieux;1;Salle GREEN A_A01 (DEG-00);36278
2026-04-10;Amphi 2 (LET-00);27354;LET;140;23;117;TD;Mathématiques S6;L3 LLCER - EA - PE;8;Salle de cours IEFE 128 (LET-00);27298
2026-04-10;Amphi 3 (LET-02);27502;LET;300;34;266;CM;1 Histoire du cinéma 1;L1 Lettres - CTD;6;Salle de cours IEFE 131 (LET-00);27295
2026-04-10;Amphi 3 (LET-02);27502;LET;300;34;266;TD;1 Histoire du cinéma 1;L1 Lettres - CTD;6;Salle de cours IEFE 131 (LET-00);27295
2026-04-10;Amphi G (DUB-00);17228;DUB;140;69;71;Cours;Algorith math 3 python S4;L2 MIASHS;3;Salle de cours 131 (B2-01);16957
2026-04-10;Salle de cours 107 (LET-00);27308;LET;68;22;46;TD;Vers esp S6;L3 LEA - AE - écogestion;23;Salle de cours 167 (B3-01);15986
2026-04-10;Salle de cours 13 (LET-00);27322;LET;70;28;42;CM;Cult gé hisp S4 CM;L2 LEA - AE - écogestion;12;Salle multimedia UTLA 137 (LET-00);27300
2026-04-10;Salle de cours 14 (LET-00);27323;LET;98;17;81;CM;2 - Approf stylistique;L2 Lettres modernes;11;Salle de cours 204 (LET-01);27267
2026-04-10;Salle de cours 14 (LET-00);27323;LET;98;17;81;TD;2 - Approf stylistique;L2 Lettres modernes;11;Salle de cours 203 (LET-01);27270
2026-04-10;Salle de cours 220 (LET-01);27254;LET;60;25;35;CM;Histoire anc.;L3 Histoire - ER;12;Salle de cours IEFE 128 (LET-00);27298
2026-04-10;Salle de cours 301 (LET-02);27528;LET;70;20;50;CM;UE8 EC1 Nouv ruralités ciné;M1 MEEF LV Espagnol;5;Salle de cours 204 (LET-01);27267
2026-04-10;Salle de cours B_B1 (DEG-00);36289;DEG;100;32;68;TD;Gds prob polit contemp TD 2;L3 Histoire - EJSP;9;Salle de cours 508 (BA2-02);16629
2026-04-10;Salle de cours C_C03 (DEG-00);36287;DEG;50;22;28;TD;TD Macroéconomie S4;<L2 Economie Gestion><TD Macroéconomie S4>Gp 1;7;Salle de cours/informatique C_C02 (DEG-00);36288
2026-04-10;Salle de cours C_C18 (DEG-01);36560;DEG;50;18;32;CM;Questions administratives;M1 Dt cont des libertés;4;Salle informatique B_B209 (DEG-02);36423
2026-04-10;Salle de cours C_C18 (DEG-01);36560;DEG;50;18;32;CM;Questions administratives;M1 Dt cont des libertés;4;Salle informatique B_B209 (DEG-02);36423
2026-04-14;Amphi (STAP-00);18427;STAP;300;88;212;Cours;1 Evaluation psycho;L2 STAPS ES (Tarbes);4;Amphi 40 (EC3-00);17104
2026-04-14;Amphi (STAP-00);18427;STAP;300;124;176;Cours;1 Histoire de l'EPS;L2 STAPS EM (Tarbes);9;Amphi B (EC9-02);16035
2026-04-14;Amphi (STAP-00);18427;STAP;300;124;176;Cours;1 Histoire de l'EPS;L2 STAPS EM (Tarbes);9;Amphi B (EC9-02);16035
2026-04-15;Amphi (STAP-00);18427;STAP;300;88;212;Cours;1 Evaluation physique;L2 STAPS ES (Tarbes);7;Amphi 40 (EC3-00);17104
2026-04-16;Amphi (STAP-00);18427;STAP;300;88;212;Cours;1 Evaluation psycho;L2 STAPS ES (Tarbes);4;Amphi 40 (EC3-00);17104
2026-04-20;AMPHI STID (STI-00);24832;STI;165;32;133;Cours;R2.05 Thermodynamique;BUT 1 - MTEE;8;Salle de cours 508 (BA2-02);16629
2026-04-20;Amphi 1 (LET-00);27353;LET;150;74;76;CM;2 Fondamentaux en ortho 2;L1 Lettres - CTD;7;Salle de cours C_C01 (DEG-00);36291
2026-04-20;Amphi 1 (LET-00);27353;LET;150;74;76;CM;1 Grammaire descriptive 2;L1 Lettres - CTD;7;Amphi 40 (EC3-00);17104
2026-04-20;Amphi 1 (LET-00);27353;LET;150;74;76;CM;1 Littérature française 2;L1 Lettres - CTD;6;Amphi 40 (EC3-00);17104
2026-04-20;Amphi 1 (LET-00);27353;LET;150;51;99;CM;1 Litté française et fr 4;L2 Lettres classiques;6;Salle de cours 509 (BA2-02);16630
2026-04-20;Amphi 1 (LET-00);27353;LET;150;51;99;TD;1 Litté française et fr 4;L2 Lettres classiques;6;Salle de cours 220 (LET-01);27254
2026-04-20;Amphi A (SCI_R-00);85316;SCI_R;216;47;169;Cours;Chimie des solutions 2;<L1 Sciences de la vie>< Parcours CMI>CMI- GEM SDV 1ère Année;2;Amphi B (SCI_R-00);85297
2026-04-20;Amphi A_A150 (DEG-00);36279;DEG;150;41;109;CM;Dt des procéd. collect.CM;<M1 Droit privé général>Droit des procédures collectives;23;Salle de Cours 003 (BA1-00);33458
2026-04-20;Amphi A_A150 (DEG-00);36279;DEG;150;41;109;CM;Dt des procéd. collect.CM;<M1 Droit privé général>Droit des procédures collectives;23;Salle de Cours 003 (BA1-00);33458
2026-04-20;Amphi A_A300 (DEG-00);36276;DEG;300;139;161;Cours;Hist dt inst pub;L1 AES;20;Amphi 400 (EC9-01);16026
2026-04-20;Amphi A_A300 (DEG-00);36276;DEG;300;93;207;Cours;Économie générale;L1 AES;14;Auditorium (EC6-02);73560
2026-04-20;Amphi A_A600 (DEG-00);36275;DEG;600;229;371;Cours;Microéconomie 1;L1 MIASHS;8;Amphi 400 (EC9-01);16026
2026-04-20;Amphi B (SCI_R-00);85297;SCI_R;220;21;199;CTD;Physique du globe 2;L2 Sciences de la terre;1;Salle TP Physique B133 (SCI_R-01);84952
2026-04-20;Amphi C (SCI_R-00);84869;SCI_R;192;53;139;Cours;Calcul différentiel RN S4;L2 Mathématiques;10;Salle de cours 509 (BA2-02);16630
2026-04-20;Amphi D (SCI_R-00);84870;SCI_R;192;84;108;Cours;Physiologie végétale 1;L2 SDV - LAS;3;Amphi 40 (EC3-00);17104
2026-04-20;Amphi E (PAL-00);13842;PAL;75;1;74;TD;Electrocinétique-Electric;<L1 Physique, Chimie>L1 PC Electro-cinétique;4;Amphi F (PAL-00);13841
2026-04-20;Salle de cours 107 (LET-00);27308;LET;68;16;52;TD;Gram esp S2 TD;<L1 LEA - AE - langues spé><L1 LEA Spé TD>L1 LEA Gpe C;11;Salle informatique 313 (LET-02);27510
2026-04-20;Salle de cours 107 (LET-00);27308;LET;68;8;60;TD;Vers all S6;L3 LEA - AA - FLE;8;Salle informatique 201 (LET-01);27266
2026-04-20;Salle de cours 107 (LET-00);27308;LET;68;6;62;TD;Express° trilingue entrep;L3 LEA - AA - langues spé;9;Salle du conseil B11 (LET-01);27281
2026-04-20;Salle de cours 12 (LET-00);27321;LET;60;16;44;TD;Opinions et mass média;L3 Histoire - EJSP;11;Salle du conseil B11 (LET-01);27281
2026-04-20;Salle de cours 12 (LET-00);27321;LET;60;16;44;CM;Opinions et mass média;L3 Histoire - EJSP;11;Salle informatique 313 (LET-02);27510
2026-04-20;Salle de cours 120 (LET-00);27333;LET;62;20;42;CM;Les arts en Europe;L3 HAA - HA;12;Salle du conseil B11 (LET-01);27281
2026-04-20;Salle de cours 120 (LET-00);27333;LET;62;20;42;TD;Les arts en Europe;L3 HAA - HA;12;Salle du conseil B11 (LET-01);27281
2026-04-20;Salle de cours 121 (LET-00);27332;LET;70;19;51;CM;Civi esp et hisp-am S6;L3 LLCER - EH - ER;10;Salle du conseil B11 (LET-01);27281
2026-04-20;Salle de cours 13 (LET-00);27322;LET;70;30;40;TD;Com & médias angl S2;L1 LEA - AA - langues spé;1;Salle de cours 108 (LET-00);27288
2026-04-20;Salle de cours 13 (LET-00);27322;LET;70;28;42;TD;Vers esp S4;L2 LEA - AE - écogestion;11;Salle de cours 301 (LET-02);27528
2026-04-20;Salle de cours 23 (LET-01);27248;LET;80;22;58;CM;1 Langue viv / txt étr 2;L2 Lettres - CTD;1;Cartothèque 222bis (LET-01);27283
2026-04-20;Salle de cours 23 (LET-01);27248;LET;80;3;77;TD;Atel. historien ancienne;L3 Histoire - Art & Patri;12;Salle informatique 201 (LET-01);27266
2026-04-20;Salle de cours 30 (LET-02);27513;LET;60;14;46;CM;UE17 EC1 Litté et patrimoine;M2 Lettres et arts;10;Salle de cours 32 (LET-02);27514
2026-04-20;Salle de cours 32 (LET-02);27514;LET;80;16;64;TD;Opinions et mass média;L3 Histoire - EJSP;11;Salle informatique 313 (LET-02);27510
2026-04-20;Salle de cours B_B1 (DEG-00);36289;DEG;100;33;67;CM;DIP 2;<M1 Droit privé général>DIP;22;Salle de cours 240 (EC3-02);73530
2026-04-20;Salle de cours B_B1 (DEG-00);36289;DEG;100;33;67;CM;DIP 2;<M1 Droit privé général>DIP;22;Salle de cours 240 (EC3-02);73530
2026-04-20;Salle de cours B_B2 (DEG-00);36271;DEG;76;31;45;TD;Dt des sociétés S8 TD;<M1 Droit consommation><TD Droit des sociétés>Groupe 1;8;Salle de cours B_B5 (DEG-00);36269
2026-04-20;Salle de cours B_B2 (DEG-00);36271;DEG;76;29;47;TD;TD Relations internationales;L2 Economie Gestion CMI;2;Salle de cours B_B6 (DEG-00);36270
2026-04-20;Salle de cours B_B2 (DEG-00);36271;DEG;76;33;43;TD;TD Relations internationales;<L2 Economie Gestion><TD Relations internationales>Gp 2;1;Salle de cours B_B6 (DEG-00);36270
2026-04-20;Salle de cours C_C01 (DEG-00);36291;DEG;79;27;52;Cours;Droit commercial;L2 LEA - AA - écogestion;6;Salle de cours 144 (EC3-01);17123
2026-04-20;Salle de cours C_C03 (DEG-00);36287;DEG;50;8;42;Cours;Droit Civil Ecrit;CAPA Droit 1e année (PAU);21;Salle informatique B_BARETOUS (DEG-01);36548
2026-04-20;Salle de cours C_C04 (DEG-00);36292;DEG;50;11;39;Cours;Ecologie;L2 Economie Gestion CMI;1;Salle immersive D_D20bis (DEG-00);83663
2026-04-20;Salle de cours C_C19 (DEG-01);36561;DEG;52;18;34;CM;Droit Euro des drt l'H.;M1 Dt cont des libertés;2;Salle de cours B_B206 (DEG-02);36420
2026-04-20;Salle de cours C_C19 (DEG-01);36561;DEG;52;18;34;CM;Droit Euro des drt l'H.;M1 Dt cont des libertés;2;Salle de cours B_B206 (DEG-02);36420
2026-04-21;AMPHI STID (STI-00);24832;STI;165;9;156;TD;R2.07 Math. appli.;<BUT 1 - MTEE><Groupes TD>TD2;13;Salle informatique B_BARETOUS (DEG-01);36548
2026-04-21;AMPHI STID (STI-00);24832;STI;165;23;142;TD;R2.07 Math. appli.;<BUT 1 - MTEE><Groupes TD>TD1;6;Salle de cours 167 (B3-01);15986
2026-04-21;Amphi 1 (LET-00);27353;LET;150;27;123;CM;Spatialités aires culture;L2 Géo Aménagement;6;Salle de cours 113 (LET-00);27303
2026-04-21;Amphi 1 (LET-00);27353;LET;150;27;123;TD;Construct espace européen;L2 Géo Aménagement;1;Salle de cours 108 (LET-00);27288
2026-04-21;Amphi 3 (LET-02);27502;LET;300;16;284;CM;Civi pays hispano S2;<L1 LEA - AE - langues spé><L1 LEA Spé TD>L1 LEA Gpe A;13;Labo de Langues 316 (LET-02);27521
2026-04-21;Amphi 3 (LET-02);27502;LET;300;30;270;CM;Civi pays anglo S2;L1 LEA - AA - langues spé;13;Salle de cours IEFE 132 (LET-00);27339
2026-04-21;Amphi 3 (LET-02);27502;LET;300;16;284;CM;Civi pays hispano S2;<L1 LEA - AE - langues spé><L1 LEA Spé TD>L1 LEA Gpe A;13;Labo de Langues 316 (LET-02);27521
2026-04-21;Amphi A (SCI_R-00);85316;SCI_R;216;60;156;Cours;Systèmes d'exploitat° II;L2 Informatique;1;Amphi C (SCI_R-00);84869
2026-04-21;Amphi A_A400 (DEG-00);36274;DEG;400;165;235;Cours;Relations internationales;<L1 Droit (Pau)>Relations Internationales;24;Amphi 400 (EC9-01);16026
2026-04-21;Amphi A_A400 (DEG-00);36274;DEG;400;165;235;Cours;Relations internationales;<L1 Droit (Pau)>Relations Internationales;24;Amphi 400 (EC9-01);16026
2026-04-21;Amphi A_A400 (DEG-00);36274;DEG;400;61;339;Cours;Histoire droit pénal & fa;<L3 Droit>Colo droit civil;11;Salle de cours 127 (B2-01);16947
2026-04-21;Amphi A_A600 (DEG-00);36275;DEG;600;229;371;Cours;Macroéconomie 1;L1 MIASHS;2;Amphi 400 (EC9-01);16026
2026-04-21;Amphi B (SCI_R-00);85297;SCI_R;220;60;160;Cours;Algèbre 2 S2;L1 Mathématiques;3;Salle de cours 304 (BA2-00);16671
2026-04-21;Amphi D (SCI_R-00);84870;SCI_R;192;52;140;Cours;Calcul différentiel S6;L3 Mathématiques;4;Salle de cours 509 (BA2-02);16630
2026-04-21;Amphi D (SCI_R-00);84870;SCI_R;192;52;140;Cours;Algèbre et géométrie S6;L3 Mathématiques;5;Salle de cours 509 (BA2-02);16630
2026-04-21;Amphi G (DUB-00);17228;DUB;140;47;93;Cours;PEP'S 1;<L1 Sciences de la vie>L1 SDV PEP'S 1;1;Salle 20 (DUB-00);17232
2026-04-21;Amphi H (DUB-00);17229;DUB;140;53;87;Cours;Intro théorie groupes S4;L2 Mathématiques;4;Salle de cours 509 (BA2-02);16630
2026-04-21;Salle de cours 107 (LET-00);27308;LET;68;22;46;TD;Vers esp S6;L3 LEA - AE - écogestion;23;Salle de cours 167 (B3-01);15986
2026-04-21;Salle de cours 107 (LET-00);27308;LET;68;22;46;TD;Thème esp S6;L3 LEA - AE - écogestion;11;Salle de cours 167 (B3-01);15986
2026-04-21;Salle de cours 12 (LET-00);27321;LET;60;18;42;CM;Hist. relations inter. CM;L3 Histoire - EJSP;14;Salle informatique 215 (LET-01);27272
2026-04-21;Salle de cours 12 (LET-00);27321;LET;60;18;42;CM;Hist. relations inter. CM;L3 Histoire - EJSP;14;Salle informatique 215 (LET-01);27272
2026-04-21;Salle de cours 120 (LET-00);27333;LET;62;20;42;CM;Les arts en Europe;L3 HAA - HA;12;Salle du conseil B11 (LET-01);27281
2026-04-21;Salle de cours 120 (LET-00);27333;LET;62;20;42;TD;Les arts en Europe;L3 HAA - HA;12;Salle du conseil B11 (LET-01);27281
2026-04-21;Salle de cours 121 (LET-00);27332;LET;70;28;42;TD;Intro à la Recherche;L3 LLCER - EA - ER;12;Salle de cours IEFE 132 (LET-00);27339
2026-04-21;Salle de cours 13 (LET-00);27322;LET;70;28;42;TD;Cult gé hisp S4 TD;L2 LEA - AE - écogestion;13;Salle de cours IEFE 132 (LET-00);27339
2026-04-21;Salle de cours 13 (LET-00);27322;LET;70;30;40;TD;Thème angl S6;L3 LEA - AE - écogestion;12;Salle de cours 113 (LET-00);27303
2026-04-21;Salle de cours 13 (LET-00);27322;LET;70;28;42;CM;Civi pays hispano S4;L2 LEA - AE - écogestion;13;Salle de cours IEFE 132 (LET-00);27339
2026-04-21;Salle de cours 14 (LET-00);27323;LET;98;24;74;TD;Express° trilingue entrep;L3 LEA - AE - écogestion;9;Cartothèque 222bis (LET-01);27283
2026-04-21;Salle de cours 23 (LET-01);27248;LET;80;3;77;TD;Atel. historien ancienne;L3 Histoire - Art & Patri;12;Salle informatique 201 (LET-01);27266
2026-04-21;Salle de cours 32 (LET-02);27514;LET;80;26;54;CM;Art grec classique;L2 HAA;8;Salle de cours 144 (EC3-01);17123
2026-04-21;Salle de cours B_B2 (DEG-00);36271;DEG;76;31;45;Cours;Dt propriétés pub CM;<L3 Droit>Colo droits et libertés;26;Salle de cours 508 (BA2-02);16629
2026-04-21;Salle de cours B_B2 (DEG-00);36271;DEG;76;31;45;Cours;Dt propriétés pub CM;<L3 Droit>Colo droits et libertés;26;Salle de cours 508 (BA2-02);16629
2026-04-21;Salle de cours B_B2 (DEG-00);36271;DEG;76;37;39;TD;TD Contrôle de gestion;<L3 AES Gestion des entrep><TD Contrôle de gestion>Groupe 3;8;Amphi C_A120 (DEG-00);36290
2026-04-21;Salle de cours C_C04 (DEG-00);36292;DEG;50;21;29;CM;Droit rural;M1 Droit Notarial;24;Salle de cours 167 (B3-01);15986
2026-04-21;Salle de cours C_C04 (DEG-00);36292;DEG;50;21;29;CM;Droit rural;M1 Droit Notarial;24;Salle de cours 167 (B3-01);15986
2026-04-22;AMPHI STID (STI-00);24832;STI;165;9;156;TD;R2.07 Math. appli.;<BUT 1 - MTEE><Groupes TD>TD2;13;Salle informatique B_BARETOUS (DEG-01);36548
2026-04-22;Amphi 2 (LET-00);27354;LET;140;27;113;TD;Construct espace européen;L2 Géo Aménagement;1;Salle de cours IEFE 132 (LET-00);27339
2026-04-22;Amphi 2 (LET-00);27354;LET;140;53;87;CM;Civi pays hisp S6;L3 LEA - AE - écogestion;13;Salle de cours 509 (BA2-02);16630
2026-04-22;Amphi 3 (LET-02);27502;LET;300;103;197;CM;Histoire ancienne;L1 Histoire;12;Amphi B (EC9-02);16035
2026-04-22;Amphi A (SCI_R-00);85316;SCI_R;216;47;169;Cours;Chimie des solutions 2;<L1 Sciences de la vie>< Parcours CMI>CMI- GEM SDV 1ère Année;2;Amphi B (SCI_R-00);85297
2026-04-22;Amphi A_A300 (DEG-00);36276;DEG;300;119;181;Cours;Microéconomie 3;L2 Economie Gestion CMI;8;Amphi B (EC9-02);16035
2026-04-22;Amphi A_A600 (DEG-00);36275;DEG;600;214;386;Cours;Pol protec soc europ;L2 Droit;20;Amphi 400 (EC9-01);16026
2026-04-22;Amphi A_A600 (DEG-00);36275;DEG;600;214;386;Cours;Pol protec soc europ;L2 Droit;20;Amphi 400 (EC9-01);16026
2026-04-22;Amphi B (SCI_R-00);85297;SCI_R;220;53;167;Cours;Intro probabilités S4;L2 Mathématiques;6;Salle de cours 509 (BA2-02);16630
2026-04-22;Salle de cours 107 (LET-00);27308;LET;68;12;56;TD;init th/vers angl S2;L1 LEA - AA - langues spé;13;Salle informatique 313 (LET-02);27510
2026-04-22;Salle de cours 107 (LET-00);27308;LET;68;16;52;TD;Com & médias esp S2;<L1 LEA - AE - langues spé><L1 LEA Spé TD>L1 LEA Gpe C;13;Labo de Langues 316 (LET-02);27521
2026-04-22;Salle de cours 107 (LET-00);27308;LET;68;30;38;TD;Gram angl S2 TD;L1 LEA - AA - langues spé;13;Salle de cours 135 (LET-00);27336
2026-04-22;Salle de cours 12 (LET-00);27321;LET;60;16;44;TD;Hist relations inter TD;L3 Histoire - EJSP;3;Salle informatique 215 (LET-01);27272
2026-04-22;Salle de cours 12 (LET-00);27321;LET;60;13;47;CM;1 Acte création ciné;L3 Lettres - CTD;1;Salle informatique 214 (LET-01);27271
2026-04-22;Salle de cours 120 (LET-00);27333;LET;62;26;36;CM;Arts extra occidentaux;L2 HAA;6;Salle de cours 135 (LET-00);27336
2026-04-22;Salle de cours 120 (LET-00);27333;LET;62;5;57;CM;Archéo monde rural au MÂ;L3 HAA - AP;11;Salle informatique 202 (LET-01);27273
2026-04-22;Salle de cours 120 (LET-00);27333;LET;62;28;34;TD;Intro à la Recherche;L3 LLCER - EA - ER;1;Salle de cours 21 (LET-01);27247
2026-04-22;Salle de cours 14 (LET-00);27323;LET;98;24;74;TD;3 Approfond lit/styl 3;L3 Lettres modernes;5;Cartothèque 222bis (LET-01);27283
2026-04-22;Salle de cours 220 (LET-01);27254;LET;60;25;35;TD;Hist. médiévale;L3 Histoire - ER;12;Salle de cours 144 (EC3-01);17123
2026-04-22;Salle de cours 220 (LET-01);27254;LET;60;3;57;TD;Atel. historien med mod;L3 Histoire - Art & Patri;14;Labo de Langues 316 (LET-02);27521
2026-04-22;Salle de cours 23 (LET-01);27248;LET;80;25;55;TD;Histoire anc.;L3 Histoire - ER;12;Salle de cours IEFE 127 (LET-00);27296
2026-04-22;Salle de cours B_B1 (DEG-00);36289;DEG;100;45;55;Cours;PAC CM;<L3 Droit>Colo droits et libertés;18;Salle de Cours 003 (BA1-00);33458
2026-04-22;Salle de cours B_B1 (DEG-00);36289;DEG;100;45;55;Cours;PAC CM;<L3 Droit>Colo droits et libertés;18;Salle de Cours 003 (BA1-00);33458
2026-04-22;Salle de cours B_B1 (DEG-00);36289;DEG;100;45;55;Cours;PAC CM;<L3 Droit>Colo droits et libertés;18;Salle de Cours 003 (BA1-00);33458
2026-04-22;Salle de cours B_B1 (DEG-00);36289;DEG;100;45;55;Cours;PAC CM;<L3 Droit>Colo droits et libertés;18;Salle de Cours 003 (BA1-00);33458
2026-04-22;Salle de cours B_B2 (DEG-00);36271;DEG;76;19;57;TD;Droit es sociétés TD;<L3 AES Gestion des entrep>Droit des sociétés;3;Salle de cours 109 (BA1-01);33327
2026-04-22;Salle de cours B_B2 (DEG-00);36271;DEG;76;37;39;TD;TD Contrôle de gestion;<L3 AES Gestion des entrep><TD Contrôle de gestion>Groupe 3;8;Amphi C_A120 (DEG-00);36290
2026-04-22;Salle de cours C_C01 (DEG-00);36291;DEG;79;35;44;TD;Droit civil S2 TD;<M1 Droit Notarial><TD Droit civil>Groupe 1;5;Salle de cours 162 (B3-01);15996
2026-04-22;Salle de cours C_C01 (DEG-00);36291;DEG;79;29;50;TD;Droit civil S2 TD;<M1 Droit consommation><TD Droit civil>Groupe 2;5;Salle informatique B_B209 (DEG-02);36423
2026-04-22;Salle de cours C_C04 (DEG-00);36292;DEG;50;15;35;Cours;Système d'information;DU TG 1ère Année;1;Salle de réunion D_D04 (DEG-00);36235
2026-04-23;AMPHI STID (STI-00);24832;STI;165;32;133;Cours;R2.07 Math. appli.;BUT 1 - MTEE;2;Salle de cours 508 (BA2-02);16629
2026-04-23;Amphi 3 (LET-02);27502;LET;300;124;176;CM;Littérature S2;L1 LLCER - EA;11;Amphi B (EC9-02);16035
2026-04-23;Amphi A_A600 (DEG-00);36275;DEG;600;214;386;Cours;Pol protec soc europ;L2 Droit;20;Amphi 400 (EC9-01);16026
2026-04-23;Amphi A_A600 (DEG-00);36275;DEG;600;214;386;Cours;Pol protec soc europ;L2 Droit;20;Amphi 400 (EC9-01);16026
2026-04-23;Amphi D (SCI_R-00);84870;SCI_R;192;49;143;TD;Analyse chimique EC 1;L2 PC - LAS;1;Amphi C (SCI_R-00);84869
2026-04-23;Amphi H (DUB-00);17229;DUB;140;60;80;Cours;Analyse 2 S2;L1 Mathématiques;6;Salle de cours 304 (BA2-00);16671
2026-04-23;Salle de cours 10 (LET-00);27320;LET;60;13;47;Cours;Bal des arts - Lettres;;1;Salle informatique 201 (LET-01);27266
2026-04-23;Salle de cours 11 (LET-00);27324;LET;80;40;40;CM;1 Littérature française 2;L1 Lettres class & modern;1;Salle de cours 223 (LET-01);27284
2026-04-23;Salle de cours 11 (LET-00);27324;LET;80;13;67;Cours;Bal des arts - Lettres;;1;Salle informatique 201 (LET-01);27266
2026-04-23;Salle de cours 120 (LET-00);27333;LET;62;24;38;CM;Art antique romain et ita;L3 HAA - HA;6;Salle de cours 167 (B3-01);15986
2026-04-23;Salle de cours 13 (LET-00);27322;LET;70;13;57;Cours;Bal des arts - Lettres;;1;Salle informatique 201 (LET-01);27266
2026-04-23;Salle de cours 14 (LET-00);27323;LET;98;13;85;Cours;Bal des arts - Lettres;L3 Lettres - CTD;1;Salle informatique 201 (LET-01);27266
2026-04-23;Salle de cours 32 (LET-02);27514;LET;80;26;54;TD;Modern. & avt gardes TD;L2 HAA;11;Salle de cours IEFE 127 (LET-00);27296
2026-04-23;Salle de cours 32 (LET-02);27514;LET;80;30;50;CM;Modern. & avt gardes CM;L2 HAA;11;Salle de cours 166 (B3-01);15984
2026-04-23;Salle de cours B_B2 (DEG-00);36271;DEG;76;29;47;TD;TD Comptabilité de gestion L2;<L2 AES><TD Comptabilité de gestion>Groupe 1;1;Salle de cours B_B6 (DEG-00);36270
2026-04-23;Salle de cours B_B2 (DEG-00);36271;DEG;76;28;48;TD;TD Comptabilité de gestion;<L2 Economie Gestion><TD Comptabilité de gestion>Gp 3;1;Salle de cours B_B6 (DEG-00);36270
2026-04-23;Salle de cours B_B2 (DEG-00);36271;DEG;76;1;75;TD;TD Comptabilité de gestion;<L2 Economie Gestion><TD Comptabilité de gestion>Gp 4;1;Salle informatique B_BARETOUS (DEG-01);36548
2026-04-23;Salle de cours C_C04 (DEG-00);36292;DEG;50;24;26;TD;Gds prob polit contemp TD 2;<L3 AES Gestion des entrep>Gds prob polit contemp 2;10;Salle GREEN A_A01 (DEG-00);36278
2026-04-23;Salle de cours C_C04 (DEG-00);36292;DEG;50;25;25;CM;Cult.gén.&note synt. S2;<M1 Procédures contentieux>Culture générale et note de synthèse;24;Amphi A_A600 (DEG-00);36275
2026-04-23;Salle de cours C_C04 (DEG-00);36292;DEG;50;25;25;CM;Cult.gén.&note synt. S2;<M1 Procédures contentieux>Culture générale et note de synthèse;24;Amphi A_A600 (DEG-00);36275
2026-04-23;Salle de cours C_C18 (DEG-01);36560;DEG;50;19;31;TD;TD droit de l'énergie;<M1 Droit transitions EE><TD droit de l'énergie>Groupe 1;4;Salle GREEN A_A01 (DEG-00);36278
2026-04-24;Amphi 2 (LET-00);27354;LET;140;23;117;TD;Mathématiques S6;L3 LLCER - EA - PE;8;Salle de cours IEFE 128 (LET-00);27298
2026-04-24;Amphi A_A150 (DEG-00);36279;DEG;150;56;94;TD;TD Macroéconomie 1;L1 MIASHS;7;Salle de cours 163 (B3-01);15991
2026-04-24;Amphi A_A300 (DEG-00);36276;DEG;300;119;181;Cours;Microéconomie 3;L2 Economie Gestion CMI;8;Amphi B (EC9-02);16035
2026-04-24;Amphi A_A300 (DEG-00);36276;DEG;300;119;181;Cours;Microéconomie 3;L2 Economie Gestion CMI;8;Amphi B (EC9-02);16035
2026-04-24;Amphi D (SCI_R-00);84870;SCI_R;192;42;150;TD;Tests d'hypothèse;L3 MIASHS - MID;4;Salle 17 (PAL-01);13878
2026-04-24;Salle de cours 107 (LET-00);27308;LET;68;22;46;TD;Vers esp S6;L3 LEA - AE - écogestion;23;Salle de cours 167 (B3-01);15986
2026-04-24;Salle de cours 13 (LET-00);27322;LET;70;28;42;CM;Cult gé hisp S4 CM;L2 LEA - AE - écogestion;12;Salle multimedia UTLA 137 (LET-00);27300
2026-04-24;Salle de cours 14 (LET-00);27323;LET;98;17;81;CM;2 - Approf stylistique;L2 Lettres modernes;11;Salle de cours 204 (LET-01);27267
2026-04-24;Salle de cours 14 (LET-00);27323;LET;98;17;81;TD;2 - Approf stylistique;L2 Lettres modernes;11;Salle de cours 203 (LET-01);27270
2026-04-24;Salle de cours 220 (LET-01);27254;LET;60;25;35;CM;Histoire anc.;L3 Histoire - ER;12;Salle de cours IEFE 128 (LET-00);27298
2026-04-24;Salle de cours 32 (LET-02);27514;LET;80;40;40;TD;Langue écrite S2;<L1 LLCER - EA><groupes TD>TD A;2;Amphi 1 (LET-00);27353
2026-04-24;Salle de cours B_B1 (DEG-00);36289;DEG;100;32;68;TD;Gds prob polit contemp TD 2;L3 Histoire - EJSP;9;Salle de cours 508 (BA2-02);16629
2026-04-24;Salle de cours C_C03 (DEG-00);36287;DEG;50;8;42;Cours;Droit Public Ecrit;CAPA Droit 1e année (PAU);22;Salle informatique B_BARETOUS (DEG-01);36548
2026-04-27;AMPHI STID (STI-00);24832;STI;165;32;133;Cours;R2.04 Hydraulique aérau;BUT 1 - MTEE;10;Salle de cours 508 (BA2-02);16629
2026-04-27;Amphi A_A300 (DEG-00);36276;DEG;300;139;161;Cours;Hist dt inst pub;L1 AES;20;Amphi 400 (EC9-01);16026
2026-04-27;Amphi A_A300 (DEG-00);36276;DEG;300;93;207;Cours;Économie générale;L1 AES;14;Auditorium (EC6-02);73560
2026-04-27;Amphi A_A400 (DEG-00);36274;DEG;400;148;252;Cours;Comptabilité de gestion;L2 AES;3;Amphi 1 (LET-00);27353
2026-04-27;Amphi B (SCI_R-00);85297;SCI_R;220;84;136;Cours;Physiologie végétale 1;L2 SDV - LAS;3;Amphi 40 (EC3-00);17104
2026-04-27;Amphi G (DUB-00);17228;DUB;140;49;91;Cours;Analyse chimique EC 1;L2 PC - LAS;2;Salle de Cours 003 (BA1-00);33458
2026-04-27;Salle de cours 107 (LET-00);27308;LET;68;16;52;TD;Gram esp S2 TD;<L1 LEA - AE - langues spé><L1 LEA Spé TD>L1 LEA Gpe C;11;Salle informatique 313 (LET-02);27510
2026-04-27;Salle de cours 107 (LET-00);27308;LET;68;6;62;TD;Express° trilingue entrep;L3 LEA - AA - langues spé;9;Salle du conseil B11 (LET-01);27281
2026-04-27;Salle de cours 12 (LET-00);27321;LET;60;16;44;TD;Opinions et mass média;L3 Histoire - EJSP;11;Salle du conseil B11 (LET-01);27281
2026-04-27;Salle de cours 12 (LET-00);27321;LET;60;16;44;CM;Opinions et mass média;L3 Histoire - EJSP;11;Salle informatique 313 (LET-02);27510
2026-04-27;Salle de cours 120 (LET-00);27333;LET;62;20;42;CM;Les arts en Europe;L3 HAA - HA;12;Salle du conseil B11 (LET-01);27281
2026-04-27;Salle de cours 120 (LET-00);27333;LET;62;20;42;TD;Les arts en Europe;L3 HAA - HA;12;Salle du conseil B11 (LET-01);27281
2026-04-27;Salle de cours 121 (LET-00);27332;LET;70;19;51;CM;Civi esp et hisp-am S6;L3 LLCER - EH - ER;10;Salle du conseil B11 (LET-01);27281
2026-04-27;Salle de cours 13 (LET-00);27322;LET;70;28;42;TD;Vers esp S4;L2 LEA - AE - écogestion;11;Salle de cours 301 (LET-02);27528
2026-04-27;Salle de cours 32 (LET-02);27514;LET;80;16;64;TD;Opinions et mass média;L3 Histoire - EJSP;11;Salle informatique 313 (LET-02);27510
2026-04-27;Salle de cours B_B1 (DEG-00);36289;DEG;100;45;55;Cours;PAC CM;<L3 Droit>Colo droits et libertés;18;Salle de Cours 003 (BA1-00);33458
2026-04-27;Salle de cours B_B1 (DEG-00);36289;DEG;100;45;55;Cours;PAC CM;<L3 Droit>Colo droits et libertés;18;Salle de Cours 003 (BA1-00);33458
2026-04-27;Salle de cours C_C03 (DEG-00);36287;DEG;50;8;42;Cours;Droit Civil Ecrit;CAPA Droit 1e année (PAU);21;Salle informatique B_BARETOUS (DEG-01);36548
2026-04-28;AMPHI STID (STI-00);24832;STI;165;9;156;TD;R2.07 Math. appli.;<BUT 1 - MTEE><Groupes TD>TD2;13;Salle informatique B_BARETOUS (DEG-01);36548
2026-04-28;AMPHI STID (STI-00);24832;STI;165;23;142;TD;R2.07 Math. appli.;<BUT 1 - MTEE><Groupes TD>TD1;6;Salle de cours 167 (B3-01);15986
2026-04-28;Amphi 2 (LET-00);27354;LET;140;53;87;CM;Civi pays hisp S6;L3 LEA - AE - écogestion;13;Salle de cours 509 (BA2-02);16630
2026-04-28;Amphi 3 (LET-02);27502;LET;300;16;284;CM;Civi pays hispano S2;<L1 LEA - AE - langues spé><L1 LEA Spé TD>L1 LEA Gpe A;13;Labo de Langues 316 (LET-02);27521
2026-04-28;Amphi A_A150 (DEG-00);36279;DEG;150;64;86;TD;Droit civil S2 TD;<M1 Droit consommation><TD Droit civil>Groupe 1;1;Salle de cours C_C01 (DEG-00);36291
2026-04-28;Amphi A_A300 (DEG-00);36276;DEG;300;139;161;Cours;Hist dt inst pub;L1 AES;20;Amphi 400 (EC9-01);16026
2026-04-28;Amphi D (SCI_R-00);84870;SCI_R;192;52;140;Cours;Algèbre et géométrie S6;L3 Mathématiques;5;Salle de cours 509 (BA2-02);16630
2026-04-28;Amphi G (DUB-00);17228;DUB;140;52;88;Cours;Calcul différentiel S6;L3 Mathématiques;3;Salle de cours 509 (BA2-02);16630
2026-04-28;Amphi H (DUB-00);17229;DUB;140;53;87;Cours;Intro théorie groupes S4;L2 Mathématiques;4;Salle de cours 509 (BA2-02);16630
2026-04-28;Salle de cours 107 (LET-00);27308;LET;68;22;46;TD;Thème esp S6;L3 LEA - AE - écogestion;11;Salle de cours 167 (B3-01);15986
2026-04-28;Salle de cours 12 (LET-00);27321;LET;60;18;42;CM;Hist. relations inter. CM;L3 Histoire - EJSP;14;Salle informatique 215 (LET-01);27272
2026-04-28;Salle de cours 12 (LET-00);27321;LET;60;18;42;CM;Hist. relations inter. CM;L3 Histoire - EJSP;14;Salle informatique 215 (LET-01);27272
2026-04-28;Salle de cours 120 (LET-00);27333;LET;62;20;42;CM;Les arts en Europe;L3 HAA - HA;12;Salle du conseil B11 (LET-01);27281
2026-04-28;Salle de cours 120 (LET-00);27333;LET;62;20;42;TD;Les arts en Europe;L3 HAA - HA;12;Salle du conseil B11 (LET-01);27281
2026-04-28;Salle de cours 121 (LET-00);27332;LET;70;28;42;TD;Intro à la Recherche;L3 LLCER - EA - ER;12;Salle de cours IEFE 132 (LET-00);27339
2026-04-28;Salle de cours 13 (LET-00);27322;LET;70;28;42;TD;Cult gé hisp S4 TD;L2 LEA - AE - écogestion;13;Salle de cours IEFE 132 (LET-00);27339
2026-04-28;Salle de cours 13 (LET-00);27322;LET;70;30;40;TD;Thème angl S6;L3 LEA - AE - écogestion;12;Salle de cours 113 (LET-00);27303
2026-04-28;Salle de cours 13 (LET-00);27322;LET;70;28;42;CM;Civi pays hispano S4;L2 LEA - AE - écogestion;13;Salle de cours IEFE 132 (LET-00);27339
2026-04-28;Salle de cours 14 (LET-00);27323;LET;98;24;74;TD;Express° trilingue entrep;L3 LEA - AE - écogestion;9;Cartothèque 222bis (LET-01);27283
2026-04-28;Salle de cours 32 (LET-02);27514;LET;80;30;50;CM;Modern. & avt gardes CM;L2 HAA;11;Salle de cours 166 (B3-01);15984
2026-04-28;Salle de cours 32 (LET-02);27514;LET;80;26;54;CM;Art grec classique;L2 HAA;8;Salle de cours 144 (EC3-01);17123
2026-04-28;Salle de cours B_B2 (DEG-00);36271;DEG;76;31;45;Cours;Dt propriétés pub CM;<L3 Droit>Colo droits et libertés;26;Salle de cours 508 (BA2-02);16629
2026-04-28;Salle de cours B_B2 (DEG-00);36271;DEG;76;31;45;Cours;Dt propriétés pub CM;<L3 Droit>Colo droits et libertés;26;Salle de cours 508 (BA2-02);16629
2026-04-28;Salle de cours C_C03 (DEG-00);36287;DEG;50;8;42;Cours;Droit Public Ecrit;CAPA Droit 1e année (PAU);22;Salle informatique B_BARETOUS (DEG-01);36548
2026-04-29;AMPHI STID (STI-00);24832;STI;165;9;156;TD;R2.07 Math. appli.;<BUT 1 - MTEE><Groupes TD>TD2;13;Salle informatique B_BARETOUS (DEG-01);36548
2026-04-29;Amphi 1 (LET-00);27353;LET;150;58;92;CM;Histoire contemporaine;L2 Histoire;1;Salle de cours 304 (BA2-00);16671
2026-04-29;Amphi B (SCI_R-00);85297;SCI_R;220;53;167;Cours;Intro probabilités S4;L2 Mathématiques;6;Salle de cours 509 (BA2-02);16630
2026-04-29;Amphi C (SCI_R-00);84869;SCI_R;192;87;105;Cours;Algèbre pour l'info;L1 Informatique;3;Amphi 40 (EC3-00);17104
2026-04-29;Amphi G (DUB-00);17228;DUB;140;1;139;Cours;Electrocinétique-Electric;<L1 Physique, Chimie>L1 PC Electro-cinétique;6;Salle TP Informatique indus 38 (DUB-01);17153
2026-04-29;Salle de cours 107 (LET-00);27308;LET;68;12;56;TD;init th/vers angl S2;L1 LEA - AA - langues spé;13;Salle informatique 313 (LET-02);27510
2026-04-29;Salle de cours 107 (LET-00);27308;LET;68;16;52;TD;Com & médias esp S2;<L1 LEA - AE - langues spé><L1 LEA Spé TD>L1 LEA Gpe C;13;Labo de Langues 316 (LET-02);27521
2026-04-29;Salle de cours 107 (LET-00);27308;LET;68;30;38;TD;Gram angl S2 TD;L1 LEA - AA - langues spé;13;Salle de cours 135 (LET-00);27336
2026-04-29;Salle de cours 11 (LET-00);27324;LET;80;22;58;TD;Thème esp S6;L3 LEA - AE - écogestion;1;Salle de cours 217 (LET-01);27257
2026-04-29;Salle de cours 12 (LET-00);27321;LET;60;30;30;CM;Modern. & avt gardes CM;L2 HAA;1;Salle de cours IEFE 132 (LET-00);27339
2026-04-29;Salle de cours 120 (LET-00);27333;LET;62;26;36;CM;Arts extra occidentaux;L2 HAA;6;Salle de cours 135 (LET-00);27336
2026-04-29;Salle de cours 120 (LET-00);27333;LET;62;5;57;CM;Archéo monde rural au MÂ;L3 HAA - AP;11;Salle informatique 202 (LET-01);27273
2026-04-29;Salle de cours 14 (LET-00);27323;LET;98;16;82;TD;Gram esp S2 TD;<L1 LEA - AE - langues spé><L1 LEA Spé TD>L1 LEA Gpe C;1;Salle immersive & UNITA 305 (LET-02);81132
2026-04-29;Salle de cours 14 (LET-00);27323;LET;98;24;74;TD;3 Approfond lit/styl 3;L3 Lettres modernes;5;Cartothèque 222bis (LET-01);27283
2026-04-29;Salle de cours 220 (LET-01);27254;LET;60;3;57;TD;Atel. historien med mod;L3 Histoire - Art & Patri;14;Labo de Langues 316 (LET-02);27521
2026-04-29;Salle de cours 32 (LET-02);27514;LET;80;26;54;TD;Modern. & avt gardes TD;L2 HAA;11;Salle de cours IEFE 127 (LET-00);27296
2026-04-29;Salle de cours B_B1 (DEG-00);36289;DEG;100;45;55;Cours;PAC CM;<L3 Droit>Colo droits et libertés;18;Salle de Cours 003 (BA1-00);33458
2026-04-29;Salle de cours B_B1 (DEG-00);36289;DEG;100;45;55;Cours;PAC CM;<L3 Droit>Colo droits et libertés;18;Salle de Cours 003 (BA1-00);33458
2026-04-29;Salle de cours B_B2 (DEG-00);36271;DEG;76;37;39;TD;TD Contrôle de gestion;<L3 AES Gestion des entrep><TD Contrôle de gestion>Groupe 3;8;Amphi C_A120 (DEG-00);36290
2026-04-30;AMPHI STID (STI-00);24832;STI;165;32;133;Cours;R2.06 Elec. Automatisme;BUT 1 - MTEE;2;Salle de cours 508 (BA2-02);16629
2026-04-30;Amphi 3 (LET-02);27502;LET;300;124;176;CM;Linguistique S2;L1 LLCER - EA;7;Amphi B (EC9-02);16035
2026-04-30;Amphi 3 (LET-02);27502;LET;300;124;176;CM;Littérature S2;L1 LLCER - EA;11;Amphi B (EC9-02);16035
2026-04-30;Amphi A_A400 (DEG-00);36274;DEG;400;10;390;Cours;Démographie économique;L1 Economie Gestion CMI;9;Salle de Réunion 14 (BU-01);16992
2026-04-30;Salle de cours 120 (LET-00);27333;LET;62;24;38;TD;Art antique romain et ita;L3 HAA - HA;1;Salle de cours IEFE 127 (LET-00);27296
2026-04-30;Salle de cours 220 (LET-01);27254;LET;60;25;35;CM;Hist. médiévale;L3 Histoire - ER;12;Salle de cours 144 (EC3-01);17123
2026-04-30;Salle de cours 220 (LET-01);27254;LET;60;25;35;TD;Hist. médiévale;L3 Histoire - ER;12;Salle de cours 144 (EC3-01);17123
2026-04-30;Salle de cours 32 (LET-02);27514;LET;80;26;54;TD;Modern. & avt gardes TD;L2 HAA;11;Salle de cours IEFE 127 (LET-00);27296
2026-04-30;Salle de cours 32 (LET-02);27514;LET;80;30;50;CM;Modern. & avt gardes CM;L2 HAA;11;Salle de cours 166 (B3-01);15984
2026-04-30;Salle de cours B_B2 (DEG-00);36271;DEG;76;33;43;Cours;POLICE JUDICIAIRE;CERTIF SC CRIM;1;Salle de cours B_B6 (DEG-00);36270
2026-04-30;Salle de cours C_C03 (DEG-00);36287;DEG;50;8;42;Cours;Droit Public Ecrit;CAPA Droit 1e année (PAU);22;Salle informatique B_BARETOUS (DEG-01);36548
2026-04-30;Salle de cours C_C04 (DEG-00);36292;DEG;50;2;48;CM;Cult.gén.&note synt. S2;<M1 Procédures contentieux>Culture générale et note de synthèse;24;Amphi A_A600 (DEG-00);36275
2026-04-30;Salle de cours C_C04 (DEG-00);36292;DEG;50;2;48;CM;Cult.gén.&note synt. S2;<M1 Procédures contentieux>Culture générale et note de synthèse;24;Amphi A_A600 (DEG-00);36275
